feature,definition,formula,source,window,unit,storage_type,missing_policy,logic,spec_id,family,time_policy,model_status,model_note,missing_rate,train_missing_rate,test_missing_rate,psi,gain
life_apply_n,历史提单次数,COUNT(H),S01｜order_loan_f_v2_copy（整笔订单）,截至T0的全部可观察生命周期,次,float32,0,直接字段：loan_features() / behavior_features() / main(),V2-LC-0001,借款生命周期,T0固定时点；提单/App<T0，放款/整笔结清≤T0；支付<T0，已确认整笔同秒结清订单的已知同秒支付可=T0；当前条件为T0已知值。来源可得时间仍待上线核验。,已入模,保留字段；零增益不等于没有业务意义,0.0,0.0,0.0,0.01517066847578576,50.976200103759766
life_funded_n,历史成功放款次数,COUNT(F),S01｜order_loan_f_v2_copy（整笔订单）,截至T0的全部可观察生命周期,次,float32,0,直接字段：loan_features() / behavior_features() / main(),V2-LC-0002,借款生命周期,T0固定时点；提单/App<T0，放款/整笔结清≤T0；支付<T0，已确认整笔同秒结清订单的已知同秒支付可=T0；当前条件为T0已知值。来源可得时间仍待上线核验。,已入模,保留字段；零增益不等于没有业务意义,0.0,0.0,0.0,0.017141662179717063,0.0
life_closed_n,历史整笔结清次数,COUNT(C),S01｜order_loan_f_v2_copy（整笔订单）,截至T0的全部可观察生命周期,次,float32,0,直接字段：loan_features() / behavior_features() / main(),V2-LC-0003,借款生命周期,T0固定时点；提单/App<T0，放款/整笔结清≤T0；支付<T0，已确认整笔同秒结清订单的已知同秒支付可=T0；当前条件为T0已知值。来源可得时间仍待上线核验。,已入模,保留字段；零增益不等于没有业务意义,0.0,0.0,0.0,0.01713474245154859,0.0
life_verified_closed_n,流水结清日核验通过次数,COUNT(C[flow_settle_time非空]),S01｜order_loan_f_v2_copy（整笔订单）；S03｜repayment_record_copy（正向入账）,截至T0的全部可观察生命周期,次,float32,0,直接字段：loan_features() / behavior_features() / main(),V2-LC-0004,借款生命周期,T0固定时点；提单/App<T0，放款/整笔结清≤T0；支付<T0，已确认整笔同秒结清订单的已知同秒支付可=T0；当前条件为T0已知值。来源可得时间仍待上线核验。,已入模,保留字段；零增益不等于没有业务意义,0.0,0.0,0.0,0.01713474245154859,0.0
life_flow_closed_missing_share,流水结清日核验缺失占比,(COUNT(C)-COUNT(C[flow_settle_time非空]))/COUNT(C),S01｜order_loan_f_v2_copy（整笔订单）；S03｜repayment_record_copy（正向入账）,截至T0的全部可观察生命周期,比例,float32,C为空为NaN,直接字段：loan_features() / behavior_features() / main(),V2-LC-0005,借款生命周期,T0固定时点；提单/App<T0，放款/整笔结清≤T0；支付<T0，已确认整笔同秒结清订单的已知同秒支付可=T0；当前条件为T0已知值。来源可得时间仍待上线核验。,未入模,训练风险行内全部缺失或无变化，保留开发规格但模型不使用,0.0,0.0,0.0,0.0,
life_funding_rate,历史提单成功放款比,COUNT(F)/COUNT(H),S01｜order_loan_f_v2_copy（整笔订单）,截至T0的全部可观察生命周期,比例,float32,H为空为NaN,直接字段：loan_features() / behavior_features() / main(),V2-LC-0006,借款生命周期,T0固定时点；提单/App<T0，放款/整笔结清≤T0；支付<T0，已确认整笔同秒结清订单的已知同秒支付可=T0；当前条件为T0已知值。来源可得时间仍待上线核验。,已入模,保留字段；零增益不等于没有业务意义,0.0,0.0,0.0,7.048479877702559e-05,3921.3626804351807
life_closed_rate,已放款订单整笔结清比,COUNT(C)/COUNT(F),S01｜order_loan_f_v2_copy（整笔订单）,截至T0的全部可观察生命周期,比例,float32,F为空为NaN,直接字段：loan_features() / behavior_features() / main(),V2-LC-0007,借款生命周期,T0固定时点；提单/App<T0，放款/整笔结清≤T0；支付<T0，已确认整笔同秒结清订单的已知同秒支付可=T0；当前条件为T0已知值。来源可得时间仍待上线核验。,已入模,保留字段；零增益不等于没有业务意义,0.0,0.0,0.0,0.0,0.0
trigger_successful_remit_rnb,触发T0结清订单的成功放款序号,T.remit_succ_rnb，必须>0,S01｜order_loan_f_v2_copy（整笔订单）,当前T0条件 / 触发订单,序号,float32,无触发订单或序号非正为NaN,直接字段：loan_features() / behavior_features() / main(),V2-LC-0008,提前还款与借还周期,T0固定时点；提单/App<T0，放款/整笔结清≤T0；支付<T0，已确认整笔同秒结清订单的已知同秒支付可=T0；当前条件为T0已知值。来源可得时间仍待上线核验。,已入模,保留字段；零增益不等于没有业务意义,0.0,0.0,0.0,0.017154371120362784,0.0
trigger_rnb_vs_life_count,触发订单序号与累计放款次数差,trigger_successful_remit_rnb-COUNT(F),S01｜order_loan_f_v2_copy（整笔订单）,当前T0条件 / 触发订单,次,float32,序号缺失为NaN,直接字段：loan_features() / behavior_features() / main(),V2-LC-0009,提前还款与借还周期,T0固定时点；提单/App<T0，放款/整笔结清≤T0；支付<T0，已确认整笔同秒结清订单的已知同秒支付可=T0；当前条件为T0已知值。来源可得时间仍待上线核验。,已入模,保留字段；零增益不等于没有业务意义,0.0,0.0,0.0,0.0,456.42310333251953
trigger_is_latest_funded_order,触发结清订单是否最近成功放款,INT(F非空 AND F[-1].serial_id==settled_serial_id),S01｜order_loan_f_v2_copy（整笔订单）,当前T0条件 / 触发订单,0/1,float32,F为空返回0,直接字段：loan_features() / behavior_features() / main(),V2-LC-0010,提前还款与借还周期,T0固定时点；提单/App<T0，放款/整笔结清≤T0；支付<T0，已确认整笔同秒结清订单的已知同秒支付可=T0；当前条件为T0已知值。来源可得时间仍待上线核验。,已入模,保留字段；零增益不等于没有业务意义,0.0,0.0,0.0,0.0,0.0
loan_product_valid_n,成功放款订单有效产品编号数,COUNT(F.product_no非空),S01｜order_loan_f_v2_copy（整笔订单）,截至T0的全部可观察生命周期,个,float32,无有效编号为0,直接字段：loan_features() / behavior_features() / main(),V2-LC-0011,历史订单条件,T0固定时点；提单/App<T0，放款/整笔结清≤T0；支付<T0，已确认整笔同秒结清订单的已知同秒支付可=T0；当前条件为T0已知值。来源可得时间仍待上线核验。,已入模,保留字段；零增益不等于没有业务意义,0.0,0.0,0.0,0.017141662179717063,0.0
loan_product_distinct_n,成功放款的不同产品编号数,COUNT_DISTINCT(F.product_no.dropna()),S01｜order_loan_f_v2_copy（整笔订单）,截至T0的全部可观察生命周期,个,float32,无有效编号为0,直接字段：loan_features() / behavior_features() / main(),V2-LC-0012,历史订单条件,T0固定时点；提单/App<T0，放款/整笔结清≤T0；支付<T0，已确认整笔同秒结清订单的已知同秒支付可=T0；当前条件为T0已知值。来源可得时间仍待上线核验。,已入模,保留字段；零增益不等于没有业务意义,0.0,0.0,0.0,0.03906372313792257,0.0
loan_product_switch_n,相邻有效产品切换次数,p=F.product_no.dropna()；SUM(p[1:]!=p[:-1]),S01｜order_loan_f_v2_copy（整笔订单）,截至T0的全部可观察生命周期,次,float32,少于2个有效产品为0；缺失产品被跳过,直接字段：loan_features() / behavior_features() / main(),V2-LC-0013,历史订单条件,T0固定时点；提单/App<T0，放款/整笔结清≤T0；支付<T0，已确认整笔同秒结清订单的已知同秒支付可=T0；当前条件为T0已知值。来源可得时间仍待上线核验。,已入模,保留字段；零增益不等于没有业务意义,0.0,0.0,0.0,0.03680500969928567,15.197099685668945
loan_product_switch_share,相邻有效产品切换占比,loan_product_switch_n/(loan_product_valid_n-1),S01｜order_loan_f_v2_copy（整笔订单）,截至T0的全部可观察生命周期,比例,float32,有效产品数≤1为NaN,直接字段：loan_features() / behavior_features() / main(),V2-LC-0014,历史订单条件,T0固定时点；提单/App<T0，放款/整笔结清≤T0；支付<T0，已确认整笔同秒结清订单的已知同秒支付可=T0；当前条件为T0已知值。来源可得时间仍待上线核验。,已入模,保留字段；零增益不等于没有业务意义,0.38966383960724943,0.3792403104523804,0.43863358184043616,0.05058532104577582,75.47990036010742
loan_product_last5_distinct_n,最近5个有效产品的不同编号数,COUNT_DISTINCT(F.product_no.dropna()[-5:]),S01｜order_loan_f_v2_copy（整笔订单）,截至T0的全部可观察生命周期,个,float32,无有效产品为0；这里取5个有效产品，不是5笔含缺失订单,直接字段：loan_features() / behavior_features() / main(),V2-LC-0015,历史订单条件,T0固定时点；提单/App<T0，放款/整笔结清≤T0；支付<T0，已确认整笔同秒结清订单的已知同秒支付可=T0；当前条件为T0已知值。来源可得时间仍待上线核验。,已入模,保留字段；零增益不等于没有业务意义,0.0,0.0,0.0,0.030865246615216745,0.0
life_apply_age_days,距首次提单天数,(T0-min(H.apply_time)).total_seconds()/86400,S01｜order_loan_f_v2_copy（整笔订单）,截至T0；H,经过天数,float32,集合为空为NaN,loan_features(),V2-LC-0016,借款生命周期,T0固定时点；提单/App<T0，放款/整笔结清≤T0；支付<T0，已确认整笔同秒结清订单的已知同秒支付可=T0；当前条件为T0已知值。来源可得时间仍待上线核验。,已入模,保留字段；零增益不等于没有业务意义,0.0,0.0,0.0,0.04600660202534485,315.2301015853882
life_apply_n_7d,近7个经过天数的提单次数,COUNT(H[apply_time≥T0-7×24小时]),S01｜order_loan_f_v2_copy（整笔订单）,[7×24小时前，T0]；H右界严格<T0,次,float32,无符合记录为0,loan_features(),V2-LC-0017,借款生命周期,T0固定时点；提单/App<T0，放款/整笔结清≤T0；支付<T0，已确认整笔同秒结清订单的已知同秒支付可=T0；当前条件为T0已知值。来源可得时间仍待上线核验。,已入模,保留字段；零增益不等于没有业务意义,0.0,0.0,0.0,0.041763983708197325,0.0
life_apply_n_30d,近30个经过天数的提单次数,COUNT(H[apply_time≥T0-30×24小时]),S01｜order_loan_f_v2_copy（整笔订单）,[30×24小时前，T0]；H右界严格<T0,次,float32,无符合记录为0,loan_features(),V2-LC-0018,借款生命周期,T0固定时点；提单/App<T0，放款/整笔结清≤T0；支付<T0，已确认整笔同秒结清订单的已知同秒支付可=T0；当前条件为T0已知值。来源可得时间仍待上线核验。,已入模,保留字段；零增益不等于没有业务意义,0.0,0.0,0.0,0.05419980234441907,2021.8903903961182
life_apply_n_90d,近90个经过天数的提单次数,COUNT(H[apply_time≥T0-90×24小时]),S01｜order_loan_f_v2_copy（整笔订单）,[90×24小时前，T0]；H右界严格<T0,次,float32,无符合记录为0,loan_features(),V2-LC-0019,借款生命周期,T0固定时点；提单/App<T0，放款/整笔结清≤T0；支付<T0，已确认整笔同秒结清订单的已知同秒支付可=T0；当前条件为T0已知值。来源可得时间仍待上线核验。,已入模,保留字段；零增益不等于没有业务意义,0.0,0.0,0.0,0.024938983505933973,662.6097011566162
life_apply_n_180d,近180个经过天数的提单次数,COUNT(H[apply_time≥T0-180×24小时]),S01｜order_loan_f_v2_copy（整笔订单）,[180×24小时前，T0]；H右界严格<T0,次,float32,无符合记录为0,loan_features(),V2-LC-0020,借款生命周期,T0固定时点；提单/App<T0，放款/整笔结清≤T0；支付<T0，已确认整笔同秒结清订单的已知同秒支付可=T0；当前条件为T0已知值。来源可得时间仍待上线核验。,已入模,保留字段；零增益不等于没有业务意义,0.0,0.0,0.0,0.01920089354614518,534.3492021560669
life_funded_age_days,距首次成功放款天数,(T0-min(F.remit_time)).total_seconds()/86400,S01｜order_loan_f_v2_copy（整笔订单）,截至T0；F,经过天数,float32,集合为空为NaN,loan_features(),V2-LC-0021,借款生命周期,T0固定时点；提单/App<T0，放款/整笔结清≤T0；支付<T0，已确认整笔同秒结清订单的已知同秒支付可=T0；当前条件为T0已知值。来源可得时间仍待上线核验。,已入模,保留字段；零增益不等于没有业务意义,0.0,0.0,0.0,0.05147626539995814,127.55620193481445
life_funded_n_7d,近7个经过天数的成功放款次数,COUNT(F[remit_time≥T0-7×24小时]),S01｜order_loan_f_v2_copy（整笔订单）,[7×24小时前，T0]；H右界严格<T0,次,float32,无符合记录为0,loan_features(),V2-LC-0022,借款生命周期,T0固定时点；提单/App<T0，放款/整笔结清≤T0；支付<T0，已确认整笔同秒结清订单的已知同秒支付可=T0；当前条件为T0已知值。来源可得时间仍待上线核验。,已入模,保留字段；零增益不等于没有业务意义,0.0,0.0,0.0,0.048878317904193676,0.0
life_funded_n_30d,近30个经过天数的成功放款次数,COUNT(F[remit_time≥T0-30×24小时]),S01｜order_loan_f_v2_copy（整笔订单）,[30×24小时前，T0]；H右界严格<T0,次,float32,无符合记录为0,loan_features(),V2-LC-0023,借款生命周期,T0固定时点；提单/App<T0，放款/整笔结清≤T0；支付<T0，已确认整笔同秒结清订单的已知同秒支付可=T0；当前条件为T0已知值。来源可得时间仍待上线核验。,已入模,保留字段；零增益不等于没有业务意义,0.0,0.0,0.0,0.06675298852387133,0.0
life_funded_n_90d,近90个经过天数的成功放款次数,COUNT(F[remit_time≥T0-90×24小时]),S01｜order_loan_f_v2_copy（整笔订单）,[90×24小时前，T0]；H右界严格<T0,次,float32,无符合记录为0,loan_features(),V2-LC-0024,借款生命周期,T0固定时点；提单/App<T0，放款/整笔结清≤T0；支付<T0，已确认整笔同秒结清订单的已知同秒支付可=T0；当前条件为T0已知值。来源可得时间仍待上线核验。,已入模,保留字段；零增益不等于没有业务意义,0.0,0.0,0.0,0.02764107372809548,39.79590034484863
life_funded_n_180d,近180个经过天数的成功放款次数,COUNT(F[remit_time≥T0-180×24小时]),S01｜order_loan_f_v2_copy（整笔订单）,[180×24小时前，T0]；H右界严格<T0,次,float32,无符合记录为0,loan_features(),V2-LC-0025,借款生命周期,T0固定时点；提单/App<T0，放款/整笔结清≤T0；支付<T0，已确认整笔同秒结清订单的已知同秒支付可=T0；当前条件为T0已知值。来源可得时间仍待上线核验。,已入模,保留字段；零增益不等于没有业务意义,0.0,0.0,0.0,0.021083612557501956,0.0
life_closed_age_days,距首次整笔结清天数,(T0-min(C.repaid_time)).total_seconds()/86400,S01｜order_loan_f_v2_copy（整笔订单）,截至T0；C,经过天数,float32,集合为空为NaN,loan_features(),V2-LC-0026,借款生命周期,T0固定时点；提单/App<T0，放款/整笔结清≤T0；支付<T0，已确认整笔同秒结清订单的已知同秒支付可=T0；当前条件为T0已知值。来源可得时间仍待上线核验。,已入模,保留字段；零增益不等于没有业务意义,0.0,0.0,0.0,0.22696851002938012,0.0
life_closed_n_7d,近7个经过天数的整笔结清次数,COUNT(C[repaid_time≥T0-7×24小时]),S01｜order_loan_f_v2_copy（整笔订单）,[7×24小时前，T0]；H右界严格<T0,次,float32,无符合记录为0,loan_features(),V2-LC-0027,借款生命周期,T0固定时点；提单/App<T0，放款/整笔结清≤T0；支付<T0，已确认整笔同秒结清订单的已知同秒支付可=T0；当前条件为T0已知值。来源可得时间仍待上线核验。,已入模,保留字段；零增益不等于没有业务意义,0.0,0.0,0.0,0.010453832930209232,38.84990119934082
life_closed_n_30d,近30个经过天数的整笔结清次数,COUNT(C[repaid_time≥T0-30×24小时]),S01｜order_loan_f_v2_copy（整笔订单）,[30×24小时前，T0]；H右界严格<T0,次,float32,无符合记录为0,loan_features(),V2-LC-0028,借款生命周期,T0固定时点；提单/App<T0，放款/整笔结清≤T0；支付<T0，已确认整笔同秒结清订单的已知同秒支付可=T0；当前条件为T0已知值。来源可得时间仍待上线核验。,已入模,保留字段；零增益不等于没有业务意义,0.0,0.0,0.0,0.03317874205189497,0.0
life_closed_n_90d,近90个经过天数的整笔结清次数,COUNT(C[repaid_time≥T0-90×24小时]),S01｜order_loan_f_v2_copy（整笔订单）,[90×24小时前，T0]；H右界严格<T0,次,float32,无符合记录为0,loan_features(),V2-LC-0029,借款生命周期,T0固定时点；提单/App<T0，放款/整笔结清≤T0；支付<T0，已确认整笔同秒结清订单的已知同秒支付可=T0；当前条件为T0已知值。来源可得时间仍待上线核验。,已入模,保留字段；零增益不等于没有业务意义,0.0,0.0,0.0,0.02260441159922457,0.0
life_closed_n_180d,近180个经过天数的整笔结清次数,COUNT(C[repaid_time≥T0-180×24小时]),S01｜order_loan_f_v2_copy（整笔订单）,[180×24小时前，T0]；H右界严格<T0,次,float32,无符合记录为0,loan_features(),V2-LC-0030,借款生命周期,T0固定时点；提单/App<T0，放款/整笔结清≤T0；支付<T0，已确认整笔同秒结清订单的已知同秒支付可=T0；当前条件为T0已知值。来源可得时间仍待上线核验。,已入模,保留字段；零增益不等于没有业务意义,0.0,0.0,0.0,0.020375593288111143,31.465600967407227
loan_apply_amt_valid_n,历史成功放款订单提单金额｜有效值数,x = F.apply_amt；COUNT(finite(x)),S01｜order_loan_f_v2_copy（整笔订单）；S02｜order_vir_f_copy（获额）,F：全部历史成功放款订单；按remit_time、serial_id升序,个,float32,无有效值返回0,describe(),V2-LC-0031,历史订单条件,T0固定时点；提单/App<T0，放款/整笔结清≤T0；支付<T0，已确认整笔同秒结清订单的已知同秒支付可=T0；当前条件为T0已知值。来源可得时间仍待上线核验。,已入模,保留字段；零增益不等于没有业务意义,0.0,0.0,0.0,0.017141662179717063,0.0
loan_apply_amt_mean,历史成功放款订单提单金额｜全历史均值,x = F.apply_amt；MEAN(finite(x)),S01｜order_loan_f_v2_copy（整笔订单）；S02｜order_vir_f_copy（获额）,F：全部历史成功放款订单；按remit_time、serial_id升序,MXN,float32,无有效值为NaN,describe(),V2-LC-0032,历史订单条件,T0固定时点；提单/App<T0，放款/整笔结清≤T0；支付<T0，已确认整笔同秒结清订单的已知同秒支付可=T0；当前条件为T0已知值。来源可得时间仍待上线核验。,已入模,保留字段；零增益不等于没有业务意义,0.0,0.0,0.0,0.017712934179098336,52.58729934692383
loan_apply_amt_std,历史成功放款订单提单金额｜全历史总体标准差,"x = F.apply_amt；STD(finite(x), ddof=0)",S01｜order_loan_f_v2_copy（整笔订单）；S02｜order_vir_f_copy（获额）,F：全部历史成功放款订单；按remit_time、serial_id升序,MXN,float32,无有效值为NaN；单个有效值为0,describe(),V2-LC-0033,历史订单条件,T0固定时点；提单/App<T0，放款/整笔结清≤T0；支付<T0，已确认整笔同秒结清订单的已知同秒支付可=T0；当前条件为T0已知值。来源可得时间仍待上线核验。,已入模,保留字段；零增益不等于没有业务意义,0.0,0.0,0.0,0.005556174044785221,98.46260070800781
loan_apply_amt_min,历史成功放款订单提单金额｜全历史最小值,x = F.apply_amt；MIN(finite(x)),S01｜order_loan_f_v2_copy（整笔订单）；S02｜order_vir_f_copy（获额）,F：全部历史成功放款订单；按remit_time、serial_id升序,MXN,float32,无有效值为NaN,describe(),V2-LC-0034,历史订单条件,T0固定时点；提单/App<T0，放款/整笔结清≤T0；支付<T0，已确认整笔同秒结清订单的已知同秒支付可=T0；当前条件为T0已知值。来源可得时间仍待上线核验。,已入模,保留字段；零增益不等于没有业务意义,0.0,0.0,0.0,0.03940224348882063,718.1074934005737
loan_apply_amt_max,历史成功放款订单提单金额｜全历史最大值,x = F.apply_amt；MAX(finite(x)),S01｜order_loan_f_v2_copy（整笔订单）；S02｜order_vir_f_copy（获额）,F：全部历史成功放款订单；按remit_time、serial_id升序,MXN,float32,无有效值为NaN,describe(),V2-LC-0035,历史订单条件,T0固定时点；提单/App<T0，放款/整笔结清≤T0；支付<T0，已确认整笔同秒结清订单的已知同秒支付可=T0；当前条件为T0已知值。来源可得时间仍待上线核验。,已入模,保留字段；零增益不等于没有业务意义,0.0,0.0,0.0,0.012747042622235754,29.191500663757324
loan_apply_amt_last_first_delta,历史成功放款订单提单金额｜最近减最早有效值,x = F.apply_amt；finite(x)[-1]-finite(x)[0],S01｜order_loan_f_v2_copy（整笔订单）；S02｜order_vir_f_copy（获额）,F：全部历史成功放款订单；按remit_time、serial_id升序,MXN,float32,至少2个有效值；否则NaN,describe(),V2-LC-0036,历史订单条件,T0固定时点；提单/App<T0，放款/整笔结清≤T0；支付<T0，已确认整笔同秒结清订单的已知同秒支付可=T0；当前条件为T0已知值。来源可得时间仍待上线核验。,已入模,保留字段；零增益不等于没有业务意义,0.38966383960724943,0.3792403104523804,0.43863358184043616,0.0355783823971382,58.33489990234375
loan_apply_amt_slope,历史成功放款订单提单金额｜生命周期顺序趋势,x = F.apply_amt；SUM((i-MEAN(i))*(x_i-MEAN(valid_x)))/SUM((i-MEAN(i))^2)，i为有效值在原序列中的位置,S01｜order_loan_f_v2_copy（整笔订单）；S02｜order_vir_f_copy（获额）,F：全部历史成功放款订单；按remit_time、serial_id升序,MXN／序号步,float32,至少2个有效值；否则NaN,describe(),V2-LC-0037,历史订单条件,T0固定时点；提单/App<T0，放款/整笔结清≤T0；支付<T0，已确认整笔同秒结清订单的已知同秒支付可=T0；当前条件为T0已知值。来源可得时间仍待上线核验。,已入模,保留字段；零增益不等于没有业务意义,0.38966383960724943,0.3792403104523804,0.43863358184043616,0.024356102185434582,46.50570106506348
loan_apply_amt_last3_mean,历史成功放款订单提单金额｜最近3笔有效均值,x = F.apply_amt；MEAN(finite(x[-3:])),S01｜order_loan_f_v2_copy（整笔订单）；S02｜order_vir_f_copy（获额）,F：全部历史成功放款订单；按remit_time、serial_id升序,MXN,float32,原序列最近3笔中无有效值为NaN；不跳过缺失补足3笔,describe(),V2-LC-0038,历史订单条件,T0固定时点；提单/App<T0，放款/整笔结清≤T0；支付<T0，已确认整笔同秒结清订单的已知同秒支付可=T0；当前条件为T0已知值。来源可得时间仍待上线核验。,已入模,保留字段；零增益不等于没有业务意义,0.0,0.0,0.0,0.021859626688286702,64.60859775543213
loan_apply_amt_last5_mean,历史成功放款订单提单金额｜最近5笔有效均值,x = F.apply_amt；MEAN(finite(x[-5:])),S01｜order_loan_f_v2_copy（整笔订单）；S02｜order_vir_f_copy（获额）,F：全部历史成功放款订单；按remit_time、serial_id升序,MXN,float32,原序列最近5笔中无有效值为NaN；不跳过缺失补足5笔,describe(),V2-LC-0039,历史订单条件,T0固定时点；提单/App<T0，放款/整笔结清≤T0；支付<T0，已确认整笔同秒结清订单的已知同秒支付可=T0；当前条件为T0已知值。来源可得时间仍待上线核验。,已入模,保留字段；零增益不等于没有业务意义,0.0,0.0,0.0,0.019217534677627667,185.10610389709473
loan_apply_amt_recent_lifetime_delta,历史成功放款订单提单金额｜近期相对全历史变化,x = F.apply_amt；MEAN(finite(x[-3:]))-MEAN(finite(x)),S01｜order_loan_f_v2_copy（整笔订单）；S02｜order_vir_f_copy（获额）,F：全部历史成功放款订单；按remit_time、serial_id升序,MXN,float32,任一侧无有效值为NaN,describe(),V2-LC-0040,历史订单条件,T0固定时点；提单/App<T0，放款/整笔结清≤T0；支付<T0，已确认整笔同秒结清订单的已知同秒支付可=T0；当前条件为T0已知值。来源可得时间仍待上线核验。,已入模,保留字段；零增益不等于没有业务意义,0.0,0.0,0.0,0.006889557059590096,18.56730079650879
loan_apply_amt_l1,历史成功放款订单提单金额｜最近第1笔,x = F.apply_amt；x[-1],S01｜order_loan_f_v2_copy（整笔订单）；S02｜order_vir_f_copy（获额）,F：全部历史成功放款订单；按remit_time、serial_id升序,MXN,float32,不足1笔或该位置缺失为NaN；不改取第1个非空值,describe(lags=True),V2-LC-0041,历史订单条件,T0固定时点；提单/App<T0，放款/整笔结清≤T0；支付<T0，已确认整笔同秒结清订单的已知同秒支付可=T0；当前条件为T0已知值。来源可得时间仍待上线核验。,已入模,保留字段；零增益不等于没有业务意义,0.0,0.0,0.0,0.02574386708855905,15.940400123596191
loan_apply_amt_l2,历史成功放款订单提单金额｜最近第2笔,x = F.apply_amt；x[-2],S01｜order_loan_f_v2_copy（整笔订单）；S02｜order_vir_f_copy（获额）,F：全部历史成功放款订单；按remit_time、serial_id升序,MXN,float32,不足2笔或该位置缺失为NaN；不改取第2个非空值,describe(lags=True),V2-LC-0042,历史订单条件,T0固定时点；提单/App<T0，放款/整笔结清≤T0；支付<T0，已确认整笔同秒结清订单的已知同秒支付可=T0；当前条件为T0已知值。来源可得时间仍待上线核验。,已入模,保留字段；零增益不等于没有业务意义,0.38966383960724943,0.3792403104523804,0.43863358184043616,0.027164614125182673,34.03179931640625
loan_apply_amt_l3,历史成功放款订单提单金额｜最近第3笔,x = F.apply_amt；x[-3],S01｜order_loan_f_v2_copy（整笔订单）；S02｜order_vir_f_copy（获额）,F：全部历史成功放款订单；按remit_time、serial_id升序,MXN,float32,不足3笔或该位置缺失为NaN；不改取第3个非空值,describe(lags=True),V2-LC-0043,历史订单条件,T0固定时点；提单/App<T0，放款/整笔结清≤T0；支付<T0，已确认整笔同秒结清订单的已知同秒支付可=T0；当前条件为T0已知值。来源可得时间仍待上线核验。,已入模,保留字段；零增益不等于没有业务意义,0.5907427277938647,0.5786165042675113,0.6293535106264604,0.01895313494066675,37.08279991149902
loan_apply_amt_l4,历史成功放款订单提单金额｜最近第4笔,x = F.apply_amt；x[-4],S01｜order_loan_f_v2_copy（整笔订单）；S02｜order_vir_f_copy（获额）,F：全部历史成功放款订单；按remit_time、serial_id升序,MXN,float32,不足4笔或该位置缺失为NaN；不改取第4个非空值,describe(lags=True),V2-LC-0044,历史订单条件,T0固定时点；提单/App<T0，放款/整笔结清≤T0；支付<T0，已确认整笔同秒结清订单的已知同秒支付可=T0；当前条件为T0已知值。来源可得时间仍待上线核验。,已入模,保留字段；零增益不等于没有业务意义,0.7208070593192519,0.7113566575594188,0.7491932791810393,0.013415396540179845,17.20680046081543
loan_apply_amt_l5,历史成功放款订单提单金额｜最近第5笔,x = F.apply_amt；x[-5],S01｜order_loan_f_v2_copy（整笔订单）；S02｜order_vir_f_copy（获额）,F：全部历史成功放款订单；按remit_time、serial_id升序,MXN,float32,不足5笔或该位置缺失为NaN；不改取第5个非空值,describe(lags=True),V2-LC-0045,历史订单条件,T0固定时点；提单/App<T0，放款/整笔结清≤T0；支付<T0，已确认整笔同秒结清订单的已知同秒支付可=T0；当前条件为T0已知值。来源可得时间仍待上线核验。,已入模,保留字段；零增益不等于没有业务意义,0.806412574289928,0.7987298209982511,0.83220206965617,0.010538125612802504,22.50579071044922
loan_apply_amt_delta12,历史成功放款订单提单金额｜最近1笔减最近2笔,x = F.apply_amt；x[-1]-x[-2],S01｜order_loan_f_v2_copy（整笔订单）；S02｜order_vir_f_copy（获额）,F：全部历史成功放款订单；按remit_time、serial_id升序,MXN,float32,不足2笔或任一值缺失为NaN,describe(),V2-LC-0046,历史订单条件,T0固定时点；提单/App<T0，放款/整笔结清≤T0；支付<T0，已确认整笔同秒结清订单的已知同秒支付可=T0；当前条件为T0已知值。来源可得时间仍待上线核验。,已入模,保留字段；零增益不等于没有业务意义,0.38966383960724943,0.3792403104523804,0.43863358184043616,0.018898969335382272,18.107500076293945
loan_apply_amt_delta23,历史成功放款订单提单金额｜最近2笔减最近3笔,x = F.apply_amt；x[-2]-x[-3],S01｜order_loan_f_v2_copy（整笔订单）；S02｜order_vir_f_copy（获额）,F：全部历史成功放款订单；按remit_time、serial_id升序,MXN,float32,不足3笔或任一值缺失为NaN,describe(),V2-LC-0047,历史订单条件,T0固定时点；提单/App<T0，放款/整笔结清≤T0；支付<T0，已确认整笔同秒结清订单的已知同秒支付可=T0；当前条件为T0已知值。来源可得时间仍待上线核验。,已入模,保留字段；零增益不等于没有业务意义,0.5907427277938647,0.5786165042675113,0.6293535106264604,0.012405067406763256,86.9434986114502
loan_remit_amt_valid_n,历史成功放款金额｜有效值数,x = F.remit_amt；COUNT(finite(x)),S01｜order_loan_f_v2_copy（整笔订单）,F：全部历史成功放款订单；按remit_time、serial_id升序,个,float32,无有效值返回0,describe(),V2-LC-0048,历史订单条件,T0固定时点；提单/App<T0，放款/整笔结清≤T0；支付<T0，已确认整笔同秒结清订单的已知同秒支付可=T0；当前条件为T0已知值。来源可得时间仍待上线核验。,已入模,保留字段；零增益不等于没有业务意义,0.0,0.0,0.0,0.017141662179717063,0.0
loan_remit_amt_mean,历史成功放款金额｜全历史均值,x = F.remit_amt；MEAN(finite(x)),S01｜order_loan_f_v2_copy（整笔订单）,F：全部历史成功放款订单；按remit_time、serial_id升序,MXN,float32,无有效值为NaN,describe(),V2-LC-0049,历史订单条件,T0固定时点；提单/App<T0，放款/整笔结清≤T0；支付<T0，已确认整笔同秒结清订单的已知同秒支付可=T0；当前条件为T0已知值。来源可得时间仍待上线核验。,已入模,保留字段；零增益不等于没有业务意义,0.0,0.0,0.0,0.023455542623834105,0.0
loan_remit_amt_std,历史成功放款金额｜全历史总体标准差,"x = F.remit_amt；STD(finite(x), ddof=0)",S01｜order_loan_f_v2_copy（整笔订单）,F：全部历史成功放款订单；按remit_time、serial_id升序,MXN,float32,无有效值为NaN；单个有效值为0,describe(),V2-LC-0050,历史订单条件,T0固定时点；提单/App<T0，放款/整笔结清≤T0；支付<T0，已确认整笔同秒结清订单的已知同秒支付可=T0；当前条件为T0已知值。来源可得时间仍待上线核验。,已入模,保留字段；零增益不等于没有业务意义,0.0,0.0,0.0,0.00551774320387839,22.238500595092773
loan_remit_amt_min,历史成功放款金额｜全历史最小值,x = F.remit_amt；MIN(finite(x)),S01｜order_loan_f_v2_copy（整笔订单）,F：全部历史成功放款订单；按remit_time、serial_id升序,MXN,float32,无有效值为NaN,describe(),V2-LC-0051,历史订单条件,T0固定时点；提单/App<T0，放款/整笔结清≤T0；支付<T0，已确认整笔同秒结清订单的已知同秒支付可=T0；当前条件为T0已知值。来源可得时间仍待上线核验。,已入模,保留字段；零增益不等于没有业务意义,0.0,0.0,0.0,0.038149440748454125,1617.2571105957031
loan_remit_amt_max,历史成功放款金额｜全历史最大值,x = F.remit_amt；MAX(finite(x)),S01｜order_loan_f_v2_copy（整笔订单）,F：全部历史成功放款订单；按remit_time、serial_id升序,MXN,float32,无有效值为NaN,describe(),V2-LC-0052,历史订单条件,T0固定时点；提单/App<T0，放款/整笔结清≤T0；支付<T0，已确认整笔同秒结清订单的已知同秒支付可=T0；当前条件为T0已知值。来源可得时间仍待上线核验。,已入模,保留字段；零增益不等于没有业务意义,0.0,0.0,0.0,0.015226504320039963,90.08930015563965
loan_remit_amt_last_first_delta,历史成功放款金额｜最近减最早有效值,x = F.remit_amt；finite(x)[-1]-finite(x)[0],S01｜order_loan_f_v2_copy（整笔订单）,F：全部历史成功放款订单；按remit_time、serial_id升序,MXN,float32,至少2个有效值；否则NaN,describe(),V2-LC-0053,历史订单条件,T0固定时点；提单/App<T0，放款/整笔结清≤T0；支付<T0，已确认整笔同秒结清订单的已知同秒支付可=T0；当前条件为T0已知值。来源可得时间仍待上线核验。,已入模,保留字段；零增益不等于没有业务意义,0.38966383960724943,0.3792403104523804,0.43863358184043616,0.03277099104942804,65.39050006866455
loan_remit_amt_slope,历史成功放款金额｜生命周期顺序趋势,x = F.remit_amt；SUM((i-MEAN(i))*(x_i-MEAN(valid_x)))/SUM((i-MEAN(i))^2)，i为有效值在原序列中的位置,S01｜order_loan_f_v2_copy（整笔订单）,F：全部历史成功放款订单；按remit_time、serial_id升序,MXN／序号步,float32,至少2个有效值；否则NaN,describe(),V2-LC-0054,历史订单条件,T0固定时点；提单/App<T0，放款/整笔结清≤T0；支付<T0，已确认整笔同秒结清订单的已知同秒支付可=T0；当前条件为T0已知值。来源可得时间仍待上线核验。,已入模,保留字段；零增益不等于没有业务意义,0.38966383960724943,0.3792403104523804,0.43863358184043616,0.023974194790771484,171.37510013580322
loan_remit_amt_last3_mean,历史成功放款金额｜最近3笔有效均值,x = F.remit_amt；MEAN(finite(x[-3:])),S01｜order_loan_f_v2_copy（整笔订单）,F：全部历史成功放款订单；按remit_time、serial_id升序,MXN,float32,原序列最近3笔中无有效值为NaN；不跳过缺失补足3笔,describe(),V2-LC-0055,历史订单条件,T0固定时点；提单/App<T0，放款/整笔结清≤T0；支付<T0，已确认整笔同秒结清订单的已知同秒支付可=T0；当前条件为T0已知值。来源可得时间仍待上线核验。,已入模,保留字段；零增益不等于没有业务意义,0.0,0.0,0.0,0.02837464936529247,77.18439865112305
loan_remit_amt_last5_mean,历史成功放款金额｜最近5笔有效均值,x = F.remit_amt；MEAN(finite(x[-5:])),S01｜order_loan_f_v2_copy（整笔订单）,F：全部历史成功放款订单；按remit_time、serial_id升序,MXN,float32,原序列最近5笔中无有效值为NaN；不跳过缺失补足5笔,describe(),V2-LC-0056,历史订单条件,T0固定时点；提单/App<T0，放款/整笔结清≤T0；支付<T0，已确认整笔同秒结清订单的已知同秒支付可=T0；当前条件为T0已知值。来源可得时间仍待上线核验。,已入模,保留字段；零增益不等于没有业务意义,0.0,0.0,0.0,0.02704258185902602,38.52149963378906
loan_remit_amt_recent_lifetime_delta,历史成功放款金额｜近期相对全历史变化,x = F.remit_amt；MEAN(finite(x[-3:]))-MEAN(finite(x)),S01｜order_loan_f_v2_copy（整笔订单）,F：全部历史成功放款订单；按remit_time、serial_id升序,MXN,float32,任一侧无有效值为NaN,describe(),V2-LC-0057,历史订单条件,T0固定时点；提单/App<T0，放款/整笔结清≤T0；支付<T0，已确认整笔同秒结清订单的已知同秒支付可=T0；当前条件为T0已知值。来源可得时间仍待上线核验。,已入模,保留字段；零增益不等于没有业务意义,0.0,0.0,0.0,0.006961070380465707,35.544700622558594
loan_remit_amt_l1,历史成功放款金额｜最近第1笔,x = F.remit_amt；x[-1],S01｜order_loan_f_v2_copy（整笔订单）,F：全部历史成功放款订单；按remit_time、serial_id升序,MXN,float32,不足1笔或该位置缺失为NaN；不改取第1个非空值,describe(lags=True),V2-LC-0058,历史订单条件,T0固定时点；提单/App<T0，放款/整笔结清≤T0；支付<T0，已确认整笔同秒结清订单的已知同秒支付可=T0；当前条件为T0已知值。来源可得时间仍待上线核验。,已入模,保留字段；零增益不等于没有业务意义,0.0,0.0,0.0,0.02525108150713589,0.0
loan_remit_amt_l2,历史成功放款金额｜最近第2笔,x = F.remit_amt；x[-2],S01｜order_loan_f_v2_copy（整笔订单）,F：全部历史成功放款订单；按remit_time、serial_id升序,MXN,float32,不足2笔或该位置缺失为NaN；不改取第2个非空值,describe(lags=True),V2-LC-0059,历史订单条件,T0固定时点；提单/App<T0，放款/整笔结清≤T0；支付<T0，已确认整笔同秒结清订单的已知同秒支付可=T0；当前条件为T0已知值。来源可得时间仍待上线核验。,已入模,保留字段；零增益不等于没有业务意义,0.38966383960724943,0.3792403104523804,0.43863358184043616,0.028771491294177443,19.288799285888672
loan_remit_amt_l3,历史成功放款金额｜最近第3笔,x = F.remit_amt；x[-3],S01｜order_loan_f_v2_copy（整笔订单）,F：全部历史成功放款订单；按remit_time、serial_id升序,MXN,float32,不足3笔或该位置缺失为NaN；不改取第3个非空值,describe(lags=True),V2-LC-0060,历史订单条件,T0固定时点；提单/App<T0，放款/整笔结清≤T0；支付<T0，已确认整笔同秒结清订单的已知同秒支付可=T0；当前条件为T0已知值。来源可得时间仍待上线核验。,已入模,保留字段；零增益不等于没有业务意义,0.5907427277938647,0.5786165042675113,0.6293535106264604,0.01780294612815477,0.0
loan_remit_amt_l4,历史成功放款金额｜最近第4笔,x = F.remit_amt；x[-4],S01｜order_loan_f_v2_copy（整笔订单）,F：全部历史成功放款订单；按remit_time、serial_id升序,MXN,float32,不足4笔或该位置缺失为NaN；不改取第4个非空值,describe(lags=True),V2-LC-0061,历史订单条件,T0固定时点；提单/App<T0，放款/整笔结清≤T0；支付<T0，已确认整笔同秒结清订单的已知同秒支付可=T0；当前条件为T0已知值。来源可得时间仍待上线核验。,已入模,保留字段；零增益不等于没有业务意义,0.7208070593192519,0.7113566575594188,0.7491932791810393,0.01266716389175533,17.22279930114746
loan_remit_amt_l5,历史成功放款金额｜最近第5笔,x = F.remit_amt；x[-5],S01｜order_loan_f_v2_copy（整笔订单）,F：全部历史成功放款订单；按remit_time、serial_id升序,MXN,float32,不足5笔或该位置缺失为NaN；不改取第5个非空值,describe(lags=True),V2-LC-0062,历史订单条件,T0固定时点；提单/App<T0，放款/整笔结清≤T0；支付<T0，已确认整笔同秒结清订单的已知同秒支付可=T0；当前条件为T0已知值。来源可得时间仍待上线核验。,已入模,保留字段；零增益不等于没有业务意义,0.806412574289928,0.7987298209982511,0.83220206965617,0.008850917779454643,71.2632007598877
loan_remit_amt_delta12,历史成功放款金额｜最近1笔减最近2笔,x = F.remit_amt；x[-1]-x[-2],S01｜order_loan_f_v2_copy（整笔订单）,F：全部历史成功放款订单；按remit_time、serial_id升序,MXN,float32,不足2笔或任一值缺失为NaN,describe(),V2-LC-0063,历史订单条件,T0固定时点；提单/App<T0，放款/整笔结清≤T0；支付<T0，已确认整笔同秒结清订单的已知同秒支付可=T0；当前条件为T0已知值。来源可得时间仍待上线核验。,已入模,保留字段；零增益不等于没有业务意义,0.38966383960724943,0.3792403104523804,0.43863358184043616,0.01930412624603195,0.0
loan_remit_amt_delta23,历史成功放款金额｜最近2笔减最近3笔,x = F.remit_amt；x[-2]-x[-3],S01｜order_loan_f_v2_copy（整笔订单）,F：全部历史成功放款订单；按remit_time、serial_id升序,MXN,float32,不足3笔或任一值缺失为NaN,describe(),V2-LC-0064,历史订单条件,T0固定时点；提单/App<T0，放款/整笔结清≤T0；支付<T0，已确认整笔同秒结清订单的已知同秒支付可=T0；当前条件为T0已知值。来源可得时间仍待上线核验。,已入模,保留字段；零增益不等于没有业务意义,0.5907427277938647,0.5786165042675113,0.6293535106264604,0.01247760943678566,26.349599838256836
loan_credit_amt_valid_n,历史成功放款订单对应获额额度｜有效值数,x = F.credit_amt（同serial获额时间≤该笔apply_time的最近通过记录）；COUNT(finite(x)),S01｜order_loan_f_v2_copy（整笔订单）；S02｜order_vir_f_copy（获额）,F：全部历史成功放款订单；按remit_time、serial_id升序,个,float32,无有效值返回0,describe(),V2-LC-0065,历史订单条件,T0固定时点；提单/App<T0，放款/整笔结清≤T0；支付<T0，已确认整笔同秒结清订单的已知同秒支付可=T0；当前条件为T0已知值。来源可得时间仍待上线核验。,已入模,保留字段；零增益不等于没有业务意义,0.0,0.0,0.0,0.022828211425635216,0.0
loan_credit_amt_mean,历史成功放款订单对应获额额度｜全历史均值,x = F.credit_amt（同serial获额时间≤该笔apply_time的最近通过记录）；MEAN(finite(x)),S01｜order_loan_f_v2_copy（整笔订单）；S02｜order_vir_f_copy（获额）,F：全部历史成功放款订单；按remit_time、serial_id升序,MXN,float32,无有效值为NaN,describe(),V2-LC-0066,历史订单条件,T0固定时点；提单/App<T0，放款/整笔结清≤T0；支付<T0，已确认整笔同秒结清订单的已知同秒支付可=T0；当前条件为T0已知值。来源可得时间仍待上线核验。,已入模,保留字段；零增益不等于没有业务意义,0.0017834482285557498,0.002691876818427267,0.00022254367419606097,0.024900377268992274,169.8951997756958
loan_credit_amt_std,历史成功放款订单对应获额额度｜全历史总体标准差,"x = F.credit_amt（同serial获额时间≤该笔apply_time的最近通过记录）；STD(finite(x), ddof=0)",S01｜order_loan_f_v2_copy（整笔订单）；S02｜order_vir_f_copy（获额）,F：全部历史成功放款订单；按remit_time、serial_id升序,MXN,float32,无有效值为NaN；单个有效值为0,describe(),V2-LC-0067,历史订单条件,T0固定时点；提单/App<T0，放款/整笔结清≤T0；支付<T0，已确认整笔同秒结清订单的已知同秒支付可=T0；当前条件为T0已知值。来源可得时间仍待上线核验。,已入模,保留字段；零增益不等于没有业务意义,0.0017834482285557498,0.002691876818427267,0.00022254367419606097,0.011070865385609838,14.779500007629395
loan_credit_amt_min,历史成功放款订单对应获额额度｜全历史最小值,x = F.credit_amt（同serial获额时间≤该笔apply_time的最近通过记录）；MIN(finite(x)),S01｜order_loan_f_v2_copy（整笔订单）；S02｜order_vir_f_copy（获额）,F：全部历史成功放款订单；按remit_time、serial_id升序,MXN,float32,无有效值为NaN,describe(),V2-LC-0068,历史订单条件,T0固定时点；提单/App<T0，放款/整笔结清≤T0；支付<T0，已确认整笔同秒结清订单的已知同秒支付可=T0；当前条件为T0已知值。来源可得时间仍待上线核验。,已入模,保留字段；零增益不等于没有业务意义,0.0017834482285557498,0.002691876818427267,0.00022254367419606097,0.04158444901920971,2724.8320808410645
loan_credit_amt_max,历史成功放款订单对应获额额度｜全历史最大值,x = F.credit_amt（同serial获额时间≤该笔apply_time的最近通过记录）；MAX(finite(x)),S01｜order_loan_f_v2_copy（整笔订单）；S02｜order_vir_f_copy（获额）,F：全部历史成功放款订单；按remit_time、serial_id升序,MXN,float32,无有效值为NaN,describe(),V2-LC-0069,历史订单条件,T0固定时点；提单/App<T0，放款/整笔结清≤T0；支付<T0，已确认整笔同秒结清订单的已知同秒支付可=T0；当前条件为T0已知值。来源可得时间仍待上线核验。,已入模,保留字段；零增益不等于没有业务意义,0.0017834482285557498,0.002691876818427267,0.00022254367419606097,0.026455852581716954,64.125
loan_credit_amt_last_first_delta,历史成功放款订单对应获额额度｜最近减最早有效值,x = F.credit_amt（同serial获额时间≤该笔apply_time的最近通过记录）；finite(x)[-1]-finite(x)[0],S01｜order_loan_f_v2_copy（整笔订单）；S02｜order_vir_f_copy（获额）,F：全部历史成功放款订单；按remit_time、serial_id升序,MXN,float32,至少2个有效值；否则NaN,describe(),V2-LC-0070,历史订单条件,T0固定时点；提单/App<T0，放款/整笔结清≤T0；支付<T0，已确认整笔同秒结清订单的已知同秒支付可=T0；当前条件为T0已知值。来源可得时间仍待上线核验。,已入模,保留字段；零增益不等于没有业务意义,0.392500698190584,0.3825044125825092,0.4398575720485145,0.0385972816874917,61.00519943237305
loan_credit_amt_slope,历史成功放款订单对应获额额度｜生命周期顺序趋势,x = F.credit_amt（同serial获额时间≤该笔apply_time的最近通过记录）；SUM((i-MEAN(i))*(x_i-MEAN(valid_x)))/SUM((i-MEAN(i))^2)，i为有效值在原序列中的位置,S01｜order_loan_f_v2_copy（整笔订单）；S02｜order_vir_f_copy（获额）,F：全部历史成功放款订单；按remit_time、serial_id升序,MXN／序号步,float32,至少2个有效值；否则NaN,describe(),V2-LC-0071,历史订单条件,T0固定时点；提单/App<T0，放款/整笔结清≤T0；支付<T0，已确认整笔同秒结清订单的已知同秒支付可=T0；当前条件为T0已知值。来源可得时间仍待上线核验。,已入模,保留字段；零增益不等于没有业务意义,0.392500698190584,0.3825044125825092,0.4398575720485145,0.030613690686255905,250.79089832305908
loan_credit_amt_last3_mean,历史成功放款订单对应获额额度｜最近3笔有效均值,x = F.credit_amt（同serial获额时间≤该笔apply_time的最近通过记录）；MEAN(finite(x[-3:])),S01｜order_loan_f_v2_copy（整笔订单）；S02｜order_vir_f_copy（获额）,F：全部历史成功放款订单；按remit_time、serial_id升序,MXN,float32,原序列最近3笔中无有效值为NaN；不跳过缺失补足3笔,describe(),V2-LC-0072,历史订单条件,T0固定时点；提单/App<T0，放款/整笔结清≤T0；支付<T0，已确认整笔同秒结清订单的已知同秒支付可=T0；当前条件为T0已知值。来源可得时间仍待上线核验。,已入模,保留字段；零增益不等于没有业务意义,0.0017834482285557498,0.002691876818427267,0.00022254367419606097,0.02991366224223346,127.91900253295898
loan_credit_amt_last5_mean,历史成功放款订单对应获额额度｜最近5笔有效均值,x = F.credit_amt（同serial获额时间≤该笔apply_time的最近通过记录）；MEAN(finite(x[-5:])),S01｜order_loan_f_v2_copy（整笔订单）；S02｜order_vir_f_copy（获额）,F：全部历史成功放款订单；按remit_time、serial_id升序,MXN,float32,原序列最近5笔中无有效值为NaN；不跳过缺失补足5笔,describe(),V2-LC-0073,历史订单条件,T0固定时点；提单/App<T0，放款/整笔结清≤T0；支付<T0，已确认整笔同秒结清订单的已知同秒支付可=T0；当前条件为T0已知值。来源可得时间仍待上线核验。,已入模,保留字段；零增益不等于没有业务意义,0.0017834482285557498,0.002691876818427267,0.00022254367419606097,0.025567190312730102,29.486300468444824
loan_credit_amt_recent_lifetime_delta,历史成功放款订单对应获额额度｜近期相对全历史变化,x = F.credit_amt（同serial获额时间≤该笔apply_time的最近通过记录）；MEAN(finite(x[-3:]))-MEAN(finite(x)),S01｜order_loan_f_v2_copy（整笔订单）；S02｜order_vir_f_copy（获额）,F：全部历史成功放款订单；按remit_time、serial_id升序,MXN,float32,任一侧无有效值为NaN,describe(),V2-LC-0074,历史订单条件,T0固定时点；提单/App<T0，放款/整笔结清≤T0；支付<T0，已确认整笔同秒结清订单的已知同秒支付可=T0；当前条件为T0已知值。来源可得时间仍待上线核验。,已入模,保留字段；零增益不等于没有业务意义,0.0017834482285557498,0.002691876818427267,0.00022254367419606097,0.012913220249862929,52.607099533081055
loan_credit_amt_l1,历史成功放款订单对应获额额度｜最近第1笔,x = F.credit_amt（同serial获额时间≤该笔apply_time的最近通过记录）；x[-1],S01｜order_loan_f_v2_copy（整笔订单）；S02｜order_vir_f_copy（获额）,F：全部历史成功放款订单；按remit_time、serial_id升序,MXN,float32,不足1笔或该位置缺失为NaN；不改取第1个非空值,describe(lags=True),V2-LC-0075,历史订单条件,T0固定时点；提单/App<T0，放款/整笔结清≤T0；支付<T0，已确认整笔同秒结清订单的已知同秒支付可=T0；当前条件为T0已知值。来源可得时间仍待上线核验。,已入模,保留字段；零增益不等于没有业务意义,0.0032876202235189787,0.0037879703732359746,0.001335262045176366,0.053637968807530384,17.4689998626709
loan_credit_amt_l2,历史成功放款订单对应获额额度｜最近第2笔,x = F.credit_amt（同serial获额时间≤该笔apply_time的最近通过记录）；x[-2],S01｜order_loan_f_v2_copy（整笔订单）；S02｜order_vir_f_copy（获额）,F：全部历史成功放款订单；按remit_time、serial_id升序,MXN,float32,不足2笔或该位置缺失为NaN；不改取第2个非空值,describe(lags=True),V2-LC-0076,历史订单条件,T0固定时点；提单/App<T0，放款/整笔结清≤T0；支付<T0，已确认整笔同秒结清订单的已知同秒支付可=T0；当前条件为T0已知值。来源可得时间仍待上线核验。,已入模,保留字段；零增益不等于没有业务意义,0.3931033469051784,0.38289126913126525,0.44119283409369087,0.032040886517368916,75.85330104827881
loan_credit_amt_l3,历史成功放款订单对应获额额度｜最近第3笔,x = F.credit_amt（同serial获额时间≤该笔apply_time的最近通过记录）；x[-3],S01｜order_loan_f_v2_copy（整笔订单）；S02｜order_vir_f_copy（获额）,F：全部历史成功放款订单；按remit_time、serial_id升序,MXN,float32,不足3笔或该位置缺失为NaN；不改取第3个非空值,describe(lags=True),V2-LC-0077,历史订单条件,T0固定时点；提单/App<T0，放款/整笔结清≤T0；支付<T0，已确认整笔同秒结清订单的已知同秒支付可=T0；当前条件为T0已知值。来源可得时间仍待上线核验。,已入模,保留字段；零增益不等于没有业务意义,0.5938392642786099,0.5819531420005319,0.631690219205519,0.01973441714736162,101.01860237121582
loan_credit_amt_l4,历史成功放款订单对应获额额度｜最近第4笔,x = F.credit_amt（同serial获额时间≤该笔apply_time的最近通过记录）；x[-4],S01｜order_loan_f_v2_copy（整笔订单）；S02｜order_vir_f_copy（获额）,F：全部历史成功放款订单；按remit_time、serial_id升序,MXN,float32,不足4笔或该位置缺失为NaN；不改取第4个非空值,describe(lags=True),V2-LC-0078,历史订单条件,T0固定时点；提单/App<T0，放款/整笔结清≤T0；支付<T0，已确认整笔同秒结清订单的已知同秒支付可=T0；当前条件为T0已知值。来源可得时间仍待上线核验。,已入模,保留字段；零增益不等于没有业务意义,0.7234038383333579,0.7141533080264675,0.7511961722488039,0.010693096422114265,31.315699577331543
loan_credit_amt_l5,历史成功放款订单对应获额额度｜最近第5笔,x = F.credit_amt（同serial获额时间≤该笔apply_time的最近通过记录）；x[-5],S01｜order_loan_f_v2_copy（整笔订单）；S02｜order_vir_f_copy（获额）,F：全部历史成功放款订单；按remit_time、serial_id升序,MXN,float32,不足5笔或该位置缺失为NaN；不改取第5个非空值,describe(lags=True),V2-LC-0079,历史订单条件,T0固定时点；提单/App<T0，放款/整笔结清≤T0；支付<T0，已确认整笔同秒结清订单的已知同秒支付可=T0；当前条件为T0已知值。来源可得时间仍待上线核验。,已入模,保留字段；零增益不等于没有业务意义,0.8087104787382594,0.8013008051451921,0.8334260598642483,0.010748652295496649,36.99410057067871
loan_credit_amt_delta12,历史成功放款订单对应获额额度｜最近1笔减最近2笔,x = F.credit_amt（同serial获额时间≤该笔apply_time的最近通过记录）；x[-1]-x[-2],S01｜order_loan_f_v2_copy（整笔订单）；S02｜order_vir_f_copy（获额）,F：全部历史成功放款订单；按remit_time、serial_id升序,MXN,float32,不足2笔或任一值缺失为NaN,describe(),V2-LC-0080,历史订单条件,T0固定时点；提单/App<T0，放款/整笔结清≤T0；支付<T0，已确认整笔同秒结清订单的已知同秒支付可=T0；当前条件为T0已知值。来源可得时间仍待上线核验。,已入模,保留字段；零增益不等于没有业务意义,0.3945977197340506,0.383987362686074,0.4423055524646712,0.022823926479940387,75.95180034637451
loan_credit_amt_delta23,历史成功放款订单对应获额额度｜最近2笔减最近3笔,x = F.credit_amt（同serial获额时间≤该笔apply_time的最近通过记录）；x[-2]-x[-3],S01｜order_loan_f_v2_copy（整笔订单）；S02｜order_vir_f_copy（获额）,F：全部历史成功放款订单；按remit_time、serial_id升序,MXN,float32,不足3笔或任一值缺失为NaN,describe(),V2-LC-0081,历史订单条件,T0固定时点；提单/App<T0，放款/整笔结清≤T0；支付<T0，已确认整笔同秒结清订单的已知同秒支付可=T0；当前条件为T0已知值。来源可得时间仍待上线核验。,已入模,保留字段；零增益不等于没有业务意义,0.5947309883928877,0.5824770102436391,0.6334705685990876,0.015034016567241324,38.34850025177002
loan_utilization_valid_n,历史成功放款订单额度使用率｜有效值数,x = F.apply_amt / F.credit_amt；两者必须>0；COUNT(finite(x)),S01｜order_loan_f_v2_copy（整笔订单）；S02｜order_vir_f_copy（获额）,F：全部历史成功放款订单；按remit_time、serial_id升序,个,float32,无有效值返回0,describe(),V2-LC-0082,历史订单条件,T0固定时点；提单/App<T0，放款/整笔结清≤T0；支付<T0，已确认整笔同秒结清订单的已知同秒支付可=T0；当前条件为T0已知值。来源可得时间仍待上线核验。,已入模,保留字段；零增益不等于没有业务意义,0.0,0.0,0.0,0.022828211425635216,0.0
loan_utilization_mean,历史成功放款订单额度使用率｜全历史均值,x = F.apply_amt / F.credit_amt；两者必须>0；MEAN(finite(x)),S01｜order_loan_f_v2_copy（整笔订单）；S02｜order_vir_f_copy（获额）,F：全部历史成功放款订单；按remit_time、serial_id升序,比例（1=100%）,float32,无有效值为NaN,describe(),V2-LC-0083,历史订单条件,T0固定时点；提单/App<T0，放款/整笔结清≤T0；支付<T0，已确认整笔同秒结清订单的已知同秒支付可=T0；当前条件为T0已知值。来源可得时间仍待上线核验。,已入模,保留字段；零增益不等于没有业务意义,0.0017834482285557498,0.002691876818427267,0.00022254367419606097,0.0672552478681228,1063.5295009613037
loan_utilization_std,历史成功放款订单额度使用率｜全历史总体标准差,"x = F.apply_amt / F.credit_amt；两者必须>0；STD(finite(x), ddof=0)",S01｜order_loan_f_v2_copy（整笔订单）；S02｜order_vir_f_copy（获额）,F：全部历史成功放款订单；按remit_time、serial_id升序,比例（1=100%）,float32,无有效值为NaN；单个有效值为0,describe(),V2-LC-0084,历史订单条件,T0固定时点；提单/App<T0，放款/整笔结清≤T0；支付<T0，已确认整笔同秒结清订单的已知同秒支付可=T0；当前条件为T0已知值。来源可得时间仍待上线核验。,已入模,保留字段；零增益不等于没有业务意义,0.0017834482285557498,0.002691876818427267,0.00022254367419606097,0.012992378063008316,226.07299995422363
loan_utilization_min,历史成功放款订单额度使用率｜全历史最小值,x = F.apply_amt / F.credit_amt；两者必须>0；MIN(finite(x)),S01｜order_loan_f_v2_copy（整笔订单）；S02｜order_vir_f_copy（获额）,F：全部历史成功放款订单；按remit_time、serial_id升序,比例（1=100%）,float32,无有效值为NaN,describe(),V2-LC-0085,历史订单条件,T0固定时点；提单/App<T0，放款/整笔结清≤T0；支付<T0，已确认整笔同秒结清订单的已知同秒支付可=T0；当前条件为T0已知值。来源可得时间仍待上线核验。,已入模,保留字段；零增益不等于没有业务意义,0.0017834482285557498,0.002691876818427267,0.00022254367419606097,0.04933324966161334,479.4580020904541
loan_utilization_max,历史成功放款订单额度使用率｜全历史最大值,x = F.apply_amt / F.credit_amt；两者必须>0；MAX(finite(x)),S01｜order_loan_f_v2_copy（整笔订单）；S02｜order_vir_f_copy（获额）,F：全部历史成功放款订单；按remit_time、serial_id升序,比例（1=100%）,float32,无有效值为NaN,describe(),V2-LC-0086,历史订单条件,T0固定时点；提单/App<T0，放款/整笔结清≤T0；支付<T0，已确认整笔同秒结清订单的已知同秒支付可=T0；当前条件为T0已知值。来源可得时间仍待上线核验。,已入模,保留字段；零增益不等于没有业务意义,0.0017834482285557498,0.002691876818427267,0.00022254367419606097,0.19293510018784465,62.67899990081787
loan_utilization_last_first_delta,历史成功放款订单额度使用率｜最近减最早有效值,x = F.apply_amt / F.credit_amt；两者必须>0；finite(x)[-1]-finite(x)[0],S01｜order_loan_f_v2_copy（整笔订单）；S02｜order_vir_f_copy（获额）,F：全部历史成功放款订单；按remit_time、serial_id升序,比例（1=100%）,float32,至少2个有效值；否则NaN,describe(),V2-LC-0087,历史订单条件,T0固定时点；提单/App<T0，放款/整笔结清≤T0；支付<T0，已确认整笔同秒结清订单的已知同秒支付可=T0；当前条件为T0已知值。来源可得时间仍待上线核验。,已入模,保留字段；零增益不等于没有业务意义,0.3925055977736295,0.3825044125825092,0.4398575720485145,0.07810444896665113,99.63060092926025
loan_utilization_slope,历史成功放款订单额度使用率｜生命周期顺序趋势,x = F.apply_amt / F.credit_amt；两者必须>0；SUM((i-MEAN(i))*(x_i-MEAN(valid_x)))/SUM((i-MEAN(i))^2)，i为有效值在原序列中的位置,S01｜order_loan_f_v2_copy（整笔订单）；S02｜order_vir_f_copy（获额）,F：全部历史成功放款订单；按remit_time、serial_id升序,比例（1=100%）／序号步,float32,至少2个有效值；否则NaN,describe(),V2-LC-0088,历史订单条件,T0固定时点；提单/App<T0，放款/整笔结清≤T0；支付<T0，已确认整笔同秒结清订单的已知同秒支付可=T0；当前条件为T0已知值。来源可得时间仍待上线核验。,已入模,保留字段；零增益不等于没有业务意义,0.3925055977736295,0.3825044125825092,0.4398575720485145,0.040900160376380244,61.9532995223999
loan_utilization_last3_mean,历史成功放款订单额度使用率｜最近3笔有效均值,x = F.apply_amt / F.credit_amt；两者必须>0；MEAN(finite(x[-3:])),S01｜order_loan_f_v2_copy（整笔订单）；S02｜order_vir_f_copy（获额）,F：全部历史成功放款订单；按remit_time、serial_id升序,比例（1=100%）,float32,原序列最近3笔中无有效值为NaN；不跳过缺失补足3笔,describe(),V2-LC-0089,历史订单条件,T0固定时点；提单/App<T0，放款/整笔结清≤T0；支付<T0，已确认整笔同秒结清订单的已知同秒支付可=T0；当前条件为T0已知值。来源可得时间仍待上线核验。,已入模,保留字段；零增益不等于没有业务意义,0.0017834482285557498,0.002691876818427267,0.00022254367419606097,0.061069586319488986,520.898796081543
loan_utilization_last5_mean,历史成功放款订单额度使用率｜最近5笔有效均值,x = F.apply_amt / F.credit_amt；两者必须>0；MEAN(finite(x[-5:])),S01｜order_loan_f_v2_copy（整笔订单）；S02｜order_vir_f_copy（获额）,F：全部历史成功放款订单；按remit_time、serial_id升序,比例（1=100%）,float32,原序列最近5笔中无有效值为NaN；不跳过缺失补足5笔,describe(),V2-LC-0090,历史订单条件,T0固定时点；提单/App<T0，放款/整笔结清≤T0；支付<T0，已确认整笔同秒结清订单的已知同秒支付可=T0；当前条件为T0已知值。来源可得时间仍待上线核验。,已入模,保留字段；零增益不等于没有业务意义,0.0017834482285557498,0.002691876818427267,0.00022254367419606097,0.06414391853472289,226.6831979751587
loan_utilization_recent_lifetime_delta,历史成功放款订单额度使用率｜近期相对全历史变化,x = F.apply_amt / F.credit_amt；两者必须>0；MEAN(finite(x[-3:]))-MEAN(finite(x)),S01｜order_loan_f_v2_copy（整笔订单）；S02｜order_vir_f_copy（获额）,F：全部历史成功放款订单；按remit_time、serial_id升序,比例（1=100%）,float32,任一侧无有效值为NaN,describe(),V2-LC-0091,历史订单条件,T0固定时点；提单/App<T0，放款/整笔结清≤T0；支付<T0，已确认整笔同秒结清订单的已知同秒支付可=T0；当前条件为T0已知值。来源可得时间仍待上线核验。,已入模,保留字段；零增益不等于没有业务意义,0.0017834482285557498,0.002691876818427267,0.00022254367419606097,0.010727273676674864,31.236599922180176
loan_utilization_l1,历史成功放款订单额度使用率｜最近第1笔,x = F.apply_amt / F.credit_amt；两者必须>0；x[-1],S01｜order_loan_f_v2_copy（整笔订单）；S02｜order_vir_f_copy（获额）,F：全部历史成功放款订单；按remit_time、serial_id升序,比例（1=100%）,float32,不足1笔或该位置缺失为NaN；不改取第1个非空值,describe(lags=True),V2-LC-0092,历史订单条件,T0固定时点；提单/App<T0，放款/整笔结清≤T0；支付<T0，已确认整笔同秒结清订单的已知同秒支付可=T0；当前条件为T0已知值。来源可得时间仍待上线核验。,已入模,保留字段；零增益不等于没有业务意义,0.0032876202235189787,0.0037879703732359746,0.001335262045176366,0.08717267093728948,184.17300701141357
loan_utilization_l2,历史成功放款订单额度使用率｜最近第2笔,x = F.apply_amt / F.credit_amt；两者必须>0；x[-2],S01｜order_loan_f_v2_copy（整笔订单）；S02｜order_vir_f_copy（获额）,F：全部历史成功放款订单；按remit_time、serial_id升序,比例（1=100%）,float32,不足2笔或该位置缺失为NaN；不改取第2个非空值,describe(lags=True),V2-LC-0093,历史订单条件,T0固定时点；提单/App<T0，放款/整笔结清≤T0；支付<T0，已确认整笔同秒结清订单的已知同秒支付可=T0；当前条件为T0已知值。来源可得时间仍待上线核验。,已入模,保留字段；零增益不等于没有业务意义,0.39310824648822384,0.38289126913126525,0.44119283409369087,0.05597215557950044,135.3695011138916
loan_utilization_l3,历史成功放款订单额度使用率｜最近第3笔,x = F.apply_amt / F.credit_amt；两者必须>0；x[-3],S01｜order_loan_f_v2_copy（整笔订单）；S02｜order_vir_f_copy（获额）,F：全部历史成功放款订单；按remit_time、serial_id升序,比例（1=100%）,float32,不足3笔或该位置缺失为NaN；不改取第3个非空值,describe(lags=True),V2-LC-0094,历史订单条件,T0固定时点；提单/App<T0，放款/整笔结清≤T0；支付<T0，已确认整笔同秒结清订单的已知同秒支付可=T0；当前条件为T0已知值。来源可得时间仍待上线核验。,已入模,保留字段；零增益不等于没有业务意义,0.5938392642786099,0.5819531420005319,0.631690219205519,0.0325348795518754,52.26959991455078
loan_utilization_l4,历史成功放款订单额度使用率｜最近第4笔,x = F.apply_amt / F.credit_amt；两者必须>0；x[-4],S01｜order_loan_f_v2_copy（整笔订单）；S02｜order_vir_f_copy（获额）,F：全部历史成功放款订单；按remit_time、serial_id升序,比例（1=100%）,float32,不足4笔或该位置缺失为NaN；不改取第4个非空值,describe(lags=True),V2-LC-0095,历史订单条件,T0固定时点；提单/App<T0，放款/整笔结清≤T0；支付<T0，已确认整笔同秒结清订单的已知同秒支付可=T0；当前条件为T0已知值。来源可得时间仍待上线核验。,已入模,保留字段；零增益不等于没有业务意义,0.7234087379164034,0.7141533080264675,0.7511961722488039,0.017678456624646302,0.0
loan_utilization_l5,历史成功放款订单额度使用率｜最近第5笔,x = F.apply_amt / F.credit_amt；两者必须>0；x[-5],S01｜order_loan_f_v2_copy（整笔订单）；S02｜order_vir_f_copy（获额）,F：全部历史成功放款订单；按remit_time、serial_id升序,比例（1=100%）,float32,不足5笔或该位置缺失为NaN；不改取第5个非空值,describe(lags=True),V2-LC-0096,历史订单条件,T0固定时点；提单/App<T0，放款/整笔结清≤T0；支付<T0，已确认整笔同秒结清订单的已知同秒支付可=T0；当前条件为T0已知值。来源可得时间仍待上线核验。,已入模,保留字段；零增益不等于没有业务意义,0.8087153783213049,0.8013008051451921,0.8334260598642483,0.013345863062065639,16.420400619506836
loan_utilization_delta12,历史成功放款订单额度使用率｜最近1笔减最近2笔,x = F.apply_amt / F.credit_amt；两者必须>0；x[-1]-x[-2],S01｜order_loan_f_v2_copy（整笔订单）；S02｜order_vir_f_copy（获额）,F：全部历史成功放款订单；按remit_time、serial_id升序,比例（1=100%）,float32,不足2笔或任一值缺失为NaN,describe(),V2-LC-0097,历史订单条件,T0固定时点；提单/App<T0，放款/整笔结清≤T0；支付<T0，已确认整笔同秒结清订单的已知同秒支付可=T0；当前条件为T0已知值。来源可得时间仍待上线核验。,已入模,保留字段；零增益不等于没有业务意义,0.3946026193170961,0.383987362686074,0.4423055524646712,0.036636781620138247,82.96170043945312
loan_utilization_delta23,历史成功放款订单额度使用率｜最近2笔减最近3笔,x = F.apply_amt / F.credit_amt；两者必须>0；x[-2]-x[-3],S01｜order_loan_f_v2_copy（整笔订单）；S02｜order_vir_f_copy（获额）,F：全部历史成功放款订单；按remit_time、serial_id升序,比例（1=100%）,float32,不足3笔或任一值缺失为NaN,describe(),V2-LC-0098,历史订单条件,T0固定时点；提单/App<T0，放款/整笔结清≤T0；支付<T0，已确认整笔同秒结清订单的已知同秒支付可=T0；当前条件为T0已知值。来源可得时间仍待上线核验。,已入模,保留字段；零增益不等于没有业务意义,0.5947309883928877,0.5824770102436391,0.6334705685990876,0.022485898981087403,123.8474006652832
loan_fee_rate_valid_n,历史成功放款订单息费率｜有效值数,x = (F.pre_amt+F.post_amt) / F.remit_amt；remit_amt>0；COUNT(finite(x)),S01｜order_loan_f_v2_copy（整笔订单）,F：全部历史成功放款订单；按remit_time、serial_id升序,个,float32,无有效值返回0,describe(),V2-LC-0099,历史订单条件,T0固定时点；提单/App<T0，放款/整笔结清≤T0；支付<T0，已确认整笔同秒结清订单的已知同秒支付可=T0；当前条件为T0已知值。来源可得时间仍待上线核验。,已入模,保留字段；零增益不等于没有业务意义,0.0,0.0,0.0,0.017141662179717063,0.0
loan_fee_rate_mean,历史成功放款订单息费率｜全历史均值,x = (F.pre_amt+F.post_amt) / F.remit_amt；remit_amt>0；MEAN(finite(x)),S01｜order_loan_f_v2_copy（整笔订单）,F：全部历史成功放款订单；按remit_time、serial_id升序,比例（1=100%）,float32,无有效值为NaN,describe(),V2-LC-0100,历史订单条件,T0固定时点；提单/App<T0，放款/整笔结清≤T0；支付<T0，已确认整笔同秒结清订单的已知同秒支付可=T0；当前条件为T0已知值。来源可得时间仍待上线核验。,已入模,保留字段；零增益不等于没有业务意义,0.0,0.0,0.0,1.3129685400077817,70.51679801940918
loan_fee_rate_std,历史成功放款订单息费率｜全历史总体标准差,"x = (F.pre_amt+F.post_amt) / F.remit_amt；remit_amt>0；STD(finite(x), ddof=0)",S01｜order_loan_f_v2_copy（整笔订单）,F：全部历史成功放款订单；按remit_time、serial_id升序,比例（1=100%）,float32,无有效值为NaN；单个有效值为0,describe(),V2-LC-0101,历史订单条件,T0固定时点；提单/App<T0，放款/整笔结清≤T0；支付<T0，已确认整笔同秒结清订单的已知同秒支付可=T0；当前条件为T0已知值。来源可得时间仍待上线核验。,已入模,保留字段；零增益不等于没有业务意义,0.0,0.0,0.0,0.06626050359298351,47.3814001083374
loan_fee_rate_min,历史成功放款订单息费率｜全历史最小值,x = (F.pre_amt+F.post_amt) / F.remit_amt；remit_amt>0；MIN(finite(x)),S01｜order_loan_f_v2_copy（整笔订单）,F：全部历史成功放款订单；按remit_time、serial_id升序,比例（1=100%）,float32,无有效值为NaN,describe(),V2-LC-0102,历史订单条件,T0固定时点；提单/App<T0，放款/整笔结清≤T0；支付<T0，已确认整笔同秒结清订单的已知同秒支付可=T0；当前条件为T0已知值。来源可得时间仍待上线核验。,已入模,保留字段；零增益不等于没有业务意义,0.0,0.0,0.0,1.1448615351530618,34.84689998626709
loan_fee_rate_max,历史成功放款订单息费率｜全历史最大值,x = (F.pre_amt+F.post_amt) / F.remit_amt；remit_amt>0；MAX(finite(x)),S01｜order_loan_f_v2_copy（整笔订单）,F：全部历史成功放款订单；按remit_time、serial_id升序,比例（1=100%）,float32,无有效值为NaN,describe(),V2-LC-0103,历史订单条件,T0固定时点；提单/App<T0，放款/整笔结清≤T0；支付<T0，已确认整笔同秒结清订单的已知同秒支付可=T0；当前条件为T0已知值。来源可得时间仍待上线核验。,已入模,保留字段；零增益不等于没有业务意义,0.0,0.0,0.0,1.6441692408482067,101.35090160369873
loan_fee_rate_last_first_delta,历史成功放款订单息费率｜最近减最早有效值,x = (F.pre_amt+F.post_amt) / F.remit_amt；remit_amt>0；finite(x)[-1]-finite(x)[0],S01｜order_loan_f_v2_copy（整笔订单）,F：全部历史成功放款订单；按remit_time、serial_id升序,比例（1=100%）,float32,至少2个有效值；否则NaN,describe(),V2-LC-0104,历史订单条件,T0固定时点；提单/App<T0，放款/整笔结清≤T0；支付<T0，已确认整笔同秒结清订单的已知同秒支付可=T0；当前条件为T0已知值。来源可得时间仍待上线核验。,已入模,保留字段；零增益不等于没有业务意义,0.38966383960724943,0.3792403104523804,0.43863358184043616,0.36318496437146214,134.09560108184814
loan_fee_rate_slope,历史成功放款订单息费率｜生命周期顺序趋势,x = (F.pre_amt+F.post_amt) / F.remit_amt；remit_amt>0；SUM((i-MEAN(i))*(x_i-MEAN(valid_x)))/SUM((i-MEAN(i))^2)，i为有效值在原序列中的位置,S01｜order_loan_f_v2_copy（整笔订单）,F：全部历史成功放款订单；按remit_time、serial_id升序,比例（1=100%）／序号步,float32,至少2个有效值；否则NaN,describe(),V2-LC-0105,历史订单条件,T0固定时点；提单/App<T0，放款/整笔结清≤T0；支付<T0，已确认整笔同秒结清订单的已知同秒支付可=T0；当前条件为T0已知值。来源可得时间仍待上线核验。,已入模,保留字段；零增益不等于没有业务意义,0.38966383960724943,0.3792403104523804,0.43863358184043616,0.16664086457581842,199.44077110290527
loan_fee_rate_last3_mean,历史成功放款订单息费率｜最近3笔有效均值,x = (F.pre_amt+F.post_amt) / F.remit_amt；remit_amt>0；MEAN(finite(x[-3:])),S01｜order_loan_f_v2_copy（整笔订单）,F：全部历史成功放款订单；按remit_time、serial_id升序,比例（1=100%）,float32,原序列最近3笔中无有效值为NaN；不跳过缺失补足3笔,describe(),V2-LC-0106,历史订单条件,T0固定时点；提单/App<T0，放款/整笔结清≤T0；支付<T0，已确认整笔同秒结清订单的已知同秒支付可=T0；当前条件为T0已知值。来源可得时间仍待上线核验。,已入模,保留字段；零增益不等于没有业务意义,0.0,0.0,0.0,1.1904690418562416,33.96090030670166
loan_fee_rate_last5_mean,历史成功放款订单息费率｜最近5笔有效均值,x = (F.pre_amt+F.post_amt) / F.remit_amt；remit_amt>0；MEAN(finite(x[-5:])),S01｜order_loan_f_v2_copy（整笔订单）,F：全部历史成功放款订单；按remit_time、serial_id升序,比例（1=100%）,float32,原序列最近5笔中无有效值为NaN；不跳过缺失补足5笔,describe(),V2-LC-0107,历史订单条件,T0固定时点；提单/App<T0，放款/整笔结清≤T0；支付<T0，已确认整笔同秒结清订单的已知同秒支付可=T0；当前条件为T0已知值。来源可得时间仍待上线核验。,已入模,保留字段；零增益不等于没有业务意义,0.0,0.0,0.0,1.2299625856615972,45.64809989929199
loan_fee_rate_recent_lifetime_delta,历史成功放款订单息费率｜近期相对全历史变化,x = (F.pre_amt+F.post_amt) / F.remit_amt；remit_amt>0；MEAN(finite(x[-3:]))-MEAN(finite(x)),S01｜order_loan_f_v2_copy（整笔订单）,F：全部历史成功放款订单；按remit_time、serial_id升序,比例（1=100%）,float32,任一侧无有效值为NaN,describe(),V2-LC-0108,历史订单条件,T0固定时点；提单/App<T0，放款/整笔结清≤T0；支付<T0，已确认整笔同秒结清订单的已知同秒支付可=T0；当前条件为T0已知值。来源可得时间仍待上线核验。,已入模,保留字段；零增益不等于没有业务意义,0.0,0.0,0.0,0.010261851933285193,31.13960075378418
loan_fee_rate_l1,历史成功放款订单息费率｜最近第1笔,x = (F.pre_amt+F.post_amt) / F.remit_amt；remit_amt>0；x[-1],S01｜order_loan_f_v2_copy（整笔订单）,F：全部历史成功放款订单；按remit_time、serial_id升序,比例（1=100%）,float32,不足1笔或该位置缺失为NaN；不改取第1个非空值,describe(lags=True),V2-LC-0109,历史订单条件,T0固定时点；提单/App<T0，放款/整笔结清≤T0；支付<T0，已确认整笔同秒结清订单的已知同秒支付可=T0；当前条件为T0已知值。来源可得时间仍待上线核验。,已入模,保留字段；零增益不等于没有业务意义,0.0,0.0,0.0,1.266688978369987,317.25779724121094
loan_fee_rate_l2,历史成功放款订单息费率｜最近第2笔,x = (F.pre_amt+F.post_amt) / F.remit_amt；remit_amt>0；x[-2],S01｜order_loan_f_v2_copy（整笔订单）,F：全部历史成功放款订单；按remit_time、serial_id升序,比例（1=100%）,float32,不足2笔或该位置缺失为NaN；不改取第2个非空值,describe(lags=True),V2-LC-0110,历史订单条件,T0固定时点；提单/App<T0，放款/整笔结清≤T0；支付<T0，已确认整笔同秒结清订单的已知同秒支付可=T0；当前条件为T0已知值。来源可得时间仍待上线核验。,已入模,保留字段；零增益不等于没有业务意义,0.38966383960724943,0.3792403104523804,0.43863358184043616,0.5353651309472878,63.09359931945801
loan_fee_rate_l3,历史成功放款订单息费率｜最近第3笔,x = (F.pre_amt+F.post_amt) / F.remit_amt；remit_amt>0；x[-3],S01｜order_loan_f_v2_copy（整笔订单）,F：全部历史成功放款订单；按remit_time、serial_id升序,比例（1=100%）,float32,不足3笔或该位置缺失为NaN；不改取第3个非空值,describe(lags=True),V2-LC-0111,历史订单条件,T0固定时点；提单/App<T0，放款/整笔结清≤T0；支付<T0，已确认整笔同秒结清订单的已知同秒支付可=T0；当前条件为T0已知值。来源可得时间仍待上线核验。,已入模,保留字段；零增益不等于没有业务意义,0.5907427277938647,0.5786165042675113,0.6293535106264604,0.36212725824788194,84.65870094299316
loan_fee_rate_l4,历史成功放款订单息费率｜最近第4笔,x = (F.pre_amt+F.post_amt) / F.remit_amt；remit_amt>0；x[-4],S01｜order_loan_f_v2_copy（整笔订单）,F：全部历史成功放款订单；按remit_time、serial_id升序,比例（1=100%）,float32,不足4笔或该位置缺失为NaN；不改取第4个非空值,describe(lags=True),V2-LC-0112,历史订单条件,T0固定时点；提单/App<T0，放款/整笔结清≤T0；支付<T0，已确认整笔同秒结清订单的已知同秒支付可=T0；当前条件为T0已知值。来源可得时间仍待上线核验。,已入模,保留字段；零增益不等于没有业务意义,0.7208070593192519,0.7113566575594188,0.7491932791810393,0.263397681697645,103.13910007476807
loan_fee_rate_l5,历史成功放款订单息费率｜最近第5笔,x = (F.pre_amt+F.post_amt) / F.remit_amt；remit_amt>0；x[-5],S01｜order_loan_f_v2_copy（整笔订单）,F：全部历史成功放款订单；按remit_time、serial_id升序,比例（1=100%）,float32,不足5笔或该位置缺失为NaN；不改取第5个非空值,describe(lags=True),V2-LC-0113,历史订单条件,T0固定时点；提单/App<T0，放款/整笔结清≤T0；支付<T0，已确认整笔同秒结清订单的已知同秒支付可=T0；当前条件为T0已知值。来源可得时间仍待上线核验。,已入模,保留字段；零增益不等于没有业务意义,0.806412574289928,0.7987298209982511,0.83220206965617,0.138302653414017,16.317699432373047
loan_fee_rate_delta12,历史成功放款订单息费率｜最近1笔减最近2笔,x = (F.pre_amt+F.post_amt) / F.remit_amt；remit_amt>0；x[-1]-x[-2],S01｜order_loan_f_v2_copy（整笔订单）,F：全部历史成功放款订单；按remit_time、serial_id升序,比例（1=100%）,float32,不足2笔或任一值缺失为NaN,describe(),V2-LC-0114,历史订单条件,T0固定时点；提单/App<T0，放款/整笔结清≤T0；支付<T0，已确认整笔同秒结清订单的已知同秒支付可=T0；当前条件为T0已知值。来源可得时间仍待上线核验。,已入模,保留字段；零增益不等于没有业务意义,0.38966383960724943,0.3792403104523804,0.43863358184043616,0.1240803855214576,233.75200080871582
loan_fee_rate_delta23,历史成功放款订单息费率｜最近2笔减最近3笔,x = (F.pre_amt+F.post_amt) / F.remit_amt；remit_amt>0；x[-2]-x[-3],S01｜order_loan_f_v2_copy（整笔订单）,F：全部历史成功放款订单；按remit_time、serial_id升序,比例（1=100%）,float32,不足3笔或任一值缺失为NaN,describe(),V2-LC-0115,历史订单条件,T0固定时点；提单/App<T0，放款/整笔结清≤T0；支付<T0，已确认整笔同秒结清订单的已知同秒支付可=T0；当前条件为T0已知值。来源可得时间仍待上线核验。,已入模,保留字段；零增益不等于没有业务意义,0.5907427277938647,0.5786165042675113,0.6293535106264604,0.0661446817211714,102.31190013885498
loan_daily_rate_valid_n,历史成功放款订单日息｜有效值数,x = ((F.pre_amt+F.post_amt)/F.remit_amt) / F.loan_day；正分母；COUNT(finite(x)),S01｜order_loan_f_v2_copy（整笔订单）,F：全部历史成功放款订单；按remit_time、serial_id升序,个,float32,无有效值返回0,describe(),V2-LC-0116,历史订单条件,T0固定时点；提单/App<T0，放款/整笔结清≤T0；支付<T0，已确认整笔同秒结清订单的已知同秒支付可=T0；当前条件为T0已知值。来源可得时间仍待上线核验。,已入模,保留字段；零增益不等于没有业务意义,0.0,0.0,0.0,0.017141662179717063,0.0
loan_daily_rate_mean,历史成功放款订单日息｜全历史均值,x = ((F.pre_amt+F.post_amt)/F.remit_amt) / F.loan_day；正分母；MEAN(finite(x)),S01｜order_loan_f_v2_copy（整笔订单）,F：全部历史成功放款订单；按remit_time、serial_id升序,日利率（1=100%/日）,float32,无有效值为NaN,describe(),V2-LC-0117,历史订单条件,T0固定时点；提单/App<T0，放款/整笔结清≤T0；支付<T0，已确认整笔同秒结清订单的已知同秒支付可=T0；当前条件为T0已知值。来源可得时间仍待上线核验。,已入模,保留字段；零增益不等于没有业务意义,0.0,0.0,0.0,0.47092092418636183,42.232099533081055
loan_daily_rate_std,历史成功放款订单日息｜全历史总体标准差,"x = ((F.pre_amt+F.post_amt)/F.remit_amt) / F.loan_day；正分母；STD(finite(x), ddof=0)",S01｜order_loan_f_v2_copy（整笔订单）,F：全部历史成功放款订单；按remit_time、serial_id升序,日利率（1=100%/日）,float32,无有效值为NaN；单个有效值为0,describe(),V2-LC-0118,历史订单条件,T0固定时点；提单/App<T0，放款/整笔结清≤T0；支付<T0，已确认整笔同秒结清订单的已知同秒支付可=T0；当前条件为T0已知值。来源可得时间仍待上线核验。,已入模,保留字段；零增益不等于没有业务意义,0.0,0.0,0.0,0.08768815019699623,24.3503999710083
loan_daily_rate_min,历史成功放款订单日息｜全历史最小值,x = ((F.pre_amt+F.post_amt)/F.remit_amt) / F.loan_day；正分母；MIN(finite(x)),S01｜order_loan_f_v2_copy（整笔订单）,F：全部历史成功放款订单；按remit_time、serial_id升序,日利率（1=100%/日）,float32,无有效值为NaN,describe(),V2-LC-0119,历史订单条件,T0固定时点；提单/App<T0，放款/整笔结清≤T0；支付<T0，已确认整笔同秒结清订单的已知同秒支付可=T0；当前条件为T0已知值。来源可得时间仍待上线核验。,已入模,保留字段；零增益不等于没有业务意义,0.0,0.0,0.0,0.9524775740072774,64.4016981124878
loan_daily_rate_max,历史成功放款订单日息｜全历史最大值,x = ((F.pre_amt+F.post_amt)/F.remit_amt) / F.loan_day；正分母；MAX(finite(x)),S01｜order_loan_f_v2_copy（整笔订单）,F：全部历史成功放款订单；按remit_time、serial_id升序,日利率（1=100%/日）,float32,无有效值为NaN,describe(),V2-LC-0120,历史订单条件,T0固定时点；提单/App<T0，放款/整笔结清≤T0；支付<T0，已确认整笔同秒结清订单的已知同秒支付可=T0；当前条件为T0已知值。来源可得时间仍待上线核验。,已入模,保留字段；零增益不等于没有业务意义,0.0,0.0,0.0,0.9186248571255469,196.01220035552979
loan_daily_rate_last_first_delta,历史成功放款订单日息｜最近减最早有效值,x = ((F.pre_amt+F.post_amt)/F.remit_amt) / F.loan_day；正分母；finite(x)[-1]-finite(x)[0],S01｜order_loan_f_v2_copy（整笔订单）,F：全部历史成功放款订单；按remit_time、serial_id升序,日利率（1=100%/日）,float32,至少2个有效值；否则NaN,describe(),V2-LC-0121,历史订单条件,T0固定时点；提单/App<T0，放款/整笔结清≤T0；支付<T0，已确认整笔同秒结清订单的已知同秒支付可=T0；当前条件为T0已知值。来源可得时间仍待上线核验。,已入模,保留字段；零增益不等于没有业务意义,0.38966383960724943,0.3792403104523804,0.43863358184043616,0.23898782785971623,272.08649921417236
loan_daily_rate_slope,历史成功放款订单日息｜生命周期顺序趋势,x = ((F.pre_amt+F.post_amt)/F.remit_amt) / F.loan_day；正分母；SUM((i-MEAN(i))*(x_i-MEAN(valid_x)))/SUM((i-MEAN(i))^2)，i为有效值在原序列中的位置,S01｜order_loan_f_v2_copy（整笔订单）,F：全部历史成功放款订单；按remit_time、serial_id升序,日利率（1=100%/日）／序号步,float32,至少2个有效值；否则NaN,describe(),V2-LC-0122,历史订单条件,T0固定时点；提单/App<T0，放款/整笔结清≤T0；支付<T0，已确认整笔同秒结清订单的已知同秒支付可=T0；当前条件为T0已知值。来源可得时间仍待上线核验。,已入模,保留字段；零增益不等于没有业务意义,0.38966383960724943,0.3792403104523804,0.43863358184043616,0.22307399101159964,102.61489868164062
loan_daily_rate_last3_mean,历史成功放款订单日息｜最近3笔有效均值,x = ((F.pre_amt+F.post_amt)/F.remit_amt) / F.loan_day；正分母；MEAN(finite(x[-3:])),S01｜order_loan_f_v2_copy（整笔订单）,F：全部历史成功放款订单；按remit_time、serial_id升序,日利率（1=100%/日）,float32,原序列最近3笔中无有效值为NaN；不跳过缺失补足3笔,describe(),V2-LC-0123,历史订单条件,T0固定时点；提单/App<T0，放款/整笔结清≤T0；支付<T0，已确认整笔同秒结清订单的已知同秒支付可=T0；当前条件为T0已知值。来源可得时间仍待上线核验。,已入模,保留字段；零增益不等于没有业务意义,0.0,0.0,0.0,0.5171299033110505,120.56060218811035
loan_daily_rate_last5_mean,历史成功放款订单日息｜最近5笔有效均值,x = ((F.pre_amt+F.post_amt)/F.remit_amt) / F.loan_day；正分母；MEAN(finite(x[-5:])),S01｜order_loan_f_v2_copy（整笔订单）,F：全部历史成功放款订单；按remit_time、serial_id升序,日利率（1=100%/日）,float32,原序列最近5笔中无有效值为NaN；不跳过缺失补足5笔,describe(),V2-LC-0124,历史订单条件,T0固定时点；提单/App<T0，放款/整笔结清≤T0；支付<T0，已确认整笔同秒结清订单的已知同秒支付可=T0；当前条件为T0已知值。来源可得时间仍待上线核验。,已入模,保留字段；零增益不等于没有业务意义,0.0,0.0,0.0,0.4652619036820687,56.62459850311279
loan_daily_rate_recent_lifetime_delta,历史成功放款订单日息｜近期相对全历史变化,x = ((F.pre_amt+F.post_amt)/F.remit_amt) / F.loan_day；正分母；MEAN(finite(x[-3:]))-MEAN(finite(x)),S01｜order_loan_f_v2_copy（整笔订单）,F：全部历史成功放款订单；按remit_time、serial_id升序,日利率（1=100%/日）,float32,任一侧无有效值为NaN,describe(),V2-LC-0125,历史订单条件,T0固定时点；提单/App<T0，放款/整笔结清≤T0；支付<T0，已确认整笔同秒结清订单的已知同秒支付可=T0；当前条件为T0已知值。来源可得时间仍待上线核验。,已入模,保留字段；零增益不等于没有业务意义,0.0,0.0,0.0,0.01193233729489852,32.30420112609863
loan_daily_rate_l1,历史成功放款订单日息｜最近第1笔,x = ((F.pre_amt+F.post_amt)/F.remit_amt) / F.loan_day；正分母；x[-1],S01｜order_loan_f_v2_copy（整笔订单）,F：全部历史成功放款订单；按remit_time、serial_id升序,日利率（1=100%/日）,float32,不足1笔或该位置缺失为NaN；不改取第1个非空值,describe(lags=True),V2-LC-0126,历史订单条件,T0固定时点；提单/App<T0，放款/整笔结清≤T0；支付<T0，已确认整笔同秒结清订单的已知同秒支付可=T0；当前条件为T0已知值。来源可得时间仍待上线核验。,已入模,保留字段；零增益不等于没有业务意义,0.0,0.0,0.0,1.365586889666268,101.75660037994385
loan_daily_rate_l2,历史成功放款订单日息｜最近第2笔,x = ((F.pre_amt+F.post_amt)/F.remit_amt) / F.loan_day；正分母；x[-2],S01｜order_loan_f_v2_copy（整笔订单）,F：全部历史成功放款订单；按remit_time、serial_id升序,日利率（1=100%/日）,float32,不足2笔或该位置缺失为NaN；不改取第2个非空值,describe(lags=True),V2-LC-0127,历史订单条件,T0固定时点；提单/App<T0，放款/整笔结清≤T0；支付<T0，已确认整笔同秒结清订单的已知同秒支付可=T0；当前条件为T0已知值。来源可得时间仍待上线核验。,已入模,保留字段；零增益不等于没有业务意义,0.38966383960724943,0.3792403104523804,0.43863358184043616,0.5275750367861315,16.075199127197266
loan_daily_rate_l3,历史成功放款订单日息｜最近第3笔,x = ((F.pre_amt+F.post_amt)/F.remit_amt) / F.loan_day；正分母；x[-3],S01｜order_loan_f_v2_copy（整笔订单）,F：全部历史成功放款订单；按remit_time、serial_id升序,日利率（1=100%/日）,float32,不足3笔或该位置缺失为NaN；不改取第3个非空值,describe(lags=True),V2-LC-0128,历史订单条件,T0固定时点；提单/App<T0，放款/整笔结清≤T0；支付<T0，已确认整笔同秒结清订单的已知同秒支付可=T0；当前条件为T0已知值。来源可得时间仍待上线核验。,已入模,保留字段；零增益不等于没有业务意义,0.5907427277938647,0.5786165042675113,0.6293535106264604,0.28739812701929096,72.973801612854
loan_daily_rate_l4,历史成功放款订单日息｜最近第4笔,x = ((F.pre_amt+F.post_amt)/F.remit_amt) / F.loan_day；正分母；x[-4],S01｜order_loan_f_v2_copy（整笔订单）,F：全部历史成功放款订单；按remit_time、serial_id升序,日利率（1=100%/日）,float32,不足4笔或该位置缺失为NaN；不改取第4个非空值,describe(lags=True),V2-LC-0129,历史订单条件,T0固定时点；提单/App<T0，放款/整笔结清≤T0；支付<T0，已确认整笔同秒结清订单的已知同秒支付可=T0；当前条件为T0已知值。来源可得时间仍待上线核验。,已入模,保留字段；零增益不等于没有业务意义,0.7208070593192519,0.7113566575594188,0.7491932791810393,0.2561055273094195,91.41260147094727
loan_daily_rate_l5,历史成功放款订单日息｜最近第5笔,x = ((F.pre_amt+F.post_amt)/F.remit_amt) / F.loan_day；正分母；x[-5],S01｜order_loan_f_v2_copy（整笔订单）,F：全部历史成功放款订单；按remit_time、serial_id升序,日利率（1=100%/日）,float32,不足5笔或该位置缺失为NaN；不改取第5个非空值,describe(lags=True),V2-LC-0130,历史订单条件,T0固定时点；提单/App<T0，放款/整笔结清≤T0；支付<T0，已确认整笔同秒结清订单的已知同秒支付可=T0；当前条件为T0已知值。来源可得时间仍待上线核验。,已入模,保留字段；零增益不等于没有业务意义,0.806412574289928,0.7987298209982511,0.83220206965617,0.15626121638837046,52.9153995513916
loan_daily_rate_delta12,历史成功放款订单日息｜最近1笔减最近2笔,x = ((F.pre_amt+F.post_amt)/F.remit_amt) / F.loan_day；正分母；x[-1]-x[-2],S01｜order_loan_f_v2_copy（整笔订单）,F：全部历史成功放款订单；按remit_time、serial_id升序,日利率（1=100%/日）,float32,不足2笔或任一值缺失为NaN,describe(),V2-LC-0131,历史订单条件,T0固定时点；提单/App<T0，放款/整笔结清≤T0；支付<T0，已确认整笔同秒结清订单的已知同秒支付可=T0；当前条件为T0已知值。来源可得时间仍待上线核验。,已入模,保留字段；零增益不等于没有业务意义,0.38966383960724943,0.3792403104523804,0.43863358184043616,0.06998615500266374,60.95289993286133
loan_daily_rate_delta23,历史成功放款订单日息｜最近2笔减最近3笔,x = ((F.pre_amt+F.post_amt)/F.remit_amt) / F.loan_day；正分母；x[-2]-x[-3],S01｜order_loan_f_v2_copy（整笔订单）,F：全部历史成功放款订单；按remit_time、serial_id升序,日利率（1=100%/日）,float32,不足3笔或任一值缺失为NaN,describe(),V2-LC-0132,历史订单条件,T0固定时点；提单/App<T0，放款/整笔结清≤T0；支付<T0，已确认整笔同秒结清订单的已知同秒支付可=T0；当前条件为T0已知值。来源可得时间仍待上线核验。,已入模,保留字段；零增益不等于没有业务意义,0.5907427277938647,0.5786165042675113,0.6293535106264604,0.04328835801742298,14.549799919128418
loan_loan_day_valid_n,历史成功放款订单借款天数｜有效值数,x = F.loan_day；COUNT(finite(x)),S01｜order_loan_f_v2_copy（整笔订单）,F：全部历史成功放款订单；按remit_time、serial_id升序,个,float32,无有效值返回0,describe(),V2-LC-0133,历史订单条件,T0固定时点；提单/App<T0，放款/整笔结清≤T0；支付<T0，已确认整笔同秒结清订单的已知同秒支付可=T0；当前条件为T0已知值。来源可得时间仍待上线核验。,已入模,保留字段；零增益不等于没有业务意义,0.0,0.0,0.0,0.017141662179717063,0.0
loan_loan_day_mean,历史成功放款订单借款天数｜全历史均值,x = F.loan_day；MEAN(finite(x)),S01｜order_loan_f_v2_copy（整笔订单）,F：全部历史成功放款订单；按remit_time、serial_id升序,天,float32,无有效值为NaN,describe(),V2-LC-0134,历史订单条件,T0固定时点；提单/App<T0，放款/整笔结清≤T0；支付<T0，已确认整笔同秒结清订单的已知同秒支付可=T0；当前条件为T0已知值。来源可得时间仍待上线核验。,已入模,保留字段；零增益不等于没有业务意义,0.0,0.0,0.0,0.5509229500890489,73.01269912719727
loan_loan_day_std,历史成功放款订单借款天数｜全历史总体标准差,"x = F.loan_day；STD(finite(x), ddof=0)",S01｜order_loan_f_v2_copy（整笔订单）,F：全部历史成功放款订单；按remit_time、serial_id升序,天,float32,无有效值为NaN；单个有效值为0,describe(),V2-LC-0135,历史订单条件,T0固定时点；提单/App<T0，放款/整笔结清≤T0；支付<T0，已确认整笔同秒结清订单的已知同秒支付可=T0；当前条件为T0已知值。来源可得时间仍待上线核验。,已入模,保留字段；零增益不等于没有业务意义,0.0,0.0,0.0,0.03871943021010846,26.952500343322754
loan_loan_day_min,历史成功放款订单借款天数｜全历史最小值,x = F.loan_day；MIN(finite(x)),S01｜order_loan_f_v2_copy（整笔订单）,F：全部历史成功放款订单；按remit_time、serial_id升序,天,float32,无有效值为NaN,describe(),V2-LC-0136,历史订单条件,T0固定时点；提单/App<T0，放款/整笔结清≤T0；支付<T0，已确认整笔同秒结清订单的已知同秒支付可=T0；当前条件为T0已知值。来源可得时间仍待上线核验。,已入模,保留字段；零增益不等于没有业务意义,0.0,0.0,0.0,0.7002170389620225,0.0
loan_loan_day_max,历史成功放款订单借款天数｜全历史最大值,x = F.loan_day；MAX(finite(x)),S01｜order_loan_f_v2_copy（整笔订单）,F：全部历史成功放款订单；按remit_time、serial_id升序,天,float32,无有效值为NaN,describe(),V2-LC-0137,历史订单条件,T0固定时点；提单/App<T0，放款/整笔结清≤T0；支付<T0，已确认整笔同秒结清订单的已知同秒支付可=T0；当前条件为T0已知值。来源可得时间仍待上线核验。,已入模,保留字段；零增益不等于没有业务意义,0.0,0.0,0.0,0.7020258644561971,0.0
loan_loan_day_last_first_delta,历史成功放款订单借款天数｜最近减最早有效值,x = F.loan_day；finite(x)[-1]-finite(x)[0],S01｜order_loan_f_v2_copy（整笔订单）,F：全部历史成功放款订单；按remit_time、serial_id升序,天,float32,至少2个有效值；否则NaN,describe(),V2-LC-0138,历史订单条件,T0固定时点；提单/App<T0，放款/整笔结清≤T0；支付<T0，已确认整笔同秒结清订单的已知同秒支付可=T0；当前条件为T0已知值。来源可得时间仍待上线核验。,已入模,保留字段；零增益不等于没有业务意义,0.38966383960724943,0.3792403104523804,0.43863358184043616,0.1276486553656613,0.0
loan_loan_day_slope,历史成功放款订单借款天数｜生命周期顺序趋势,x = F.loan_day；SUM((i-MEAN(i))*(x_i-MEAN(valid_x)))/SUM((i-MEAN(i))^2)，i为有效值在原序列中的位置,S01｜order_loan_f_v2_copy（整笔订单）,F：全部历史成功放款订单；按remit_time、serial_id升序,天／序号步,float32,至少2个有效值；否则NaN,describe(),V2-LC-0139,历史订单条件,T0固定时点；提单/App<T0，放款/整笔结清≤T0；支付<T0，已确认整笔同秒结清订单的已知同秒支付可=T0；当前条件为T0已知值。来源可得时间仍待上线核验。,已入模,保留字段；零增益不等于没有业务意义,0.38966383960724943,0.3792403104523804,0.43863358184043616,0.07924857283002615,122.61929988861084
loan_loan_day_last3_mean,历史成功放款订单借款天数｜最近3笔有效均值,x = F.loan_day；MEAN(finite(x[-3:])),S01｜order_loan_f_v2_copy（整笔订单）,F：全部历史成功放款订单；按remit_time、serial_id升序,天,float32,原序列最近3笔中无有效值为NaN；不跳过缺失补足3笔,describe(),V2-LC-0140,历史订单条件,T0固定时点；提单/App<T0，放款/整笔结清≤T0；支付<T0，已确认整笔同秒结清订单的已知同秒支付可=T0；当前条件为T0已知值。来源可得时间仍待上线核验。,已入模,保留字段；零增益不等于没有业务意义,0.0,0.0,0.0,0.48389996103582306,18.920299530029297
loan_loan_day_last5_mean,历史成功放款订单借款天数｜最近5笔有效均值,x = F.loan_day；MEAN(finite(x[-5:])),S01｜order_loan_f_v2_copy（整笔订单）,F：全部历史成功放款订单；按remit_time、serial_id升序,天,float32,原序列最近5笔中无有效值为NaN；不跳过缺失补足5笔,describe(),V2-LC-0141,历史订单条件,T0固定时点；提单/App<T0，放款/整笔结清≤T0；支付<T0，已确认整笔同秒结清订单的已知同秒支付可=T0；当前条件为T0已知值。来源可得时间仍待上线核验。,已入模,保留字段；零增益不等于没有业务意义,0.0,0.0,0.0,0.5449817786883918,14.410900115966797
loan_loan_day_recent_lifetime_delta,历史成功放款订单借款天数｜近期相对全历史变化,x = F.loan_day；MEAN(finite(x[-3:]))-MEAN(finite(x)),S01｜order_loan_f_v2_copy（整笔订单）,F：全部历史成功放款订单；按remit_time、serial_id升序,天,float32,任一侧无有效值为NaN,describe(),V2-LC-0142,历史订单条件,T0固定时点；提单/App<T0，放款/整笔结清≤T0；支付<T0，已确认整笔同秒结清订单的已知同秒支付可=T0；当前条件为T0已知值。来源可得时间仍待上线核验。,已入模,保留字段；零增益不等于没有业务意义,0.0,0.0,0.0,0.009235192610701845,0.0
loan_loan_day_l1,历史成功放款订单借款天数｜最近第1笔,x = F.loan_day；x[-1],S01｜order_loan_f_v2_copy（整笔订单）,F：全部历史成功放款订单；按remit_time、serial_id升序,天,float32,不足1笔或该位置缺失为NaN；不改取第1个非空值,describe(lags=True),V2-LC-0143,历史订单条件,T0固定时点；提单/App<T0，放款/整笔结清≤T0；支付<T0，已确认整笔同秒结清订单的已知同秒支付可=T0；当前条件为T0已知值。来源可得时间仍待上线核验。,已入模,保留字段；零增益不等于没有业务意义,0.0,0.0,0.0,0.5939056825526275,0.0
loan_loan_day_l2,历史成功放款订单借款天数｜最近第2笔,x = F.loan_day；x[-2],S01｜order_loan_f_v2_copy（整笔订单）,F：全部历史成功放款订单；按remit_time、serial_id升序,天,float32,不足2笔或该位置缺失为NaN；不改取第2个非空值,describe(lags=True),V2-LC-0144,历史订单条件,T0固定时点；提单/App<T0，放款/整笔结清≤T0；支付<T0，已确认整笔同秒结清订单的已知同秒支付可=T0；当前条件为T0已知值。来源可得时间仍待上线核验。,已入模,保留字段；零增益不等于没有业务意义,0.38966383960724943,0.3792403104523804,0.43863358184043616,0.27070408862460416,0.0
loan_loan_day_l3,历史成功放款订单借款天数｜最近第3笔,x = F.loan_day；x[-3],S01｜order_loan_f_v2_copy（整笔订单）,F：全部历史成功放款订单；按remit_time、serial_id升序,天,float32,不足3笔或该位置缺失为NaN；不改取第3个非空值,describe(lags=True),V2-LC-0145,历史订单条件,T0固定时点；提单/App<T0，放款/整笔结清≤T0；支付<T0，已确认整笔同秒结清订单的已知同秒支付可=T0；当前条件为T0已知值。来源可得时间仍待上线核验。,已入模,保留字段；零增益不等于没有业务意义,0.5907427277938647,0.5786165042675113,0.6293535106264604,0.16735048659177182,0.0
loan_loan_day_l4,历史成功放款订单借款天数｜最近第4笔,x = F.loan_day；x[-4],S01｜order_loan_f_v2_copy（整笔订单）,F：全部历史成功放款订单；按remit_time、serial_id升序,天,float32,不足4笔或该位置缺失为NaN；不改取第4个非空值,describe(lags=True),V2-LC-0146,历史订单条件,T0固定时点；提单/App<T0，放款/整笔结清≤T0；支付<T0，已确认整笔同秒结清订单的已知同秒支付可=T0；当前条件为T0已知值。来源可得时间仍待上线核验。,已入模,保留字段；零增益不等于没有业务意义,0.7208070593192519,0.7113566575594188,0.7491932791810393,0.11268390515285939,19.559999465942383
loan_loan_day_l5,历史成功放款订单借款天数｜最近第5笔,x = F.loan_day；x[-5],S01｜order_loan_f_v2_copy（整笔订单）,F：全部历史成功放款订单；按remit_time、serial_id升序,天,float32,不足5笔或该位置缺失为NaN；不改取第5个非空值,describe(lags=True),V2-LC-0147,历史订单条件,T0固定时点；提单/App<T0，放款/整笔结清≤T0；支付<T0，已确认整笔同秒结清订单的已知同秒支付可=T0；当前条件为T0已知值。来源可得时间仍待上线核验。,已入模,保留字段；零增益不等于没有业务意义,0.806412574289928,0.7987298209982511,0.83220206965617,0.05958033702067506,0.0
loan_loan_day_delta12,历史成功放款订单借款天数｜最近1笔减最近2笔,x = F.loan_day；x[-1]-x[-2],S01｜order_loan_f_v2_copy（整笔订单）,F：全部历史成功放款订单；按remit_time、serial_id升序,天,float32,不足2笔或任一值缺失为NaN,describe(),V2-LC-0148,历史订单条件,T0固定时点；提单/App<T0，放款/整笔结清≤T0；支付<T0，已确认整笔同秒结清订单的已知同秒支付可=T0；当前条件为T0已知值。来源可得时间仍待上线核验。,已入模,保留字段；零增益不等于没有业务意义,0.38966383960724943,0.3792403104523804,0.43863358184043616,0.030083577511000117,35.29259967803955
loan_loan_day_delta23,历史成功放款订单借款天数｜最近2笔减最近3笔,x = F.loan_day；x[-2]-x[-3],S01｜order_loan_f_v2_copy（整笔订单）,F：全部历史成功放款订单；按remit_time、serial_id升序,天,float32,不足3笔或任一值缺失为NaN,describe(),V2-LC-0149,历史订单条件,T0固定时点；提单/App<T0，放款/整笔结清≤T0；支付<T0，已确认整笔同秒结清订单的已知同秒支付可=T0；当前条件为T0已知值。来源可得时间仍待上线核验。,已入模,保留字段；零增益不等于没有业务意义,0.5907427277938647,0.5786165042675113,0.6293535106264604,0.012392146835402865,0.0
loan_total_term_valid_n,历史成功放款订单期次｜有效值数,x = F.total_term；COUNT(finite(x)),S01｜order_loan_f_v2_copy（整笔订单）,F：全部历史成功放款订单；按remit_time、serial_id升序,个,float32,无有效值返回0,describe(),V2-LC-0150,历史订单条件,T0固定时点；提单/App<T0，放款/整笔结清≤T0；支付<T0，已确认整笔同秒结清订单的已知同秒支付可=T0；当前条件为T0已知值。来源可得时间仍待上线核验。,已入模,保留字段；零增益不等于没有业务意义,0.0,0.0,0.0,0.017141662179717063,0.0
loan_total_term_mean,历史成功放款订单期次｜全历史均值,x = F.total_term；MEAN(finite(x)),S01｜order_loan_f_v2_copy（整笔订单）,F：全部历史成功放款订单；按remit_time、serial_id升序,期,float32,无有效值为NaN,describe(),V2-LC-0151,历史订单条件,T0固定时点；提单/App<T0，放款/整笔结清≤T0；支付<T0，已确认整笔同秒结清订单的已知同秒支付可=T0；当前条件为T0已知值。来源可得时间仍待上线核验。,已入模,保留字段；零增益不等于没有业务意义,0.0,0.0,0.0,0.5652474702745433,82.52029991149902
loan_total_term_std,历史成功放款订单期次｜全历史总体标准差,"x = F.total_term；STD(finite(x), ddof=0)",S01｜order_loan_f_v2_copy（整笔订单）,F：全部历史成功放款订单；按remit_time、serial_id升序,期,float32,无有效值为NaN；单个有效值为0,describe(),V2-LC-0152,历史订单条件,T0固定时点；提单/App<T0，放款/整笔结清≤T0；支付<T0，已确认整笔同秒结清订单的已知同秒支付可=T0；当前条件为T0已知值。来源可得时间仍待上线核验。,已入模,保留字段；零增益不等于没有业务意义,0.0,0.0,0.0,0.03662847903900296,37.29020023345947
loan_total_term_min,历史成功放款订单期次｜全历史最小值,x = F.total_term；MIN(finite(x)),S01｜order_loan_f_v2_copy（整笔订单）,F：全部历史成功放款订单；按remit_time、serial_id升序,期,float32,无有效值为NaN,describe(),V2-LC-0153,历史订单条件,T0固定时点；提单/App<T0，放款/整笔结清≤T0；支付<T0，已确认整笔同秒结清订单的已知同秒支付可=T0；当前条件为T0已知值。来源可得时间仍待上线核验。,已入模,保留字段；零增益不等于没有业务意义,0.0,0.0,0.0,0.7012880476353158,0.0
loan_total_term_max,历史成功放款订单期次｜全历史最大值,x = F.total_term；MAX(finite(x)),S01｜order_loan_f_v2_copy（整笔订单）,F：全部历史成功放款订单；按remit_time、serial_id升序,期,float32,无有效值为NaN,describe(),V2-LC-0154,历史订单条件,T0固定时点；提单/App<T0，放款/整笔结清≤T0；支付<T0，已确认整笔同秒结清订单的已知同秒支付可=T0；当前条件为T0已知值。来源可得时间仍待上线核验。,已入模,保留字段；零增益不等于没有业务意义,0.0,0.0,0.0,0.7126392997627307,0.0
loan_total_term_last_first_delta,历史成功放款订单期次｜最近减最早有效值,x = F.total_term；finite(x)[-1]-finite(x)[0],S01｜order_loan_f_v2_copy（整笔订单）,F：全部历史成功放款订单；按remit_time、serial_id升序,期,float32,至少2个有效值；否则NaN,describe(),V2-LC-0155,历史订单条件,T0固定时点；提单/App<T0，放款/整笔结清≤T0；支付<T0，已确认整笔同秒结清订单的已知同秒支付可=T0；当前条件为T0已知值。来源可得时间仍待上线核验。,已入模,保留字段；零增益不等于没有业务意义,0.38966383960724943,0.3792403104523804,0.43863358184043616,0.1306230794129362,0.0
loan_total_term_slope,历史成功放款订单期次｜生命周期顺序趋势,x = F.total_term；SUM((i-MEAN(i))*(x_i-MEAN(valid_x)))/SUM((i-MEAN(i))^2)，i为有效值在原序列中的位置,S01｜order_loan_f_v2_copy（整笔订单）,F：全部历史成功放款订单；按remit_time、serial_id升序,期／序号步,float32,至少2个有效值；否则NaN,describe(),V2-LC-0156,历史订单条件,T0固定时点；提单/App<T0，放款/整笔结清≤T0；支付<T0，已确认整笔同秒结清订单的已知同秒支付可=T0；当前条件为T0已知值。来源可得时间仍待上线核验。,已入模,保留字段；零增益不等于没有业务意义,0.38966383960724943,0.3792403104523804,0.43863358184043616,0.08205462012156552,167.9656982421875
loan_total_term_last3_mean,历史成功放款订单期次｜最近3笔有效均值,x = F.total_term；MEAN(finite(x[-3:])),S01｜order_loan_f_v2_copy（整笔订单）,F：全部历史成功放款订单；按remit_time、serial_id升序,期,float32,原序列最近3笔中无有效值为NaN；不跳过缺失补足3笔,describe(),V2-LC-0157,历史订单条件,T0固定时点；提单/App<T0，放款/整笔结清≤T0；支付<T0，已确认整笔同秒结清订单的已知同秒支付可=T0；当前条件为T0已知值。来源可得时间仍待上线核验。,已入模,保留字段；零增益不等于没有业务意义,0.0,0.0,0.0,0.491626231240366,14.527700424194336
loan_total_term_last5_mean,历史成功放款订单期次｜最近5笔有效均值,x = F.total_term；MEAN(finite(x[-5:])),S01｜order_loan_f_v2_copy（整笔订单）,F：全部历史成功放款订单；按remit_time、serial_id升序,期,float32,原序列最近5笔中无有效值为NaN；不跳过缺失补足5笔,describe(),V2-LC-0158,历史订单条件,T0固定时点；提单/App<T0，放款/整笔结清≤T0；支付<T0，已确认整笔同秒结清订单的已知同秒支付可=T0；当前条件为T0已知值。来源可得时间仍待上线核验。,已入模,保留字段；零增益不等于没有业务意义,0.0,0.0,0.0,0.5623026481136204,19.242799758911133
loan_total_term_recent_lifetime_delta,历史成功放款订单期次｜近期相对全历史变化,x = F.total_term；MEAN(finite(x[-3:]))-MEAN(finite(x)),S01｜order_loan_f_v2_copy（整笔订单）,F：全部历史成功放款订单；按remit_time、serial_id升序,期,float32,任一侧无有效值为NaN,describe(),V2-LC-0159,历史订单条件,T0固定时点；提单/App<T0，放款/整笔结清≤T0；支付<T0，已确认整笔同秒结清订单的已知同秒支付可=T0；当前条件为T0已知值。来源可得时间仍待上线核验。,已入模,保留字段；零增益不等于没有业务意义,0.0,0.0,0.0,0.011123228293209365,13.291299819946289
loan_total_term_l1,历史成功放款订单期次｜最近第1笔,x = F.total_term；x[-1],S01｜order_loan_f_v2_copy（整笔订单）,F：全部历史成功放款订单；按remit_time、serial_id升序,期,float32,不足1笔或该位置缺失为NaN；不改取第1个非空值,describe(lags=True),V2-LC-0160,历史订单条件,T0固定时点；提单/App<T0，放款/整笔结清≤T0；支付<T0，已确认整笔同秒结清订单的已知同秒支付可=T0；当前条件为T0已知值。来源可得时间仍待上线核验。,已入模,保留字段；零增益不等于没有业务意义,0.0,0.0,0.0,0.5978087805581701,14.935400009155273
loan_total_term_l2,历史成功放款订单期次｜最近第2笔,x = F.total_term；x[-2],S01｜order_loan_f_v2_copy（整笔订单）,F：全部历史成功放款订单；按remit_time、serial_id升序,期,float32,不足2笔或该位置缺失为NaN；不改取第2个非空值,describe(lags=True),V2-LC-0161,历史订单条件,T0固定时点；提单/App<T0，放款/整笔结清≤T0；支付<T0，已确认整笔同秒结清订单的已知同秒支付可=T0；当前条件为T0已知值。来源可得时间仍待上线核验。,已入模,保留字段；零增益不等于没有业务意义,0.38966383960724943,0.3792403104523804,0.43863358184043616,0.25792649583298544,0.0
loan_total_term_l3,历史成功放款订单期次｜最近第3笔,x = F.total_term；x[-3],S01｜order_loan_f_v2_copy（整笔订单）,F：全部历史成功放款订单；按remit_time、serial_id升序,期,float32,不足3笔或该位置缺失为NaN；不改取第3个非空值,describe(lags=True),V2-LC-0162,历史订单条件,T0固定时点；提单/App<T0，放款/整笔结清≤T0；支付<T0，已确认整笔同秒结清订单的已知同秒支付可=T0；当前条件为T0已知值。来源可得时间仍待上线核验。,已入模,保留字段；零增益不等于没有业务意义,0.5907427277938647,0.5786165042675113,0.6293535106264604,0.1453383754535014,0.0
loan_total_term_l4,历史成功放款订单期次｜最近第4笔,x = F.total_term；x[-4],S01｜order_loan_f_v2_copy（整笔订单）,F：全部历史成功放款订单；按remit_time、serial_id升序,期,float32,不足4笔或该位置缺失为NaN；不改取第4个非空值,describe(lags=True),V2-LC-0163,历史订单条件,T0固定时点；提单/App<T0，放款/整笔结清≤T0；支付<T0，已确认整笔同秒结清订单的已知同秒支付可=T0；当前条件为T0已知值。来源可得时间仍待上线核验。,已入模,保留字段；零增益不等于没有业务意义,0.7208070593192519,0.7113566575594188,0.7491932791810393,0.09213436020788765,0.0
loan_total_term_l5,历史成功放款订单期次｜最近第5笔,x = F.total_term；x[-5],S01｜order_loan_f_v2_copy（整笔订单）,F：全部历史成功放款订单；按remit_time、serial_id升序,期,float32,不足5笔或该位置缺失为NaN；不改取第5个非空值,describe(lags=True),V2-LC-0164,历史订单条件,T0固定时点；提单/App<T0，放款/整笔结清≤T0；支付<T0，已确认整笔同秒结清订单的已知同秒支付可=T0；当前条件为T0已知值。来源可得时间仍待上线核验。,已入模,保留字段；零增益不等于没有业务意义,0.806412574289928,0.7987298209982511,0.83220206965617,0.04367627385213285,0.0
loan_total_term_delta12,历史成功放款订单期次｜最近1笔减最近2笔,x = F.total_term；x[-1]-x[-2],S01｜order_loan_f_v2_copy（整笔订单）,F：全部历史成功放款订单；按remit_time、serial_id升序,期,float32,不足2笔或任一值缺失为NaN,describe(),V2-LC-0165,历史订单条件,T0固定时点；提单/App<T0，放款/整笔结清≤T0；支付<T0，已确认整笔同秒结清订单的已知同秒支付可=T0；当前条件为T0已知值。来源可得时间仍待上线核验。,已入模,保留字段；零增益不等于没有业务意义,0.38966383960724943,0.3792403104523804,0.43863358184043616,0.025912262452321942,0.0
loan_total_term_delta23,历史成功放款订单期次｜最近2笔减最近3笔,x = F.total_term；x[-2]-x[-3],S01｜order_loan_f_v2_copy（整笔订单）,F：全部历史成功放款订单；按remit_time、serial_id升序,期,float32,不足3笔或任一值缺失为NaN,describe(),V2-LC-0166,历史订单条件,T0固定时点；提单/App<T0，放款/整笔结清≤T0；支付<T0，已确认整笔同秒结清订单的已知同秒支付可=T0；当前条件为T0已知值。来源可得时间仍待上线核验。,已入模,保留字段；零增益不等于没有业务意义,0.5907427277938647,0.5786165042675113,0.6293535106264604,0.012247879884193002,0.0
loan_credit_change_valid_n,相邻成功放款订单的获额变化额｜有效值数,x = diff(F.credit_amt)；COUNT(finite(x)),S01｜order_loan_f_v2_copy（整笔订单）；S02｜order_vir_f_copy（获额）,F：全部历史成功放款订单；按remit_time、serial_id升序,个,float32,无有效值返回0,describe(),V2-LC-0167,历史订单条件,T0固定时点；提单/App<T0，放款/整笔结清≤T0；支付<T0，已确认整笔同秒结清订单的已知同秒支付可=T0；当前条件为T0已知值。来源可得时间仍待上线核验。,已入模,保留字段；零增益不等于没有业务意义,0.0,0.0,0.0,0.016262678296625633,0.0
loan_credit_change_mean,相邻成功放款订单的获额变化额｜全历史均值,x = diff(F.credit_amt)；MEAN(finite(x)),S01｜order_loan_f_v2_copy（整笔订单）；S02｜order_vir_f_copy（获额）,F：全部历史成功放款订单；按remit_time、serial_id升序,MXN,float32,无有效值为NaN,describe(),V2-LC-0168,历史订单条件,T0固定时点；提单/App<T0，放款/整笔结清≤T0；支付<T0，已确认整笔同秒结清订单的已知同秒支付可=T0；当前条件为T0已知值。来源可得时间仍待上线核验。,已入模,保留字段；零增益不等于没有业务意义,0.3926721835971759,0.3825688886739686,0.4405252030711027,0.029088318240400445,52.091400146484375
loan_credit_change_std,相邻成功放款订单的获额变化额｜全历史总体标准差,"x = diff(F.credit_amt)；STD(finite(x), ddof=0)",S01｜order_loan_f_v2_copy（整笔订单）；S02｜order_vir_f_copy（获额）,F：全部历史成功放款订单；按remit_time、serial_id升序,MXN,float32,无有效值为NaN；单个有效值为0,describe(),V2-LC-0169,历史订单条件,T0固定时点；提单/App<T0，放款/整笔结清≤T0；支付<T0，已确认整笔同秒结清订单的已知同秒支付可=T0；当前条件为T0已知值。来源可得时间仍待上线核验。,已入模,保留字段；零增益不等于没有业务意义,0.3926721835971759,0.3825688886739686,0.4405252030711027,0.01652228520911845,46.412601470947266
loan_credit_change_min,相邻成功放款订单的获额变化额｜全历史最小值,x = diff(F.credit_amt)；MIN(finite(x)),S01｜order_loan_f_v2_copy（整笔订单）；S02｜order_vir_f_copy（获额）,F：全部历史成功放款订单；按remit_time、serial_id升序,MXN,float32,无有效值为NaN,describe(),V2-LC-0170,历史订单条件,T0固定时点；提单/App<T0，放款/整笔结清≤T0；支付<T0，已确认整笔同秒结清订单的已知同秒支付可=T0；当前条件为T0已知值。来源可得时间仍待上线核验。,已入模,保留字段；零增益不等于没有业务意义,0.3926721835971759,0.3825688886739686,0.4405252030711027,0.03152192606257981,82.01040077209473
loan_credit_change_max,相邻成功放款订单的获额变化额｜全历史最大值,x = diff(F.credit_amt)；MAX(finite(x)),S01｜order_loan_f_v2_copy（整笔订单）；S02｜order_vir_f_copy（获额）,F：全部历史成功放款订单；按remit_time、serial_id升序,MXN,float32,无有效值为NaN,describe(),V2-LC-0171,历史订单条件,T0固定时点；提单/App<T0，放款/整笔结清≤T0；支付<T0，已确认整笔同秒结清订单的已知同秒支付可=T0；当前条件为T0已知值。来源可得时间仍待上线核验。,已入模,保留字段；零增益不等于没有业务意义,0.3926721835971759,0.3825688886739686,0.4405252030711027,0.02917140880470281,110.49009799957275
loan_credit_change_last_first_delta,相邻成功放款订单的获额变化额｜最近减最早有效值,x = diff(F.credit_amt)；finite(x)[-1]-finite(x)[0],S01｜order_loan_f_v2_copy（整笔订单）；S02｜order_vir_f_copy（获额）,F：全部历史成功放款订单；按remit_time、serial_id升序,MXN,float32,至少2个有效值；否则NaN,describe(),V2-LC-0172,历史订单条件,T0固定时点；提单/App<T0，放款/整笔结清≤T0；支付<T0，已确认整笔同秒结清订单的已知同秒支付可=T0；当前条件为T0已知值。来源可得时间仍待上线核验。,已入模,保留字段；零增益不等于没有业务意义,0.5943243230001127,0.5823480580607203,0.6323578502281073,0.014594180807311785,82.99300003051758
loan_credit_change_slope,相邻成功放款订单的获额变化额｜生命周期顺序趋势,x = diff(F.credit_amt)；SUM((i-MEAN(i))*(x_i-MEAN(valid_x)))/SUM((i-MEAN(i))^2)，i为有效值在原序列中的位置,S01｜order_loan_f_v2_copy（整笔订单）；S02｜order_vir_f_copy（获额）,F：全部历史成功放款订单；按remit_time、serial_id升序,MXN／序号步,float32,至少2个有效值；否则NaN,describe(),V2-LC-0173,历史订单条件,T0固定时点；提单/App<T0，放款/整笔结清≤T0；支付<T0，已确认整笔同秒结清订单的已知同秒支付可=T0；当前条件为T0已知值。来源可得时间仍待上线核验。,已入模,保留字段；零增益不等于没有业务意义,0.5943243230001127,0.5823480580607203,0.6323578502281073,0.014939888840736226,61.60909938812256
loan_credit_change_last3_mean,相邻成功放款订单的获额变化额｜最近3笔有效均值,x = diff(F.credit_amt)；MEAN(finite(x[-3:])),S01｜order_loan_f_v2_copy（整笔订单）；S02｜order_vir_f_copy（获额）,F：全部历史成功放款订单；按remit_time、serial_id升序,MXN,float32,原序列最近3笔中无有效值为NaN；不跳过缺失补足3笔,describe(),V2-LC-0174,历史订单条件,T0固定时点；提单/App<T0，放款/整笔结清≤T0；支付<T0，已确认整笔同秒结清订单的已知同秒支付可=T0；当前条件为T0已知值。来源可得时间仍待上线核验。,已入模,保留字段；零增益不等于没有业务意义,0.3926868823463123,0.382576948185401,0.4405252030711027,0.032631474673062294,72.33779907226562
loan_credit_change_last5_mean,相邻成功放款订单的获额变化额｜最近5笔有效均值,x = diff(F.credit_amt)；MEAN(finite(x[-5:])),S01｜order_loan_f_v2_copy（整笔订单）；S02｜order_vir_f_copy（获额）,F：全部历史成功放款订单；按remit_time、serial_id升序,MXN,float32,原序列最近5笔中无有效值为NaN；不跳过缺失补足5笔,describe(),V2-LC-0175,历史订单条件,T0固定时点；提单/App<T0，放款/整笔结清≤T0；支付<T0，已确认整笔同秒结清订单的已知同秒支付可=T0；当前条件为T0已知值。来源可得时间仍待上线核验。,已入模,保留字段；零增益不等于没有业务意义,0.3926721835971759,0.3825688886739686,0.4405252030711027,0.03163567001396636,59.381300926208496
loan_credit_change_recent_lifetime_delta,相邻成功放款订单的获额变化额｜近期相对全历史变化,x = diff(F.credit_amt)；MEAN(finite(x[-3:]))-MEAN(finite(x)),S01｜order_loan_f_v2_copy（整笔订单）；S02｜order_vir_f_copy（获额）,F：全部历史成功放款订单；按remit_time、serial_id升序,MXN,float32,任一侧无有效值为NaN,describe(),V2-LC-0176,历史订单条件,T0固定时点；提单/App<T0，放款/整笔结清≤T0；支付<T0，已确认整笔同秒结清订单的已知同秒支付可=T0；当前条件为T0已知值。来源可得时间仍待上线核验。,已入模,保留字段；零增益不等于没有业务意义,0.3926868823463123,0.382576948185401,0.4405252030711027,0.01497800675722109,127.64000129699707
loan_credit_change_l1,相邻成功放款订单的获额变化额｜最近第1笔,x = diff(F.credit_amt)；x[-1],S01｜order_loan_f_v2_copy（整笔订单）；S02｜order_vir_f_copy（获额）,F：全部历史成功放款订单；按remit_time、serial_id升序,MXN,float32,不足1笔或该位置缺失为NaN；不改取第1个非空值,describe(lags=True),V2-LC-0177,历史订单条件,T0固定时点；提单/App<T0，放款/整笔结清≤T0；支付<T0，已确认整笔同秒结清订单的已知同秒支付可=T0；当前条件为T0已知值。来源可得时间仍待上线核验。,已入模,保留字段；零增益不等于没有业务意义,0.3945977197340506,0.383987362686074,0.4423055524646712,0.022823926479940387,16.19890022277832
loan_credit_change_l2,相邻成功放款订单的获额变化额｜最近第2笔,x = diff(F.credit_amt)；x[-2],S01｜order_loan_f_v2_copy（整笔订单）；S02｜order_vir_f_copy（获额）,F：全部历史成功放款订单；按remit_time、serial_id升序,MXN,float32,不足2笔或该位置缺失为NaN；不改取第2个非空值,describe(lags=True),V2-LC-0178,历史订单条件,T0固定时点；提单/App<T0，放款/整笔结清≤T0；支付<T0，已确认整笔同秒结清订单的已知同秒支付可=T0；当前条件为T0已知值。来源可得时间仍待上线核验。,已入模,保留字段；零增益不等于没有业务意义,0.5947309883928877,0.5824770102436391,0.6334705685990876,0.015034016567241324,0.0
loan_credit_change_l3,相邻成功放款订单的获额变化额｜最近第3笔,x = diff(F.credit_amt)；x[-3],S01｜order_loan_f_v2_copy（整笔订单）；S02｜order_vir_f_copy（获额）,F：全部历史成功放款订单；按remit_time、serial_id升序,MXN,float32,不足3笔或该位置缺失为NaN；不改取第3个非空值,describe(lags=True),V2-LC-0179,历史订单条件,T0固定时点；提单/App<T0，放款/整笔结清≤T0；支付<T0，已确认整笔同秒结清订单的已知同秒支付可=T0；当前条件为T0已知值。来源可得时间仍待上线核验。,已入模,保留字段；零增益不等于没有业务意义,0.7239917882988157,0.7144515099494668,0.7523088906197841,0.008918219144648463,0.0
loan_credit_change_l4,相邻成功放款订单的获额变化额｜最近第4笔,x = diff(F.credit_amt)；x[-4],S01｜order_loan_f_v2_copy（整笔订单）；S02｜order_vir_f_copy（获额）,F：全部历史成功放款订单；按remit_time、serial_id升序,MXN,float32,不足4笔或该位置缺失为NaN；不改取第4个非空值,describe(lags=True),V2-LC-0180,历史订单条件,T0固定时点；提单/App<T0，放款/整笔结清≤T0；支付<T0，已确认整笔同秒结清订单的已知同秒支付可=T0；当前条件为T0已知值。来源可得时间仍待上线核验。,已入模,保留字段；零增益不等于没有业务意义,0.8090632487175341,0.8015264714652998,0.8339824190497385,0.009065116200208919,291.30529975891113
loan_credit_change_l5,相邻成功放款订单的获额变化额｜最近第5笔,x = diff(F.credit_amt)；x[-5],S01｜order_loan_f_v2_copy（整笔订单）；S02｜order_vir_f_copy（获额）,F：全部历史成功放款订单；按remit_time、serial_id升序,MXN,float32,不足5笔或该位置缺失为NaN；不改取第5个非空值,describe(lags=True),V2-LC-0181,历史订单条件,T0固定时点；提单/App<T0，放款/整笔结清≤T0；支付<T0，已确认整笔同秒结清订单的已知同秒支付可=T0；当前条件为T0已知值。来源可得时间仍待上线核验。,已入模,保留字段；零增益不等于没有业务意义,0.8657171274724521,0.8597403225416476,0.8878379882051852,0.009626818072585959,70.88469982147217
loan_credit_change_delta12,相邻成功放款订单的获额变化额｜最近1笔减最近2笔,x = diff(F.credit_amt)；x[-1]-x[-2],S01｜order_loan_f_v2_copy（整笔订单）；S02｜order_vir_f_copy（获额）,F：全部历史成功放款订单；按remit_time、serial_id升序,MXN,float32,不足2笔或任一值缺失为NaN,describe(),V2-LC-0182,历史订单条件,T0固定时点；提单/App<T0，放款/整笔结清≤T0；支付<T0，已确认整笔同秒结清订单的已知同秒支付可=T0；当前条件为T0已知值。来源可得时间仍待上线核验。,已入模,保留字段；零增益不等于没有业务意义,0.5959215870729401,0.5834280325926642,0.6341381996216757,0.01393247006501408,64.5974988937378
loan_credit_change_delta23,相邻成功放款订单的获额变化额｜最近2笔减最近3笔,x = diff(F.credit_amt)；x[-2]-x[-3],S01｜order_loan_f_v2_copy（整笔订单）；S02｜order_vir_f_copy（获额）,F：全部历史成功放款订单；按remit_time、serial_id升序,MXN,float32,不足3笔或任一值缺失为NaN,describe(),V2-LC-0183,历史订单条件,T0固定时点；提单/App<T0，放款/整笔结清≤T0；支付<T0，已确认整笔同秒结清订单的已知同秒支付可=T0；当前条件为T0已知值。来源可得时间仍待上线核验。,已入模,保留字段；零增益不等于没有业务意义,0.7247120270065017,0.7149109021011146,0.7534216089907645,0.009761155639990976,17.24370002746582
loan_credit_change_ratio_valid_n,相邻成功放款订单的获额变化比例｜有效值数,x = diff(F.credit_amt) / F.credit_amt[:-1]；前笔额度>0；COUNT(finite(x)),S01｜order_loan_f_v2_copy（整笔订单）；S02｜order_vir_f_copy（获额）,F：全部历史成功放款订单；按remit_time、serial_id升序,个,float32,无有效值返回0,describe(),V2-LC-0184,历史订单条件,T0固定时点；提单/App<T0，放款/整笔结清≤T0；支付<T0，已确认整笔同秒结清订单的已知同秒支付可=T0；当前条件为T0已知值。来源可得时间仍待上线核验。,已入模,保留字段；零增益不等于没有业务意义,0.0,0.0,0.0,0.016262678296625633,0.0
loan_credit_change_ratio_mean,相邻成功放款订单的获额变化比例｜全历史均值,x = diff(F.credit_amt) / F.credit_amt[:-1]；前笔额度>0；MEAN(finite(x)),S01｜order_loan_f_v2_copy（整笔订单）；S02｜order_vir_f_copy（获额）,F：全部历史成功放款订单；按remit_time、serial_id升序,比例,float32,无有效值为NaN,describe(),V2-LC-0185,历史订单条件,T0固定时点；提单/App<T0，放款/整笔结清≤T0；支付<T0，已确认整笔同秒结清订单的已知同秒支付可=T0；当前条件为T0已知值。来源可得时间仍待上线核验。,已入模,保留字段；零增益不等于没有业务意义,0.3926770831802214,0.3825688886739686,0.4405252030711027,0.03293258885406868,147.23000049591064
loan_credit_change_ratio_std,相邻成功放款订单的获额变化比例｜全历史总体标准差,"x = diff(F.credit_amt) / F.credit_amt[:-1]；前笔额度>0；STD(finite(x), ddof=0)",S01｜order_loan_f_v2_copy（整笔订单）；S02｜order_vir_f_copy（获额）,F：全部历史成功放款订单；按remit_time、serial_id升序,比例,float32,无有效值为NaN；单个有效值为0,describe(),V2-LC-0186,历史订单条件,T0固定时点；提单/App<T0，放款/整笔结清≤T0；支付<T0，已确认整笔同秒结清订单的已知同秒支付可=T0；当前条件为T0已知值。来源可得时间仍待上线核验。,已入模,保留字段；零增益不等于没有业务意义,0.3926770831802214,0.3825688886739686,0.4405252030711027,0.01692153546293436,71.1806001663208
loan_credit_change_ratio_min,相邻成功放款订单的获额变化比例｜全历史最小值,x = diff(F.credit_amt) / F.credit_amt[:-1]；前笔额度>0；MIN(finite(x)),S01｜order_loan_f_v2_copy（整笔订单）；S02｜order_vir_f_copy（获额）,F：全部历史成功放款订单；按remit_time、serial_id升序,比例,float32,无有效值为NaN,describe(),V2-LC-0187,历史订单条件,T0固定时点；提单/App<T0，放款/整笔结清≤T0；支付<T0，已确认整笔同秒结清订单的已知同秒支付可=T0；当前条件为T0已知值。来源可得时间仍待上线核验。,已入模,保留字段；零增益不等于没有业务意义,0.3926770831802214,0.3825688886739686,0.4405252030711027,0.02938239409374262,105.119797706604
loan_credit_change_ratio_max,相邻成功放款订单的获额变化比例｜全历史最大值,x = diff(F.credit_amt) / F.credit_amt[:-1]；前笔额度>0；MAX(finite(x)),S01｜order_loan_f_v2_copy（整笔订单）；S02｜order_vir_f_copy（获额）,F：全部历史成功放款订单；按remit_time、serial_id升序,比例,float32,无有效值为NaN,describe(),V2-LC-0188,历史订单条件,T0固定时点；提单/App<T0，放款/整笔结清≤T0；支付<T0，已确认整笔同秒结清订单的已知同秒支付可=T0；当前条件为T0已知值。来源可得时间仍待上线核验。,已入模,保留字段；零增益不等于没有业务意义,0.3926770831802214,0.3825688886739686,0.4405252030711027,0.05513203945136299,78.4453010559082
loan_credit_change_ratio_last_first_delta,相邻成功放款订单的获额变化比例｜最近减最早有效值,x = diff(F.credit_amt) / F.credit_amt[:-1]；前笔额度>0；finite(x)[-1]-finite(x)[0],S01｜order_loan_f_v2_copy（整笔订单）；S02｜order_vir_f_copy（获额）,F：全部历史成功放款订单；按remit_time、serial_id升序,比例,float32,至少2个有效值；否则NaN,describe(),V2-LC-0189,历史订单条件,T0固定时点；提单/App<T0，放款/整笔结清≤T0；支付<T0，已确认整笔同秒结清订单的已知同秒支付可=T0；当前条件为T0已知值。来源可得时间仍待上线核验。,已入模,保留字段；零增益不等于没有业务意义,0.5943243230001127,0.5823480580607203,0.6323578502281073,0.012722704621390154,121.45139980316162
loan_credit_change_ratio_slope,相邻成功放款订单的获额变化比例｜生命周期顺序趋势,x = diff(F.credit_amt) / F.credit_amt[:-1]；前笔额度>0；SUM((i-MEAN(i))*(x_i-MEAN(valid_x)))/SUM((i-MEAN(i))^2)，i为有效值在原序列中的位置,S01｜order_loan_f_v2_copy（整笔订单）；S02｜order_vir_f_copy（获额）,F：全部历史成功放款订单；按remit_time、serial_id升序,比例／序号步,float32,至少2个有效值；否则NaN,describe(),V2-LC-0190,历史订单条件,T0固定时点；提单/App<T0，放款/整笔结清≤T0；支付<T0，已确认整笔同秒结清订单的已知同秒支付可=T0；当前条件为T0已知值。来源可得时间仍待上线核验。,已入模,保留字段；零增益不等于没有业务意义,0.5943243230001127,0.5823480580607203,0.6323578502281073,0.011857229650732232,33.228699684143066
loan_credit_change_ratio_last3_mean,相邻成功放款订单的获额变化比例｜最近3笔有效均值,x = diff(F.credit_amt) / F.credit_amt[:-1]；前笔额度>0；MEAN(finite(x[-3:])),S01｜order_loan_f_v2_copy（整笔订单）；S02｜order_vir_f_copy（获额）,F：全部历史成功放款订单；按remit_time、serial_id升序,比例,float32,原序列最近3笔中无有效值为NaN；不跳过缺失补足3笔,describe(),V2-LC-0191,历史订单条件,T0固定时点；提单/App<T0，放款/整笔结清≤T0；支付<T0，已确认整笔同秒结清订单的已知同秒支付可=T0；当前条件为T0已知值。来源可得时间仍待上线核验。,已入模,保留字段；零增益不等于没有业务意义,0.39269178192935783,0.382576948185401,0.4405252030711027,0.03611208626439664,146.77340030670166
loan_credit_change_ratio_last5_mean,相邻成功放款订单的获额变化比例｜最近5笔有效均值,x = diff(F.credit_amt) / F.credit_amt[:-1]；前笔额度>0；MEAN(finite(x[-5:])),S01｜order_loan_f_v2_copy（整笔订单）；S02｜order_vir_f_copy（获额）,F：全部历史成功放款订单；按remit_time、serial_id升序,比例,float32,原序列最近5笔中无有效值为NaN；不跳过缺失补足5笔,describe(),V2-LC-0192,历史订单条件,T0固定时点；提单/App<T0，放款/整笔结清≤T0；支付<T0，已确认整笔同秒结清订单的已知同秒支付可=T0；当前条件为T0已知值。来源可得时间仍待上线核验。,已入模,保留字段；零增益不等于没有业务意义,0.3926770831802214,0.3825688886739686,0.4405252030711027,0.03726266389096933,47.58250045776367
loan_credit_change_ratio_recent_lifetime_delta,相邻成功放款订单的获额变化比例｜近期相对全历史变化,x = diff(F.credit_amt) / F.credit_amt[:-1]；前笔额度>0；MEAN(finite(x[-3:]))-MEAN(finite(x)),S01｜order_loan_f_v2_copy（整笔订单）；S02｜order_vir_f_copy（获额）,F：全部历史成功放款订单；按remit_time、serial_id升序,比例,float32,任一侧无有效值为NaN,describe(),V2-LC-0193,历史订单条件,T0固定时点；提单/App<T0，放款/整笔结清≤T0；支付<T0，已确认整笔同秒结清订单的已知同秒支付可=T0；当前条件为T0已知值。来源可得时间仍待上线核验。,已入模,保留字段；零增益不等于没有业务意义,0.39269178192935783,0.382576948185401,0.4405252030711027,0.01532180536844191,55.98349952697754
loan_credit_change_ratio_l1,相邻成功放款订单的获额变化比例｜最近第1笔,x = diff(F.credit_amt) / F.credit_amt[:-1]；前笔额度>0；x[-1],S01｜order_loan_f_v2_copy（整笔订单）；S02｜order_vir_f_copy（获额）,F：全部历史成功放款订单；按remit_time、serial_id升序,比例,float32,不足1笔或该位置缺失为NaN；不改取第1个非空值,describe(lags=True),V2-LC-0194,历史订单条件,T0固定时点；提单/App<T0，放款/整笔结清≤T0；支付<T0，已确认整笔同秒结清订单的已知同秒支付可=T0；当前条件为T0已知值。来源可得时间仍待上线核验。,已入模,保留字段；零增益不等于没有业务意义,0.3946026193170961,0.383987362686074,0.4423055524646712,0.04362394663729436,57.929100036621094
loan_credit_change_ratio_l2,相邻成功放款订单的获额变化比例｜最近第2笔,x = diff(F.credit_amt) / F.credit_amt[:-1]；前笔额度>0；x[-2],S01｜order_loan_f_v2_copy（整笔订单）；S02｜order_vir_f_copy（获额）,F：全部历史成功放款订单；按remit_time、serial_id升序,比例,float32,不足2笔或该位置缺失为NaN；不改取第2个非空值,describe(lags=True),V2-LC-0195,历史订单条件,T0固定时点；提单/App<T0，放款/整笔结清≤T0；支付<T0，已确认整笔同秒结清订单的已知同秒支付可=T0；当前条件为T0已知值。来源可得时间仍待上线核验。,已入模,保留字段；零增益不等于没有业务意义,0.5947309883928877,0.5824770102436391,0.6334705685990876,0.021825195374271154,53.79500198364258
loan_credit_change_ratio_l3,相邻成功放款订单的获额变化比例｜最近第3笔,x = diff(F.credit_amt) / F.credit_amt[:-1]；前笔额度>0；x[-3],S01｜order_loan_f_v2_copy（整笔订单）；S02｜order_vir_f_copy（获额）,F：全部历史成功放款订单；按remit_time、serial_id升序,比例,float32,不足3笔或该位置缺失为NaN；不改取第3个非空值,describe(lags=True),V2-LC-0196,历史订单条件,T0固定时点；提单/App<T0，放款/整笔结清≤T0；支付<T0，已确认整笔同秒结清订单的已知同秒支付可=T0；当前条件为T0已知值。来源可得时间仍待上线核验。,已入模,保留字段；零增益不等于没有业务意义,0.7239966878818612,0.7144515099494668,0.7523088906197841,0.01668058989611779,11.51550006866455
loan_credit_change_ratio_l4,相邻成功放款订单的获额变化比例｜最近第4笔,x = diff(F.credit_amt) / F.credit_amt[:-1]；前笔额度>0；x[-4],S01｜order_loan_f_v2_copy（整笔订单）；S02｜order_vir_f_copy（获额）,F：全部历史成功放款订单；按remit_time、serial_id升序,比例,float32,不足4笔或该位置缺失为NaN；不改取第4个非空值,describe(lags=True),V2-LC-0197,历史订单条件,T0固定时点；提单/App<T0，放款/整笔结清≤T0；支付<T0，已确认整笔同秒结清订单的已知同秒支付可=T0；当前条件为T0已知值。来源可得时间仍待上线核验。,已入模,保留字段；零增益不等于没有业务意义,0.8090681483005796,0.8015264714652998,0.8339824190497385,0.012750287901828883,15.204899787902832
loan_credit_change_ratio_l5,相邻成功放款订单的获额变化比例｜最近第5笔,x = diff(F.credit_amt) / F.credit_amt[:-1]；前笔额度>0；x[-5],S01｜order_loan_f_v2_copy（整笔订单）；S02｜order_vir_f_copy（获额）,F：全部历史成功放款订单；按remit_time、serial_id升序,比例,float32,不足5笔或该位置缺失为NaN；不改取第5个非空值,describe(lags=True),V2-LC-0198,历史订单条件,T0固定时点；提单/App<T0，放款/整笔结清≤T0；支付<T0，已确认整笔同秒结清订单的已知同秒支付可=T0；当前条件为T0已知值。来源可得时间仍待上线核验。,已入模,保留字段；零增益不等于没有业务意义,0.8657220270554976,0.8597403225416476,0.8878379882051852,0.009841749699755696,23.98819923400879
loan_credit_change_ratio_delta12,相邻成功放款订单的获额变化比例｜最近1笔减最近2笔,x = diff(F.credit_amt) / F.credit_amt[:-1]；前笔额度>0；x[-1]-x[-2],S01｜order_loan_f_v2_copy（整笔订单）；S02｜order_vir_f_copy（获额）,F：全部历史成功放款订单；按remit_time、serial_id升序,比例,float32,不足2笔或任一值缺失为NaN,describe(),V2-LC-0199,历史订单条件,T0固定时点；提单/App<T0，放款/整笔结清≤T0；支付<T0，已确认整笔同秒结清订单的已知同秒支付可=T0；当前条件为T0已知值。来源可得时间仍待上线核验。,已入模,保留字段；零增益不等于没有业务意义,0.5959215870729401,0.5834280325926642,0.6341381996216757,0.014442453150505206,57.4370002746582
loan_credit_change_ratio_delta23,相邻成功放款订单的获额变化比例｜最近2笔减最近3笔,x = diff(F.credit_amt) / F.credit_amt[:-1]；前笔额度>0；x[-2]-x[-3],S01｜order_loan_f_v2_copy（整笔订单）；S02｜order_vir_f_copy（获额）,F：全部历史成功放款订单；按remit_time、serial_id升序,比例,float32,不足3笔或任一值缺失为NaN,describe(),V2-LC-0200,历史订单条件,T0固定时点；提单/App<T0，放款/整笔结清≤T0；支付<T0，已确认整笔同秒结清订单的已知同秒支付可=T0；当前条件为T0已知值。来源可得时间仍待上线核验。,已入模,保留字段；零增益不等于没有业务意义,0.7247169265895472,0.7149109021011146,0.7534216089907645,0.00949659409003745,79.61570072174072
loan_change_up_n,获额上升｜次数,x = diff(F.credit_amt)；flag = finite(x) AND (x>0)；SUM(flag),S01｜order_loan_f_v2_copy（整笔订单）；S02｜order_vir_f_copy（获额）,F：全部历史成功放款订单；按remit_time、serial_id升序,次,float32,无符合条件值为0,rates()；阈值累计项可交叉，不是互斥分档,V2-LC-0201,历史订单条件,T0固定时点；提单/App<T0，放款/整笔结清≤T0；支付<T0，已确认整笔同秒结清订单的已知同秒支付可=T0；当前条件为T0已知值。来源可得时间仍待上线核验。,已入模,保留字段；零增益不等于没有业务意义,0.0,0.0,0.0,0.00895821563896291,14.856399536132812
loan_change_up_share,获额上升｜占比,x = diff(F.credit_amt)；flag = finite(x) AND (x>0)；SUM(flag)/COUNT(finite(x)),S01｜order_loan_f_v2_copy（整笔订单）；S02｜order_vir_f_copy（获额）,F：全部历史成功放款订单；按remit_time、serial_id升序,比例,float32,无有效x为NaN；有效x存在且无符合值为0,rates()；阈值累计项可交叉，不是互斥分档,V2-LC-0202,历史订单条件,T0固定时点；提单/App<T0，放款/整笔结清≤T0；支付<T0，已确认整笔同秒结清订单的已知同秒支付可=T0；当前条件为T0已知值。来源可得时间仍待上线核验。,已入模,保留字段；零增益不等于没有业务意义,0.3926721835971759,0.3825688886739686,0.4405252030711027,0.014508260077165103,45.492600440979004
loan_change_up_current_streak,获额上升｜当前连续次数,x = diff(F.credit_amt)；flag = finite(x) AND (x>0)；从序列末尾向前累计连续True，遇False即止,S01｜order_loan_f_v2_copy（整笔订单）；S02｜order_vir_f_copy（获额）,F：全部历史成功放款订单；按remit_time、serial_id升序,次,float32,缺失转False、中断连续；空序列为0,rates()；阈值累计项可交叉，不是互斥分档,V2-LC-0203,历史订单条件,T0固定时点；提单/App<T0，放款/整笔结清≤T0；支付<T0，已确认整笔同秒结清订单的已知同秒支付可=T0；当前条件为T0已知值。来源可得时间仍待上线核验。,已入模,保留字段；零增益不等于没有业务意义,0.0,0.0,0.0,0.0033200659142577616,0.0
loan_change_up_max_streak,获额上升｜历史最长连续次数,x = diff(F.credit_amt)；flag = finite(x) AND (x>0)；序列中最长连续True长度,S01｜order_loan_f_v2_copy（整笔订单）；S02｜order_vir_f_copy（获额）,F：全部历史成功放款订单；按remit_time、serial_id升序,次,float32,缺失转False、中断连续；空序列为0,rates()；阈值累计项可交叉，不是互斥分档,V2-LC-0204,历史订单条件,T0固定时点；提单/App<T0，放款/整笔结清≤T0；支付<T0，已确认整笔同秒结清订单的已知同秒支付可=T0；当前条件为T0已知值。来源可得时间仍待上线核验。,已入模,保留字段；零增益不等于没有业务意义,0.0,0.0,0.0,0.00942644813519721,0.0
loan_change_down_n,获额下降｜次数,x = diff(F.credit_amt)；flag = finite(x) AND (x<0)；SUM(flag),S01｜order_loan_f_v2_copy（整笔订单）；S02｜order_vir_f_copy（获额）,F：全部历史成功放款订单；按remit_time、serial_id升序,次,float32,无符合条件值为0,rates()；阈值累计项可交叉，不是互斥分档,V2-LC-0205,历史订单条件,T0固定时点；提单/App<T0，放款/整笔结清≤T0；支付<T0，已确认整笔同秒结清订单的已知同秒支付可=T0；当前条件为T0已知值。来源可得时间仍待上线核验。,已入模,保留字段；零增益不等于没有业务意义,0.0,0.0,0.0,0.005143624701404409,0.0
loan_change_down_share,获额下降｜占比,x = diff(F.credit_amt)；flag = finite(x) AND (x<0)；SUM(flag)/COUNT(finite(x)),S01｜order_loan_f_v2_copy（整笔订单）；S02｜order_vir_f_copy（获额）,F：全部历史成功放款订单；按remit_time、serial_id升序,比例,float32,无有效x为NaN；有效x存在且无符合值为0,rates()；阈值累计项可交叉，不是互斥分档,V2-LC-0206,历史订单条件,T0固定时点；提单/App<T0，放款/整笔结清≤T0；支付<T0，已确认整笔同秒结清订单的已知同秒支付可=T0；当前条件为T0已知值。来源可得时间仍待上线核验。,已入模,保留字段；零增益不等于没有业务意义,0.3926721835971759,0.3825688886739686,0.4405252030711027,0.017178179603308266,0.0
loan_change_down_current_streak,获额下降｜当前连续次数,x = diff(F.credit_amt)；flag = finite(x) AND (x<0)；从序列末尾向前累计连续True，遇False即止,S01｜order_loan_f_v2_copy（整笔订单）；S02｜order_vir_f_copy（获额）,F：全部历史成功放款订单；按remit_time、serial_id升序,次,float32,缺失转False、中断连续；空序列为0,rates()；阈值累计项可交叉，不是互斥分档,V2-LC-0207,历史订单条件,T0固定时点；提单/App<T0，放款/整笔结清≤T0；支付<T0，已确认整笔同秒结清订单的已知同秒支付可=T0；当前条件为T0已知值。来源可得时间仍待上线核验。,已入模,保留字段；零增益不等于没有业务意义,0.0,0.0,0.0,0.002160746528263822,0.0
loan_change_down_max_streak,获额下降｜历史最长连续次数,x = diff(F.credit_amt)；flag = finite(x) AND (x<0)；序列中最长连续True长度,S01｜order_loan_f_v2_copy（整笔订单）；S02｜order_vir_f_copy（获额）,F：全部历史成功放款订单；按remit_time、serial_id升序,次,float32,缺失转False、中断连续；空序列为0,rates()；阈值累计项可交叉，不是互斥分档,V2-LC-0208,历史订单条件,T0固定时点；提单/App<T0，放款/整笔结清≤T0；支付<T0，已确认整笔同秒结清订单的已知同秒支付可=T0；当前条件为T0已知值。来源可得时间仍待上线核验。,已入模,保留字段；零增益不等于没有业务意义,0.0,0.0,0.0,0.005019186363340464,0.0
loan_change_same_n,获额不变｜次数,x = diff(F.credit_amt)；flag = finite(x) AND (x==0)；SUM(flag),S01｜order_loan_f_v2_copy（整笔订单）；S02｜order_vir_f_copy（获额）,F：全部历史成功放款订单；按remit_time、serial_id升序,次,float32,无符合条件值为0,rates()；阈值累计项可交叉，不是互斥分档,V2-LC-0209,历史订单条件,T0固定时点；提单/App<T0，放款/整笔结清≤T0；支付<T0，已确认整笔同秒结清订单的已知同秒支付可=T0；当前条件为T0已知值。来源可得时间仍待上线核验。,已入模,保留字段；零增益不等于没有业务意义,0.0,0.0,0.0,0.01173103862099576,0.0
loan_change_same_share,获额不变｜占比,x = diff(F.credit_amt)；flag = finite(x) AND (x==0)；SUM(flag)/COUNT(finite(x)),S01｜order_loan_f_v2_copy（整笔订单）；S02｜order_vir_f_copy（获额）,F：全部历史成功放款订单；按remit_time、serial_id升序,比例,float32,无有效x为NaN；有效x存在且无符合值为0,rates()；阈值累计项可交叉，不是互斥分档,V2-LC-0210,历史订单条件,T0固定时点；提单/App<T0，放款/整笔结清≤T0；支付<T0，已确认整笔同秒结清订单的已知同秒支付可=T0；当前条件为T0已知值。来源可得时间仍待上线核验。,已入模,保留字段；零增益不等于没有业务意义,0.3926721835971759,0.3825688886739686,0.4405252030711027,0.023199474679524896,0.0
loan_change_same_current_streak,获额不变｜当前连续次数,x = diff(F.credit_amt)；flag = finite(x) AND (x==0)；从序列末尾向前累计连续True，遇False即止,S01｜order_loan_f_v2_copy（整笔订单）；S02｜order_vir_f_copy（获额）,F：全部历史成功放款订单；按remit_time、serial_id升序,次,float32,缺失转False、中断连续；空序列为0,rates()；阈值累计项可交叉，不是互斥分档,V2-LC-0211,历史订单条件,T0固定时点；提单/App<T0，放款/整笔结清≤T0；支付<T0，已确认整笔同秒结清订单的已知同秒支付可=T0；当前条件为T0已知值。来源可得时间仍待上线核验。,已入模,保留字段；零增益不等于没有业务意义,0.0,0.0,0.0,0.0,0.0
loan_change_same_max_streak,获额不变｜历史最长连续次数,x = diff(F.credit_amt)；flag = finite(x) AND (x==0)；序列中最长连续True长度,S01｜order_loan_f_v2_copy（整笔订单）；S02｜order_vir_f_copy（获额）,F：全部历史成功放款订单；按remit_time、serial_id升序,次,float32,缺失转False、中断连续；空序列为0,rates()；阈值累计项可交叉，不是互斥分档,V2-LC-0212,历史订单条件,T0固定时点；提单/App<T0，放款/整笔结清≤T0；支付<T0，已确认整笔同秒结清订单的已知同秒支付可=T0；当前条件为T0已知值。来源可得时间仍待上线核验。,已入模,保留字段；零增益不等于没有业务意义,0.0,0.0,0.0,0.01173103862099576,0.0
repay_early_days_valid_n,历史整笔提前结清天数｜有效值数,x = C.due_date - DATE(C.flow_settle_time)；COUNT(finite(x)),S01｜order_loan_f_v2_copy（整笔订单）；S03｜repayment_record_copy（正向入账）,C：全部历史整笔已结清订单；按repaid_time、serial_id升序；流水核验失败保留缺失位置,个,float32,无有效值返回0,describe(),V2-LC-0213,提前还款与借还周期,T0固定时点；提单/App<T0，放款/整笔结清≤T0；支付<T0，已确认整笔同秒结清订单的已知同秒支付可=T0；当前条件为T0已知值。来源可得时间仍待上线核验。,已入模,保留字段；零增益不等于没有业务意义,0.0,0.0,0.0,0.01713474245154859,0.0
repay_early_days_mean,历史整笔提前结清天数｜全历史均值,x = C.due_date - DATE(C.flow_settle_time)；MEAN(finite(x)),S01｜order_loan_f_v2_copy（整笔订单）；S03｜repayment_record_copy（正向入账）,C：全部历史整笔已结清订单；按repaid_time、serial_id升序；流水核验失败保留缺失位置,自然日,float32,无有效值为NaN,describe(),V2-LC-0214,提前还款与借还周期,T0固定时点；提单/App<T0，放款/整笔结清≤T0；支付<T0，已确认整笔同秒结清订单的已知同秒支付可=T0；当前条件为T0已知值。来源可得时间仍待上线核验。,已入模,保留字段；零增益不等于没有业务意义,0.0,0.0,0.0,0.07408125429161182,135.2230978012085
repay_early_days_std,历史整笔提前结清天数｜全历史总体标准差,"x = C.due_date - DATE(C.flow_settle_time)；STD(finite(x), ddof=0)",S01｜order_loan_f_v2_copy（整笔订单）；S03｜repayment_record_copy（正向入账）,C：全部历史整笔已结清订单；按repaid_time、serial_id升序；流水核验失败保留缺失位置,自然日,float32,无有效值为NaN；单个有效值为0,describe(),V2-LC-0215,提前还款与借还周期,T0固定时点；提单/App<T0，放款/整笔结清≤T0；支付<T0，已确认整笔同秒结清订单的已知同秒支付可=T0；当前条件为T0已知值。来源可得时间仍待上线核验。,已入模,保留字段；零增益不等于没有业务意义,0.0,0.0,0.0,0.01442202718292869,287.06910133361816
repay_early_days_min,历史整笔提前结清天数｜全历史最小值,x = C.due_date - DATE(C.flow_settle_time)；MIN(finite(x)),S01｜order_loan_f_v2_copy（整笔订单）；S03｜repayment_record_copy（正向入账）,C：全部历史整笔已结清订单；按repaid_time、serial_id升序；流水核验失败保留缺失位置,自然日,float32,无有效值为NaN,describe(),V2-LC-0216,提前还款与借还周期,T0固定时点；提单/App<T0，放款/整笔结清≤T0；支付<T0，已确认整笔同秒结清订单的已知同秒支付可=T0；当前条件为T0已知值。来源可得时间仍待上线核验。,已入模,保留字段；零增益不等于没有业务意义,0.0,0.0,0.0,0.07402123514098477,1185.4405822753906
repay_early_days_max,历史整笔提前结清天数｜全历史最大值,x = C.due_date - DATE(C.flow_settle_time)；MAX(finite(x)),S01｜order_loan_f_v2_copy（整笔订单）；S03｜repayment_record_copy（正向入账）,C：全部历史整笔已结清订单；按repaid_time、serial_id升序；流水核验失败保留缺失位置,自然日,float32,无有效值为NaN,describe(),V2-LC-0217,提前还款与借还周期,T0固定时点；提单/App<T0，放款/整笔结清≤T0；支付<T0，已确认整笔同秒结清订单的已知同秒支付可=T0；当前条件为T0已知值。来源可得时间仍待上线核验。,已入模,保留字段；零增益不等于没有业务意义,0.0,0.0,0.0,0.06668951265972875,341.3680992126465
repay_early_days_last_first_delta,历史整笔提前结清天数｜最近减最早有效值,x = C.due_date - DATE(C.flow_settle_time)；finite(x)[-1]-finite(x)[0],S01｜order_loan_f_v2_copy（整笔订单）；S03｜repayment_record_copy（正向入账）,C：全部历史整笔已结清订单；按repaid_time、serial_id升序；流水核验失败保留缺失位置,自然日,float32,至少2个有效值；否则NaN,describe(),V2-LC-0218,提前还款与借还周期,T0固定时点；提单/App<T0，放款/整笔结清≤T0；支付<T0，已确认整笔同秒结清订单的已知同秒支付可=T0；当前条件为T0已知值。来源可得时间仍待上线核验。,已入模,保留字段；零增益不等于没有业务意义,0.3896785383563859,0.37925642947524524,0.43863358184043616,0.02143848011671341,391.18129539489746
repay_early_days_slope,历史整笔提前结清天数｜生命周期顺序趋势,x = C.due_date - DATE(C.flow_settle_time)；SUM((i-MEAN(i))*(x_i-MEAN(valid_x)))/SUM((i-MEAN(i))^2)，i为有效值在原序列中的位置,S01｜order_loan_f_v2_copy（整笔订单）；S03｜repayment_record_copy（正向入账）,C：全部历史整笔已结清订单；按repaid_time、serial_id升序；流水核验失败保留缺失位置,自然日／序号步,float32,至少2个有效值；否则NaN,describe(),V2-LC-0219,提前还款与借还周期,T0固定时点；提单/App<T0，放款/整笔结清≤T0；支付<T0，已确认整笔同秒结清订单的已知同秒支付可=T0；当前条件为T0已知值。来源可得时间仍待上线核验。,已入模,保留字段；零增益不等于没有业务意义,0.3896785383563859,0.37925642947524524,0.43863358184043616,0.019701644022453352,322.5505962371826
repay_early_days_last3_mean,历史整笔提前结清天数｜最近3笔有效均值,x = C.due_date - DATE(C.flow_settle_time)；MEAN(finite(x[-3:])),S01｜order_loan_f_v2_copy（整笔订单）；S03｜repayment_record_copy（正向入账）,C：全部历史整笔已结清订单；按repaid_time、serial_id升序；流水核验失败保留缺失位置,自然日,float32,原序列最近3笔中无有效值为NaN；不跳过缺失补足3笔,describe(),V2-LC-0220,提前还款与借还周期,T0固定时点；提单/App<T0，放款/整笔结清≤T0；支付<T0，已确认整笔同秒结清订单的已知同秒支付可=T0；当前条件为T0已知值。来源可得时间仍待上线核验。,已入模,保留字段；零增益不等于没有业务意义,0.0,0.0,0.0,0.07163060469217608,142.9330997467041
repay_early_days_last5_mean,历史整笔提前结清天数｜最近5笔有效均值,x = C.due_date - DATE(C.flow_settle_time)；MEAN(finite(x[-5:])),S01｜order_loan_f_v2_copy（整笔订单）；S03｜repayment_record_copy（正向入账）,C：全部历史整笔已结清订单；按repaid_time、serial_id升序；流水核验失败保留缺失位置,自然日,float32,原序列最近5笔中无有效值为NaN；不跳过缺失补足5笔,describe(),V2-LC-0221,提前还款与借还周期,T0固定时点；提单/App<T0，放款/整笔结清≤T0；支付<T0，已确认整笔同秒结清订单的已知同秒支付可=T0；当前条件为T0已知值。来源可得时间仍待上线核验。,已入模,保留字段；零增益不等于没有业务意义,0.0,0.0,0.0,0.07444841672305567,111.98179912567139
repay_early_days_recent_lifetime_delta,历史整笔提前结清天数｜近期相对全历史变化,x = C.due_date - DATE(C.flow_settle_time)；MEAN(finite(x[-3:]))-MEAN(finite(x)),S01｜order_loan_f_v2_copy（整笔订单）；S03｜repayment_record_copy（正向入账）,C：全部历史整笔已结清订单；按repaid_time、serial_id升序；流水核验失败保留缺失位置,自然日,float32,任一侧无有效值为NaN,describe(),V2-LC-0222,提前还款与借还周期,T0固定时点；提单/App<T0，放款/整笔结清≤T0；支付<T0，已确认整笔同秒结清订单的已知同秒支付可=T0；当前条件为T0已知值。来源可得时间仍待上线核验。,已入模,保留字段；零增益不等于没有业务意义,0.0,0.0,0.0,0.005730435284393701,65.35619735717773
repay_early_days_l1,历史整笔提前结清天数｜最近第1笔,x = C.due_date - DATE(C.flow_settle_time)；x[-1],S01｜order_loan_f_v2_copy（整笔订单）；S03｜repayment_record_copy（正向入账）,C：全部历史整笔已结清订单；按repaid_time、serial_id升序；流水核验失败保留缺失位置,自然日,float32,不足1笔或该位置缺失为NaN；不改取第1个非空值,describe(lags=True),V2-LC-0223,提前还款与借还周期,T0固定时点；提单/App<T0，放款/整笔结清≤T0；支付<T0，已确认整笔同秒结清订单的已知同秒支付可=T0；当前条件为T0已知值。来源可得时间仍待上线核验。,已入模,保留字段；零增益不等于没有业务意义,0.0,0.0,0.0,0.07812144837772242,3322.233338356018
repay_early_days_l2,历史整笔提前结清天数｜最近第2笔,x = C.due_date - DATE(C.flow_settle_time)；x[-2],S01｜order_loan_f_v2_copy（整笔订单）；S03｜repayment_record_copy（正向入账）,C：全部历史整笔已结清订单；按repaid_time、serial_id升序；流水核验失败保留缺失位置,自然日,float32,不足2笔或该位置缺失为NaN；不改取第2个非空值,describe(lags=True),V2-LC-0224,提前还款与借还周期,T0固定时点；提单/App<T0，放款/整笔结清≤T0；支付<T0，已确认整笔同秒结清订单的已知同秒支付可=T0；当前条件为T0已知值。来源可得时间仍待上线核验。,已入模,保留字段；零增益不等于没有业务意义,0.3896785383563859,0.37925642947524524,0.43863358184043616,0.046591500056165656,142.97139644622803
repay_early_days_l3,历史整笔提前结清天数｜最近第3笔,x = C.due_date - DATE(C.flow_settle_time)；x[-3],S01｜order_loan_f_v2_copy（整笔订单）；S03｜repayment_record_copy（正向入账）,C：全部历史整笔已结清订单；按repaid_time、serial_id升序；流水核验失败保留缺失位置,自然日,float32,不足3笔或该位置缺失为NaN；不改取第3个非空值,describe(lags=True),V2-LC-0225,提前还款与借还周期,T0固定时点；提单/App<T0，放款/整笔结清≤T0；支付<T0，已确认整笔同秒结清订单的已知同秒支付可=T0；当前条件为T0已知值。来源可得时间仍待上线核验。,已入模,保留字段；零增益不等于没有业务意义,0.5907427277938647,0.5786165042675113,0.6293535106264604,0.03399211004152626,43.16639995574951
repay_early_days_l4,历史整笔提前结清天数｜最近第4笔,x = C.due_date - DATE(C.flow_settle_time)；x[-4],S01｜order_loan_f_v2_copy（整笔订单）；S03｜repayment_record_copy（正向入账）,C：全部历史整笔已结清订单；按repaid_time、serial_id升序；流水核验失败保留缺失位置,自然日,float32,不足4笔或该位置缺失为NaN；不改取第4个非空值,describe(lags=True),V2-LC-0226,提前还款与借还周期,T0固定时点；提单/App<T0，放款/整笔结清≤T0；支付<T0，已确认整笔同秒结清订单的已知同秒支付可=T0；当前条件为T0已知值。来源可得时间仍待上线核验。,已入模,保留字段；零增益不等于没有业务意义,0.7208070593192519,0.7113566575594188,0.7491932791810393,0.02460737704663177,23.715599060058594
repay_early_days_l5,历史整笔提前结清天数｜最近第5笔,x = C.due_date - DATE(C.flow_settle_time)；x[-5],S01｜order_loan_f_v2_copy（整笔订单）；S03｜repayment_record_copy（正向入账）,C：全部历史整笔已结清订单；按repaid_time、serial_id升序；流水核验失败保留缺失位置,自然日,float32,不足5笔或该位置缺失为NaN；不改取第5个非空值,describe(lags=True),V2-LC-0227,提前还款与借还周期,T0固定时点；提单/App<T0，放款/整笔结清≤T0；支付<T0，已确认整笔同秒结清订单的已知同秒支付可=T0；当前条件为T0已知值。来源可得时间仍待上线核验。,已入模,保留字段；零增益不等于没有业务意义,0.8064174738729734,0.7987378805096835,0.83220206965617,0.01600570403942843,81.00960063934326
repay_early_days_delta12,历史整笔提前结清天数｜最近1笔减最近2笔,x = C.due_date - DATE(C.flow_settle_time)；x[-1]-x[-2],S01｜order_loan_f_v2_copy（整笔订单）；S03｜repayment_record_copy（正向入账）,C：全部历史整笔已结清订单；按repaid_time、serial_id升序；流水核验失败保留缺失位置,自然日,float32,不足2笔或任一值缺失为NaN,describe(),V2-LC-0228,提前还款与借还周期,T0固定时点；提单/App<T0，放款/整笔结清≤T0；支付<T0，已确认整笔同秒结清订单的已知同秒支付可=T0；当前条件为T0已知值。来源可得时间仍待上线核验。,已入模,保留字段；零增益不等于没有业务意义,0.3896785383563859,0.37925642947524524,0.43863358184043616,0.017712342842743818,487.9881982803345
repay_early_days_delta23,历史整笔提前结清天数｜最近2笔减最近3笔,x = C.due_date - DATE(C.flow_settle_time)；x[-2]-x[-3],S01｜order_loan_f_v2_copy（整笔订单）；S03｜repayment_record_copy（正向入账）,C：全部历史整笔已结清订单；按repaid_time、serial_id升序；流水核验失败保留缺失位置,自然日,float32,不足3笔或任一值缺失为NaN,describe(),V2-LC-0229,提前还款与借还周期,T0固定时点；提单/App<T0，放款/整笔结清≤T0；支付<T0，已确认整笔同秒结清订单的已知同秒支付可=T0；当前条件为T0已知值。来源可得时间仍待上线核验。,已入模,保留字段；零增益不等于没有业务意义,0.5907427277938647,0.5786165042675113,0.6293535106264604,0.012387527614354717,28.920700073242188
repay_apply_settle_days_valid_n,历史提单至实际结清经过天数｜有效值数,x = (C.flow_settle_time-C.apply_time).total_seconds()/86400；COUNT(finite(x)),S01｜order_loan_f_v2_copy（整笔订单）；S03｜repayment_record_copy（正向入账）,C：全部历史整笔已结清订单；按repaid_time、serial_id升序；流水核验失败保留缺失位置,个,float32,无有效值返回0,describe(),V2-LC-0230,提前还款与借还周期,T0固定时点；提单/App<T0，放款/整笔结清≤T0；支付<T0，已确认整笔同秒结清订单的已知同秒支付可=T0；当前条件为T0已知值。来源可得时间仍待上线核验。,已入模,保留字段；零增益不等于没有业务意义,0.0,0.0,0.0,0.01713474245154859,0.0
repay_apply_settle_days_mean,历史提单至实际结清经过天数｜全历史均值,x = (C.flow_settle_time-C.apply_time).total_seconds()/86400；MEAN(finite(x)),S01｜order_loan_f_v2_copy（整笔订单）；S03｜repayment_record_copy（正向入账）,C：全部历史整笔已结清订单；按repaid_time、serial_id升序；流水核验失败保留缺失位置,经过天数,float32,无有效值为NaN,describe(),V2-LC-0231,提前还款与借还周期,T0固定时点；提单/App<T0，放款/整笔结清≤T0；支付<T0，已确认整笔同秒结清订单的已知同秒支付可=T0；当前条件为T0已知值。来源可得时间仍待上线核验。,已入模,保留字段；零增益不等于没有业务意义,0.0,0.0,0.0,0.2667188302658109,89.6535005569458
repay_apply_settle_days_std,历史提单至实际结清经过天数｜全历史总体标准差,"x = (C.flow_settle_time-C.apply_time).total_seconds()/86400；STD(finite(x), ddof=0)",S01｜order_loan_f_v2_copy（整笔订单）；S03｜repayment_record_copy（正向入账）,C：全部历史整笔已结清订单；按repaid_time、serial_id升序；流水核验失败保留缺失位置,经过天数,float32,无有效值为NaN；单个有效值为0,describe(),V2-LC-0232,提前还款与借还周期,T0固定时点；提单/App<T0，放款/整笔结清≤T0；支付<T0，已确认整笔同秒结清订单的已知同秒支付可=T0；当前条件为T0已知值。来源可得时间仍待上线核验。,已入模,保留字段；零增益不等于没有业务意义,0.0,0.0,0.0,0.03139781857893442,250.68480014801025
repay_apply_settle_days_min,历史提单至实际结清经过天数｜全历史最小值,x = (C.flow_settle_time-C.apply_time).total_seconds()/86400；MIN(finite(x)),S01｜order_loan_f_v2_copy（整笔订单）；S03｜repayment_record_copy（正向入账）,C：全部历史整笔已结清订单；按repaid_time、serial_id升序；流水核验失败保留缺失位置,经过天数,float32,无有效值为NaN,describe(),V2-LC-0233,提前还款与借还周期,T0固定时点；提单/App<T0，放款/整笔结清≤T0；支付<T0，已确认整笔同秒结清订单的已知同秒支付可=T0；当前条件为T0已知值。来源可得时间仍待上线核验。,已入模,保留字段；零增益不等于没有业务意义,0.0,0.0,0.0,0.2534920631083454,317.5893020629883
repay_apply_settle_days_max,历史提单至实际结清经过天数｜全历史最大值,x = (C.flow_settle_time-C.apply_time).total_seconds()/86400；MAX(finite(x)),S01｜order_loan_f_v2_copy（整笔订单）；S03｜repayment_record_copy（正向入账）,C：全部历史整笔已结清订单；按repaid_time、serial_id升序；流水核验失败保留缺失位置,经过天数,float32,无有效值为NaN,describe(),V2-LC-0234,提前还款与借还周期,T0固定时点；提单/App<T0，放款/整笔结清≤T0；支付<T0，已确认整笔同秒结清订单的已知同秒支付可=T0；当前条件为T0已知值。来源可得时间仍待上线核验。,已入模,保留字段；零增益不等于没有业务意义,0.0,0.0,0.0,0.23051492048198458,381.25220680236816
repay_apply_settle_days_last_first_delta,历史提单至实际结清经过天数｜最近减最早有效值,x = (C.flow_settle_time-C.apply_time).total_seconds()/86400；finite(x)[-1]-finite(x)[0],S01｜order_loan_f_v2_copy（整笔订单）；S03｜repayment_record_copy（正向入账）,C：全部历史整笔已结清订单；按repaid_time、serial_id升序；流水核验失败保留缺失位置,经过天数,float32,至少2个有效值；否则NaN,describe(),V2-LC-0235,提前还款与借还周期,T0固定时点；提单/App<T0，放款/整笔结清≤T0；支付<T0，已确认整笔同秒结清订单的已知同秒支付可=T0；当前条件为T0已知值。来源可得时间仍待上线核验。,已入模,保留字段；零增益不等于没有业务意义,0.3896785383563859,0.37925642947524524,0.43863358184043616,0.04425435943358416,186.61499691009521
repay_apply_settle_days_slope,历史提单至实际结清经过天数｜生命周期顺序趋势,x = (C.flow_settle_time-C.apply_time).total_seconds()/86400；SUM((i-MEAN(i))*(x_i-MEAN(valid_x)))/SUM((i-MEAN(i))^2)，i为有效值在原序列中的位置,S01｜order_loan_f_v2_copy（整笔订单）；S03｜repayment_record_copy（正向入账）,C：全部历史整笔已结清订单；按repaid_time、serial_id升序；流水核验失败保留缺失位置,经过天数／序号步,float32,至少2个有效值；否则NaN,describe(),V2-LC-0236,提前还款与借还周期,T0固定时点；提单/App<T0，放款/整笔结清≤T0；支付<T0，已确认整笔同秒结清订单的已知同秒支付可=T0；当前条件为T0已知值。来源可得时间仍待上线核验。,已入模,保留字段；零增益不等于没有业务意义,0.3896785383563859,0.37925642947524524,0.43863358184043616,0.041487945326600946,536.0641021728516
repay_apply_settle_days_last3_mean,历史提单至实际结清经过天数｜最近3笔有效均值,x = (C.flow_settle_time-C.apply_time).total_seconds()/86400；MEAN(finite(x[-3:])),S01｜order_loan_f_v2_copy（整笔订单）；S03｜repayment_record_copy（正向入账）,C：全部历史整笔已结清订单；按repaid_time、serial_id升序；流水核验失败保留缺失位置,经过天数,float32,原序列最近3笔中无有效值为NaN；不跳过缺失补足3笔,describe(),V2-LC-0237,提前还款与借还周期,T0固定时点；提单/App<T0，放款/整笔结清≤T0；支付<T0，已确认整笔同秒结清订单的已知同秒支付可=T0；当前条件为T0已知值。来源可得时间仍待上线核验。,已入模,保留字段；零增益不等于没有业务意义,0.0,0.0,0.0,0.23192611921296608,107.99990177154541
repay_apply_settle_days_last5_mean,历史提单至实际结清经过天数｜最近5笔有效均值,x = (C.flow_settle_time-C.apply_time).total_seconds()/86400；MEAN(finite(x[-5:])),S01｜order_loan_f_v2_copy（整笔订单）；S03｜repayment_record_copy（正向入账）,C：全部历史整笔已结清订单；按repaid_time、serial_id升序；流水核验失败保留缺失位置,经过天数,float32,原序列最近5笔中无有效值为NaN；不跳过缺失补足5笔,describe(),V2-LC-0238,提前还款与借还周期,T0固定时点；提单/App<T0，放款/整笔结清≤T0；支付<T0，已确认整笔同秒结清订单的已知同秒支付可=T0；当前条件为T0已知值。来源可得时间仍待上线核验。,已入模,保留字段；零增益不等于没有业务意义,0.0,0.0,0.0,0.25138399562439556,142.25640201568604
repay_apply_settle_days_recent_lifetime_delta,历史提单至实际结清经过天数｜近期相对全历史变化,x = (C.flow_settle_time-C.apply_time).total_seconds()/86400；MEAN(finite(x[-3:]))-MEAN(finite(x)),S01｜order_loan_f_v2_copy（整笔订单）；S03｜repayment_record_copy（正向入账）,C：全部历史整笔已结清订单；按repaid_time、serial_id升序；流水核验失败保留缺失位置,经过天数,float32,任一侧无有效值为NaN,describe(),V2-LC-0239,提前还款与借还周期,T0固定时点；提单/App<T0，放款/整笔结清≤T0；支付<T0，已确认整笔同秒结清订单的已知同秒支付可=T0；当前条件为T0已知值。来源可得时间仍待上线核验。,已入模,保留字段；零增益不等于没有业务意义,0.0,0.0,0.0,0.004090932808328531,30.09220027923584
repay_apply_settle_days_l1,历史提单至实际结清经过天数｜最近第1笔,x = (C.flow_settle_time-C.apply_time).total_seconds()/86400；x[-1],S01｜order_loan_f_v2_copy（整笔订单）；S03｜repayment_record_copy（正向入账）,C：全部历史整笔已结清订单；按repaid_time、serial_id升序；流水核验失败保留缺失位置,经过天数,float32,不足1笔或该位置缺失为NaN；不改取第1个非空值,describe(lags=True),V2-LC-0240,提前还款与借还周期,T0固定时点；提单/App<T0，放款/整笔结清≤T0；支付<T0，已确认整笔同秒结清订单的已知同秒支付可=T0；当前条件为T0已知值。来源可得时间仍待上线核验。,已入模,保留字段；零增益不等于没有业务意义,0.0,0.0,0.0,0.1900418643730688,1097.7547845840454
repay_apply_settle_days_l2,历史提单至实际结清经过天数｜最近第2笔,x = (C.flow_settle_time-C.apply_time).total_seconds()/86400；x[-2],S01｜order_loan_f_v2_copy（整笔订单）；S03｜repayment_record_copy（正向入账）,C：全部历史整笔已结清订单；按repaid_time、serial_id升序；流水核验失败保留缺失位置,经过天数,float32,不足2笔或该位置缺失为NaN；不改取第2个非空值,describe(lags=True),V2-LC-0241,提前还款与借还周期,T0固定时点；提单/App<T0，放款/整笔结清≤T0；支付<T0，已确认整笔同秒结清订单的已知同秒支付可=T0；当前条件为T0已知值。来源可得时间仍待上线核验。,已入模,保留字段；零增益不等于没有业务意义,0.3896785383563859,0.37925642947524524,0.43863358184043616,0.11211524117862032,185.64849853515625
repay_apply_settle_days_l3,历史提单至实际结清经过天数｜最近第3笔,x = (C.flow_settle_time-C.apply_time).total_seconds()/86400；x[-3],S01｜order_loan_f_v2_copy（整笔订单）；S03｜repayment_record_copy（正向入账）,C：全部历史整笔已结清订单；按repaid_time、serial_id升序；流水核验失败保留缺失位置,经过天数,float32,不足3笔或该位置缺失为NaN；不改取第3个非空值,describe(lags=True),V2-LC-0242,提前还款与借还周期,T0固定时点；提单/App<T0，放款/整笔结清≤T0；支付<T0，已确认整笔同秒结清订单的已知同秒支付可=T0；当前条件为T0已知值。来源可得时间仍待上线核验。,已入模,保留字段；零增益不等于没有业务意义,0.5907427277938647,0.5786165042675113,0.6293535106264604,0.07206985929281827,29.10159969329834
repay_apply_settle_days_l4,历史提单至实际结清经过天数｜最近第4笔,x = (C.flow_settle_time-C.apply_time).total_seconds()/86400；x[-4],S01｜order_loan_f_v2_copy（整笔订单）；S03｜repayment_record_copy（正向入账）,C：全部历史整笔已结清订单；按repaid_time、serial_id升序；流水核验失败保留缺失位置,经过天数,float32,不足4笔或该位置缺失为NaN；不改取第4个非空值,describe(lags=True),V2-LC-0243,提前还款与借还周期,T0固定时点；提单/App<T0，放款/整笔结清≤T0；支付<T0，已确认整笔同秒结清订单的已知同秒支付可=T0；当前条件为T0已知值。来源可得时间仍待上线核验。,已入模,保留字段；零增益不等于没有业务意义,0.7208070593192519,0.7113566575594188,0.7491932791810393,0.04260612860544245,237.82419776916504
repay_apply_settle_days_l5,历史提单至实际结清经过天数｜最近第5笔,x = (C.flow_settle_time-C.apply_time).total_seconds()/86400；x[-5],S01｜order_loan_f_v2_copy（整笔订单）；S03｜repayment_record_copy（正向入账）,C：全部历史整笔已结清订单；按repaid_time、serial_id升序；流水核验失败保留缺失位置,经过天数,float32,不足5笔或该位置缺失为NaN；不改取第5个非空值,describe(lags=True),V2-LC-0244,提前还款与借还周期,T0固定时点；提单/App<T0，放款/整笔结清≤T0；支付<T0，已确认整笔同秒结清订单的已知同秒支付可=T0；当前条件为T0已知值。来源可得时间仍待上线核验。,已入模,保留字段；零增益不等于没有业务意义,0.8064174738729734,0.7987378805096835,0.83220206965617,0.022793696099554808,41.50189971923828
repay_apply_settle_days_delta12,历史提单至实际结清经过天数｜最近1笔减最近2笔,x = (C.flow_settle_time-C.apply_time).total_seconds()/86400；x[-1]-x[-2],S01｜order_loan_f_v2_copy（整笔订单）；S03｜repayment_record_copy（正向入账）,C：全部历史整笔已结清订单；按repaid_time、serial_id升序；流水核验失败保留缺失位置,经过天数,float32,不足2笔或任一值缺失为NaN,describe(),V2-LC-0245,提前还款与借还周期,T0固定时点；提单/App<T0，放款/整笔结清≤T0；支付<T0，已确认整笔同秒结清订单的已知同秒支付可=T0；当前条件为T0已知值。来源可得时间仍待上线核验。,已入模,保留字段；零增益不等于没有业务意义,0.3896785383563859,0.37925642947524524,0.43863358184043616,0.03750501908514683,608.589072227478
repay_apply_settle_days_delta23,历史提单至实际结清经过天数｜最近2笔减最近3笔,x = (C.flow_settle_time-C.apply_time).total_seconds()/86400；x[-2]-x[-3],S01｜order_loan_f_v2_copy（整笔订单）；S03｜repayment_record_copy（正向入账）,C：全部历史整笔已结清订单；按repaid_time、serial_id升序；流水核验失败保留缺失位置,经过天数,float32,不足3笔或任一值缺失为NaN,describe(),V2-LC-0246,提前还款与借还周期,T0固定时点；提单/App<T0，放款/整笔结清≤T0；支付<T0，已确认整笔同秒结清订单的已知同秒支付可=T0；当前条件为T0已知值。来源可得时间仍待上线核验。,已入模,保留字段；零增益不等于没有业务意义,0.5907427277938647,0.5786165042675113,0.6293535106264604,0.019876168883484417,158.4459991455078
repay_remit_settle_days_valid_n,历史放款至实际结清经过天数｜有效值数,x = (C.flow_settle_time-C.remit_time).total_seconds()/86400；COUNT(finite(x)),S01｜order_loan_f_v2_copy（整笔订单）；S03｜repayment_record_copy（正向入账）,C：全部历史整笔已结清订单；按repaid_time、serial_id升序；流水核验失败保留缺失位置,个,float32,无有效值返回0,describe(),V2-LC-0247,提前还款与借还周期,T0固定时点；提单/App<T0，放款/整笔结清≤T0；支付<T0，已确认整笔同秒结清订单的已知同秒支付可=T0；当前条件为T0已知值。来源可得时间仍待上线核验。,已入模,保留字段；零增益不等于没有业务意义,0.0,0.0,0.0,0.01713474245154859,0.0
repay_remit_settle_days_mean,历史放款至实际结清经过天数｜全历史均值,x = (C.flow_settle_time-C.remit_time).total_seconds()/86400；MEAN(finite(x)),S01｜order_loan_f_v2_copy（整笔订单）；S03｜repayment_record_copy（正向入账）,C：全部历史整笔已结清订单；按repaid_time、serial_id升序；流水核验失败保留缺失位置,经过天数,float32,无有效值为NaN,describe(),V2-LC-0248,提前还款与借还周期,T0固定时点；提单/App<T0，放款/整笔结清≤T0；支付<T0，已确认整笔同秒结清订单的已知同秒支付可=T0；当前条件为T0已知值。来源可得时间仍待上线核验。,已入模,保留字段；零增益不等于没有业务意义,0.0,0.0,0.0,0.2670202712946243,109.06559944152832
repay_remit_settle_days_std,历史放款至实际结清经过天数｜全历史总体标准差,"x = (C.flow_settle_time-C.remit_time).total_seconds()/86400；STD(finite(x), ddof=0)",S01｜order_loan_f_v2_copy（整笔订单）；S03｜repayment_record_copy（正向入账）,C：全部历史整笔已结清订单；按repaid_time、serial_id升序；流水核验失败保留缺失位置,经过天数,float32,无有效值为NaN；单个有效值为0,describe(),V2-LC-0249,提前还款与借还周期,T0固定时点；提单/App<T0，放款/整笔结清≤T0；支付<T0，已确认整笔同秒结清订单的已知同秒支付可=T0；当前条件为T0已知值。来源可得时间仍待上线核验。,已入模,保留字段；零增益不等于没有业务意义,0.0,0.0,0.0,0.03138379912649113,427.54319953918457
repay_remit_settle_days_min,历史放款至实际结清经过天数｜全历史最小值,x = (C.flow_settle_time-C.remit_time).total_seconds()/86400；MIN(finite(x)),S01｜order_loan_f_v2_copy（整笔订单）；S03｜repayment_record_copy（正向入账）,C：全部历史整笔已结清订单；按repaid_time、serial_id升序；流水核验失败保留缺失位置,经过天数,float32,无有效值为NaN,describe(),V2-LC-0250,提前还款与借还周期,T0固定时点；提单/App<T0，放款/整笔结清≤T0；支付<T0，已确认整笔同秒结清订单的已知同秒支付可=T0；当前条件为T0已知值。来源可得时间仍待上线核验。,已入模,保留字段；零增益不等于没有业务意义,0.0,0.0,0.0,0.25316334829198206,160.60900211334229
repay_remit_settle_days_max,历史放款至实际结清经过天数｜全历史最大值,x = (C.flow_settle_time-C.remit_time).total_seconds()/86400；MAX(finite(x)),S01｜order_loan_f_v2_copy（整笔订单）；S03｜repayment_record_copy（正向入账）,C：全部历史整笔已结清订单；按repaid_time、serial_id升序；流水核验失败保留缺失位置,经过天数,float32,无有效值为NaN,describe(),V2-LC-0251,提前还款与借还周期,T0固定时点；提单/App<T0，放款/整笔结清≤T0；支付<T0，已确认整笔同秒结清订单的已知同秒支付可=T0；当前条件为T0已知值。来源可得时间仍待上线核验。,已入模,保留字段；零增益不等于没有业务意义,0.0,0.0,0.0,0.23087410412787152,165.17769622802734
repay_remit_settle_days_last_first_delta,历史放款至实际结清经过天数｜最近减最早有效值,x = (C.flow_settle_time-C.remit_time).total_seconds()/86400；finite(x)[-1]-finite(x)[0],S01｜order_loan_f_v2_copy（整笔订单）；S03｜repayment_record_copy（正向入账）,C：全部历史整笔已结清订单；按repaid_time、serial_id升序；流水核验失败保留缺失位置,经过天数,float32,至少2个有效值；否则NaN,describe(),V2-LC-0252,提前还款与借还周期,T0固定时点；提单/App<T0，放款/整笔结清≤T0；支付<T0，已确认整笔同秒结清订单的已知同秒支付可=T0；当前条件为T0已知值。来源可得时间仍待上线核验。,已入模,保留字段；零增益不等于没有业务意义,0.3896785383563859,0.37925642947524524,0.43863358184043616,0.04444532220738245,224.200701713562
repay_remit_settle_days_slope,历史放款至实际结清经过天数｜生命周期顺序趋势,x = (C.flow_settle_time-C.remit_time).total_seconds()/86400；SUM((i-MEAN(i))*(x_i-MEAN(valid_x)))/SUM((i-MEAN(i))^2)，i为有效值在原序列中的位置,S01｜order_loan_f_v2_copy（整笔订单）；S03｜repayment_record_copy（正向入账）,C：全部历史整笔已结清订单；按repaid_time、serial_id升序；流水核验失败保留缺失位置,经过天数／序号步,float32,至少2个有效值；否则NaN,describe(),V2-LC-0253,提前还款与借还周期,T0固定时点；提单/App<T0，放款/整笔结清≤T0；支付<T0，已确认整笔同秒结清订单的已知同秒支付可=T0；当前条件为T0已知值。来源可得时间仍待上线核验。,已入模,保留字段；零增益不等于没有业务意义,0.3896785383563859,0.37925642947524524,0.43863358184043616,0.04160186393336976,797.4258975982666
repay_remit_settle_days_last3_mean,历史放款至实际结清经过天数｜最近3笔有效均值,x = (C.flow_settle_time-C.remit_time).total_seconds()/86400；MEAN(finite(x[-3:])),S01｜order_loan_f_v2_copy（整笔订单）；S03｜repayment_record_copy（正向入账）,C：全部历史整笔已结清订单；按repaid_time、serial_id升序；流水核验失败保留缺失位置,经过天数,float32,原序列最近3笔中无有效值为NaN；不跳过缺失补足3笔,describe(),V2-LC-0254,提前还款与借还周期,T0固定时点；提单/App<T0，放款/整笔结清≤T0；支付<T0，已确认整笔同秒结清订单的已知同秒支付可=T0；当前条件为T0已知值。来源可得时间仍待上线核验。,已入模,保留字段；零增益不等于没有业务意义,0.0,0.0,0.0,0.2320902348952945,240.07309913635254
repay_remit_settle_days_last5_mean,历史放款至实际结清经过天数｜最近5笔有效均值,x = (C.flow_settle_time-C.remit_time).total_seconds()/86400；MEAN(finite(x[-5:])),S01｜order_loan_f_v2_copy（整笔订单）；S03｜repayment_record_copy（正向入账）,C：全部历史整笔已结清订单；按repaid_time、serial_id升序；流水核验失败保留缺失位置,经过天数,float32,原序列最近5笔中无有效值为NaN；不跳过缺失补足5笔,describe(),V2-LC-0255,提前还款与借还周期,T0固定时点；提单/App<T0，放款/整笔结清≤T0；支付<T0，已确认整笔同秒结清订单的已知同秒支付可=T0；当前条件为T0已知值。来源可得时间仍待上线核验。,已入模,保留字段；零增益不等于没有业务意义,0.0,0.0,0.0,0.2515628227154376,311.9809093475342
repay_remit_settle_days_recent_lifetime_delta,历史放款至实际结清经过天数｜近期相对全历史变化,x = (C.flow_settle_time-C.remit_time).total_seconds()/86400；MEAN(finite(x[-3:]))-MEAN(finite(x)),S01｜order_loan_f_v2_copy（整笔订单）；S03｜repayment_record_copy（正向入账）,C：全部历史整笔已结清订单；按repaid_time、serial_id升序；流水核验失败保留缺失位置,经过天数,float32,任一侧无有效值为NaN,describe(),V2-LC-0256,提前还款与借还周期,T0固定时点；提单/App<T0，放款/整笔结清≤T0；支付<T0，已确认整笔同秒结清订单的已知同秒支付可=T0；当前条件为T0已知值。来源可得时间仍待上线核验。,已入模,保留字段；零增益不等于没有业务意义,0.0,0.0,0.0,0.0041142699910800915,17.991899490356445
repay_remit_settle_days_l1,历史放款至实际结清经过天数｜最近第1笔,x = (C.flow_settle_time-C.remit_time).total_seconds()/86400；x[-1],S01｜order_loan_f_v2_copy（整笔订单）；S03｜repayment_record_copy（正向入账）,C：全部历史整笔已结清订单；按repaid_time、serial_id升序；流水核验失败保留缺失位置,经过天数,float32,不足1笔或该位置缺失为NaN；不改取第1个非空值,describe(lags=True),V2-LC-0257,提前还款与借还周期,T0固定时点；提单/App<T0，放款/整笔结清≤T0；支付<T0，已确认整笔同秒结清订单的已知同秒支付可=T0；当前条件为T0已知值。来源可得时间仍待上线核验。,已入模,保留字段；零增益不等于没有业务意义,0.0,0.0,0.0,0.19066967360602022,608.6462001800537
repay_remit_settle_days_l2,历史放款至实际结清经过天数｜最近第2笔,x = (C.flow_settle_time-C.remit_time).total_seconds()/86400；x[-2],S01｜order_loan_f_v2_copy（整笔订单）；S03｜repayment_record_copy（正向入账）,C：全部历史整笔已结清订单；按repaid_time、serial_id升序；流水核验失败保留缺失位置,经过天数,float32,不足2笔或该位置缺失为NaN；不改取第2个非空值,describe(lags=True),V2-LC-0258,提前还款与借还周期,T0固定时点；提单/App<T0，放款/整笔结清≤T0；支付<T0，已确认整笔同秒结清订单的已知同秒支付可=T0；当前条件为T0已知值。来源可得时间仍待上线核验。,已入模,保留字段；零增益不等于没有业务意义,0.3896785383563859,0.37925642947524524,0.43863358184043616,0.1120862486834551,162.94150066375732
repay_remit_settle_days_l3,历史放款至实际结清经过天数｜最近第3笔,x = (C.flow_settle_time-C.remit_time).total_seconds()/86400；x[-3],S01｜order_loan_f_v2_copy（整笔订单）；S03｜repayment_record_copy（正向入账）,C：全部历史整笔已结清订单；按repaid_time、serial_id升序；流水核验失败保留缺失位置,经过天数,float32,不足3笔或该位置缺失为NaN；不改取第3个非空值,describe(lags=True),V2-LC-0259,提前还款与借还周期,T0固定时点；提单/App<T0，放款/整笔结清≤T0；支付<T0，已确认整笔同秒结清订单的已知同秒支付可=T0；当前条件为T0已知值。来源可得时间仍待上线核验。,已入模,保留字段；零增益不等于没有业务意义,0.5907427277938647,0.5786165042675113,0.6293535106264604,0.0718053820237769,66.06010055541992
repay_remit_settle_days_l4,历史放款至实际结清经过天数｜最近第4笔,x = (C.flow_settle_time-C.remit_time).total_seconds()/86400；x[-4],S01｜order_loan_f_v2_copy（整笔订单）；S03｜repayment_record_copy（正向入账）,C：全部历史整笔已结清订单；按repaid_time、serial_id升序；流水核验失败保留缺失位置,经过天数,float32,不足4笔或该位置缺失为NaN；不改取第4个非空值,describe(lags=True),V2-LC-0260,提前还款与借还周期,T0固定时点；提单/App<T0，放款/整笔结清≤T0；支付<T0，已确认整笔同秒结清订单的已知同秒支付可=T0；当前条件为T0已知值。来源可得时间仍待上线核验。,已入模,保留字段；零增益不等于没有业务意义,0.7208070593192519,0.7113566575594188,0.7491932791810393,0.04294288874727733,70.36620044708252
repay_remit_settle_days_l5,历史放款至实际结清经过天数｜最近第5笔,x = (C.flow_settle_time-C.remit_time).total_seconds()/86400；x[-5],S01｜order_loan_f_v2_copy（整笔订单）；S03｜repayment_record_copy（正向入账）,C：全部历史整笔已结清订单；按repaid_time、serial_id升序；流水核验失败保留缺失位置,经过天数,float32,不足5笔或该位置缺失为NaN；不改取第5个非空值,describe(lags=True),V2-LC-0261,提前还款与借还周期,T0固定时点；提单/App<T0，放款/整笔结清≤T0；支付<T0，已确认整笔同秒结清订单的已知同秒支付可=T0；当前条件为T0已知值。来源可得时间仍待上线核验。,已入模,保留字段；零增益不等于没有业务意义,0.8064174738729734,0.7987378805096835,0.83220206965617,0.022901273218441435,107.05779838562012
repay_remit_settle_days_delta12,历史放款至实际结清经过天数｜最近1笔减最近2笔,x = (C.flow_settle_time-C.remit_time).total_seconds()/86400；x[-1]-x[-2],S01｜order_loan_f_v2_copy（整笔订单）；S03｜repayment_record_copy（正向入账）,C：全部历史整笔已结清订单；按repaid_time、serial_id升序；流水核验失败保留缺失位置,经过天数,float32,不足2笔或任一值缺失为NaN,describe(),V2-LC-0262,提前还款与借还周期,T0固定时点；提单/App<T0，放款/整笔结清≤T0；支付<T0，已确认整笔同秒结清订单的已知同秒支付可=T0；当前条件为T0已知值。来源可得时间仍待上线核验。,已入模,保留字段；零增益不等于没有业务意义,0.3896785383563859,0.37925642947524524,0.43863358184043616,0.03735524811099598,270.60760021209717
repay_remit_settle_days_delta23,历史放款至实际结清经过天数｜最近2笔减最近3笔,x = (C.flow_settle_time-C.remit_time).total_seconds()/86400；x[-2]-x[-3],S01｜order_loan_f_v2_copy（整笔订单）；S03｜repayment_record_copy（正向入账）,C：全部历史整笔已结清订单；按repaid_time、serial_id升序；流水核验失败保留缺失位置,经过天数,float32,不足3笔或任一值缺失为NaN,describe(),V2-LC-0263,提前还款与借还周期,T0固定时点；提单/App<T0，放款/整笔结清≤T0；支付<T0，已确认整笔同秒结清订单的已知同秒支付可=T0；当前条件为T0已知值。来源可得时间仍待上线核验。,已入模,保留字段；零增益不等于没有业务意义,0.5907427277938647,0.5786165042675113,0.6293535106264604,0.019991907810302544,175.441801071167
repay_settle_payment_n_valid_n,整笔结清前正向入账原流水条数｜有效值数,x = SUM(source_rows)，同serial有效payment_time≤整笔repaid_time且日期核验通过；COUNT(finite(x)),S01｜order_loan_f_v2_copy（整笔订单）；S03｜repayment_record_copy（正向入账）,C：全部历史整笔已结清订单；按repaid_time、serial_id升序；流水核验失败保留缺失位置,个,float32,无有效值返回0,describe(),V2-LC-0264,提前还款与借还周期,T0固定时点；提单/App<T0，放款/整笔结清≤T0；支付<T0，已确认整笔同秒结清订单的已知同秒支付可=T0；当前条件为T0已知值。来源可得时间仍待上线核验。,已入模,保留字段；零增益不等于没有业务意义,0.0,0.0,0.0,0.01713474245154859,0.0
repay_settle_payment_n_mean,整笔结清前正向入账原流水条数｜全历史均值,x = SUM(source_rows)，同serial有效payment_time≤整笔repaid_time且日期核验通过；MEAN(finite(x)),S01｜order_loan_f_v2_copy（整笔订单）；S03｜repayment_record_copy（正向入账）,C：全部历史整笔已结清订单；按repaid_time、serial_id升序；流水核验失败保留缺失位置,条,float32,无有效值为NaN,describe(),V2-LC-0265,提前还款与借还周期,T0固定时点；提单/App<T0，放款/整笔结清≤T0；支付<T0，已确认整笔同秒结清订单的已知同秒支付可=T0；当前条件为T0已知值。来源可得时间仍待上线核验。,已入模,保留字段；零增益不等于没有业务意义,0.0,0.0,0.0,0.2633117207070115,374.66129970550537
repay_settle_payment_n_std,整笔结清前正向入账原流水条数｜全历史总体标准差,"x = SUM(source_rows)，同serial有效payment_time≤整笔repaid_time且日期核验通过；STD(finite(x), ddof=0)",S01｜order_loan_f_v2_copy（整笔订单）；S03｜repayment_record_copy（正向入账）,C：全部历史整笔已结清订单；按repaid_time、serial_id升序；流水核验失败保留缺失位置,条,float32,无有效值为NaN；单个有效值为0,describe(),V2-LC-0266,提前还款与借还周期,T0固定时点；提单/App<T0，放款/整笔结清≤T0；支付<T0，已确认整笔同秒结清订单的已知同秒支付可=T0；当前条件为T0已知值。来源可得时间仍待上线核验。,已入模,保留字段；零增益不等于没有业务意义,0.0,0.0,0.0,0.005463596251377508,0.0
repay_settle_payment_n_min,整笔结清前正向入账原流水条数｜全历史最小值,x = SUM(source_rows)，同serial有效payment_time≤整笔repaid_time且日期核验通过；MIN(finite(x)),S01｜order_loan_f_v2_copy（整笔订单）；S03｜repayment_record_copy（正向入账）,C：全部历史整笔已结清订单；按repaid_time、serial_id升序；流水核验失败保留缺失位置,条,float32,无有效值为NaN,describe(),V2-LC-0267,提前还款与借还周期,T0固定时点；提单/App<T0，放款/整笔结清≤T0；支付<T0，已确认整笔同秒结清订单的已知同秒支付可=T0；当前条件为T0已知值。来源可得时间仍待上线核验。,已入模,保留字段；零增益不等于没有业务意义,0.0,0.0,0.0,0.29097158849173144,44.96669960021973
repay_settle_payment_n_max,整笔结清前正向入账原流水条数｜全历史最大值,x = SUM(source_rows)，同serial有效payment_time≤整笔repaid_time且日期核验通过；MAX(finite(x)),S01｜order_loan_f_v2_copy（整笔订单）；S03｜repayment_record_copy（正向入账）,C：全部历史整笔已结清订单；按repaid_time、serial_id升序；流水核验失败保留缺失位置,条,float32,无有效值为NaN,describe(),V2-LC-0268,提前还款与借还周期,T0固定时点；提单/App<T0，放款/整笔结清≤T0；支付<T0，已确认整笔同秒结清订单的已知同秒支付可=T0；当前条件为T0已知值。来源可得时间仍待上线核验。,已入模,保留字段；零增益不等于没有业务意义,0.0,0.0,0.0,0.23119684678561797,12.278400421142578
repay_settle_payment_n_last_first_delta,整笔结清前正向入账原流水条数｜最近减最早有效值,x = SUM(source_rows)，同serial有效payment_time≤整笔repaid_time且日期核验通过；finite(x)[-1]-finite(x)[0],S01｜order_loan_f_v2_copy（整笔订单）；S03｜repayment_record_copy（正向入账）,C：全部历史整笔已结清订单；按repaid_time、serial_id升序；流水核验失败保留缺失位置,条,float32,至少2个有效值；否则NaN,describe(),V2-LC-0269,提前还款与借还周期,T0固定时点；提单/App<T0，放款/整笔结清≤T0；支付<T0，已确认整笔同秒结清订单的已知同秒支付可=T0；当前条件为T0已知值。来源可得时间仍待上线核验。,已入模,保留字段；零增益不等于没有业务意义,0.3896785383563859,0.37925642947524524,0.43863358184043616,0.038771234062191545,24.82430076599121
repay_settle_payment_n_slope,整笔结清前正向入账原流水条数｜生命周期顺序趋势,x = SUM(source_rows)，同serial有效payment_time≤整笔repaid_time且日期核验通过；SUM((i-MEAN(i))*(x_i-MEAN(valid_x)))/SUM((i-MEAN(i))^2)，i为有效值在原序列中的位置,S01｜order_loan_f_v2_copy（整笔订单）；S03｜repayment_record_copy（正向入账）,C：全部历史整笔已结清订单；按repaid_time、serial_id升序；流水核验失败保留缺失位置,条／序号步,float32,至少2个有效值；否则NaN,describe(),V2-LC-0270,提前还款与借还周期,T0固定时点；提单/App<T0，放款/整笔结清≤T0；支付<T0，已确认整笔同秒结清订单的已知同秒支付可=T0；当前条件为T0已知值。来源可得时间仍待上线核验。,已入模,保留字段；零增益不等于没有业务意义,0.3896785383563859,0.37925642947524524,0.43863358184043616,0.030038743467674763,74.5132007598877
repay_settle_payment_n_last3_mean,整笔结清前正向入账原流水条数｜最近3笔有效均值,x = SUM(source_rows)，同serial有效payment_time≤整笔repaid_time且日期核验通过；MEAN(finite(x[-3:])),S01｜order_loan_f_v2_copy（整笔订单）；S03｜repayment_record_copy（正向入账）,C：全部历史整笔已结清订单；按repaid_time、serial_id升序；流水核验失败保留缺失位置,条,float32,原序列最近3笔中无有效值为NaN；不跳过缺失补足3笔,describe(),V2-LC-0271,提前还款与借还周期,T0固定时点；提单/App<T0，放款/整笔结清≤T0；支付<T0，已确认整笔同秒结清订单的已知同秒支付可=T0；当前条件为T0已知值。来源可得时间仍待上线核验。,已入模,保留字段；零增益不等于没有业务意义,0.0,0.0,0.0,0.23817415902876615,36.24169921875
repay_settle_payment_n_last5_mean,整笔结清前正向入账原流水条数｜最近5笔有效均值,x = SUM(source_rows)，同serial有效payment_time≤整笔repaid_time且日期核验通过；MEAN(finite(x[-5:])),S01｜order_loan_f_v2_copy（整笔订单）；S03｜repayment_record_copy（正向入账）,C：全部历史整笔已结清订单；按repaid_time、serial_id升序；流水核验失败保留缺失位置,条,float32,原序列最近5笔中无有效值为NaN；不跳过缺失补足5笔,describe(),V2-LC-0272,提前还款与借还周期,T0固定时点；提单/App<T0，放款/整笔结清≤T0；支付<T0，已确认整笔同秒结清订单的已知同秒支付可=T0；当前条件为T0已知值。来源可得时间仍待上线核验。,已入模,保留字段；零增益不等于没有业务意义,0.0,0.0,0.0,0.2565193698004876,65.32779884338379
repay_settle_payment_n_recent_lifetime_delta,整笔结清前正向入账原流水条数｜近期相对全历史变化,x = SUM(source_rows)，同serial有效payment_time≤整笔repaid_time且日期核验通过；MEAN(finite(x[-3:]))-MEAN(finite(x)),S01｜order_loan_f_v2_copy（整笔订单）；S03｜repayment_record_copy（正向入账）,C：全部历史整笔已结清订单；按repaid_time、serial_id升序；流水核验失败保留缺失位置,条,float32,任一侧无有效值为NaN,describe(),V2-LC-0273,提前还款与借还周期,T0固定时点；提单/App<T0，放款/整笔结清≤T0；支付<T0，已确认整笔同秒结清订单的已知同秒支付可=T0；当前条件为T0已知值。来源可得时间仍待上线核验。,已入模,保留字段；零增益不等于没有业务意义,0.0,0.0,0.0,0.003986528450031617,14.298199653625488
repay_settle_payment_n_l1,整笔结清前正向入账原流水条数｜最近第1笔,x = SUM(source_rows)，同serial有效payment_time≤整笔repaid_time且日期核验通过；x[-1],S01｜order_loan_f_v2_copy（整笔订单）；S03｜repayment_record_copy（正向入账）,C：全部历史整笔已结清订单；按repaid_time、serial_id升序；流水核验失败保留缺失位置,条,float32,不足1笔或该位置缺失为NaN；不改取第1个非空值,describe(lags=True),V2-LC-0274,提前还款与借还周期,T0固定时点；提单/App<T0，放款/整笔结清≤T0；支付<T0，已确认整笔同秒结清订单的已知同秒支付可=T0；当前条件为T0已知值。来源可得时间仍待上线核验。,已入模,保留字段；零增益不等于没有业务意义,0.0,0.0,0.0,0.20530088204911215,363.7131042480469
repay_settle_payment_n_l2,整笔结清前正向入账原流水条数｜最近第2笔,x = SUM(source_rows)，同serial有效payment_time≤整笔repaid_time且日期核验通过；x[-2],S01｜order_loan_f_v2_copy（整笔订单）；S03｜repayment_record_copy（正向入账）,C：全部历史整笔已结清订单；按repaid_time、serial_id升序；流水核验失败保留缺失位置,条,float32,不足2笔或该位置缺失为NaN；不改取第2个非空值,describe(lags=True),V2-LC-0275,提前还款与借还周期,T0固定时点；提单/App<T0，放款/整笔结清≤T0；支付<T0，已确认整笔同秒结清订单的已知同秒支付可=T0；当前条件为T0已知值。来源可得时间仍待上线核验。,已入模,保留字段；零增益不等于没有业务意义,0.3896785383563859,0.37925642947524524,0.43863358184043616,0.12540765374429744,0.0
repay_settle_payment_n_l3,整笔结清前正向入账原流水条数｜最近第3笔,x = SUM(source_rows)，同serial有效payment_time≤整笔repaid_time且日期核验通过；x[-3],S01｜order_loan_f_v2_copy（整笔订单）；S03｜repayment_record_copy（正向入账）,C：全部历史整笔已结清订单；按repaid_time、serial_id升序；流水核验失败保留缺失位置,条,float32,不足3笔或该位置缺失为NaN；不改取第3个非空值,describe(lags=True),V2-LC-0276,提前还款与借还周期,T0固定时点；提单/App<T0，放款/整笔结清≤T0；支付<T0，已确认整笔同秒结清订单的已知同秒支付可=T0；当前条件为T0已知值。来源可得时间仍待上线核验。,已入模,保留字段；零增益不等于没有业务意义,0.5907427277938647,0.5786165042675113,0.6293535106264604,0.07739558225119106,13.329299926757812
repay_settle_payment_n_l4,整笔结清前正向入账原流水条数｜最近第4笔,x = SUM(source_rows)，同serial有效payment_time≤整笔repaid_time且日期核验通过；x[-4],S01｜order_loan_f_v2_copy（整笔订单）；S03｜repayment_record_copy（正向入账）,C：全部历史整笔已结清订单；按repaid_time、serial_id升序；流水核验失败保留缺失位置,条,float32,不足4笔或该位置缺失为NaN；不改取第4个非空值,describe(lags=True),V2-LC-0277,提前还款与借还周期,T0固定时点；提单/App<T0，放款/整笔结清≤T0；支付<T0，已确认整笔同秒结清订单的已知同秒支付可=T0；当前条件为T0已知值。来源可得时间仍待上线核验。,已入模,保留字段；零增益不等于没有业务意义,0.7208070593192519,0.7113566575594188,0.7491932791810393,0.04909492083893364,0.0
repay_settle_payment_n_l5,整笔结清前正向入账原流水条数｜最近第5笔,x = SUM(source_rows)，同serial有效payment_time≤整笔repaid_time且日期核验通过；x[-5],S01｜order_loan_f_v2_copy（整笔订单）；S03｜repayment_record_copy（正向入账）,C：全部历史整笔已结清订单；按repaid_time、serial_id升序；流水核验失败保留缺失位置,条,float32,不足5笔或该位置缺失为NaN；不改取第5个非空值,describe(lags=True),V2-LC-0278,提前还款与借还周期,T0固定时点；提单/App<T0，放款/整笔结清≤T0；支付<T0，已确认整笔同秒结清订单的已知同秒支付可=T0；当前条件为T0已知值。来源可得时间仍待上线核验。,已入模,保留字段；零增益不等于没有业务意义,0.8064174738729734,0.7987378805096835,0.83220206965617,0.028314688013362448,0.0
repay_settle_payment_n_delta12,整笔结清前正向入账原流水条数｜最近1笔减最近2笔,x = SUM(source_rows)，同serial有效payment_time≤整笔repaid_time且日期核验通过；x[-1]-x[-2],S01｜order_loan_f_v2_copy（整笔订单）；S03｜repayment_record_copy（正向入账）,C：全部历史整笔已结清订单；按repaid_time、serial_id升序；流水核验失败保留缺失位置,条,float32,不足2笔或任一值缺失为NaN,describe(),V2-LC-0279,提前还款与借还周期,T0固定时点；提单/App<T0，放款/整笔结清≤T0；支付<T0，已确认整笔同秒结清订单的已知同秒支付可=T0；当前条件为T0已知值。来源可得时间仍待上线核验。,已入模,保留字段；零增益不等于没有业务意义,0.3896785383563859,0.37925642947524524,0.43863358184043616,0.02941535468804293,555.6968021392822
repay_settle_payment_n_delta23,整笔结清前正向入账原流水条数｜最近2笔减最近3笔,x = SUM(source_rows)，同serial有效payment_time≤整笔repaid_time且日期核验通过；x[-2]-x[-3],S01｜order_loan_f_v2_copy（整笔订单）；S03｜repayment_record_copy（正向入账）,C：全部历史整笔已结清订单；按repaid_time、serial_id升序；流水核验失败保留缺失位置,条,float32,不足3笔或任一值缺失为NaN,describe(),V2-LC-0280,提前还款与借还周期,T0固定时点；提单/App<T0，放款/整笔结清≤T0；支付<T0，已确认整笔同秒结清订单的已知同秒支付可=T0；当前条件为T0已知值。来源可得时间仍待上线核验。,已入模,保留字段；零增益不等于没有业务意义,0.5907427277938647,0.5786165042675113,0.6293535106264604,0.015326135342250245,33.524200439453125
repay_settle_payment_days_valid_n,整笔结清前实际支付日期数｜有效值数,x = COUNT_DISTINCT(payin_date)，同serial结清前有效正向入账且日期核验通过；COUNT(finite(x)),S01｜order_loan_f_v2_copy（整笔订单）；S03｜repayment_record_copy（正向入账）,C：全部历史整笔已结清订单；按repaid_time、serial_id升序；流水核验失败保留缺失位置,个,float32,无有效值返回0,describe(),V2-LC-0281,提前还款与借还周期,T0固定时点；提单/App<T0，放款/整笔结清≤T0；支付<T0，已确认整笔同秒结清订单的已知同秒支付可=T0；当前条件为T0已知值。来源可得时间仍待上线核验。,已入模,保留字段；零增益不等于没有业务意义,0.0,0.0,0.0,0.01713474245154859,0.0
repay_settle_payment_days_mean,整笔结清前实际支付日期数｜全历史均值,x = COUNT_DISTINCT(payin_date)，同serial结清前有效正向入账且日期核验通过；MEAN(finite(x)),S01｜order_loan_f_v2_copy（整笔订单）；S03｜repayment_record_copy（正向入账）,C：全部历史整笔已结清订单；按repaid_time、serial_id升序；流水核验失败保留缺失位置,自然日,float32,无有效值为NaN,describe(),V2-LC-0282,提前还款与借还周期,T0固定时点；提单/App<T0，放款/整笔结清≤T0；支付<T0，已确认整笔同秒结清订单的已知同秒支付可=T0；当前条件为T0已知值。来源可得时间仍待上线核验。,已入模,保留字段；零增益不等于没有业务意义,0.0,0.0,0.0,0.2447226601041465,108.98219966888428
repay_settle_payment_days_std,整笔结清前实际支付日期数｜全历史总体标准差,"x = COUNT_DISTINCT(payin_date)，同serial结清前有效正向入账且日期核验通过；STD(finite(x), ddof=0)",S01｜order_loan_f_v2_copy（整笔订单）；S03｜repayment_record_copy（正向入账）,C：全部历史整笔已结清订单；按repaid_time、serial_id升序；流水核验失败保留缺失位置,自然日,float32,无有效值为NaN；单个有效值为0,describe(),V2-LC-0283,提前还款与借还周期,T0固定时点；提单/App<T0，放款/整笔结清≤T0；支付<T0，已确认整笔同秒结清订单的已知同秒支付可=T0；当前条件为T0已知值。来源可得时间仍待上线核验。,已入模,保留字段；零增益不等于没有业务意义,0.0,0.0,0.0,0.004085364670135948,210.68220043182373
repay_settle_payment_days_min,整笔结清前实际支付日期数｜全历史最小值,x = COUNT_DISTINCT(payin_date)，同serial结清前有效正向入账且日期核验通过；MIN(finite(x)),S01｜order_loan_f_v2_copy（整笔订单）；S03｜repayment_record_copy（正向入账）,C：全部历史整笔已结清订单；按repaid_time、serial_id升序；流水核验失败保留缺失位置,自然日,float32,无有效值为NaN,describe(),V2-LC-0284,提前还款与借还周期,T0固定时点；提单/App<T0，放款/整笔结清≤T0；支付<T0，已确认整笔同秒结清订单的已知同秒支付可=T0；当前条件为T0已知值。来源可得时间仍待上线核验。,已入模,保留字段；零增益不等于没有业务意义,0.0,0.0,0.0,0.24692659704873388,0.0
repay_settle_payment_days_max,整笔结清前实际支付日期数｜全历史最大值,x = COUNT_DISTINCT(payin_date)，同serial结清前有效正向入账且日期核验通过；MAX(finite(x)),S01｜order_loan_f_v2_copy（整笔订单）；S03｜repayment_record_copy（正向入账）,C：全部历史整笔已结清订单；按repaid_time、serial_id升序；流水核验失败保留缺失位置,自然日,float32,无有效值为NaN,describe(),V2-LC-0285,提前还款与借还周期,T0固定时点；提单/App<T0，放款/整笔结清≤T0；支付<T0，已确认整笔同秒结清订单的已知同秒支付可=T0；当前条件为T0已知值。来源可得时间仍待上线核验。,已入模,保留字段；零增益不等于没有业务意义,0.0,0.0,0.0,0.2005245076137519,0.0
repay_settle_payment_days_last_first_delta,整笔结清前实际支付日期数｜最近减最早有效值,x = COUNT_DISTINCT(payin_date)，同serial结清前有效正向入账且日期核验通过；finite(x)[-1]-finite(x)[0],S01｜order_loan_f_v2_copy（整笔订单）；S03｜repayment_record_copy（正向入账）,C：全部历史整笔已结清订单；按repaid_time、serial_id升序；流水核验失败保留缺失位置,自然日,float32,至少2个有效值；否则NaN,describe(),V2-LC-0286,提前还款与借还周期,T0固定时点；提单/App<T0，放款/整笔结清≤T0；支付<T0，已确认整笔同秒结清订单的已知同秒支付可=T0；当前条件为T0已知值。来源可得时间仍待上线核验。,已入模,保留字段；零增益不等于没有业务意义,0.3896785383563859,0.37925642947524524,0.43863358184043616,0.042241051693342004,57.258700370788574
repay_settle_payment_days_slope,整笔结清前实际支付日期数｜生命周期顺序趋势,x = COUNT_DISTINCT(payin_date)，同serial结清前有效正向入账且日期核验通过；SUM((i-MEAN(i))*(x_i-MEAN(valid_x)))/SUM((i-MEAN(i))^2)，i为有效值在原序列中的位置,S01｜order_loan_f_v2_copy（整笔订单）；S03｜repayment_record_copy（正向入账）,C：全部历史整笔已结清订单；按repaid_time、serial_id升序；流水核验失败保留缺失位置,自然日／序号步,float32,至少2个有效值；否则NaN,describe(),V2-LC-0287,提前还款与借还周期,T0固定时点；提单/App<T0，放款/整笔结清≤T0；支付<T0，已确认整笔同秒结清订单的已知同秒支付可=T0；当前条件为T0已知值。来源可得时间仍待上线核验。,已入模,保留字段；零增益不等于没有业务意义,0.3896785383563859,0.37925642947524524,0.43863358184043616,0.03398028688611665,83.77849960327148
repay_settle_payment_days_last3_mean,整笔结清前实际支付日期数｜最近3笔有效均值,x = COUNT_DISTINCT(payin_date)，同serial结清前有效正向入账且日期核验通过；MEAN(finite(x[-3:])),S01｜order_loan_f_v2_copy（整笔订单）；S03｜repayment_record_copy（正向入账）,C：全部历史整笔已结清订单；按repaid_time、serial_id升序；流水核验失败保留缺失位置,自然日,float32,原序列最近3笔中无有效值为NaN；不跳过缺失补足3笔,describe(),V2-LC-0288,提前还款与借还周期,T0固定时点；提单/App<T0，放款/整笔结清≤T0；支付<T0，已确认整笔同秒结清订单的已知同秒支付可=T0；当前条件为T0已知值。来源可得时间仍待上线核验。,已入模,保留字段；零增益不等于没有业务意义,0.0,0.0,0.0,0.21185181520485497,29.418700218200684
repay_settle_payment_days_last5_mean,整笔结清前实际支付日期数｜最近5笔有效均值,x = COUNT_DISTINCT(payin_date)，同serial结清前有效正向入账且日期核验通过；MEAN(finite(x[-5:])),S01｜order_loan_f_v2_copy（整笔订单）；S03｜repayment_record_copy（正向入账）,C：全部历史整笔已结清订单；按repaid_time、serial_id升序；流水核验失败保留缺失位置,自然日,float32,原序列最近5笔中无有效值为NaN；不跳过缺失补足5笔,describe(),V2-LC-0289,提前还款与借还周期,T0固定时点；提单/App<T0，放款/整笔结清≤T0；支付<T0，已确认整笔同秒结清订单的已知同秒支付可=T0；当前条件为T0已知值。来源可得时间仍待上线核验。,已入模,保留字段；零增益不等于没有业务意义,0.0,0.0,0.0,0.23360665108931739,70.08559989929199
repay_settle_payment_days_recent_lifetime_delta,整笔结清前实际支付日期数｜近期相对全历史变化,x = COUNT_DISTINCT(payin_date)，同serial结清前有效正向入账且日期核验通过；MEAN(finite(x[-3:]))-MEAN(finite(x)),S01｜order_loan_f_v2_copy（整笔订单）；S03｜repayment_record_copy（正向入账）,C：全部历史整笔已结清订单；按repaid_time、serial_id升序；流水核验失败保留缺失位置,自然日,float32,任一侧无有效值为NaN,describe(),V2-LC-0290,提前还款与借还周期,T0固定时点；提单/App<T0，放款/整笔结清≤T0；支付<T0，已确认整笔同秒结清订单的已知同秒支付可=T0；当前条件为T0已知值。来源可得时间仍待上线核验。,已入模,保留字段；零增益不等于没有业务意义,0.0,0.0,0.0,0.0038065537799051846,15.989899635314941
repay_settle_payment_days_l1,整笔结清前实际支付日期数｜最近第1笔,x = COUNT_DISTINCT(payin_date)，同serial结清前有效正向入账且日期核验通过；x[-1],S01｜order_loan_f_v2_copy（整笔订单）；S03｜repayment_record_copy（正向入账）,C：全部历史整笔已结清订单；按repaid_time、serial_id升序；流水核验失败保留缺失位置,自然日,float32,不足1笔或该位置缺失为NaN；不改取第1个非空值,describe(lags=True),V2-LC-0291,提前还款与借还周期,T0固定时点；提单/App<T0，放款/整笔结清≤T0；支付<T0，已确认整笔同秒结清订单的已知同秒支付可=T0；当前条件为T0已知值。来源可得时间仍待上线核验。,已入模,保留字段；零增益不等于没有业务意义,0.0,0.0,0.0,0.1721489344982647,105.44310188293457
repay_settle_payment_days_l2,整笔结清前实际支付日期数｜最近第2笔,x = COUNT_DISTINCT(payin_date)，同serial结清前有效正向入账且日期核验通过；x[-2],S01｜order_loan_f_v2_copy（整笔订单）；S03｜repayment_record_copy（正向入账）,C：全部历史整笔已结清订单；按repaid_time、serial_id升序；流水核验失败保留缺失位置,自然日,float32,不足2笔或该位置缺失为NaN；不改取第2个非空值,describe(lags=True),V2-LC-0292,提前还款与借还周期,T0固定时点；提单/App<T0，放款/整笔结清≤T0；支付<T0，已确认整笔同秒结清订单的已知同秒支付可=T0；当前条件为T0已知值。来源可得时间仍待上线核验。,已入模,保留字段；零增益不等于没有业务意义,0.3896785383563859,0.37925642947524524,0.43863358184043616,0.10952785555048344,0.0
repay_settle_payment_days_l3,整笔结清前实际支付日期数｜最近第3笔,x = COUNT_DISTINCT(payin_date)，同serial结清前有效正向入账且日期核验通过；x[-3],S01｜order_loan_f_v2_copy（整笔订单）；S03｜repayment_record_copy（正向入账）,C：全部历史整笔已结清订单；按repaid_time、serial_id升序；流水核验失败保留缺失位置,自然日,float32,不足3笔或该位置缺失为NaN；不改取第3个非空值,describe(lags=True),V2-LC-0293,提前还款与借还周期,T0固定时点；提单/App<T0，放款/整笔结清≤T0；支付<T0，已确认整笔同秒结清订单的已知同秒支付可=T0；当前条件为T0已知值。来源可得时间仍待上线核验。,已入模,保留字段；零增益不等于没有业务意义,0.5907427277938647,0.5786165042675113,0.6293535106264604,0.0680285033072186,24.950599670410156
repay_settle_payment_days_l4,整笔结清前实际支付日期数｜最近第4笔,x = COUNT_DISTINCT(payin_date)，同serial结清前有效正向入账且日期核验通过；x[-4],S01｜order_loan_f_v2_copy（整笔订单）；S03｜repayment_record_copy（正向入账）,C：全部历史整笔已结清订单；按repaid_time、serial_id升序；流水核验失败保留缺失位置,自然日,float32,不足4笔或该位置缺失为NaN；不改取第4个非空值,describe(lags=True),V2-LC-0294,提前还款与借还周期,T0固定时点；提单/App<T0，放款/整笔结清≤T0；支付<T0，已确认整笔同秒结清订单的已知同秒支付可=T0；当前条件为T0已知值。来源可得时间仍待上线核验。,已入模,保留字段；零增益不等于没有业务意义,0.7208070593192519,0.7113566575594188,0.7491932791810393,0.03855154262791111,0.0
repay_settle_payment_days_l5,整笔结清前实际支付日期数｜最近第5笔,x = COUNT_DISTINCT(payin_date)，同serial结清前有效正向入账且日期核验通过；x[-5],S01｜order_loan_f_v2_copy（整笔订单）；S03｜repayment_record_copy（正向入账）,C：全部历史整笔已结清订单；按repaid_time、serial_id升序；流水核验失败保留缺失位置,自然日,float32,不足5笔或该位置缺失为NaN；不改取第5个非空值,describe(lags=True),V2-LC-0295,提前还款与借还周期,T0固定时点；提单/App<T0，放款/整笔结清≤T0；支付<T0，已确认整笔同秒结清订单的已知同秒支付可=T0；当前条件为T0已知值。来源可得时间仍待上线核验。,已入模,保留字段；零增益不等于没有业务意义,0.8064174738729734,0.7987378805096835,0.83220206965617,0.02318750527811512,22.180299758911133
repay_settle_payment_days_delta12,整笔结清前实际支付日期数｜最近1笔减最近2笔,x = COUNT_DISTINCT(payin_date)，同serial结清前有效正向入账且日期核验通过；x[-1]-x[-2],S01｜order_loan_f_v2_copy（整笔订单）；S03｜repayment_record_copy（正向入账）,C：全部历史整笔已结清订单；按repaid_time、serial_id升序；流水核验失败保留缺失位置,自然日,float32,不足2笔或任一值缺失为NaN,describe(),V2-LC-0296,提前还款与借还周期,T0固定时点；提单/App<T0，放款/整笔结清≤T0；支付<T0，已确认整笔同秒结清订单的已知同秒支付可=T0；当前条件为T0已知值。来源可得时间仍待上线核验。,已入模,保留字段；零增益不等于没有业务意义,0.3896785383563859,0.37925642947524524,0.43863358184043616,0.031735641217405366,282.673996925354
repay_settle_payment_days_delta23,整笔结清前实际支付日期数｜最近2笔减最近3笔,x = COUNT_DISTINCT(payin_date)，同serial结清前有效正向入账且日期核验通过；x[-2]-x[-3],S01｜order_loan_f_v2_copy（整笔订单）；S03｜repayment_record_copy（正向入账）,C：全部历史整笔已结清订单；按repaid_time、serial_id升序；流水核验失败保留缺失位置,自然日,float32,不足3笔或任一值缺失为NaN,describe(),V2-LC-0297,提前还款与借还周期,T0固定时点；提单/App<T0，放款/整笔结清≤T0；支付<T0，已确认整笔同秒结清订单的已知同秒支付可=T0；当前条件为T0已知值。来源可得时间仍待上线核验。,已入模,保留字段；零增益不等于没有业务意义,0.5907427277938647,0.5786165042675113,0.6293535106264604,0.016233019869332323,35.85700035095215
repay_settle_cash_remit_ratio_valid_n,整笔结清前实收金额对放款比｜有效值数,x = SUM(结清前正向amount)/C.remit_amt；日期核验通过；COUNT(finite(x)),S01｜order_loan_f_v2_copy（整笔订单）；S03｜repayment_record_copy（正向入账）,C：全部历史整笔已结清订单；按repaid_time、serial_id升序；流水核验失败保留缺失位置,个,float32,无有效值返回0,describe(),V2-LC-0298,提前还款与借还周期,T0固定时点；提单/App<T0，放款/整笔结清≤T0；支付<T0，已确认整笔同秒结清订单的已知同秒支付可=T0；当前条件为T0已知值。来源可得时间仍待上线核验。,已入模,保留字段；零增益不等于没有业务意义,0.0,0.0,0.0,0.01713474245154859,0.0
repay_settle_cash_remit_ratio_mean,整笔结清前实收金额对放款比｜全历史均值,x = SUM(结清前正向amount)/C.remit_amt；日期核验通过；MEAN(finite(x)),S01｜order_loan_f_v2_copy（整笔订单）；S03｜repayment_record_copy（正向入账）,C：全部历史整笔已结清订单；按repaid_time、serial_id升序；流水核验失败保留缺失位置,比例（非未来最终盈利率）,float32,无有效值为NaN,describe(),V2-LC-0299,提前还款与借还周期,T0固定时点；提单/App<T0，放款/整笔结清≤T0；支付<T0，已确认整笔同秒结清订单的已知同秒支付可=T0；当前条件为T0已知值。来源可得时间仍待上线核验。,已入模,保留字段；零增益不等于没有业务意义,0.0,0.0,0.0,1.078519347541321,257.2264995574951
repay_settle_cash_remit_ratio_std,整笔结清前实收金额对放款比｜全历史总体标准差,"x = SUM(结清前正向amount)/C.remit_amt；日期核验通过；STD(finite(x), ddof=0)",S01｜order_loan_f_v2_copy（整笔订单）；S03｜repayment_record_copy（正向入账）,C：全部历史整笔已结清订单；按repaid_time、serial_id升序；流水核验失败保留缺失位置,比例（非未来最终盈利率）,float32,无有效值为NaN；单个有效值为0,describe(),V2-LC-0300,提前还款与借还周期,T0固定时点；提单/App<T0，放款/整笔结清≤T0；支付<T0，已确认整笔同秒结清订单的已知同秒支付可=T0；当前条件为T0已知值。来源可得时间仍待上线核验。,已入模,保留字段；零增益不等于没有业务意义,0.0,0.0,0.0,0.020279432133843044,86.8292989730835
repay_settle_cash_remit_ratio_min,整笔结清前实收金额对放款比｜全历史最小值,x = SUM(结清前正向amount)/C.remit_amt；日期核验通过；MIN(finite(x)),S01｜order_loan_f_v2_copy（整笔订单）；S03｜repayment_record_copy（正向入账）,C：全部历史整笔已结清订单；按repaid_time、serial_id升序；流水核验失败保留缺失位置,比例（非未来最终盈利率）,float32,无有效值为NaN,describe(),V2-LC-0301,提前还款与借还周期,T0固定时点；提单/App<T0，放款/整笔结清≤T0；支付<T0，已确认整笔同秒结清订单的已知同秒支付可=T0；当前条件为T0已知值。来源可得时间仍待上线核验。,已入模,保留字段；零增益不等于没有业务意义,0.0,0.0,0.0,0.7078383981938388,286.84100246429443
repay_settle_cash_remit_ratio_max,整笔结清前实收金额对放款比｜全历史最大值,x = SUM(结清前正向amount)/C.remit_amt；日期核验通过；MAX(finite(x)),S01｜order_loan_f_v2_copy（整笔订单）；S03｜repayment_record_copy（正向入账）,C：全部历史整笔已结清订单；按repaid_time、serial_id升序；流水核验失败保留缺失位置,比例（非未来最终盈利率）,float32,无有效值为NaN,describe(),V2-LC-0302,提前还款与借还周期,T0固定时点；提单/App<T0，放款/整笔结清≤T0；支付<T0，已确认整笔同秒结清订单的已知同秒支付可=T0；当前条件为T0已知值。来源可得时间仍待上线核验。,已入模,保留字段；零增益不等于没有业务意义,0.0,0.0,0.0,0.9164607424942469,122.39519882202148
repay_settle_cash_remit_ratio_last_first_delta,整笔结清前实收金额对放款比｜最近减最早有效值,x = SUM(结清前正向amount)/C.remit_amt；日期核验通过；finite(x)[-1]-finite(x)[0],S01｜order_loan_f_v2_copy（整笔订单）；S03｜repayment_record_copy（正向入账）,C：全部历史整笔已结清订单；按repaid_time、serial_id升序；流水核验失败保留缺失位置,比例（非未来最终盈利率）,float32,至少2个有效值；否则NaN,describe(),V2-LC-0303,提前还款与借还周期,T0固定时点；提单/App<T0，放款/整笔结清≤T0；支付<T0，已确认整笔同秒结清订单的已知同秒支付可=T0；当前条件为T0已知值。来源可得时间仍待上线核验。,已入模,保留字段；零增益不等于没有业务意义,0.3896785383563859,0.37925642947524524,0.43863358184043616,0.0555572227925577,131.05509853363037
repay_settle_cash_remit_ratio_slope,整笔结清前实收金额对放款比｜生命周期顺序趋势,x = SUM(结清前正向amount)/C.remit_amt；日期核验通过；SUM((i-MEAN(i))*(x_i-MEAN(valid_x)))/SUM((i-MEAN(i))^2)，i为有效值在原序列中的位置,S01｜order_loan_f_v2_copy（整笔订单）；S03｜repayment_record_copy（正向入账）,C：全部历史整笔已结清订单；按repaid_time、serial_id升序；流水核验失败保留缺失位置,比例（非未来最终盈利率）／序号步,float32,至少2个有效值；否则NaN,describe(),V2-LC-0304,提前还款与借还周期,T0固定时点；提单/App<T0，放款/整笔结清≤T0；支付<T0，已确认整笔同秒结清订单的已知同秒支付可=T0；当前条件为T0已知值。来源可得时间仍待上线核验。,已入模,保留字段；零增益不等于没有业务意义,0.3896785383563859,0.37925642947524524,0.43863358184043616,0.07550197044415016,29.26609992980957
repay_settle_cash_remit_ratio_last3_mean,整笔结清前实收金额对放款比｜最近3笔有效均值,x = SUM(结清前正向amount)/C.remit_amt；日期核验通过；MEAN(finite(x[-3:])),S01｜order_loan_f_v2_copy（整笔订单）；S03｜repayment_record_copy（正向入账）,C：全部历史整笔已结清订单；按repaid_time、serial_id升序；流水核验失败保留缺失位置,比例（非未来最终盈利率）,float32,原序列最近3笔中无有效值为NaN；不跳过缺失补足3笔,describe(),V2-LC-0305,提前还款与借还周期,T0固定时点；提单/App<T0，放款/整笔结清≤T0；支付<T0，已确认整笔同秒结清订单的已知同秒支付可=T0；当前条件为T0已知值。来源可得时间仍待上线核验。,已入模,保留字段；零增益不等于没有业务意义,0.0,0.0,0.0,0.9634703471690402,350.9322986602783
repay_settle_cash_remit_ratio_last5_mean,整笔结清前实收金额对放款比｜最近5笔有效均值,x = SUM(结清前正向amount)/C.remit_amt；日期核验通过；MEAN(finite(x[-5:])),S01｜order_loan_f_v2_copy（整笔订单）；S03｜repayment_record_copy（正向入账）,C：全部历史整笔已结清订单；按repaid_time、serial_id升序；流水核验失败保留缺失位置,比例（非未来最终盈利率）,float32,原序列最近5笔中无有效值为NaN；不跳过缺失补足5笔,describe(),V2-LC-0306,提前还款与借还周期,T0固定时点；提单/App<T0，放款/整笔结清≤T0；支付<T0，已确认整笔同秒结清订单的已知同秒支付可=T0；当前条件为T0已知值。来源可得时间仍待上线核验。,已入模,保留字段；零增益不等于没有业务意义,0.0,0.0,0.0,1.0306210394646884,200.4656000137329
repay_settle_cash_remit_ratio_recent_lifetime_delta,整笔结清前实收金额对放款比｜近期相对全历史变化,x = SUM(结清前正向amount)/C.remit_amt；日期核验通过；MEAN(finite(x[-3:]))-MEAN(finite(x)),S01｜order_loan_f_v2_copy（整笔订单）；S03｜repayment_record_copy（正向入账）,C：全部历史整笔已结清订单；按repaid_time、serial_id升序；流水核验失败保留缺失位置,比例（非未来最终盈利率）,float32,任一侧无有效值为NaN,describe(),V2-LC-0307,提前还款与借还周期,T0固定时点；提单/App<T0，放款/整笔结清≤T0；支付<T0，已确认整笔同秒结清订单的已知同秒支付可=T0；当前条件为T0已知值。来源可得时间仍待上线核验。,已入模,保留字段；零增益不等于没有业务意义,0.0,0.0,0.0,0.005356243494093286,48.66029930114746
repay_settle_cash_remit_ratio_l1,整笔结清前实收金额对放款比｜最近第1笔,x = SUM(结清前正向amount)/C.remit_amt；日期核验通过；x[-1],S01｜order_loan_f_v2_copy（整笔订单）；S03｜repayment_record_copy（正向入账）,C：全部历史整笔已结清订单；按repaid_time、serial_id升序；流水核验失败保留缺失位置,比例（非未来最终盈利率）,float32,不足1笔或该位置缺失为NaN；不改取第1个非空值,describe(lags=True),V2-LC-0308,提前还款与借还周期,T0固定时点；提单/App<T0，放款/整笔结清≤T0；支付<T0，已确认整笔同秒结清订单的已知同秒支付可=T0；当前条件为T0已知值。来源可得时间仍待上线核验。,已入模,保留字段；零增益不等于没有业务意义,0.0,0.0,0.0,0.7955688226329862,1247.0464277267456
repay_settle_cash_remit_ratio_l2,整笔结清前实收金额对放款比｜最近第2笔,x = SUM(结清前正向amount)/C.remit_amt；日期核验通过；x[-2],S01｜order_loan_f_v2_copy（整笔订单）；S03｜repayment_record_copy（正向入账）,C：全部历史整笔已结清订单；按repaid_time、serial_id升序；流水核验失败保留缺失位置,比例（非未来最终盈利率）,float32,不足2笔或该位置缺失为NaN；不改取第2个非空值,describe(lags=True),V2-LC-0309,提前还款与借还周期,T0固定时点；提单/App<T0，放款/整笔结清≤T0；支付<T0，已确认整笔同秒结清订单的已知同秒支付可=T0；当前条件为T0已知值。来源可得时间仍待上线核验。,已入模,保留字段；零增益不等于没有业务意义,0.3896785383563859,0.37925642947524524,0.43863358184043616,0.4258637928755768,190.06819820404053
repay_settle_cash_remit_ratio_l3,整笔结清前实收金额对放款比｜最近第3笔,x = SUM(结清前正向amount)/C.remit_amt；日期核验通过；x[-3],S01｜order_loan_f_v2_copy（整笔订单）；S03｜repayment_record_copy（正向入账）,C：全部历史整笔已结清订单；按repaid_time、serial_id升序；流水核验失败保留缺失位置,比例（非未来最终盈利率）,float32,不足3笔或该位置缺失为NaN；不改取第3个非空值,describe(lags=True),V2-LC-0310,提前还款与借还周期,T0固定时点；提单/App<T0，放款/整笔结清≤T0；支付<T0，已确认整笔同秒结清订单的已知同秒支付可=T0；当前条件为T0已知值。来源可得时间仍待上线核验。,已入模,保留字段；零增益不等于没有业务意义,0.5907427277938647,0.5786165042675113,0.6293535106264604,0.2638799815173331,65.59189891815186
repay_settle_cash_remit_ratio_l4,整笔结清前实收金额对放款比｜最近第4笔,x = SUM(结清前正向amount)/C.remit_amt；日期核验通过；x[-4],S01｜order_loan_f_v2_copy（整笔订单）；S03｜repayment_record_copy（正向入账）,C：全部历史整笔已结清订单；按repaid_time、serial_id升序；流水核验失败保留缺失位置,比例（非未来最终盈利率）,float32,不足4笔或该位置缺失为NaN；不改取第4个非空值,describe(lags=True),V2-LC-0311,提前还款与借还周期,T0固定时点；提单/App<T0，放款/整笔结清≤T0；支付<T0，已确认整笔同秒结清订单的已知同秒支付可=T0；当前条件为T0已知值。来源可得时间仍待上线核验。,已入模,保留字段；零增益不等于没有业务意义,0.7208070593192519,0.7113566575594188,0.7491932791810393,0.1844179330661026,112.43251991271973
repay_settle_cash_remit_ratio_l5,整笔结清前实收金额对放款比｜最近第5笔,x = SUM(结清前正向amount)/C.remit_amt；日期核验通过；x[-5],S01｜order_loan_f_v2_copy（整笔订单）；S03｜repayment_record_copy（正向入账）,C：全部历史整笔已结清订单；按repaid_time、serial_id升序；流水核验失败保留缺失位置,比例（非未来最终盈利率）,float32,不足5笔或该位置缺失为NaN；不改取第5个非空值,describe(lags=True),V2-LC-0312,提前还款与借还周期,T0固定时点；提单/App<T0，放款/整笔结清≤T0；支付<T0，已确认整笔同秒结清订单的已知同秒支付可=T0；当前条件为T0已知值。来源可得时间仍待上线核验。,已入模,保留字段；零增益不等于没有业务意义,0.8064174738729734,0.7987378805096835,0.83220206965617,0.0840749887984331,20.98200035095215
repay_settle_cash_remit_ratio_delta12,整笔结清前实收金额对放款比｜最近1笔减最近2笔,x = SUM(结清前正向amount)/C.remit_amt；日期核验通过；x[-1]-x[-2],S01｜order_loan_f_v2_copy（整笔订单）；S03｜repayment_record_copy（正向入账）,C：全部历史整笔已结清订单；按repaid_time、serial_id升序；流水核验失败保留缺失位置,比例（非未来最终盈利率）,float32,不足2笔或任一值缺失为NaN,describe(),V2-LC-0313,提前还款与借还周期,T0固定时点；提单/App<T0，放款/整笔结清≤T0；支付<T0，已确认整笔同秒结清订单的已知同秒支付可=T0；当前条件为T0已知值。来源可得时间仍待上线核验。,已入模,保留字段；零增益不等于没有业务意义,0.3896785383563859,0.37925642947524524,0.43863358184043616,0.046570407587602544,90.20210075378418
repay_settle_cash_remit_ratio_delta23,整笔结清前实收金额对放款比｜最近2笔减最近3笔,x = SUM(结清前正向amount)/C.remit_amt；日期核验通过；x[-2]-x[-3],S01｜order_loan_f_v2_copy（整笔订单）；S03｜repayment_record_copy（正向入账）,C：全部历史整笔已结清订单；按repaid_time、serial_id升序；流水核验失败保留缺失位置,比例（非未来最终盈利率）,float32,不足3笔或任一值缺失为NaN,describe(),V2-LC-0314,提前还款与借还周期,T0固定时点；提单/App<T0，放款/整笔结清≤T0；支付<T0，已确认整笔同秒结清订单的已知同秒支付可=T0；当前条件为T0已知值。来源可得时间仍待上线核验。,已入模,保留字段；零增益不等于没有业务意义,0.5907427277938647,0.5786165042675113,0.6293535106264604,0.021531941888288338,88.31350040435791
repay_late_n,逾期结清｜次数,x = C.due_date - DATE(C.flow_settle_time)；flag = finite(x) AND (x<0)；SUM(flag),S01｜order_loan_f_v2_copy（整笔订单）；S03｜repayment_record_copy（正向入账）,C：全部历史整笔已结清订单；按repaid_time、serial_id升序；流水核验失败保留缺失位置,次,float32,无符合条件值为0,rates()；阈值累计项可交叉，不是互斥分档,V2-LC-0315,提前还款与借还周期,T0固定时点；提单/App<T0，放款/整笔结清≤T0；支付<T0，已确认整笔同秒结清订单的已知同秒支付可=T0；当前条件为T0已知值。来源可得时间仍待上线核验。,已入模,保留字段；零增益不等于没有业务意义,0.0,0.0,0.0,0.04494960774360108,0.0
repay_late_share,逾期结清｜占比,x = C.due_date - DATE(C.flow_settle_time)；flag = finite(x) AND (x<0)；SUM(flag)/COUNT(finite(x)),S01｜order_loan_f_v2_copy（整笔订单）；S03｜repayment_record_copy（正向入账）,C：全部历史整笔已结清订单；按repaid_time、serial_id升序；流水核验失败保留缺失位置,比例,float32,无有效x为NaN；有效x存在且无符合值为0,rates()；阈值累计项可交叉，不是互斥分档,V2-LC-0316,提前还款与借还周期,T0固定时点；提单/App<T0，放款/整笔结清≤T0；支付<T0，已确认整笔同秒结清订单的已知同秒支付可=T0；当前条件为T0已知值。来源可得时间仍待上线核验。,已入模,保留字段；零增益不等于没有业务意义,0.0,0.0,0.0,0.051570935434252244,59.722900390625
repay_late_current_streak,逾期结清｜当前连续次数,x = C.due_date - DATE(C.flow_settle_time)；flag = finite(x) AND (x<0)；从序列末尾向前累计连续True，遇False即止,S01｜order_loan_f_v2_copy（整笔订单）；S03｜repayment_record_copy（正向入账）,C：全部历史整笔已结清订单；按repaid_time、serial_id升序；流水核验失败保留缺失位置,次,float32,缺失转False、中断连续；空序列为0,rates()；阈值累计项可交叉，不是互斥分档,V2-LC-0317,提前还款与借还周期,T0固定时点；提单/App<T0，放款/整笔结清≤T0；支付<T0，已确认整笔同秒结清订单的已知同秒支付可=T0；当前条件为T0已知值。来源可得时间仍待上线核验。,已入模,保留字段；零增益不等于没有业务意义,0.0,0.0,0.0,0.0,0.0
repay_late_max_streak,逾期结清｜历史最长连续次数,x = C.due_date - DATE(C.flow_settle_time)；flag = finite(x) AND (x<0)；序列中最长连续True长度,S01｜order_loan_f_v2_copy（整笔订单）；S03｜repayment_record_copy（正向入账）,C：全部历史整笔已结清订单；按repaid_time、serial_id升序；流水核验失败保留缺失位置,次,float32,缺失转False、中断连续；空序列为0,rates()；阈值累计项可交叉，不是互斥分档,V2-LC-0318,提前还款与借还周期,T0固定时点；提单/App<T0，放款/整笔结清≤T0；支付<T0，已确认整笔同秒结清订单的已知同秒支付可=T0；当前条件为T0已知值。来源可得时间仍待上线核验。,已入模,保留字段；零增益不等于没有业务意义,0.0,0.0,0.0,0.04494960774360108,0.0
repay_ontime_n,到期日结清｜次数,x = C.due_date - DATE(C.flow_settle_time)；flag = finite(x) AND (x==0)；SUM(flag),S01｜order_loan_f_v2_copy（整笔订单）；S03｜repayment_record_copy（正向入账）,C：全部历史整笔已结清订单；按repaid_time、serial_id升序；流水核验失败保留缺失位置,次,float32,无符合条件值为0,rates()；阈值累计项可交叉，不是互斥分档,V2-LC-0319,提前还款与借还周期,T0固定时点；提单/App<T0，放款/整笔结清≤T0；支付<T0，已确认整笔同秒结清订单的已知同秒支付可=T0；当前条件为T0已知值。来源可得时间仍待上线核验。,已入模,保留字段；零增益不等于没有业务意义,0.0,0.0,0.0,0.0012345178349252451,142.7706995010376
repay_ontime_share,到期日结清｜占比,x = C.due_date - DATE(C.flow_settle_time)；flag = finite(x) AND (x==0)；SUM(flag)/COUNT(finite(x)),S01｜order_loan_f_v2_copy（整笔订单）；S03｜repayment_record_copy（正向入账）,C：全部历史整笔已结清订单；按repaid_time、serial_id升序；流水核验失败保留缺失位置,比例,float32,无有效x为NaN；有效x存在且无符合值为0,rates()；阈值累计项可交叉，不是互斥分档,V2-LC-0320,提前还款与借还周期,T0固定时点；提单/App<T0，放款/整笔结清≤T0；支付<T0，已确认整笔同秒结清订单的已知同秒支付可=T0；当前条件为T0已知值。来源可得时间仍待上线核验。,已入模,保留字段；零增益不等于没有业务意义,0.0,0.0,0.0,0.005050174240456228,90.36889934539795
repay_ontime_current_streak,到期日结清｜当前连续次数,x = C.due_date - DATE(C.flow_settle_time)；flag = finite(x) AND (x==0)；从序列末尾向前累计连续True，遇False即止,S01｜order_loan_f_v2_copy（整笔订单）；S03｜repayment_record_copy（正向入账）,C：全部历史整笔已结清订单；按repaid_time、serial_id升序；流水核验失败保留缺失位置,次,float32,缺失转False、中断连续；空序列为0,rates()；阈值累计项可交叉，不是互斥分档,V2-LC-0321,提前还款与借还周期,T0固定时点；提单/App<T0，放款/整笔结清≤T0；支付<T0，已确认整笔同秒结清订单的已知同秒支付可=T0；当前条件为T0已知值。来源可得时间仍待上线核验。,已入模,保留字段；零增益不等于没有业务意义,0.0,0.0,0.0,0.002691031761426678,195.9653024673462
repay_ontime_max_streak,到期日结清｜历史最长连续次数,x = C.due_date - DATE(C.flow_settle_time)；flag = finite(x) AND (x==0)；序列中最长连续True长度,S01｜order_loan_f_v2_copy（整笔订单）；S03｜repayment_record_copy（正向入账）,C：全部历史整笔已结清订单；按repaid_time、serial_id升序；流水核验失败保留缺失位置,次,float32,缺失转False、中断连续；空序列为0,rates()；阈值累计项可交叉，不是互斥分档,V2-LC-0322,提前还款与借还周期,T0固定时点；提单/App<T0，放款/整笔结清≤T0；支付<T0，已确认整笔同秒结清订单的已知同秒支付可=T0；当前条件为T0已知值。来源可得时间仍待上线核验。,已入模,保留字段；零增益不等于没有业务意义,0.0,0.0,0.0,0.0012268378551456116,0.0
repay_early_1_2_n,提前1–2天｜次数,x = C.due_date - DATE(C.flow_settle_time)；flag = finite(x) AND (1≤x<3)；SUM(flag),S01｜order_loan_f_v2_copy（整笔订单）；S03｜repayment_record_copy（正向入账）,C：全部历史整笔已结清订单；按repaid_time、serial_id升序；流水核验失败保留缺失位置,次,float32,无符合条件值为0,rates()；阈值累计项可交叉，不是互斥分档,V2-LC-0323,提前还款与借还周期,T0固定时点；提单/App<T0，放款/整笔结清≤T0；支付<T0，已确认整笔同秒结清订单的已知同秒支付可=T0；当前条件为T0已知值。来源可得时间仍待上线核验。,已入模,保留字段；零增益不等于没有业务意义,0.0,0.0,0.0,0.008998284634688176,0.0
repay_early_1_2_share,提前1–2天｜占比,x = C.due_date - DATE(C.flow_settle_time)；flag = finite(x) AND (1≤x<3)；SUM(flag)/COUNT(finite(x)),S01｜order_loan_f_v2_copy（整笔订单）；S03｜repayment_record_copy（正向入账）,C：全部历史整笔已结清订单；按repaid_time、serial_id升序；流水核验失败保留缺失位置,比例,float32,无有效x为NaN；有效x存在且无符合值为0,rates()；阈值累计项可交叉，不是互斥分档,V2-LC-0324,提前还款与借还周期,T0固定时点；提单/App<T0，放款/整笔结清≤T0；支付<T0，已确认整笔同秒结清订单的已知同秒支付可=T0；当前条件为T0已知值。来源可得时间仍待上线核验。,已入模,保留字段；零增益不等于没有业务意义,0.0,0.0,0.0,0.006423605293508422,41.333600997924805
repay_early_1_2_current_streak,提前1–2天｜当前连续次数,x = C.due_date - DATE(C.flow_settle_time)；flag = finite(x) AND (1≤x<3)；从序列末尾向前累计连续True，遇False即止,S01｜order_loan_f_v2_copy（整笔订单）；S03｜repayment_record_copy（正向入账）,C：全部历史整笔已结清订单；按repaid_time、serial_id升序；流水核验失败保留缺失位置,次,float32,缺失转False、中断连续；空序列为0,rates()；阈值累计项可交叉，不是互斥分档,V2-LC-0325,提前还款与借还周期,T0固定时点；提单/App<T0，放款/整笔结清≤T0；支付<T0，已确认整笔同秒结清订单的已知同秒支付可=T0；当前条件为T0已知值。来源可得时间仍待上线核验。,已入模,保留字段；零增益不等于没有业务意义,0.0,0.0,0.0,0.0015668288600187664,119.3927001953125
repay_early_1_2_max_streak,提前1–2天｜历史最长连续次数,x = C.due_date - DATE(C.flow_settle_time)；flag = finite(x) AND (1≤x<3)；序列中最长连续True长度,S01｜order_loan_f_v2_copy（整笔订单）；S03｜repayment_record_copy（正向入账）,C：全部历史整笔已结清订单；按repaid_time、serial_id升序；流水核验失败保留缺失位置,次,float32,缺失转False、中断连续；空序列为0,rates()；阈值累计项可交叉，不是互斥分档,V2-LC-0326,提前还款与借还周期,T0固定时点；提单/App<T0，放款/整笔结清≤T0；支付<T0，已确认整笔同秒结清订单的已知同秒支付可=T0；当前条件为T0已知值。来源可得时间仍待上线核验。,已入模,保留字段；零增益不等于没有业务意义,0.0,0.0,0.0,0.00686459409334919,0.0
repay_early_3_6_n,提前3–6天｜次数,x = C.due_date - DATE(C.flow_settle_time)；flag = finite(x) AND (3≤x<7)；SUM(flag),S01｜order_loan_f_v2_copy（整笔订单）；S03｜repayment_record_copy（正向入账）,C：全部历史整笔已结清订单；按repaid_time、serial_id升序；流水核验失败保留缺失位置,次,float32,无符合条件值为0,rates()；阈值累计项可交叉，不是互斥分档,V2-LC-0327,提前还款与借还周期,T0固定时点；提单/App<T0，放款/整笔结清≤T0；支付<T0，已确认整笔同秒结清订单的已知同秒支付可=T0；当前条件为T0已知值。来源可得时间仍待上线核验。,已入模,保留字段；零增益不等于没有业务意义,0.0,0.0,0.0,0.008243051326768341,0.0
repay_early_3_6_share,提前3–6天｜占比,x = C.due_date - DATE(C.flow_settle_time)；flag = finite(x) AND (3≤x<7)；SUM(flag)/COUNT(finite(x)),S01｜order_loan_f_v2_copy（整笔订单）；S03｜repayment_record_copy（正向入账）,C：全部历史整笔已结清订单；按repaid_time、serial_id升序；流水核验失败保留缺失位置,比例,float32,无有效x为NaN；有效x存在且无符合值为0,rates()；阈值累计项可交叉，不是互斥分档,V2-LC-0328,提前还款与借还周期,T0固定时点；提单/App<T0，放款/整笔结清≤T0；支付<T0，已确认整笔同秒结清订单的已知同秒支付可=T0；当前条件为T0已知值。来源可得时间仍待上线核验。,已入模,保留字段；零增益不等于没有业务意义,0.0,0.0,0.0,0.008783460123222755,100.37020015716553
repay_early_3_6_current_streak,提前3–6天｜当前连续次数,x = C.due_date - DATE(C.flow_settle_time)；flag = finite(x) AND (3≤x<7)；从序列末尾向前累计连续True，遇False即止,S01｜order_loan_f_v2_copy（整笔订单）；S03｜repayment_record_copy（正向入账）,C：全部历史整笔已结清订单；按repaid_time、serial_id升序；流水核验失败保留缺失位置,次,float32,缺失转False、中断连续；空序列为0,rates()；阈值累计项可交叉，不是互斥分档,V2-LC-0329,提前还款与借还周期,T0固定时点；提单/App<T0，放款/整笔结清≤T0；支付<T0，已确认整笔同秒结清订单的已知同秒支付可=T0；当前条件为T0已知值。来源可得时间仍待上线核验。,已入模,保留字段；零增益不等于没有业务意义,0.0,0.0,0.0,0.003150404869701659,51.12650108337402
repay_early_3_6_max_streak,提前3–6天｜历史最长连续次数,x = C.due_date - DATE(C.flow_settle_time)；flag = finite(x) AND (3≤x<7)；序列中最长连续True长度,S01｜order_loan_f_v2_copy（整笔订单）；S03｜repayment_record_copy（正向入账）,C：全部历史整笔已结清订单；按repaid_time、serial_id升序；流水核验失败保留缺失位置,次,float32,缺失转False、中断连续；空序列为0,rates()；阈值累计项可交叉，不是互斥分档,V2-LC-0330,提前还款与借还周期,T0固定时点；提单/App<T0，放款/整笔结清≤T0；支付<T0，已确认整笔同秒结清订单的已知同秒支付可=T0；当前条件为T0已知值。来源可得时间仍待上线核验。,已入模,保留字段；零增益不等于没有业务意义,0.0,0.0,0.0,0.008243051326768341,0.0
repay_early_7_9_n,提前7–9天｜次数,x = C.due_date - DATE(C.flow_settle_time)；flag = finite(x) AND (7≤x<10)；SUM(flag),S01｜order_loan_f_v2_copy（整笔订单）；S03｜repayment_record_copy（正向入账）,C：全部历史整笔已结清订单；按repaid_time、serial_id升序；流水核验失败保留缺失位置,次,float32,无符合条件值为0,rates()；阈值累计项可交叉，不是互斥分档,V2-LC-0331,提前还款与借还周期,T0固定时点；提单/App<T0，放款/整笔结清≤T0；支付<T0，已确认整笔同秒结清订单的已知同秒支付可=T0；当前条件为T0已知值。来源可得时间仍待上线核验。,已入模,保留字段；零增益不等于没有业务意义,0.0,0.0,0.0,0.06690371853997074,24.168399810791016
repay_early_7_9_share,提前7–9天｜占比,x = C.due_date - DATE(C.flow_settle_time)；flag = finite(x) AND (7≤x<10)；SUM(flag)/COUNT(finite(x)),S01｜order_loan_f_v2_copy（整笔订单）；S03｜repayment_record_copy（正向入账）,C：全部历史整笔已结清订单；按repaid_time、serial_id升序；流水核验失败保留缺失位置,比例,float32,无有效x为NaN；有效x存在且无符合值为0,rates()；阈值累计项可交叉，不是互斥分档,V2-LC-0332,提前还款与借还周期,T0固定时点；提单/App<T0，放款/整笔结清≤T0；支付<T0，已确认整笔同秒结清订单的已知同秒支付可=T0；当前条件为T0已知值。来源可得时间仍待上线核验。,已入模,保留字段；零增益不等于没有业务意义,0.0,0.0,0.0,0.051996886841979284,103.32559967041016
repay_early_7_9_current_streak,提前7–9天｜当前连续次数,x = C.due_date - DATE(C.flow_settle_time)；flag = finite(x) AND (7≤x<10)；从序列末尾向前累计连续True，遇False即止,S01｜order_loan_f_v2_copy（整笔订单）；S03｜repayment_record_copy（正向入账）,C：全部历史整笔已结清订单；按repaid_time、serial_id升序；流水核验失败保留缺失位置,次,float32,缺失转False、中断连续；空序列为0,rates()；阈值累计项可交叉，不是互斥分档,V2-LC-0333,提前还款与借还周期,T0固定时点；提单/App<T0，放款/整笔结清≤T0；支付<T0，已确认整笔同秒结清订单的已知同秒支付可=T0；当前条件为T0已知值。来源可得时间仍待上线核验。,已入模,保留字段；零增益不等于没有业务意义,0.0,0.0,0.0,0.03496936560580606,81.52629852294922
repay_early_7_9_max_streak,提前7–9天｜历史最长连续次数,x = C.due_date - DATE(C.flow_settle_time)；flag = finite(x) AND (7≤x<10)；序列中最长连续True长度,S01｜order_loan_f_v2_copy（整笔订单）；S03｜repayment_record_copy（正向入账）,C：全部历史整笔已结清订单；按repaid_time、serial_id升序；流水核验失败保留缺失位置,次,float32,缺失转False、中断连续；空序列为0,rates()；阈值累计项可交叉，不是互斥分档,V2-LC-0334,提前还款与借还周期,T0固定时点；提单/App<T0，放款/整笔结清≤T0；支付<T0，已确认整笔同秒结清订单的已知同秒支付可=T0；当前条件为T0已知值。来源可得时间仍待上线核验。,已入模,保留字段；零增益不等于没有业务意义,0.0,0.0,0.0,0.05279936277787298,0.0
repay_early_10_13_n,提前10–13天｜次数,x = C.due_date - DATE(C.flow_settle_time)；flag = finite(x) AND (10≤x<14)；SUM(flag),S01｜order_loan_f_v2_copy（整笔订单）；S03｜repayment_record_copy（正向入账）,C：全部历史整笔已结清订单；按repaid_time、serial_id升序；流水核验失败保留缺失位置,次,float32,无符合条件值为0,rates()；阈值累计项可交叉，不是互斥分档,V2-LC-0335,提前还款与借还周期,T0固定时点；提单/App<T0，放款/整笔结清≤T0；支付<T0，已确认整笔同秒结清订单的已知同秒支付可=T0；当前条件为T0已知值。来源可得时间仍待上线核验。,已入模,保留字段；零增益不等于没有业务意义,0.0,0.0,0.0,5.371912290204545e-05,14.232500076293945
repay_early_10_13_share,提前10–13天｜占比,x = C.due_date - DATE(C.flow_settle_time)；flag = finite(x) AND (10≤x<14)；SUM(flag)/COUNT(finite(x)),S01｜order_loan_f_v2_copy（整笔订单）；S03｜repayment_record_copy（正向入账）,C：全部历史整笔已结清订单；按repaid_time、serial_id升序；流水核验失败保留缺失位置,比例,float32,无有效x为NaN；有效x存在且无符合值为0,rates()；阈值累计项可交叉，不是互斥分档,V2-LC-0336,提前还款与借还周期,T0固定时点；提单/App<T0，放款/整笔结清≤T0；支付<T0，已确认整笔同秒结清订单的已知同秒支付可=T0；当前条件为T0已知值。来源可得时间仍待上线核验。,已入模,保留字段；零增益不等于没有业务意义,0.0,0.0,0.0,0.002059073704965979,114.44079875946045
repay_early_10_13_current_streak,提前10–13天｜当前连续次数,x = C.due_date - DATE(C.flow_settle_time)；flag = finite(x) AND (10≤x<14)；从序列末尾向前累计连续True，遇False即止,S01｜order_loan_f_v2_copy（整笔订单）；S03｜repayment_record_copy（正向入账）,C：全部历史整笔已结清订单；按repaid_time、serial_id升序；流水核验失败保留缺失位置,次,float32,缺失转False、中断连续；空序列为0,rates()；阈值累计项可交叉，不是互斥分档,V2-LC-0337,提前还款与借还周期,T0固定时点；提单/App<T0，放款/整笔结清≤T0；支付<T0，已确认整笔同秒结清订单的已知同秒支付可=T0；当前条件为T0已知值。来源可得时间仍待上线核验。,已入模,保留字段；零增益不等于没有业务意义,0.0,0.0,0.0,0.0,0.0
repay_early_10_13_max_streak,提前10–13天｜历史最长连续次数,x = C.due_date - DATE(C.flow_settle_time)；flag = finite(x) AND (10≤x<14)；序列中最长连续True长度,S01｜order_loan_f_v2_copy（整笔订单）；S03｜repayment_record_copy（正向入账）,C：全部历史整笔已结清订单；按repaid_time、serial_id升序；流水核验失败保留缺失位置,次,float32,缺失转False、中断连续；空序列为0,rates()；阈值累计项可交叉，不是互斥分档,V2-LC-0338,提前还款与借还周期,T0固定时点；提单/App<T0，放款/整笔结清≤T0；支付<T0，已确认整笔同秒结清订单的已知同秒支付可=T0；当前条件为T0已知值。来源可得时间仍待上线核验。,已入模,保留字段；零增益不等于没有业务意义,0.0,0.0,0.0,5.371912290204545e-05,0.0
repay_early_ge14_n,提前≥14天｜次数,x = C.due_date - DATE(C.flow_settle_time)；flag = finite(x) AND (x≥14)；SUM(flag),S01｜order_loan_f_v2_copy（整笔订单）；S03｜repayment_record_copy（正向入账）,C：全部历史整笔已结清订单；按repaid_time、serial_id升序；流水核验失败保留缺失位置,次,float32,无符合条件值为0,rates()；阈值累计项可交叉，不是互斥分档,V2-LC-0339,提前还款与借还周期,T0固定时点；提单/App<T0，放款/整笔结清≤T0；支付<T0，已确认整笔同秒结清订单的已知同秒支付可=T0；当前条件为T0已知值。来源可得时间仍待上线核验。,已入模,保留字段；零增益不等于没有业务意义,0.0,0.0,0.0,0.0003163159322764026,0.0
repay_early_ge14_share,提前≥14天｜占比,x = C.due_date - DATE(C.flow_settle_time)；flag = finite(x) AND (x≥14)；SUM(flag)/COUNT(finite(x)),S01｜order_loan_f_v2_copy（整笔订单）；S03｜repayment_record_copy（正向入账）,C：全部历史整笔已结清订单；按repaid_time、serial_id升序；流水核验失败保留缺失位置,比例,float32,无有效x为NaN；有效x存在且无符合值为0,rates()；阈值累计项可交叉，不是互斥分档,V2-LC-0340,提前还款与借还周期,T0固定时点；提单/App<T0，放款/整笔结清≤T0；支付<T0，已确认整笔同秒结清订单的已知同秒支付可=T0；当前条件为T0已知值。来源可得时间仍待上线核验。,已入模,保留字段；零增益不等于没有业务意义,0.0,0.0,0.0,0.005676641336131801,114.30990028381348
repay_early_ge14_current_streak,提前≥14天｜当前连续次数,x = C.due_date - DATE(C.flow_settle_time)；flag = finite(x) AND (x≥14)；从序列末尾向前累计连续True，遇False即止,S01｜order_loan_f_v2_copy（整笔订单）；S03｜repayment_record_copy（正向入账）,C：全部历史整笔已结清订单；按repaid_time、serial_id升序；流水核验失败保留缺失位置,次,float32,缺失转False、中断连续；空序列为0,rates()；阈值累计项可交叉，不是互斥分档,V2-LC-0341,提前还款与借还周期,T0固定时点；提单/App<T0，放款/整笔结清≤T0；支付<T0，已确认整笔同秒结清订单的已知同秒支付可=T0；当前条件为T0已知值。来源可得时间仍待上线核验。,已入模,保留字段；零增益不等于没有业务意义,0.0,0.0,0.0,0.0019215332959125254,0.0
repay_early_ge14_max_streak,提前≥14天｜历史最长连续次数,x = C.due_date - DATE(C.flow_settle_time)；flag = finite(x) AND (x≥14)；序列中最长连续True长度,S01｜order_loan_f_v2_copy（整笔订单）；S03｜repayment_record_copy（正向入账）,C：全部历史整笔已结清订单；按repaid_time、serial_id升序；流水核验失败保留缺失位置,次,float32,缺失转False、中断连续；空序列为0,rates()；阈值累计项可交叉，不是互斥分档,V2-LC-0342,提前还款与借还周期,T0固定时点；提单/App<T0，放款/整笔结清≤T0；支付<T0，已确认整笔同秒结清订单的已知同秒支付可=T0；当前条件为T0已知值。来源可得时间仍待上线核验。,已入模,保留字段；零增益不等于没有业务意义,0.0,0.0,0.0,0.0003163159322764026,22.47800064086914
repay_early_ge3_n,提前≥3天｜次数,x = C.due_date - DATE(C.flow_settle_time)；flag = finite(x) AND (x≥3)；SUM(flag),S01｜order_loan_f_v2_copy（整笔订单）；S03｜repayment_record_copy（正向入账）,C：全部历史整笔已结清订单；按repaid_time、serial_id升序；流水核验失败保留缺失位置,次,float32,无符合条件值为0,rates()；阈值累计项可交叉，不是互斥分档,V2-LC-0343,提前还款与借还周期,T0固定时点；提单/App<T0，放款/整笔结清≤T0；支付<T0，已确认整笔同秒结清订单的已知同秒支付可=T0；当前条件为T0已知值。来源可得时间仍待上线核验。,已入模,保留字段；零增益不等于没有业务意义,0.0,0.0,0.0,0.041056566357292115,24.336599349975586
repay_early_ge3_share,提前≥3天｜占比,x = C.due_date - DATE(C.flow_settle_time)；flag = finite(x) AND (x≥3)；SUM(flag)/COUNT(finite(x)),S01｜order_loan_f_v2_copy（整笔订单）；S03｜repayment_record_copy（正向入账）,C：全部历史整笔已结清订单；按repaid_time、serial_id升序；流水核验失败保留缺失位置,比例,float32,无有效x为NaN；有效x存在且无符合值为0,rates()；阈值累计项可交叉，不是互斥分档,V2-LC-0344,提前还款与借还周期,T0固定时点；提单/App<T0，放款/整笔结清≤T0；支付<T0，已确认整笔同秒结清订单的已知同秒支付可=T0；当前条件为T0已知值。来源可得时间仍待上线核验。,已入模,保留字段；零增益不等于没有业务意义,0.0,0.0,0.0,0.023984247387263662,776.7053842544556
repay_early_ge3_current_streak,提前≥3天｜当前连续次数,x = C.due_date - DATE(C.flow_settle_time)；flag = finite(x) AND (x≥3)；从序列末尾向前累计连续True，遇False即止,S01｜order_loan_f_v2_copy（整笔订单）；S03｜repayment_record_copy（正向入账）,C：全部历史整笔已结清订单；按repaid_time、serial_id升序；流水核验失败保留缺失位置,次,float32,缺失转False、中断连续；空序列为0,rates()；阈值累计项可交叉，不是互斥分档,V2-LC-0345,提前还款与借还周期,T0固定时点；提单/App<T0，放款/整笔结清≤T0；支付<T0，已确认整笔同秒结清订单的已知同秒支付可=T0；当前条件为T0已知值。来源可得时间仍待上线核验。,已入模,保留字段；零增益不等于没有业务意义,0.0,0.0,0.0,0.02864050842629705,121.12860107421875
repay_early_ge3_max_streak,提前≥3天｜历史最长连续次数,x = C.due_date - DATE(C.flow_settle_time)；flag = finite(x) AND (x≥3)；序列中最长连续True长度,S01｜order_loan_f_v2_copy（整笔订单）；S03｜repayment_record_copy（正向入账）,C：全部历史整笔已结清订单；按repaid_time、serial_id升序；流水核验失败保留缺失位置,次,float32,缺失转False、中断连续；空序列为0,rates()；阈值累计项可交叉，不是互斥分档,V2-LC-0346,提前还款与借还周期,T0固定时点；提单/App<T0，放款/整笔结清≤T0；支付<T0，已确认整笔同秒结清订单的已知同秒支付可=T0；当前条件为T0已知值。来源可得时间仍待上线核验。,已入模,保留字段；零增益不等于没有业务意义,0.0,0.0,0.0,0.04472480939676138,0.0
repay_early_ge7_n,提前≥7天｜次数,x = C.due_date - DATE(C.flow_settle_time)；flag = finite(x) AND (x≥7)；SUM(flag),S01｜order_loan_f_v2_copy（整笔订单）；S03｜repayment_record_copy（正向入账）,C：全部历史整笔已结清订单；按repaid_time、serial_id升序；流水核验失败保留缺失位置,次,float32,无符合条件值为0,rates()；阈值累计项可交叉，不是互斥分档,V2-LC-0347,提前还款与借还周期,T0固定时点；提单/App<T0，放款/整笔结清≤T0；支付<T0，已确认整笔同秒结清订单的已知同秒支付可=T0；当前条件为T0已知值。来源可得时间仍待上线核验。,已入模,保留字段；零增益不等于没有业务意义,0.0,0.0,0.0,0.02951229918185547,0.0
repay_early_ge7_share,提前≥7天｜占比,x = C.due_date - DATE(C.flow_settle_time)；flag = finite(x) AND (x≥7)；SUM(flag)/COUNT(finite(x)),S01｜order_loan_f_v2_copy（整笔订单）；S03｜repayment_record_copy（正向入账）,C：全部历史整笔已结清订单；按repaid_time、serial_id升序；流水核验失败保留缺失位置,比例,float32,无有效x为NaN；有效x存在且无符合值为0,rates()；阈值累计项可交叉，不是互斥分档,V2-LC-0348,提前还款与借还周期,T0固定时点；提单/App<T0，放款/整笔结清≤T0；支付<T0，已确认整笔同秒结清订单的已知同秒支付可=T0；当前条件为T0已知值。来源可得时间仍待上线核验。,已入模,保留字段；零增益不等于没有业务意义,0.0,0.0,0.0,0.01862392036230157,183.13020038604736
repay_early_ge7_current_streak,提前≥7天｜当前连续次数,x = C.due_date - DATE(C.flow_settle_time)；flag = finite(x) AND (x≥7)；从序列末尾向前累计连续True，遇False即止,S01｜order_loan_f_v2_copy（整笔订单）；S03｜repayment_record_copy（正向入账）,C：全部历史整笔已结清订单；按repaid_time、serial_id升序；流水核验失败保留缺失位置,次,float32,缺失转False、中断连续；空序列为0,rates()；阈值累计项可交叉，不是互斥分档,V2-LC-0349,提前还款与借还周期,T0固定时点；提单/App<T0，放款/整笔结清≤T0；支付<T0，已确认整笔同秒结清订单的已知同秒支付可=T0；当前条件为T0已知值。来源可得时间仍待上线核验。,已入模,保留字段；零增益不等于没有业务意义,0.0,0.0,0.0,0.015024648016765608,75.30200004577637
repay_early_ge7_max_streak,提前≥7天｜历史最长连续次数,x = C.due_date - DATE(C.flow_settle_time)；flag = finite(x) AND (x≥7)；序列中最长连续True长度,S01｜order_loan_f_v2_copy（整笔订单）；S03｜repayment_record_copy（正向入账）,C：全部历史整笔已结清订单；按repaid_time、serial_id升序；流水核验失败保留缺失位置,次,float32,缺失转False、中断连续；空序列为0,rates()；阈值累计项可交叉，不是互斥分档,V2-LC-0350,提前还款与借还周期,T0固定时点；提单/App<T0，放款/整笔结清≤T0；支付<T0，已确认整笔同秒结清订单的已知同秒支付可=T0；当前条件为T0已知值。来源可得时间仍待上线核验。,已入模,保留字段；零增益不等于没有业务意义,0.0,0.0,0.0,0.031094012599939387,95.59020233154297
repay_early_ge10_n,提前≥10天｜次数,x = C.due_date - DATE(C.flow_settle_time)；flag = finite(x) AND (x≥10)；SUM(flag),S01｜order_loan_f_v2_copy（整笔订单）；S03｜repayment_record_copy（正向入账）,C：全部历史整笔已结清订单；按repaid_time、serial_id升序；流水核验失败保留缺失位置,次,float32,无符合条件值为0,rates()；阈值累计项可交叉，不是互斥分档,V2-LC-0351,提前还款与借还周期,T0固定时点；提单/App<T0，放款/整笔结清≤T0；支付<T0，已确认整笔同秒结清订单的已知同秒支付可=T0；当前条件为T0已知值。来源可得时间仍待上线核验。,已入模,保留字段；零增益不等于没有业务意义,0.0,0.0,0.0,0.0008264155560356219,0.0
repay_early_ge10_share,提前≥10天｜占比,x = C.due_date - DATE(C.flow_settle_time)；flag = finite(x) AND (x≥10)；SUM(flag)/COUNT(finite(x)),S01｜order_loan_f_v2_copy（整笔订单）；S03｜repayment_record_copy（正向入账）,C：全部历史整笔已结清订单；按repaid_time、serial_id升序；流水核验失败保留缺失位置,比例,float32,无有效x为NaN；有效x存在且无符合值为0,rates()；阈值累计项可交叉，不是互斥分档,V2-LC-0352,提前还款与借还周期,T0固定时点；提单/App<T0，放款/整笔结清≤T0；支付<T0，已确认整笔同秒结清订单的已知同秒支付可=T0；当前条件为T0已知值。来源可得时间仍待上线核验。,已入模,保留字段；零增益不等于没有业务意义,0.0,0.0,0.0,0.009158200701785076,67.51639938354492
repay_early_ge10_current_streak,提前≥10天｜当前连续次数,x = C.due_date - DATE(C.flow_settle_time)；flag = finite(x) AND (x≥10)；从序列末尾向前累计连续True，遇False即止,S01｜order_loan_f_v2_copy（整笔订单）；S03｜repayment_record_copy（正向入账）,C：全部历史整笔已结清订单；按repaid_time、serial_id升序；流水核验失败保留缺失位置,次,float32,缺失转False、中断连续；空序列为0,rates()；阈值累计项可交叉，不是互斥分档,V2-LC-0353,提前还款与借还周期,T0固定时点；提单/App<T0，放款/整笔结清≤T0；支付<T0，已确认整笔同秒结清订单的已知同秒支付可=T0；当前条件为T0已知值。来源可得时间仍待上线核验。,已入模,保留字段；零增益不等于没有业务意义,0.0,0.0,0.0,0.003579343323020211,0.0
repay_early_ge10_max_streak,提前≥10天｜历史最长连续次数,x = C.due_date - DATE(C.flow_settle_time)；flag = finite(x) AND (x≥10)；序列中最长连续True长度,S01｜order_loan_f_v2_copy（整笔订单）；S03｜repayment_record_copy（正向入账）,C：全部历史整笔已结清订单；按repaid_time、serial_id升序；流水核验失败保留缺失位置,次,float32,缺失转False、中断连续；空序列为0,rates()；阈值累计项可交叉，不是互斥分档,V2-LC-0354,提前还款与借还周期,T0固定时点；提单/App<T0，放款/整笔结清≤T0；支付<T0，已确认整笔同秒结清订单的已知同秒支付可=T0；当前条件为T0已知值。来源可得时间仍待上线核验。,已入模,保留字段；零增益不等于没有业务意义,0.0,0.0,0.0,0.0009603462622161265,0.0
util_low80_n,使用率<80%｜次数,x = F.apply_amt / F.credit_amt；两者必须>0；flag = finite(x) AND (x<0.8)；SUM(flag),S01｜order_loan_f_v2_copy（整笔订单）；S02｜order_vir_f_copy（获额）,F：全部历史成功放款订单；按remit_time、serial_id升序,次,float32,无符合条件值为0,rates()；阈值累计项可交叉，不是互斥分档,V2-LC-0355,需求使用率与交互,T0固定时点；提单/App<T0，放款/整笔结清≤T0；支付<T0，已确认整笔同秒结清订单的已知同秒支付可=T0；当前条件为T0已知值。来源可得时间仍待上线核验。,已入模,保留字段；零增益不等于没有业务意义,0.0,0.0,0.0,0.023204662059256247,0.0
util_low80_share,使用率<80%｜占比,x = F.apply_amt / F.credit_amt；两者必须>0；flag = finite(x) AND (x<0.8)；SUM(flag)/COUNT(finite(x)),S01｜order_loan_f_v2_copy（整笔订单）；S02｜order_vir_f_copy（获额）,F：全部历史成功放款订单；按remit_time、serial_id升序,比例,float32,无有效x为NaN；有效x存在且无符合值为0,rates()；阈值累计项可交叉，不是互斥分档,V2-LC-0356,需求使用率与交互,T0固定时点；提单/App<T0，放款/整笔结清≤T0；支付<T0，已确认整笔同秒结清订单的已知同秒支付可=T0；当前条件为T0已知值。来源可得时间仍待上线核验。,已入模,保留字段；零增益不等于没有业务意义,0.0017834482285557498,0.002691876818427267,0.00022254367419606097,0.04503864995742171,16.028200149536133
util_low80_current_streak,使用率<80%｜当前连续次数,x = F.apply_amt / F.credit_amt；两者必须>0；flag = finite(x) AND (x<0.8)；从序列末尾向前累计连续True，遇False即止,S01｜order_loan_f_v2_copy（整笔订单）；S02｜order_vir_f_copy（获额）,F：全部历史成功放款订单；按remit_time、serial_id升序,次,float32,缺失转False、中断连续；空序列为0,rates()；阈值累计项可交叉，不是互斥分档,V2-LC-0357,需求使用率与交互,T0固定时点；提单/App<T0，放款/整笔结清≤T0；支付<T0，已确认整笔同秒结清订单的已知同秒支付可=T0；当前条件为T0已知值。来源可得时间仍待上线核验。,已入模,保留字段；零增益不等于没有业务意义,0.0,0.0,0.0,0.01869359557992056,0.0
util_low80_max_streak,使用率<80%｜历史最长连续次数,x = F.apply_amt / F.credit_amt；两者必须>0；flag = finite(x) AND (x<0.8)；序列中最长连续True长度,S01｜order_loan_f_v2_copy（整笔订单）；S02｜order_vir_f_copy（获额）,F：全部历史成功放款订单；按remit_time、serial_id升序,次,float32,缺失转False、中断连续；空序列为0,rates()；阈值累计项可交叉，不是互斥分档,V2-LC-0358,需求使用率与交互,T0固定时点；提单/App<T0，放款/整笔结清≤T0；支付<T0，已确认整笔同秒结清订单的已知同秒支付可=T0；当前条件为T0已知值。来源可得时间仍待上线核验。,已入模,保留字段；零增益不等于没有业务意义,0.0,0.0,0.0,0.016715102604347956,0.0
util_80_99_n,使用率80%–<99%｜次数,x = F.apply_amt / F.credit_amt；两者必须>0；flag = finite(x) AND (0.8≤x<0.99)；SUM(flag),S01｜order_loan_f_v2_copy（整笔订单）；S02｜order_vir_f_copy（获额）,F：全部历史成功放款订单；按remit_time、serial_id升序,次,float32,无符合条件值为0,rates()；阈值累计项可交叉，不是互斥分档,V2-LC-0359,需求使用率与交互,T0固定时点；提单/App<T0，放款/整笔结清≤T0；支付<T0，已确认整笔同秒结清订单的已知同秒支付可=T0；当前条件为T0已知值。来源可得时间仍待上线核验。,已入模,保留字段；零增益不等于没有业务意义,0.0,0.0,0.0,0.0,0.0
util_80_99_share,使用率80%–<99%｜占比,x = F.apply_amt / F.credit_amt；两者必须>0；flag = finite(x) AND (0.8≤x<0.99)；SUM(flag)/COUNT(finite(x)),S01｜order_loan_f_v2_copy（整笔订单）；S02｜order_vir_f_copy（获额）,F：全部历史成功放款订单；按remit_time、serial_id升序,比例,float32,无有效x为NaN；有效x存在且无符合值为0,rates()；阈值累计项可交叉，不是互斥分档,V2-LC-0360,需求使用率与交互,T0固定时点；提单/App<T0，放款/整笔结清≤T0；支付<T0，已确认整笔同秒结清订单的已知同秒支付可=T0；当前条件为T0已知值。来源可得时间仍待上线核验。,已入模,保留字段；零增益不等于没有业务意义,0.0017834482285557498,0.002691876818427267,0.00022254367419606097,0.006161834406988983,15.4552001953125
util_80_99_current_streak,使用率80%–<99%｜当前连续次数,x = F.apply_amt / F.credit_amt；两者必须>0；flag = finite(x) AND (0.8≤x<0.99)；从序列末尾向前累计连续True，遇False即止,S01｜order_loan_f_v2_copy（整笔订单）；S02｜order_vir_f_copy（获额）,F：全部历史成功放款订单；按remit_time、serial_id升序,次,float32,缺失转False、中断连续；空序列为0,rates()；阈值累计项可交叉，不是互斥分档,V2-LC-0361,需求使用率与交互,T0固定时点；提单/App<T0，放款/整笔结清≤T0；支付<T0，已确认整笔同秒结清订单的已知同秒支付可=T0；当前条件为T0已知值。来源可得时间仍待上线核验。,已入模,保留字段；零增益不等于没有业务意义,0.0,0.0,0.0,0.0,0.0
util_80_99_max_streak,使用率80%–<99%｜历史最长连续次数,x = F.apply_amt / F.credit_amt；两者必须>0；flag = finite(x) AND (0.8≤x<0.99)；序列中最长连续True长度,S01｜order_loan_f_v2_copy（整笔订单）；S02｜order_vir_f_copy（获额）,F：全部历史成功放款订单；按remit_time、serial_id升序,次,float32,缺失转False、中断连续；空序列为0,rates()；阈值累计项可交叉，不是互斥分档,V2-LC-0362,需求使用率与交互,T0固定时点；提单/App<T0，放款/整笔结清≤T0；支付<T0，已确认整笔同秒结清订单的已知同秒支付可=T0；当前条件为T0已知值。来源可得时间仍待上线核验。,已入模,保留字段；零增益不等于没有业务意义,0.0,0.0,0.0,0.0,0.0
util_99_100_n,使用率99%–100%｜次数,x = F.apply_amt / F.credit_amt；两者必须>0；flag = finite(x) AND (0.99≤x≤1)；SUM(flag),S01｜order_loan_f_v2_copy（整笔订单）；S02｜order_vir_f_copy（获额）,F：全部历史成功放款订单；按remit_time、serial_id升序,次,float32,无符合条件值为0,rates()；阈值累计项可交叉，不是互斥分档,V2-LC-0363,需求使用率与交互,T0固定时点；提单/App<T0，放款/整笔结清≤T0；支付<T0，已确认整笔同秒结清订单的已知同秒支付可=T0；当前条件为T0已知值。来源可得时间仍待上线核验。,已入模,保留字段；零增益不等于没有业务意义,0.0,0.0,0.0,0.1111644039448482,689.4980840682983
util_99_100_share,使用率99%–100%｜占比,x = F.apply_amt / F.credit_amt；两者必须>0；flag = finite(x) AND (0.99≤x≤1)；SUM(flag)/COUNT(finite(x)),S01｜order_loan_f_v2_copy（整笔订单）；S02｜order_vir_f_copy（获额）,F：全部历史成功放款订单；按remit_time、serial_id升序,比例,float32,无有效x为NaN；有效x存在且无符合值为0,rates()；阈值累计项可交叉，不是互斥分档,V2-LC-0364,需求使用率与交互,T0固定时点；提单/App<T0，放款/整笔结清≤T0；支付<T0，已确认整笔同秒结清订单的已知同秒支付可=T0；当前条件为T0已知值。来源可得时间仍待上线核验。,已入模,保留字段；零增益不等于没有业务意义,0.0017834482285557498,0.002691876818427267,0.00022254367419606097,0.10534781897389854,14.30049991607666
util_99_100_current_streak,使用率99%–100%｜当前连续次数,x = F.apply_amt / F.credit_amt；两者必须>0；flag = finite(x) AND (0.99≤x≤1)；从序列末尾向前累计连续True，遇False即止,S01｜order_loan_f_v2_copy（整笔订单）；S02｜order_vir_f_copy（获额）,F：全部历史成功放款订单；按remit_time、serial_id升序,次,float32,缺失转False、中断连续；空序列为0,rates()；阈值累计项可交叉，不是互斥分档,V2-LC-0365,需求使用率与交互,T0固定时点；提单/App<T0，放款/整笔结清≤T0；支付<T0，已确认整笔同秒结清订单的已知同秒支付可=T0；当前条件为T0已知值。来源可得时间仍待上线核验。,已入模,保留字段；零增益不等于没有业务意义,0.0,0.0,0.0,0.07230886312907109,46.325199127197266
util_99_100_max_streak,使用率99%–100%｜历史最长连续次数,x = F.apply_amt / F.credit_amt；两者必须>0；flag = finite(x) AND (0.99≤x≤1)；序列中最长连续True长度,S01｜order_loan_f_v2_copy（整笔订单）；S02｜order_vir_f_copy（获额）,F：全部历史成功放款订单；按remit_time、serial_id升序,次,float32,缺失转False、中断连续；空序列为0,rates()；阈值累计项可交叉，不是互斥分档,V2-LC-0366,需求使用率与交互,T0固定时点；提单/App<T0，放款/整笔结清≤T0；支付<T0，已确认整笔同秒结清订单的已知同秒支付可=T0；当前条件为T0已知值。来源可得时间仍待上线核验。,已入模,保留字段；零增益不等于没有业务意义,0.0,0.0,0.0,0.11217247196364875,41.43459892272949
util_over100_n,使用率>100%｜次数,x = F.apply_amt / F.credit_amt；两者必须>0；flag = finite(x) AND (x>1)；SUM(flag),S01｜order_loan_f_v2_copy（整笔订单）；S02｜order_vir_f_copy（获额）,F：全部历史成功放款订单；按remit_time、serial_id升序,次,float32,无符合条件值为0,rates()；阈值累计项可交叉，不是互斥分档,V2-LC-0367,需求使用率与交互,T0固定时点；提单/App<T0，放款/整笔结清≤T0；支付<T0，已确认整笔同秒结清订单的已知同秒支付可=T0；当前条件为T0已知值。来源可得时间仍待上线核验。,已入模,保留字段；零增益不等于没有业务意义,0.0,0.0,0.0,0.0038136960319430416,0.0
util_over100_share,使用率>100%｜占比,x = F.apply_amt / F.credit_amt；两者必须>0；flag = finite(x) AND (x>1)；SUM(flag)/COUNT(finite(x)),S01｜order_loan_f_v2_copy（整笔订单）；S02｜order_vir_f_copy（获额）,F：全部历史成功放款订单；按remit_time、serial_id升序,比例,float32,无有效x为NaN；有效x存在且无符合值为0,rates()；阈值累计项可交叉，不是互斥分档,V2-LC-0368,需求使用率与交互,T0固定时点；提单/App<T0，放款/整笔结清≤T0；支付<T0，已确认整笔同秒结清订单的已知同秒支付可=T0；当前条件为T0已知值。来源可得时间仍待上线核验。,已入模,保留字段；零增益不等于没有业务意义,0.0017834482285557498,0.002691876818427267,0.00022254367419606097,0.019356034347886686,54.29129981994629
util_over100_current_streak,使用率>100%｜当前连续次数,x = F.apply_amt / F.credit_amt；两者必须>0；flag = finite(x) AND (x>1)；从序列末尾向前累计连续True，遇False即止,S01｜order_loan_f_v2_copy（整笔订单）；S02｜order_vir_f_copy（获额）,F：全部历史成功放款订单；按remit_time、serial_id升序,次,float32,缺失转False、中断连续；空序列为0,rates()；阈值累计项可交叉，不是互斥分档,V2-LC-0369,需求使用率与交互,T0固定时点；提单/App<T0，放款/整笔结清≤T0；支付<T0，已确认整笔同秒结清订单的已知同秒支付可=T0；当前条件为T0已知值。来源可得时间仍待上线核验。,已入模,保留字段；零增益不等于没有业务意义,0.0,0.0,0.0,0.008442778001489048,0.0
util_over100_max_streak,使用率>100%｜历史最长连续次数,x = F.apply_amt / F.credit_amt；两者必须>0；flag = finite(x) AND (x>1)；序列中最长连续True长度,S01｜order_loan_f_v2_copy（整笔订单）；S02｜order_vir_f_copy（获额）,F：全部历史成功放款订单；按remit_time、serial_id升序,次,float32,缺失转False、中断连续；空序列为0,rates()；阈值累计项可交叉，不是互斥分档,V2-LC-0370,需求使用率与交互,T0固定时点；提单/App<T0，放款/整笔结清≤T0；支付<T0，已确认整笔同秒结清订单的已知同秒支付可=T0；当前条件为T0已知值。来源可得时间仍待上线核验。,已入模,保留字段；零增益不等于没有业务意义,0.0,0.0,0.0,0.002722133014719904,22.80900001525879
util_ge95_n,使用率≥95%｜次数,x = F.apply_amt / F.credit_amt；两者必须>0；flag = finite(x) AND (x≥0.95)；SUM(flag),S01｜order_loan_f_v2_copy（整笔订单）；S02｜order_vir_f_copy（获额）,F：全部历史成功放款订单；按remit_time、serial_id升序,次,float32,无符合条件值为0,rates()；阈值累计项可交叉，不是互斥分档,V2-LC-0371,需求使用率与交互,T0固定时点；提单/App<T0，放款/整笔结清≤T0；支付<T0，已确认整笔同秒结清订单的已知同秒支付可=T0；当前条件为T0已知值。来源可得时间仍待上线核验。,已入模,保留字段；零增益不等于没有业务意义,0.0,0.0,0.0,0.13363103876212823,0.0
util_ge95_share,使用率≥95%｜占比,x = F.apply_amt / F.credit_amt；两者必须>0；flag = finite(x) AND (x≥0.95)；SUM(flag)/COUNT(finite(x)),S01｜order_loan_f_v2_copy（整笔订单）；S02｜order_vir_f_copy（获额）,F：全部历史成功放款订单；按remit_time、serial_id升序,比例,float32,无有效x为NaN；有效x存在且无符合值为0,rates()；阈值累计项可交叉，不是互斥分档,V2-LC-0372,需求使用率与交互,T0固定时点；提单/App<T0，放款/整笔结清≤T0；支付<T0，已确认整笔同秒结清订单的已知同秒支付可=T0；当前条件为T0已知值。来源可得时间仍待上线核验。,已入模,保留字段；零增益不等于没有业务意义,0.0017834482285557498,0.002691876818427267,0.00022254367419606097,0.07269100408107827,233.81713199615479
util_ge95_current_streak,使用率≥95%｜当前连续次数,x = F.apply_amt / F.credit_amt；两者必须>0；flag = finite(x) AND (x≥0.95)；从序列末尾向前累计连续True，遇False即止,S01｜order_loan_f_v2_copy（整笔订单）；S02｜order_vir_f_copy（获额）,F：全部历史成功放款订单；按remit_time、serial_id升序,次,float32,缺失转False、中断连续；空序列为0,rates()；阈值累计项可交叉，不是互斥分档,V2-LC-0373,需求使用率与交互,T0固定时点；提单/App<T0，放款/整笔结清≤T0；支付<T0，已确认整笔同秒结清订单的已知同秒支付可=T0；当前条件为T0已知值。来源可得时间仍待上线核验。,已入模,保留字段；零增益不等于没有业务意义,0.0,0.0,0.0,0.03271983042197933,497.8823013305664
util_ge95_max_streak,使用率≥95%｜历史最长连续次数,x = F.apply_amt / F.credit_amt；两者必须>0；flag = finite(x) AND (x≥0.95)；序列中最长连续True长度,S01｜order_loan_f_v2_copy（整笔订单）；S02｜order_vir_f_copy（获额）,F：全部历史成功放款订单；按remit_time、serial_id升序,次,float32,缺失转False、中断连续；空序列为0,rates()；阈值累计项可交叉，不是互斥分档,V2-LC-0374,需求使用率与交互,T0固定时点；提单/App<T0，放款/整笔结清≤T0；支付<T0，已确认整笔同秒结清订单的已知同秒支付可=T0；当前条件为T0已知值。来源可得时间仍待上线核验。,已入模,保留字段；零增益不等于没有业务意义,0.0,0.0,0.0,0.13436743117504477,0.0
apply_settle_days_le3_n,提单后≤3天整笔结清｜次数,x = (C.flow_settle_time-C.apply_time).total_seconds()/86400；flag = finite(x) AND (0≤x≤3)；SUM(flag),S01｜order_loan_f_v2_copy（整笔订单）；S03｜repayment_record_copy（正向入账）,C：全部历史整笔已结清订单；按repaid_time、serial_id升序；流水核验失败保留缺失位置,次,float32,无符合条件值为0,rates()；阈值累计项可交叉，不是互斥分档,V2-LC-0375,提前还款与借还周期,T0固定时点；提单/App<T0，放款/整笔结清≤T0；支付<T0，已确认整笔同秒结清订单的已知同秒支付可=T0；当前条件为T0已知值。来源可得时间仍待上线核验。,已入模,保留字段；零增益不等于没有业务意义,0.0,0.0,0.0,0.0,0.0
apply_settle_days_le3_share,提单后≤3天整笔结清｜占比,x = (C.flow_settle_time-C.apply_time).total_seconds()/86400；flag = finite(x) AND (0≤x≤3)；SUM(flag)/COUNT(finite(x)),S01｜order_loan_f_v2_copy（整笔订单）；S03｜repayment_record_copy（正向入账）,C：全部历史整笔已结清订单；按repaid_time、serial_id升序；流水核验失败保留缺失位置,比例,float32,无有效x为NaN；有效x存在且无符合值为0,rates()；阈值累计项可交叉，不是互斥分档,V2-LC-0376,提前还款与借还周期,T0固定时点；提单/App<T0，放款/整笔结清≤T0；支付<T0，已确认整笔同秒结清订单的已知同秒支付可=T0；当前条件为T0已知值。来源可得时间仍待上线核验。,已入模,保留字段；零增益不等于没有业务意义,0.0,0.0,0.0,0.0,204.2662992477417
apply_settle_days_le3_current_streak,提单后≤3天整笔结清｜当前连续次数,x = (C.flow_settle_time-C.apply_time).total_seconds()/86400；flag = finite(x) AND (0≤x≤3)；从序列末尾向前累计连续True，遇False即止,S01｜order_loan_f_v2_copy（整笔订单）；S03｜repayment_record_copy（正向入账）,C：全部历史整笔已结清订单；按repaid_time、serial_id升序；流水核验失败保留缺失位置,次,float32,缺失转False、中断连续；空序列为0,rates()；阈值累计项可交叉，不是互斥分档,V2-LC-0377,提前还款与借还周期,T0固定时点；提单/App<T0，放款/整笔结清≤T0；支付<T0，已确认整笔同秒结清订单的已知同秒支付可=T0；当前条件为T0已知值。来源可得时间仍待上线核验。,已入模,保留字段；零增益不等于没有业务意义,0.0,0.0,0.0,0.0,33.942501068115234
apply_settle_days_le3_max_streak,提单后≤3天整笔结清｜历史最长连续次数,x = (C.flow_settle_time-C.apply_time).total_seconds()/86400；flag = finite(x) AND (0≤x≤3)；序列中最长连续True长度,S01｜order_loan_f_v2_copy（整笔订单）；S03｜repayment_record_copy（正向入账）,C：全部历史整笔已结清订单；按repaid_time、serial_id升序；流水核验失败保留缺失位置,次,float32,缺失转False、中断连续；空序列为0,rates()；阈值累计项可交叉，不是互斥分档,V2-LC-0378,提前还款与借还周期,T0固定时点；提单/App<T0，放款/整笔结清≤T0；支付<T0，已确认整笔同秒结清订单的已知同秒支付可=T0；当前条件为T0已知值。来源可得时间仍待上线核验。,已入模,保留字段；零增益不等于没有业务意义,0.0,0.0,0.0,0.0,0.0
apply_settle_days_le7_n,提单后≤7天整笔结清｜次数,x = (C.flow_settle_time-C.apply_time).total_seconds()/86400；flag = finite(x) AND (0≤x≤7)；SUM(flag),S01｜order_loan_f_v2_copy（整笔订单）；S03｜repayment_record_copy（正向入账）,C：全部历史整笔已结清订单；按repaid_time、serial_id升序；流水核验失败保留缺失位置,次,float32,无符合条件值为0,rates()；阈值累计项可交叉，不是互斥分档,V2-LC-0379,提前还款与借还周期,T0固定时点；提单/App<T0，放款/整笔结清≤T0；支付<T0，已确认整笔同秒结清订单的已知同秒支付可=T0；当前条件为T0已知值。来源可得时间仍待上线核验。,已入模,保留字段；零增益不等于没有业务意义,0.0,0.0,0.0,0.0932962405312838,143.07630157470703
apply_settle_days_le7_share,提单后≤7天整笔结清｜占比,x = (C.flow_settle_time-C.apply_time).total_seconds()/86400；flag = finite(x) AND (0≤x≤7)；SUM(flag)/COUNT(finite(x)),S01｜order_loan_f_v2_copy（整笔订单）；S03｜repayment_record_copy（正向入账）,C：全部历史整笔已结清订单；按repaid_time、serial_id升序；流水核验失败保留缺失位置,比例,float32,无有效x为NaN；有效x存在且无符合值为0,rates()；阈值累计项可交叉，不是互斥分档,V2-LC-0380,提前还款与借还周期,T0固定时点；提单/App<T0，放款/整笔结清≤T0；支付<T0，已确认整笔同秒结清订单的已知同秒支付可=T0；当前条件为T0已知值。来源可得时间仍待上线核验。,已入模,保留字段；零增益不等于没有业务意义,0.0,0.0,0.0,0.08759966138796013,0.0
apply_settle_days_le7_current_streak,提单后≤7天整笔结清｜当前连续次数,x = (C.flow_settle_time-C.apply_time).total_seconds()/86400；flag = finite(x) AND (0≤x≤7)；从序列末尾向前累计连续True，遇False即止,S01｜order_loan_f_v2_copy（整笔订单）；S03｜repayment_record_copy（正向入账）,C：全部历史整笔已结清订单；按repaid_time、serial_id升序；流水核验失败保留缺失位置,次,float32,缺失转False、中断连续；空序列为0,rates()；阈值累计项可交叉，不是互斥分档,V2-LC-0381,提前还款与借还周期,T0固定时点；提单/App<T0，放款/整笔结清≤T0；支付<T0，已确认整笔同秒结清订单的已知同秒支付可=T0；当前条件为T0已知值。来源可得时间仍待上线核验。,已入模,保留字段；零增益不等于没有业务意义,0.0,0.0,0.0,0.05990514585041573,27.265499114990234
apply_settle_days_le7_max_streak,提单后≤7天整笔结清｜历史最长连续次数,x = (C.flow_settle_time-C.apply_time).total_seconds()/86400；flag = finite(x) AND (0≤x≤7)；序列中最长连续True长度,S01｜order_loan_f_v2_copy（整笔订单）；S03｜repayment_record_copy（正向入账）,C：全部历史整笔已结清订单；按repaid_time、serial_id升序；流水核验失败保留缺失位置,次,float32,缺失转False、中断连续；空序列为0,rates()；阈值累计项可交叉，不是互斥分档,V2-LC-0382,提前还款与借还周期,T0固定时点；提单/App<T0，放款/整笔结清≤T0；支付<T0，已确认整笔同秒结清订单的已知同秒支付可=T0；当前条件为T0已知值。来源可得时间仍待上线核验。,已入模,保留字段；零增益不等于没有业务意义,0.0,0.0,0.0,0.09467524333750962,209.735107421875
apply_settle_days_le10_n,提单后≤10天整笔结清｜次数,x = (C.flow_settle_time-C.apply_time).total_seconds()/86400；flag = finite(x) AND (0≤x≤10)；SUM(flag),S01｜order_loan_f_v2_copy（整笔订单）；S03｜repayment_record_copy（正向入账）,C：全部历史整笔已结清订单；按repaid_time、serial_id升序；流水核验失败保留缺失位置,次,float32,无符合条件值为0,rates()；阈值累计项可交叉，不是互斥分档,V2-LC-0383,提前还款与借还周期,T0固定时点；提单/App<T0，放款/整笔结清≤T0；支付<T0，已确认整笔同秒结清订单的已知同秒支付可=T0；当前条件为T0已知值。来源可得时间仍待上线核验。,已入模,保留字段；零增益不等于没有业务意义,0.0,0.0,0.0,0.1157430815083128,25.711299896240234
apply_settle_days_le10_share,提单后≤10天整笔结清｜占比,x = (C.flow_settle_time-C.apply_time).total_seconds()/86400；flag = finite(x) AND (0≤x≤10)；SUM(flag)/COUNT(finite(x)),S01｜order_loan_f_v2_copy（整笔订单）；S03｜repayment_record_copy（正向入账）,C：全部历史整笔已结清订单；按repaid_time、serial_id升序；流水核验失败保留缺失位置,比例,float32,无有效x为NaN；有效x存在且无符合值为0,rates()；阈值累计项可交叉，不是互斥分档,V2-LC-0384,提前还款与借还周期,T0固定时点；提单/App<T0，放款/整笔结清≤T0；支付<T0，已确认整笔同秒结清订单的已知同秒支付可=T0；当前条件为T0已知值。来源可得时间仍待上线核验。,已入模,保留字段；零增益不等于没有业务意义,0.0,0.0,0.0,0.1098243507945236,55.247798919677734
apply_settle_days_le10_current_streak,提单后≤10天整笔结清｜当前连续次数,x = (C.flow_settle_time-C.apply_time).total_seconds()/86400；flag = finite(x) AND (0≤x≤10)；从序列末尾向前累计连续True，遇False即止,S01｜order_loan_f_v2_copy（整笔订单）；S03｜repayment_record_copy（正向入账）,C：全部历史整笔已结清订单；按repaid_time、serial_id升序；流水核验失败保留缺失位置,次,float32,缺失转False、中断连续；空序列为0,rates()；阈值累计项可交叉，不是互斥分档,V2-LC-0385,提前还款与借还周期,T0固定时点；提单/App<T0，放款/整笔结清≤T0；支付<T0，已确认整笔同秒结清订单的已知同秒支付可=T0；当前条件为T0已知值。来源可得时间仍待上线核验。,已入模,保留字段；零增益不等于没有业务意义,0.0,0.0,0.0,0.07643896963379898,0.0
apply_settle_days_le10_max_streak,提单后≤10天整笔结清｜历史最长连续次数,x = (C.flow_settle_time-C.apply_time).total_seconds()/86400；flag = finite(x) AND (0≤x≤10)；序列中最长连续True长度,S01｜order_loan_f_v2_copy（整笔订单）；S03｜repayment_record_copy（正向入账）,C：全部历史整笔已结清订单；按repaid_time、serial_id升序；流水核验失败保留缺失位置,次,float32,缺失转False、中断连续；空序列为0,rates()；阈值累计项可交叉，不是互斥分档,V2-LC-0386,提前还款与借还周期,T0固定时点；提单/App<T0，放款/整笔结清≤T0；支付<T0，已确认整笔同秒结清订单的已知同秒支付可=T0；当前条件为T0已知值。来源可得时间仍待上线核验。,已入模,保留字段；零增益不等于没有业务意义,0.0,0.0,0.0,0.11918072249661844,39.942198753356934
apply_settle_days_le14_n,提单后≤14天整笔结清｜次数,x = (C.flow_settle_time-C.apply_time).total_seconds()/86400；flag = finite(x) AND (0≤x≤14)；SUM(flag),S01｜order_loan_f_v2_copy（整笔订单）；S03｜repayment_record_copy（正向入账）,C：全部历史整笔已结清订单；按repaid_time、serial_id升序；流水核验失败保留缺失位置,次,float32,无符合条件值为0,rates()；阈值累计项可交叉，不是互斥分档,V2-LC-0387,提前还款与借还周期,T0固定时点；提单/App<T0，放款/整笔结清≤T0；支付<T0，已确认整笔同秒结清订单的已知同秒支付可=T0；当前条件为T0已知值。来源可得时间仍待上线核验。,已入模,保留字段；零增益不等于没有业务意义,0.0,0.0,0.0,0.2638634923452593,50.29329872131348
apply_settle_days_le14_share,提单后≤14天整笔结清｜占比,x = (C.flow_settle_time-C.apply_time).total_seconds()/86400；flag = finite(x) AND (0≤x≤14)；SUM(flag)/COUNT(finite(x)),S01｜order_loan_f_v2_copy（整笔订单）；S03｜repayment_record_copy（正向入账）,C：全部历史整笔已结清订单；按repaid_time、serial_id升序；流水核验失败保留缺失位置,比例,float32,无有效x为NaN；有效x存在且无符合值为0,rates()；阈值累计项可交叉，不是互斥分档,V2-LC-0388,提前还款与借还周期,T0固定时点；提单/App<T0，放款/整笔结清≤T0；支付<T0，已确认整笔同秒结清订单的已知同秒支付可=T0；当前条件为T0已知值。来源可得时间仍待上线核验。,已入模,保留字段；零增益不等于没有业务意义,0.0,0.0,0.0,0.2753642493671247,176.0238971710205
apply_settle_days_le14_current_streak,提单后≤14天整笔结清｜当前连续次数,x = (C.flow_settle_time-C.apply_time).total_seconds()/86400；flag = finite(x) AND (0≤x≤14)；从序列末尾向前累计连续True，遇False即止,S01｜order_loan_f_v2_copy（整笔订单）；S03｜repayment_record_copy（正向入账）,C：全部历史整笔已结清订单；按repaid_time、serial_id升序；流水核验失败保留缺失位置,次,float32,缺失转False、中断连续；空序列为0,rates()；阈值累计项可交叉，不是互斥分档,V2-LC-0389,提前还款与借还周期,T0固定时点；提单/App<T0，放款/整笔结清≤T0；支付<T0，已确认整笔同秒结清订单的已知同秒支付可=T0；当前条件为T0已知值。来源可得时间仍待上线核验。,已入模,保留字段；零增益不等于没有业务意义,0.0,0.0,0.0,0.2037271396792102,0.0
apply_settle_days_le14_max_streak,提单后≤14天整笔结清｜历史最长连续次数,x = (C.flow_settle_time-C.apply_time).total_seconds()/86400；flag = finite(x) AND (0≤x≤14)；序列中最长连续True长度,S01｜order_loan_f_v2_copy（整笔订单）；S03｜repayment_record_copy（正向入账）,C：全部历史整笔已结清订单；按repaid_time、serial_id升序；流水核验失败保留缺失位置,次,float32,缺失转False、中断连续；空序列为0,rates()；阈值累计项可交叉，不是互斥分档,V2-LC-0390,提前还款与借还周期,T0固定时点；提单/App<T0，放款/整笔结清≤T0；支付<T0，已确认整笔同秒结清订单的已知同秒支付可=T0；当前条件为T0已知值。来源可得时间仍待上线核验。,已入模,保留字段；零增益不等于没有业务意义,0.0,0.0,0.0,0.27040248889915075,0.0
remit_settle_days_le3_n,放款后≤3天整笔结清｜次数,x = (C.flow_settle_time-C.remit_time).total_seconds()/86400；flag = finite(x) AND (0≤x≤3)；SUM(flag),S01｜order_loan_f_v2_copy（整笔订单）；S03｜repayment_record_copy（正向入账）,C：全部历史整笔已结清订单；按repaid_time、serial_id升序；流水核验失败保留缺失位置,次,float32,无符合条件值为0,rates()；阈值累计项可交叉，不是互斥分档,V2-LC-0391,提前还款与借还周期,T0固定时点；提单/App<T0，放款/整笔结清≤T0；支付<T0，已确认整笔同秒结清订单的已知同秒支付可=T0；当前条件为T0已知值。来源可得时间仍待上线核验。,已入模,保留字段；零增益不等于没有业务意义,0.0,0.0,0.0,0.0,0.0
remit_settle_days_le3_share,放款后≤3天整笔结清｜占比,x = (C.flow_settle_time-C.remit_time).total_seconds()/86400；flag = finite(x) AND (0≤x≤3)；SUM(flag)/COUNT(finite(x)),S01｜order_loan_f_v2_copy（整笔订单）；S03｜repayment_record_copy（正向入账）,C：全部历史整笔已结清订单；按repaid_time、serial_id升序；流水核验失败保留缺失位置,比例,float32,无有效x为NaN；有效x存在且无符合值为0,rates()；阈值累计项可交叉，不是互斥分档,V2-LC-0392,提前还款与借还周期,T0固定时点；提单/App<T0，放款/整笔结清≤T0；支付<T0，已确认整笔同秒结清订单的已知同秒支付可=T0；当前条件为T0已知值。来源可得时间仍待上线核验。,已入模,保留字段；零增益不等于没有业务意义,0.0,0.0,0.0,0.0,210.13340187072754
remit_settle_days_le3_current_streak,放款后≤3天整笔结清｜当前连续次数,x = (C.flow_settle_time-C.remit_time).total_seconds()/86400；flag = finite(x) AND (0≤x≤3)；从序列末尾向前累计连续True，遇False即止,S01｜order_loan_f_v2_copy（整笔订单）；S03｜repayment_record_copy（正向入账）,C：全部历史整笔已结清订单；按repaid_time、serial_id升序；流水核验失败保留缺失位置,次,float32,缺失转False、中断连续；空序列为0,rates()；阈值累计项可交叉，不是互斥分档,V2-LC-0393,提前还款与借还周期,T0固定时点；提单/App<T0，放款/整笔结清≤T0；支付<T0，已确认整笔同秒结清订单的已知同秒支付可=T0；当前条件为T0已知值。来源可得时间仍待上线核验。,已入模,保留字段；零增益不等于没有业务意义,0.0,0.0,0.0,0.0,21.200700759887695
remit_settle_days_le3_max_streak,放款后≤3天整笔结清｜历史最长连续次数,x = (C.flow_settle_time-C.remit_time).total_seconds()/86400；flag = finite(x) AND (0≤x≤3)；序列中最长连续True长度,S01｜order_loan_f_v2_copy（整笔订单）；S03｜repayment_record_copy（正向入账）,C：全部历史整笔已结清订单；按repaid_time、serial_id升序；流水核验失败保留缺失位置,次,float32,缺失转False、中断连续；空序列为0,rates()；阈值累计项可交叉，不是互斥分档,V2-LC-0394,提前还款与借还周期,T0固定时点；提单/App<T0，放款/整笔结清≤T0；支付<T0，已确认整笔同秒结清订单的已知同秒支付可=T0；当前条件为T0已知值。来源可得时间仍待上线核验。,已入模,保留字段；零增益不等于没有业务意义,0.0,0.0,0.0,0.0,0.0
remit_settle_days_le7_n,放款后≤7天整笔结清｜次数,x = (C.flow_settle_time-C.remit_time).total_seconds()/86400；flag = finite(x) AND (0≤x≤7)；SUM(flag),S01｜order_loan_f_v2_copy（整笔订单）；S03｜repayment_record_copy（正向入账）,C：全部历史整笔已结清订单；按repaid_time、serial_id升序；流水核验失败保留缺失位置,次,float32,无符合条件值为0,rates()；阈值累计项可交叉，不是互斥分档,V2-LC-0395,提前还款与借还周期,T0固定时点；提单/App<T0，放款/整笔结清≤T0；支付<T0，已确认整笔同秒结清订单的已知同秒支付可=T0；当前条件为T0已知值。来源可得时间仍待上线核验。,已入模,保留字段；零增益不等于没有业务意义,0.0,0.0,0.0,0.09303964291942127,0.0
remit_settle_days_le7_share,放款后≤7天整笔结清｜占比,x = (C.flow_settle_time-C.remit_time).total_seconds()/86400；flag = finite(x) AND (0≤x≤7)；SUM(flag)/COUNT(finite(x)),S01｜order_loan_f_v2_copy（整笔订单）；S03｜repayment_record_copy（正向入账）,C：全部历史整笔已结清订单；按repaid_time、serial_id升序；流水核验失败保留缺失位置,比例,float32,无有效x为NaN；有效x存在且无符合值为0,rates()；阈值累计项可交叉，不是互斥分档,V2-LC-0396,提前还款与借还周期,T0固定时点；提单/App<T0，放款/整笔结清≤T0；支付<T0，已确认整笔同秒结清订单的已知同秒支付可=T0；当前条件为T0已知值。来源可得时间仍待上线核验。,已入模,保留字段；零增益不等于没有业务意义,0.0,0.0,0.0,0.08725218953520035,26.208099365234375
remit_settle_days_le7_current_streak,放款后≤7天整笔结清｜当前连续次数,x = (C.flow_settle_time-C.remit_time).total_seconds()/86400；flag = finite(x) AND (0≤x≤7)；从序列末尾向前累计连续True，遇False即止,S01｜order_loan_f_v2_copy（整笔订单）；S03｜repayment_record_copy（正向入账）,C：全部历史整笔已结清订单；按repaid_time、serial_id升序；流水核验失败保留缺失位置,次,float32,缺失转False、中断连续；空序列为0,rates()；阈值累计项可交叉，不是互斥分档,V2-LC-0397,提前还款与借还周期,T0固定时点；提单/App<T0，放款/整笔结清≤T0；支付<T0，已确认整笔同秒结清订单的已知同秒支付可=T0；当前条件为T0已知值。来源可得时间仍待上线核验。,已入模,保留字段；零增益不等于没有业务意义,0.0,0.0,0.0,0.059991028894299296,0.0
remit_settle_days_le7_max_streak,放款后≤7天整笔结清｜历史最长连续次数,x = (C.flow_settle_time-C.remit_time).total_seconds()/86400；flag = finite(x) AND (0≤x≤7)；序列中最长连续True长度,S01｜order_loan_f_v2_copy（整笔订单）；S03｜repayment_record_copy（正向入账）,C：全部历史整笔已结清订单；按repaid_time、serial_id升序；流水核验失败保留缺失位置,次,float32,缺失转False、中断连续；空序列为0,rates()；阈值累计项可交叉，不是互斥分档,V2-LC-0398,提前还款与借还周期,T0固定时点；提单/App<T0，放款/整笔结清≤T0；支付<T0，已确认整笔同秒结清订单的已知同秒支付可=T0；当前条件为T0已知值。来源可得时间仍待上线核验。,已入模,保留字段；零增益不等于没有业务意义,0.0,0.0,0.0,0.09435917754036549,0.0
remit_settle_days_le10_n,放款后≤10天整笔结清｜次数,x = (C.flow_settle_time-C.remit_time).total_seconds()/86400；flag = finite(x) AND (0≤x≤10)；SUM(flag),S01｜order_loan_f_v2_copy（整笔订单）；S03｜repayment_record_copy（正向入账）,C：全部历史整笔已结清订单；按repaid_time、serial_id升序；流水核验失败保留缺失位置,次,float32,无符合条件值为0,rates()；阈值累计项可交叉，不是互斥分档,V2-LC-0399,提前还款与借还周期,T0固定时点；提单/App<T0，放款/整笔结清≤T0；支付<T0，已确认整笔同秒结清订单的已知同秒支付可=T0；当前条件为T0已知值。来源可得时间仍待上线核验。,已入模,保留字段；零增益不等于没有业务意义,0.0,0.0,0.0,0.1161734461980071,0.0
remit_settle_days_le10_share,放款后≤10天整笔结清｜占比,x = (C.flow_settle_time-C.remit_time).total_seconds()/86400；flag = finite(x) AND (0≤x≤10)；SUM(flag)/COUNT(finite(x)),S01｜order_loan_f_v2_copy（整笔订单）；S03｜repayment_record_copy（正向入账）,C：全部历史整笔已结清订单；按repaid_time、serial_id升序；流水核验失败保留缺失位置,比例,float32,无有效x为NaN；有效x存在且无符合值为0,rates()；阈值累计项可交叉，不是互斥分档,V2-LC-0400,提前还款与借还周期,T0固定时点；提单/App<T0，放款/整笔结清≤T0；支付<T0，已确认整笔同秒结清订单的已知同秒支付可=T0；当前条件为T0已知值。来源可得时间仍待上线核验。,已入模,保留字段；零增益不等于没有业务意义,0.0,0.0,0.0,0.11036406270237223,27.84850025177002
remit_settle_days_le10_current_streak,放款后≤10天整笔结清｜当前连续次数,x = (C.flow_settle_time-C.remit_time).total_seconds()/86400；flag = finite(x) AND (0≤x≤10)；从序列末尾向前累计连续True，遇False即止,S01｜order_loan_f_v2_copy（整笔订单）；S03｜repayment_record_copy（正向入账）,C：全部历史整笔已结清订单；按repaid_time、serial_id升序；流水核验失败保留缺失位置,次,float32,缺失转False、中断连续；空序列为0,rates()；阈值累计项可交叉，不是互斥分档,V2-LC-0401,提前还款与借还周期,T0固定时点；提单/App<T0，放款/整笔结清≤T0；支付<T0，已确认整笔同秒结清订单的已知同秒支付可=T0；当前条件为T0已知值。来源可得时间仍待上线核验。,已入模,保留字段；零增益不等于没有业务意义,0.0,0.0,0.0,0.07674088681394123,50.48499870300293
remit_settle_days_le10_max_streak,放款后≤10天整笔结清｜历史最长连续次数,x = (C.flow_settle_time-C.remit_time).total_seconds()/86400；flag = finite(x) AND (0≤x≤10)；序列中最长连续True长度,S01｜order_loan_f_v2_copy（整笔订单）；S03｜repayment_record_copy（正向入账）,C：全部历史整笔已结清订单；按repaid_time、serial_id升序；流水核验失败保留缺失位置,次,float32,缺失转False、中断连续；空序列为0,rates()；阈值累计项可交叉，不是互斥分档,V2-LC-0402,提前还款与借还周期,T0固定时点；提单/App<T0，放款/整笔结清≤T0；支付<T0，已确认整笔同秒结清订单的已知同秒支付可=T0；当前条件为T0已知值。来源可得时间仍待上线核验。,已入模,保留字段；零增益不等于没有业务意义,0.0,0.0,0.0,0.11969615863071265,17.425800323486328
remit_settle_days_le14_n,放款后≤14天整笔结清｜次数,x = (C.flow_settle_time-C.remit_time).total_seconds()/86400；flag = finite(x) AND (0≤x≤14)；SUM(flag),S01｜order_loan_f_v2_copy（整笔订单）；S03｜repayment_record_copy（正向入账）,C：全部历史整笔已结清订单；按repaid_time、serial_id升序；流水核验失败保留缺失位置,次,float32,无符合条件值为0,rates()；阈值累计项可交叉，不是互斥分档,V2-LC-0403,提前还款与借还周期,T0固定时点；提单/App<T0，放款/整笔结清≤T0；支付<T0，已确认整笔同秒结清订单的已知同秒支付可=T0；当前条件为T0已知值。来源可得时间仍待上线核验。,已入模,保留字段；零增益不等于没有业务意义,0.0,0.0,0.0,0.2634890911569627,488.0000991821289
remit_settle_days_le14_share,放款后≤14天整笔结清｜占比,x = (C.flow_settle_time-C.remit_time).total_seconds()/86400；flag = finite(x) AND (0≤x≤14)；SUM(flag)/COUNT(finite(x)),S01｜order_loan_f_v2_copy（整笔订单）；S03｜repayment_record_copy（正向入账）,C：全部历史整笔已结清订单；按repaid_time、serial_id升序；流水核验失败保留缺失位置,比例,float32,无有效x为NaN；有效x存在且无符合值为0,rates()；阈值累计项可交叉，不是互斥分档,V2-LC-0404,提前还款与借还周期,T0固定时点；提单/App<T0，放款/整笔结清≤T0；支付<T0，已确认整笔同秒结清订单的已知同秒支付可=T0；当前条件为T0已知值。来源可得时间仍待上线核验。,已入模,保留字段；零增益不等于没有业务意义,0.0,0.0,0.0,0.2756594257206397,144.64450073242188
remit_settle_days_le14_current_streak,放款后≤14天整笔结清｜当前连续次数,x = (C.flow_settle_time-C.remit_time).total_seconds()/86400；flag = finite(x) AND (0≤x≤14)；从序列末尾向前累计连续True，遇False即止,S01｜order_loan_f_v2_copy（整笔订单）；S03｜repayment_record_copy（正向入账）,C：全部历史整笔已结清订单；按repaid_time、serial_id升序；流水核验失败保留缺失位置,次,float32,缺失转False、中断连续；空序列为0,rates()；阈值累计项可交叉，不是互斥分档,V2-LC-0405,提前还款与借还周期,T0固定时点；提单/App<T0，放款/整笔结清≤T0；支付<T0，已确认整笔同秒结清订单的已知同秒支付可=T0；当前条件为T0已知值。来源可得时间仍待上线核验。,已入模,保留字段；零增益不等于没有业务意义,0.0,0.0,0.0,0.20374029933228818,0.0
remit_settle_days_le14_max_streak,放款后≤14天整笔结清｜历史最长连续次数,x = (C.flow_settle_time-C.remit_time).total_seconds()/86400；flag = finite(x) AND (0≤x≤14)；序列中最长连续True长度,S01｜order_loan_f_v2_copy（整笔订单）；S03｜repayment_record_copy（正向入账）,C：全部历史整笔已结清订单；按repaid_time、serial_id升序；流水核验失败保留缺失位置,次,float32,缺失转False、中断连续；空序列为0,rates()；阈值累计项可交叉，不是互斥分档,V2-LC-0406,提前还款与借还周期,T0固定时点；提单/App<T0，放款/整笔结清≤T0；支付<T0，已确认整笔同秒结清订单的已知同秒支付可=T0；当前条件为T0已知值。来源可得时间仍待上线核验。,已入模,保留字段；零增益不等于没有业务意义,0.0,0.0,0.0,0.2700158321042918,0.0
repay_early_share_30d,近30个经过天数提前结清占比,Cw=C[repaid_time≥T0-30×24小时]；COUNT(Cw.early_days>0)/COUNT(有效Cw.early_days),S01｜order_loan_f_v2_copy（整笔订单）；S03｜repayment_record_copy（正向入账）,整笔结清时间近30×24小时,比例,float32,无有效提前天数为NaN,loan_features(),V2-LC-0407,提前还款与借还周期,T0固定时点；提单/App<T0，放款/整笔结清≤T0；支付<T0，已确认整笔同秒结清订单的已知同秒支付可=T0；当前条件为T0已知值。来源可得时间仍待上线核验。,已入模,保留字段；零增益不等于没有业务意义,0.0,0.0,0.0,0.03368801235262252,60.17509937286377
repay_late_share_30d,近30个经过天数逾期结清占比,Cw=C[repaid_time≥T0-30×24小时]；COUNT(Cw.early_days<0)/COUNT(有效Cw.early_days),S01｜order_loan_f_v2_copy（整笔订单）；S03｜repayment_record_copy（正向入账）,整笔结清时间近30×24小时,比例,float32,无有效提前天数为NaN,loan_features(),V2-LC-0408,提前还款与借还周期,T0固定时点；提单/App<T0，放款/整笔结清≤T0；支付<T0，已确认整笔同秒结清订单的已知同秒支付可=T0；当前条件为T0已知值。来源可得时间仍待上线核验。,已入模,保留字段；零增益不等于没有业务意义,0.0,0.0,0.0,0.0,176.14030075073242
repay_early_days_mean_30d,近30个经过天数平均提前天数,MEAN(有效C[repaid_time≥T0-30×24小时].early_days),S01｜order_loan_f_v2_copy（整笔订单）；S03｜repayment_record_copy（正向入账）,整笔结清时间近30×24小时,自然日,float32,无有效值为NaN,loan_features(),V2-LC-0409,提前还款与借还周期,T0固定时点；提单/App<T0，放款/整笔结清≤T0；支付<T0，已确认整笔同秒结清订单的已知同秒支付可=T0；当前条件为T0已知值。来源可得时间仍待上线核验。,已入模,保留字段；零增益不等于没有业务意义,0.0,0.0,0.0,0.07591396383508459,2756.652021408081
util_high_share_30d,近30个经过天数高使用占比,Fw=F[remit_time≥T0-30×24小时]；COUNT(Fw.utilization≥0.95)/COUNT(有效Fw.utilization),S01｜order_loan_f_v2_copy（整笔订单）；S02｜order_vir_f_copy（获额）,成功放款时间近30×24小时,比例,float32,无有效使用率为NaN,loan_features(),V2-LC-0410,需求使用率与交互,T0固定时点；提单/App<T0，放款/整笔结清≤T0；支付<T0，已确认整笔同秒结清订单的已知同秒支付可=T0；当前条件为T0已知值。来源可得时间仍待上线核验。,已入模,保留字段；零增益不等于没有业务意义,0.00829499409600243,0.0069472988547434255,0.009791921664626682,0.02319555819631218,81.28160095214844
repay_early_share_90d,近90个经过天数提前结清占比,Cw=C[repaid_time≥T0-90×24小时]；COUNT(Cw.early_days>0)/COUNT(有效Cw.early_days),S01｜order_loan_f_v2_copy（整笔订单）；S03｜repayment_record_copy（正向入账）,整笔结清时间近90×24小时,比例,float32,无有效提前天数为NaN,loan_features(),V2-LC-0411,提前还款与借还周期,T0固定时点；提单/App<T0，放款/整笔结清≤T0；支付<T0，已确认整笔同秒结清订单的已知同秒支付可=T0；当前条件为T0已知值。来源可得时间仍待上线核验。,已入模,保留字段；零增益不等于没有业务意义,0.0,0.0,0.0,0.03988151606678697,134.7894992828369
repay_late_share_90d,近90个经过天数逾期结清占比,Cw=C[repaid_time≥T0-90×24小时]；COUNT(Cw.early_days<0)/COUNT(有效Cw.early_days),S01｜order_loan_f_v2_copy（整笔订单）；S03｜repayment_record_copy（正向入账）,整笔结清时间近90×24小时,比例,float32,无有效提前天数为NaN,loan_features(),V2-LC-0412,提前还款与借还周期,T0固定时点；提单/App<T0，放款/整笔结清≤T0；支付<T0，已确认整笔同秒结清订单的已知同秒支付可=T0；当前条件为T0已知值。来源可得时间仍待上线核验。,已入模,保留字段；零增益不等于没有业务意义,0.0,0.0,0.0,0.048573969628997925,79.24520111083984
repay_early_days_mean_90d,近90个经过天数平均提前天数,MEAN(有效C[repaid_time≥T0-90×24小时].early_days),S01｜order_loan_f_v2_copy（整笔订单）；S03｜repayment_record_copy（正向入账）,整笔结清时间近90×24小时,自然日,float32,无有效值为NaN,loan_features(),V2-LC-0413,提前还款与借还周期,T0固定时点；提单/App<T0，放款/整笔结清≤T0；支付<T0，已确认整笔同秒结清订单的已知同秒支付可=T0；当前条件为T0已知值。来源可得时间仍待上线核验。,已入模,保留字段；零增益不等于没有业务意义,0.0,0.0,0.0,0.07834844062603924,122.2416000366211
util_high_share_90d,近90个经过天数高使用占比,Fw=F[remit_time≥T0-90×24小时]；COUNT(Fw.utilization≥0.95)/COUNT(有效Fw.utilization),S01｜order_loan_f_v2_copy（整笔订单）；S02｜order_vir_f_copy（获额）,成功放款时间近90×24小时,比例,float32,无有效使用率为NaN,loan_features(),V2-LC-0414,需求使用率与交互,T0固定时点；提单/App<T0，放款/整笔结清≤T0；支付<T0，已确认整笔同秒结清订单的已知同秒支付可=T0；当前条件为T0已知值。来源可得时间仍待上线核验。,已入模,保留字段；零增益不等于没有业务意义,0.002361599027922724,0.0030626143443184474,0.0005563591854901524,0.06509898033235496,93.86379814147949
repay_early_share_180d,近180个经过天数提前结清占比,Cw=C[repaid_time≥T0-180×24小时]；COUNT(Cw.early_days>0)/COUNT(有效Cw.early_days),S01｜order_loan_f_v2_copy（整笔订单）；S03｜repayment_record_copy（正向入账）,整笔结清时间近180×24小时,比例,float32,无有效提前天数为NaN,loan_features(),V2-LC-0415,提前还款与借还周期,T0固定时点；提单/App<T0，放款/整笔结清≤T0；支付<T0，已确认整笔同秒结清订单的已知同秒支付可=T0；当前条件为T0已知值。来源可得时间仍待上线核验。,已入模,保留字段；零增益不等于没有业务意义,0.0,0.0,0.0,0.04192001592888398,76.51420021057129
repay_late_share_180d,近180个经过天数逾期结清占比,Cw=C[repaid_time≥T0-180×24小时]；COUNT(Cw.early_days<0)/COUNT(有效Cw.early_days),S01｜order_loan_f_v2_copy（整笔订单）；S03｜repayment_record_copy（正向入账）,整笔结清时间近180×24小时,比例,float32,无有效提前天数为NaN,loan_features(),V2-LC-0416,提前还款与借还周期,T0固定时点；提单/App<T0，放款/整笔结清≤T0；支付<T0，已确认整笔同秒结清订单的已知同秒支付可=T0；当前条件为T0已知值。来源可得时间仍待上线核验。,已入模,保留字段；零增益不等于没有业务意义,0.0,0.0,0.0,0.05139204687899686,59.383501052856445
repay_early_days_mean_180d,近180个经过天数平均提前天数,MEAN(有效C[repaid_time≥T0-180×24小时].early_days),S01｜order_loan_f_v2_copy（整笔订单）；S03｜repayment_record_copy（正向入账）,整笔结清时间近180×24小时,自然日,float32,无有效值为NaN,loan_features(),V2-LC-0417,提前还款与借还周期,T0固定时点；提单/App<T0，放款/整笔结清≤T0；支付<T0，已确认整笔同秒结清订单的已知同秒支付可=T0；当前条件为T0已知值。来源可得时间仍待上线核验。,已入模,保留字段；零增益不等于没有业务意义,0.0,0.0,0.0,0.07772294963070359,254.37969493865967
util_high_share_180d,近180个经过天数高使用占比,Fw=F[remit_time≥T0-180×24小时]；COUNT(Fw.utilization≥0.95)/COUNT(有效Fw.utilization),S01｜order_loan_f_v2_copy（整笔订单）；S02｜order_vir_f_copy（获额）,成功放款时间近180×24小时,比例,float32,无有效使用率为NaN,loan_features(),V2-LC-0418,需求使用率与交互,T0固定时点；提单/App<T0，放款/整笔结清≤T0；支付<T0，已确认整笔同秒结清订单的已知同秒支付可=T0；当前条件为T0已知值。来源可得时间仍待上线核验。,已入模,保留字段；零增益不等于没有业务意义,0.0019990298825569943,0.0027966504670486874,0.0003338155112940915,0.07012584410321457,158.81320095062256
repay_ontime_to_early_n,相邻结清由到期日转提前次数,x=C.early_days；SUM(x[:-1]==0 AND x[1:]>0),S01｜order_loan_f_v2_copy（整笔订单）；S03｜repayment_record_copy（正向入账）,截至T0的全部可观察生命周期,次,float32,少于2笔为0；缺失不跨越,直接字段：loan_features() / behavior_features() / main(),V2-LC-0419,提前还款与借还周期,T0固定时点；提单/App<T0，放款/整笔结清≤T0；支付<T0，已确认整笔同秒结清订单的已知同秒支付可=T0；当前条件为T0已知值。来源可得时间仍待上线核验。,已入模,保留字段；零增益不等于没有业务意义,0.0,0.0,0.0,0.0024964710659398574,437.2627992630005
repay_early_to_late_n,相邻结清由提前转逾期次数,x=C.early_days；SUM(x[:-1]>0 AND x[1:]<0),S01｜order_loan_f_v2_copy（整笔订单）；S03｜repayment_record_copy（正向入账）,截至T0的全部可观察生命周期,次,float32,少于2笔为0；缺失不跨越,直接字段：loan_features() / behavior_features() / main(),V2-LC-0420,提前还款与借还周期,T0固定时点；提单/App<T0，放款/整笔结清≤T0；支付<T0，已确认整笔同秒结清订单的已知同秒支付可=T0；当前条件为T0已知值。来源可得时间仍待上线核验。,已入模,保留字段；零增益不等于没有业务意义,0.0,0.0,0.0,0.0,0.0
repay_late_to_early_n,相邻结清由逾期转提前次数,x=C.early_days；SUM(x[:-1]<0 AND x[1:]>0),S01｜order_loan_f_v2_copy（整笔订单）；S03｜repayment_record_copy（正向入账）,截至T0的全部可观察生命周期,次,float32,少于2笔为0；缺失不跨越,直接字段：loan_features() / behavior_features() / main(),V2-LC-0421,提前还款与借还周期,T0固定时点；提单/App<T0，放款/整笔结清≤T0；支付<T0，已确认整笔同秒结清订单的已知同秒支付可=T0；当前条件为T0已知值。来源可得时间仍待上线核验。,已入模,保留字段；零增益不等于没有业务意义,0.0,0.0,0.0,0.0,0.0
reborrow_gap_days_valid_n,已完成结清续借周期实际间隔｜有效值数,x = (首次后续apply_time-flow_settle_time).total_seconds()/86400；COUNT(finite(x)),S01｜order_loan_f_v2_copy（整笔订单）；S03｜repayment_record_copy（正向入账）,G：T0前已完成续借周期；按历史apply_time顺序；每笔提单匹配最近前序流水结清，一次结清仅取首次匹配,个,float32,无有效值返回0,describe(),V2-LC-0422,结清后续借习惯,T0固定时点；提单/App<T0，放款/整笔结清≤T0；支付<T0，已确认整笔同秒结清订单的已知同秒支付可=T0；当前条件为T0已知值。来源可得时间仍待上线核验。,已入模,保留字段；零增益不等于没有业务意义,0.0,0.0,0.0,0.03077901797088551,10.912599563598633
reborrow_gap_days_mean,已完成结清续借周期实际间隔｜全历史均值,x = (首次后续apply_time-flow_settle_time).total_seconds()/86400；MEAN(finite(x)),S01｜order_loan_f_v2_copy（整笔订单）；S03｜repayment_record_copy（正向入账）,G：T0前已完成续借周期；按历史apply_time顺序；每笔提单匹配最近前序流水结清，一次结清仅取首次匹配,经过天数,float32,无有效值为NaN,describe(),V2-LC-0423,结清后续借习惯,T0固定时点；提单/App<T0，放款/整笔结清≤T0；支付<T0，已确认整笔同秒结清订单的已知同秒支付可=T0；当前条件为T0已知值。来源可得时间仍待上线核验。,已入模,保留字段；零增益不等于没有业务意义,0.42999720723766405,0.411260749373373,0.48959608323133413,0.07269767633239642,2265.2595109939575
reborrow_gap_days_std,已完成结清续借周期实际间隔｜全历史总体标准差,"x = (首次后续apply_time-flow_settle_time).total_seconds()/86400；STD(finite(x), ddof=0)",S01｜order_loan_f_v2_copy（整笔订单）；S03｜repayment_record_copy（正向入账）,G：T0前已完成续借周期；按历史apply_time顺序；每笔提单匹配最近前序流水结清，一次结清仅取首次匹配,经过天数,float32,无有效值为NaN；单个有效值为0,describe(),V2-LC-0424,结清后续借习惯,T0固定时点；提单/App<T0，放款/整笔结清≤T0；支付<T0，已确认整笔同秒结清订单的已知同秒支付可=T0；当前条件为T0已知值。来源可得时间仍待上线核验。,已入模,保留字段；零增益不等于没有业务意义,0.42999720723766405,0.411260749373373,0.48959608323133413,0.03966063168644876,79.6367998123169
reborrow_gap_days_min,已完成结清续借周期实际间隔｜全历史最小值,x = (首次后续apply_time-flow_settle_time).total_seconds()/86400；MIN(finite(x)),S01｜order_loan_f_v2_copy（整笔订单）；S03｜repayment_record_copy（正向入账）,G：T0前已完成续借周期；按历史apply_time顺序；每笔提单匹配最近前序流水结清，一次结清仅取首次匹配,经过天数,float32,无有效值为NaN,describe(),V2-LC-0425,结清后续借习惯,T0固定时点；提单/App<T0，放款/整笔结清≤T0；支付<T0，已确认整笔同秒结清订单的已知同秒支付可=T0；当前条件为T0已知值。来源可得时间仍待上线核验。,已入模,保留字段；零增益不等于没有业务意义,0.42999720723766405,0.411260749373373,0.48959608323133413,0.1614403689900984,6258.268548965454
reborrow_gap_days_max,已完成结清续借周期实际间隔｜全历史最大值,x = (首次后续apply_time-flow_settle_time).total_seconds()/86400；MAX(finite(x)),S01｜order_loan_f_v2_copy（整笔订单）；S03｜repayment_record_copy（正向入账）,G：T0前已完成续借周期；按历史apply_time顺序；每笔提单匹配最近前序流水结清，一次结清仅取首次匹配,经过天数,float32,无有效值为NaN,describe(),V2-LC-0426,结清后续借习惯,T0固定时点；提单/App<T0，放款/整笔结清≤T0；支付<T0，已确认整笔同秒结清订单的已知同秒支付可=T0；当前条件为T0已知值。来源可得时间仍待上线核验。,已入模,保留字段；零增益不等于没有业务意义,0.42999720723766405,0.411260749373373,0.48959608323133413,0.054858127670513665,257.87850284576416
reborrow_gap_days_last_first_delta,已完成结清续借周期实际间隔｜最近减最早有效值,x = (首次后续apply_time-flow_settle_time).total_seconds()/86400；finite(x)[-1]-finite(x)[0],S01｜order_loan_f_v2_copy（整笔订单）；S03｜repayment_record_copy（正向入账）,G：T0前已完成续借周期；按历史apply_time顺序；每笔提单匹配最近前序流水结清，一次结清仅取首次匹配,经过天数,float32,至少2个有效值；否则NaN,describe(),V2-LC-0427,结清后续借习惯,T0固定时点；提单/App<T0，放款/整笔结清≤T0；支付<T0，已确认整笔同秒结清订单的已知同秒支付可=T0；当前条件为T0已知值。来源可得时间仍待上线核验。,已入模,保留字段；零增益不等于没有业务意义,0.6389350266292338,0.6214931050879696,0.6877712251029264,0.03554591471288582,600.2490015029907
reborrow_gap_days_slope,已完成结清续借周期实际间隔｜生命周期顺序趋势,x = (首次后续apply_time-flow_settle_time).total_seconds()/86400；SUM((i-MEAN(i))*(x_i-MEAN(valid_x)))/SUM((i-MEAN(i))^2)，i为有效值在原序列中的位置,S01｜order_loan_f_v2_copy（整笔订单）；S03｜repayment_record_copy（正向入账）,G：T0前已完成续借周期；按历史apply_time顺序；每笔提单匹配最近前序流水结清，一次结清仅取首次匹配,经过天数／序号步,float32,至少2个有效值；否则NaN,describe(),V2-LC-0428,结清后续借习惯,T0固定时点；提单/App<T0，放款/整笔结清≤T0；支付<T0，已确认整笔同秒结清订单的已知同秒支付可=T0；当前条件为T0已知值。来源可得时间仍待上线核验。,已入模,保留字段；零增益不等于没有业务意义,0.6389350266292338,0.6214931050879696,0.6877712251029264,0.03900595847516709,188.94600105285645
reborrow_gap_days_last3_mean,已完成结清续借周期实际间隔｜最近3笔有效均值,x = (首次后续apply_time-flow_settle_time).total_seconds()/86400；MEAN(finite(x[-3:])),S01｜order_loan_f_v2_copy（整笔订单）；S03｜repayment_record_copy（正向入账）,G：T0前已完成续借周期；按历史apply_time顺序；每笔提单匹配最近前序流水结清，一次结清仅取首次匹配,经过天数,float32,原序列最近3笔中无有效值为NaN；不跳过缺失补足3笔,describe(),V2-LC-0429,结清后续借习惯,T0固定时点；提单/App<T0，放款/整笔结清≤T0；支付<T0，已确认整笔同秒结清订单的已知同秒支付可=T0；当前条件为T0已知值。来源可得时间仍待上线核验。,已入模,保留字段；零增益不等于没有业务意义,0.42999720723766405,0.411260749373373,0.48959608323133413,0.08695709009560414,4134.46102809906
reborrow_gap_days_last5_mean,已完成结清续借周期实际间隔｜最近5笔有效均值,x = (首次后续apply_time-flow_settle_time).total_seconds()/86400；MEAN(finite(x[-5:])),S01｜order_loan_f_v2_copy（整笔订单）；S03｜repayment_record_copy（正向入账）,G：T0前已完成续借周期；按历史apply_time顺序；每笔提单匹配最近前序流水结清，一次结清仅取首次匹配,经过天数,float32,原序列最近5笔中无有效值为NaN；不跳过缺失补足5笔,describe(),V2-LC-0430,结清后续借习惯,T0固定时点；提单/App<T0，放款/整笔结清≤T0；支付<T0，已确认整笔同秒结清订单的已知同秒支付可=T0；当前条件为T0已知值。来源可得时间仍待上线核验。,已入模,保留字段；零增益不等于没有业务意义,0.42999720723766405,0.411260749373373,0.48959608323133413,0.07434430927414275,5124.990118026733
reborrow_gap_days_recent_lifetime_delta,已完成结清续借周期实际间隔｜近期相对全历史变化,x = (首次后续apply_time-flow_settle_time).total_seconds()/86400；MEAN(finite(x[-3:]))-MEAN(finite(x)),S01｜order_loan_f_v2_copy（整笔订单）；S03｜repayment_record_copy（正向入账）,G：T0前已完成续借周期；按历史apply_time顺序；每笔提单匹配最近前序流水结清，一次结清仅取首次匹配,经过天数,float32,任一侧无有效值为NaN,describe(),V2-LC-0431,结清后续借习惯,T0固定时点；提单/App<T0，放款/整笔结清≤T0；支付<T0，已确认整笔同秒结清订单的已知同秒支付可=T0；当前条件为T0已知值。来源可得时间仍待上线核验。,已入模,保留字段；零增益不等于没有业务意义,0.42999720723766405,0.411260749373373,0.48959608323133413,0.03214539807542997,28.885499954223633
reborrow_gap_days_l1,已完成结清续借周期实际间隔｜最近第1笔,x = (首次后续apply_time-flow_settle_time).total_seconds()/86400；x[-1],S01｜order_loan_f_v2_copy（整笔订单）；S03｜repayment_record_copy（正向入账）,G：T0前已完成续借周期；按历史apply_time顺序；每笔提单匹配最近前序流水结清，一次结清仅取首次匹配,经过天数,float32,不足1笔或该位置缺失为NaN；不改取第1个非空值,describe(lags=True),V2-LC-0432,结清后续借习惯,T0固定时点；提单/App<T0，放款/整笔结清≤T0；支付<T0，已确认整笔同秒结清订单的已知同秒支付可=T0；当前条件为T0已知值。来源可得时间仍待上线核验。,已入模,保留字段；零增益不等于没有业务意义,0.42999720723766405,0.411260749373373,0.48959608323133413,0.12215265314108527,23568.716444969177
reborrow_gap_days_l2,已完成结清续借周期实际间隔｜最近第2笔,x = (首次后续apply_time-flow_settle_time).total_seconds()/86400；x[-2],S01｜order_loan_f_v2_copy（整笔订单）；S03｜repayment_record_copy（正向入账）,G：T0前已完成续借周期；按历史apply_time顺序；每笔提单匹配最近前序流水结清，一次结清仅取首次匹配,经过天数,float32,不足2笔或该位置缺失为NaN；不改取第2个非空值,describe(lags=True),V2-LC-0433,结清后续借习惯,T0固定时点；提单/App<T0，放款/整笔结清≤T0；支付<T0，已确认整笔同秒结清订单的已知同秒支付可=T0；当前条件为T0已知值。来源可得时间仍待上线核验。,已入模,保留字段；零增益不等于没有业务意义,0.6389350266292338,0.6214931050879696,0.6877712251029264,0.08812141889172359,2354.144688606262
reborrow_gap_days_l3,已完成结清续借周期实际间隔｜最近第3笔,x = (首次后续apply_time-flow_settle_time).total_seconds()/86400；x[-3],S01｜order_loan_f_v2_copy（整笔订单）；S03｜repayment_record_copy（正向入账）,G：T0前已完成续借周期；按历史apply_time顺序；每笔提单匹配最近前序流水结清，一次结清仅取首次匹配,经过天数,float32,不足3笔或该位置缺失为NaN；不改取第3个非空值,describe(lags=True),V2-LC-0434,结清后续借习惯,T0固定时点；提单/App<T0，放款/整笔结清≤T0；支付<T0，已确认整笔同秒结清订单的已知同秒支付可=T0；当前条件为T0已知值。来源可得时间仍待上线核验。,已入模,保留字段；零增益不等于没有业务意义,0.7620027535656716,0.7478904228825649,0.8042728385445643,0.04873966612630924,430.44249725341797
reborrow_gap_days_l4,已完成结清续借周期实际间隔｜最近第4笔,x = (首次后续apply_time-flow_settle_time).total_seconds()/86400；x[-4],S01｜order_loan_f_v2_copy（整笔订单）；S03｜repayment_record_copy（正向入账）,G：T0前已完成续借周期；按历史apply_time顺序；每笔提单匹配最近前序流水结清，一次结清仅取首次匹配,经过天数,float32,不足4笔或该位置缺失为NaN；不改取第4个非空值,describe(lags=True),V2-LC-0435,结清后续借习惯,T0固定时点；提单/App<T0，放款/整笔结清≤T0；支付<T0，已确认整笔同秒结清订单的已知同秒支付可=T0；当前条件为T0已知值。来源可得时间仍待上线核验。,已入模,保留字段；零增益不等于没有业务意义,0.8376670145370629,0.8266318495772786,0.8727050183598531,0.03382099722644744,406.71299934387207
reborrow_gap_days_l5,已完成结清续借周期实际间隔｜最近第5笔,x = (首次后续apply_time-flow_settle_time).total_seconds()/86400；x[-5],S01｜order_loan_f_v2_copy（整笔订单）；S03｜repayment_record_copy（正向入账）,G：T0前已完成续借周期；按历史apply_time顺序；每笔提单匹配最近前序流水结清，一次结清仅取首次匹配,经过天数,float32,不足5笔或该位置缺失为NaN；不改取第5个非空值,describe(lags=True),V2-LC-0436,结清后续借习惯,T0固定时点；提单/App<T0，放款/整笔结清≤T0；支付<T0，已确认整笔同秒结清订单的已知同秒支付可=T0；当前条件为T0已知值。来源可得时间仍待上线核验。,已入模,保留字段；零增益不等于没有业务意义,0.8852419659087012,0.878091830073261,0.9128741515522422,0.029543823093730014,547.2643013000488
reborrow_gap_days_delta12,已完成结清续借周期实际间隔｜最近1笔减最近2笔,x = (首次后续apply_time-flow_settle_time).total_seconds()/86400；x[-1]-x[-2],S01｜order_loan_f_v2_copy（整笔订单）；S03｜repayment_record_copy（正向入账）,G：T0前已完成续借周期；按历史apply_time顺序；每笔提单匹配最近前序流水结清，一次结清仅取首次匹配,经过天数,float32,不足2笔或任一值缺失为NaN,describe(),V2-LC-0437,结清后续借习惯,T0固定时点；提单/App<T0，放款/整笔结清≤T0；支付<T0，已确认整笔同秒结清订单的已知同秒支付可=T0；当前条件为T0已知值。来源可得时间仍待上线核验。,已入模,保留字段；零增益不等于没有业务意义,0.6389350266292338,0.6214931050879696,0.6877712251029264,0.03732069292022196,624.8243913650513
reborrow_gap_days_delta23,已完成结清续借周期实际间隔｜最近2笔减最近3笔,x = (首次后续apply_time-flow_settle_time).total_seconds()/86400；x[-2]-x[-3],S01｜order_loan_f_v2_copy（整笔订单）；S03｜repayment_record_copy（正向入账）,G：T0前已完成续借周期；按历史apply_time顺序；每笔提单匹配最近前序流水结清，一次结清仅取首次匹配,经过天数,float32,不足3笔或任一值缺失为NaN,describe(),V2-LC-0438,结清后续借习惯,T0固定时点；提单/App<T0，放款/整笔结清≤T0；支付<T0，已确认整笔同秒结清订单的已知同秒支付可=T0；当前条件为T0已知值。来源可得时间仍待上线核验。,已入模,保留字段；零增益不等于没有业务意义,0.7620027535656716,0.7478904228825649,0.8042728385445643,0.02761522711781534,12.905699729919434
reborrow_le0_n,结清后≤0个经过天数再提单｜次数,x = (首次后续apply_time-flow_settle_time).total_seconds()/86400；flag = finite(x) AND (x≤0)；SUM(flag),S01｜order_loan_f_v2_copy（整笔订单）；S03｜repayment_record_copy（正向入账）,G：T0前已完成续借周期；按历史apply_time顺序；每笔提单匹配最近前序流水结清，一次结清仅取首次匹配,次,float32,无符合条件值为0,rates()；阈值累计项可交叉，不是互斥分档,V2-LC-0439,结清后续借习惯,T0固定时点；提单/App<T0，放款/整笔结清≤T0；支付<T0，已确认整笔同秒结清订单的已知同秒支付可=T0；当前条件为T0已知值。来源可得时间仍待上线核验。,未入模,训练风险行内全部缺失或无变化，保留开发规格但模型不使用,0.0,0.0,0.0,0.0,
reborrow_le0_share,结清后≤0个经过天数再提单｜占比,x = (首次后续apply_time-flow_settle_time).total_seconds()/86400；flag = finite(x) AND (x≤0)；SUM(flag)/COUNT(finite(x)),S01｜order_loan_f_v2_copy（整笔订单）；S03｜repayment_record_copy（正向入账）,G：T0前已完成续借周期；按历史apply_time顺序；每笔提单匹配最近前序流水结清，一次结清仅取首次匹配,比例,float32,无有效x为NaN；有效x存在且无符合值为0,rates()；阈值累计项可交叉，不是互斥分档,V2-LC-0440,结清后续借习惯,T0固定时点；提单/App<T0，放款/整笔结清≤T0；支付<T0，已确认整笔同秒结清订单的已知同秒支付可=T0；当前条件为T0已知值。来源可得时间仍待上线核验。,已入模,保留字段；零增益不等于没有业务意义,0.42999720723766405,0.411260749373373,0.48959608323133413,0.024842819112695647,0.0
reborrow_le0_current_streak,结清后≤0个经过天数再提单｜当前连续次数,x = (首次后续apply_time-flow_settle_time).total_seconds()/86400；flag = finite(x) AND (x≤0)；从序列末尾向前累计连续True，遇False即止,S01｜order_loan_f_v2_copy（整笔订单）；S03｜repayment_record_copy（正向入账）,G：T0前已完成续借周期；按历史apply_time顺序；每笔提单匹配最近前序流水结清，一次结清仅取首次匹配,次,float32,缺失转False、中断连续；空序列为0,rates()；阈值累计项可交叉，不是互斥分档,V2-LC-0441,结清后续借习惯,T0固定时点；提单/App<T0，放款/整笔结清≤T0；支付<T0，已确认整笔同秒结清订单的已知同秒支付可=T0；当前条件为T0已知值。来源可得时间仍待上线核验。,未入模,训练风险行内全部缺失或无变化，保留开发规格但模型不使用,0.0,0.0,0.0,0.0,
reborrow_le0_max_streak,结清后≤0个经过天数再提单｜历史最长连续次数,x = (首次后续apply_time-flow_settle_time).total_seconds()/86400；flag = finite(x) AND (x≤0)；序列中最长连续True长度,S01｜order_loan_f_v2_copy（整笔订单）；S03｜repayment_record_copy（正向入账）,G：T0前已完成续借周期；按历史apply_time顺序；每笔提单匹配最近前序流水结清，一次结清仅取首次匹配,次,float32,缺失转False、中断连续；空序列为0,rates()；阈值累计项可交叉，不是互斥分档,V2-LC-0442,结清后续借习惯,T0固定时点；提单/App<T0，放款/整笔结清≤T0；支付<T0，已确认整笔同秒结清订单的已知同秒支付可=T0；当前条件为T0已知值。来源可得时间仍待上线核验。,未入模,训练风险行内全部缺失或无变化，保留开发规格但模型不使用,0.0,0.0,0.0,0.0,
reborrow_le3_n,结清后≤3个经过天数再提单｜次数,x = (首次后续apply_time-flow_settle_time).total_seconds()/86400；flag = finite(x) AND (x≤3)；SUM(flag),S01｜order_loan_f_v2_copy（整笔订单）；S03｜repayment_record_copy（正向入账）,G：T0前已完成续借周期；按历史apply_time顺序；每笔提单匹配最近前序流水结清，一次结清仅取首次匹配,次,float32,无符合条件值为0,rates()；阈值累计项可交叉，不是互斥分档,V2-LC-0443,结清后续借习惯,T0固定时点；提单/App<T0，放款/整笔结清≤T0；支付<T0，已确认整笔同秒结清订单的已知同秒支付可=T0；当前条件为T0已知值。来源可得时间仍待上线核验。,已入模,保留字段；零增益不等于没有业务意义,0.0,0.0,0.0,0.047626214689322696,187.32010078430176
reborrow_le3_share,结清后≤3个经过天数再提单｜占比,x = (首次后续apply_time-flow_settle_time).total_seconds()/86400；flag = finite(x) AND (x≤3)；SUM(flag)/COUNT(finite(x)),S01｜order_loan_f_v2_copy（整笔订单）；S03｜repayment_record_copy（正向入账）,G：T0前已完成续借周期；按历史apply_time顺序；每笔提单匹配最近前序流水结清，一次结清仅取首次匹配,比例,float32,无有效x为NaN；有效x存在且无符合值为0,rates()；阈值累计项可交叉，不是互斥分档,V2-LC-0444,结清后续借习惯,T0固定时点；提单/App<T0，放款/整笔结清≤T0；支付<T0，已确认整笔同秒结清订单的已知同秒支付可=T0；当前条件为T0已知值。来源可得时间仍待上线核验。,已入模,保留字段；零增益不等于没有业务意义,0.42999720723766405,0.411260749373373,0.48959608323133413,0.0465748747658528,2506.2623977661133
reborrow_le3_current_streak,结清后≤3个经过天数再提单｜当前连续次数,x = (首次后续apply_time-flow_settle_time).total_seconds()/86400；flag = finite(x) AND (x≤3)；从序列末尾向前累计连续True，遇False即止,S01｜order_loan_f_v2_copy（整笔订单）；S03｜repayment_record_copy（正向入账）,G：T0前已完成续借周期；按历史apply_time顺序；每笔提单匹配最近前序流水结清，一次结清仅取首次匹配,次,float32,缺失转False、中断连续；空序列为0,rates()；阈值累计项可交叉，不是互斥分档,V2-LC-0445,结清后续借习惯,T0固定时点；提单/App<T0，放款/整笔结清≤T0；支付<T0，已确认整笔同秒结清订单的已知同秒支付可=T0；当前条件为T0已知值。来源可得时间仍待上线核验。,已入模,保留字段；零增益不等于没有业务意义,0.0,0.0,0.0,0.05238826732486644,2636.425189971924
reborrow_le3_max_streak,结清后≤3个经过天数再提单｜历史最长连续次数,x = (首次后续apply_time-flow_settle_time).total_seconds()/86400；flag = finite(x) AND (x≤3)；序列中最长连续True长度,S01｜order_loan_f_v2_copy（整笔订单）；S03｜repayment_record_copy（正向入账）,G：T0前已完成续借周期；按历史apply_time顺序；每笔提单匹配最近前序流水结清，一次结清仅取首次匹配,次,float32,缺失转False、中断连续；空序列为0,rates()；阈值累计项可交叉，不是互斥分档,V2-LC-0446,结清后续借习惯,T0固定时点；提单/App<T0，放款/整笔结清≤T0；支付<T0，已确认整笔同秒结清订单的已知同秒支付可=T0；当前条件为T0已知值。来源可得时间仍待上线核验。,已入模,保留字段；零增益不等于没有业务意义,0.0,0.0,0.0,0.04804070055854042,695.6017980575562
reborrow_le7_n,结清后≤7个经过天数再提单｜次数,x = (首次后续apply_time-flow_settle_time).total_seconds()/86400；flag = finite(x) AND (x≤7)；SUM(flag),S01｜order_loan_f_v2_copy（整笔订单）；S03｜repayment_record_copy（正向入账）,G：T0前已完成续借周期；按历史apply_time顺序；每笔提单匹配最近前序流水结清，一次结清仅取首次匹配,次,float32,无符合条件值为0,rates()；阈值累计项可交叉，不是互斥分档,V2-LC-0447,结清后续借习惯,T0固定时点；提单/App<T0，放款/整笔结清≤T0；支付<T0，已确认整笔同秒结清订单的已知同秒支付可=T0；当前条件为T0已知值。来源可得时间仍待上线核验。,已入模,保留字段；零增益不等于没有业务意义,0.0,0.0,0.0,0.0435093829512278,34.96269989013672
reborrow_le7_share,结清后≤7个经过天数再提单｜占比,x = (首次后续apply_time-flow_settle_time).total_seconds()/86400；flag = finite(x) AND (x≤7)；SUM(flag)/COUNT(finite(x)),S01｜order_loan_f_v2_copy（整笔订单）；S03｜repayment_record_copy（正向入账）,G：T0前已完成续借周期；按历史apply_time顺序；每笔提单匹配最近前序流水结清，一次结清仅取首次匹配,比例,float32,无有效x为NaN；有效x存在且无符合值为0,rates()；阈值累计项可交叉，不是互斥分档,V2-LC-0448,结清后续借习惯,T0固定时点；提单/App<T0，放款/整笔结清≤T0；支付<T0，已确认整笔同秒结清订单的已知同秒支付可=T0；当前条件为T0已知值。来源可得时间仍待上线核验。,已入模,保留字段；零增益不等于没有业务意义,0.42999720723766405,0.411260749373373,0.48959608323133413,0.045638449562707795,219.05439949035645
reborrow_le7_current_streak,结清后≤7个经过天数再提单｜当前连续次数,x = (首次后续apply_time-flow_settle_time).total_seconds()/86400；flag = finite(x) AND (x≤7)；从序列末尾向前累计连续True，遇False即止,S01｜order_loan_f_v2_copy（整笔订单）；S03｜repayment_record_copy（正向入账）,G：T0前已完成续借周期；按历史apply_time顺序；每笔提单匹配最近前序流水结清，一次结清仅取首次匹配,次,float32,缺失转False、中断连续；空序列为0,rates()；阈值累计项可交叉，不是互斥分档,V2-LC-0449,结清后续借习惯,T0固定时点；提单/App<T0，放款/整笔结清≤T0；支付<T0，已确认整笔同秒结清订单的已知同秒支付可=T0；当前条件为T0已知值。来源可得时间仍待上线核验。,已入模,保留字段；零增益不等于没有业务意义,0.0,0.0,0.0,0.04801247351118326,142.45700073242188
reborrow_le7_max_streak,结清后≤7个经过天数再提单｜历史最长连续次数,x = (首次后续apply_time-flow_settle_time).total_seconds()/86400；flag = finite(x) AND (x≤7)；序列中最长连续True长度,S01｜order_loan_f_v2_copy（整笔订单）；S03｜repayment_record_copy（正向入账）,G：T0前已完成续借周期；按历史apply_time顺序；每笔提单匹配最近前序流水结清，一次结清仅取首次匹配,次,float32,缺失转False、中断连续；空序列为0,rates()；阈值累计项可交叉，不是互斥分档,V2-LC-0450,结清后续借习惯,T0固定时点；提单/App<T0，放款/整笔结清≤T0；支付<T0，已确认整笔同秒结清订单的已知同秒支付可=T0；当前条件为T0已知值。来源可得时间仍待上线核验。,已入模,保留字段；零增益不等于没有业务意义,0.0,0.0,0.0,0.04342290229899119,28.81089973449707
reborrow_le10_n,结清后≤10个经过天数再提单｜次数,x = (首次后续apply_time-flow_settle_time).total_seconds()/86400；flag = finite(x) AND (x≤10)；SUM(flag),S01｜order_loan_f_v2_copy（整笔订单）；S03｜repayment_record_copy（正向入账）,G：T0前已完成续借周期；按历史apply_time顺序；每笔提单匹配最近前序流水结清，一次结清仅取首次匹配,次,float32,无符合条件值为0,rates()；阈值累计项可交叉，不是互斥分档,V2-LC-0451,结清后续借习惯,T0固定时点；提单/App<T0，放款/整笔结清≤T0；支付<T0，已确认整笔同秒结清订单的已知同秒支付可=T0；当前条件为T0已知值。来源可得时间仍待上线核验。,已入模,保留字段；零增益不等于没有业务意义,0.0,0.0,0.0,0.0401292839488161,15.32800006866455
reborrow_le10_share,结清后≤10个经过天数再提单｜占比,x = (首次后续apply_time-flow_settle_time).total_seconds()/86400；flag = finite(x) AND (x≤10)；SUM(flag)/COUNT(finite(x)),S01｜order_loan_f_v2_copy（整笔订单）；S03｜repayment_record_copy（正向入账）,G：T0前已完成续借周期；按历史apply_time顺序；每笔提单匹配最近前序流水结清，一次结清仅取首次匹配,比例,float32,无有效x为NaN；有效x存在且无符合值为0,rates()；阈值累计项可交叉，不是互斥分档,V2-LC-0452,结清后续借习惯,T0固定时点；提单/App<T0，放款/整笔结清≤T0；支付<T0，已确认整笔同秒结清订单的已知同秒支付可=T0；当前条件为T0已知值。来源可得时间仍待上线核验。,已入模,保留字段；零增益不等于没有业务意义,0.42999720723766405,0.411260749373373,0.48959608323133413,0.040507393669200566,111.68340015411377
reborrow_le10_current_streak,结清后≤10个经过天数再提单｜当前连续次数,x = (首次后续apply_time-flow_settle_time).total_seconds()/86400；flag = finite(x) AND (x≤10)；从序列末尾向前累计连续True，遇False即止,S01｜order_loan_f_v2_copy（整笔订单）；S03｜repayment_record_copy（正向入账）,G：T0前已完成续借周期；按历史apply_time顺序；每笔提单匹配最近前序流水结清，一次结清仅取首次匹配,次,float32,缺失转False、中断连续；空序列为0,rates()；阈值累计项可交叉，不是互斥分档,V2-LC-0453,结清后续借习惯,T0固定时点；提单/App<T0，放款/整笔结清≤T0；支付<T0，已确认整笔同秒结清订单的已知同秒支付可=T0；当前条件为T0已知值。来源可得时间仍待上线核验。,已入模,保留字段；零增益不等于没有业务意义,0.0,0.0,0.0,0.04503481522036948,262.32679653167725
reborrow_le10_max_streak,结清后≤10个经过天数再提单｜历史最长连续次数,x = (首次后续apply_time-flow_settle_time).total_seconds()/86400；flag = finite(x) AND (x≤10)；序列中最长连续True长度,S01｜order_loan_f_v2_copy（整笔订单）；S03｜repayment_record_copy（正向入账）,G：T0前已完成续借周期；按历史apply_time顺序；每笔提单匹配最近前序流水结清，一次结清仅取首次匹配,次,float32,缺失转False、中断连续；空序列为0,rates()；阈值累计项可交叉，不是互斥分档,V2-LC-0454,结清后续借习惯,T0固定时点；提单/App<T0，放款/整笔结清≤T0；支付<T0，已确认整笔同秒结清订单的已知同秒支付可=T0；当前条件为T0已知值。来源可得时间仍待上线核验。,已入模,保留字段；零增益不等于没有业务意义,0.0,0.0,0.0,0.04072912541706805,102.83290100097656
reborrow_le14_n,结清后≤14个经过天数再提单｜次数,x = (首次后续apply_time-flow_settle_time).total_seconds()/86400；flag = finite(x) AND (x≤14)；SUM(flag),S01｜order_loan_f_v2_copy（整笔订单）；S03｜repayment_record_copy（正向入账）,G：T0前已完成续借周期；按历史apply_time顺序；每笔提单匹配最近前序流水结清，一次结清仅取首次匹配,次,float32,无符合条件值为0,rates()；阈值累计项可交叉，不是互斥分档,V2-LC-0455,结清后续借习惯,T0固定时点；提单/App<T0，放款/整笔结清≤T0；支付<T0，已确认整笔同秒结清订单的已知同秒支付可=T0；当前条件为T0已知值。来源可得时间仍待上线核验。,已入模,保留字段；零增益不等于没有业务意义,0.0,0.0,0.0,0.03909170304253814,0.0
reborrow_le14_share,结清后≤14个经过天数再提单｜占比,x = (首次后续apply_time-flow_settle_time).total_seconds()/86400；flag = finite(x) AND (x≤14)；SUM(flag)/COUNT(finite(x)),S01｜order_loan_f_v2_copy（整笔订单）；S03｜repayment_record_copy（正向入账）,G：T0前已完成续借周期；按历史apply_time顺序；每笔提单匹配最近前序流水结清，一次结清仅取首次匹配,比例,float32,无有效x为NaN；有效x存在且无符合值为0,rates()；阈值累计项可交叉，不是互斥分档,V2-LC-0456,结清后续借习惯,T0固定时点；提单/App<T0，放款/整笔结清≤T0；支付<T0，已确认整笔同秒结清订单的已知同秒支付可=T0；当前条件为T0已知值。来源可得时间仍待上线核验。,已入模,保留字段；零增益不等于没有业务意义,0.42999720723766405,0.411260749373373,0.48959608323133413,0.04052957501041235,123.90609931945801
reborrow_le14_current_streak,结清后≤14个经过天数再提单｜当前连续次数,x = (首次后续apply_time-flow_settle_time).total_seconds()/86400；flag = finite(x) AND (x≤14)；从序列末尾向前累计连续True，遇False即止,S01｜order_loan_f_v2_copy（整笔订单）；S03｜repayment_record_copy（正向入账）,G：T0前已完成续借周期；按历史apply_time顺序；每笔提单匹配最近前序流水结清，一次结清仅取首次匹配,次,float32,缺失转False、中断连续；空序列为0,rates()；阈值累计项可交叉，不是互斥分档,V2-LC-0457,结清后续借习惯,T0固定时点；提单/App<T0，放款/整笔结清≤T0；支付<T0，已确认整笔同秒结清订单的已知同秒支付可=T0；当前条件为T0已知值。来源可得时间仍待上线核验。,已入模,保留字段；零增益不等于没有业务意义,0.0,0.0,0.0,0.04501139115018232,77.42949676513672
reborrow_le14_max_streak,结清后≤14个经过天数再提单｜历史最长连续次数,x = (首次后续apply_time-flow_settle_time).total_seconds()/86400；flag = finite(x) AND (x≤14)；序列中最长连续True长度,S01｜order_loan_f_v2_copy（整笔订单）；S03｜repayment_record_copy（正向入账）,G：T0前已完成续借周期；按历史apply_time顺序；每笔提单匹配最近前序流水结清，一次结清仅取首次匹配,次,float32,缺失转False、中断连续；空序列为0,rates()；阈值累计项可交叉，不是互斥分档,V2-LC-0458,结清后续借习惯,T0固定时点；提单/App<T0，放款/整笔结清≤T0；支付<T0，已确认整笔同秒结清订单的已知同秒支付可=T0；当前条件为T0已知值。来源可得时间仍待上线核验。,已入模,保留字段；零增益不等于没有业务意义,0.0,0.0,0.0,0.0401951761743272,46.16579818725586
reborrow_calendar_gap_days_valid_n,已完成结清续借周期自然日间隔｜有效值数,x = DATE(首次后续apply_time)-DATE(flow_settle_time)；COUNT(finite(x)),S01｜order_loan_f_v2_copy（整笔订单）；S03｜repayment_record_copy（正向入账）,G：T0前已完成续借周期；按历史apply_time顺序；每笔提单匹配最近前序流水结清，一次结清仅取首次匹配,个,float32,无有效值返回0,describe(),V2-LC-0459,结清后续借习惯,T0固定时点；提单/App<T0，放款/整笔结清≤T0；支付<T0，已确认整笔同秒结清订单的已知同秒支付可=T0；当前条件为T0已知值。来源可得时间仍待上线核验。,已入模,保留字段；零增益不等于没有业务意义,0.0,0.0,0.0,0.03077901797088551,0.0
reborrow_calendar_gap_days_mean,已完成结清续借周期自然日间隔｜全历史均值,x = DATE(首次后续apply_time)-DATE(flow_settle_time)；MEAN(finite(x)),S01｜order_loan_f_v2_copy（整笔订单）；S03｜repayment_record_copy（正向入账）,G：T0前已完成续借周期；按历史apply_time顺序；每笔提单匹配最近前序流水结清，一次结清仅取首次匹配,自然日,float32,无有效值为NaN,describe(),V2-LC-0460,结清后续借习惯,T0固定时点；提单/App<T0，放款/整笔结清≤T0；支付<T0，已确认整笔同秒结清订单的已知同秒支付可=T0；当前条件为T0已知值。来源可得时间仍待上线核验。,已入模,保留字段；零增益不等于没有业务意义,0.42999720723766405,0.411260749373373,0.48959608323133413,0.049170372670796166,1646.4191074371338
reborrow_calendar_gap_days_std,已完成结清续借周期自然日间隔｜全历史总体标准差,"x = DATE(首次后续apply_time)-DATE(flow_settle_time)；STD(finite(x), ddof=0)",S01｜order_loan_f_v2_copy（整笔订单）；S03｜repayment_record_copy（正向入账）,G：T0前已完成续借周期；按历史apply_time顺序；每笔提单匹配最近前序流水结清，一次结清仅取首次匹配,自然日,float32,无有效值为NaN；单个有效值为0,describe(),V2-LC-0461,结清后续借习惯,T0固定时点；提单/App<T0，放款/整笔结清≤T0；支付<T0，已确认整笔同秒结清订单的已知同秒支付可=T0；当前条件为T0已知值。来源可得时间仍待上线核验。,已入模,保留字段；零增益不等于没有业务意义,0.42999720723766405,0.411260749373373,0.48959608323133413,0.0348162031378313,60.160200119018555
reborrow_calendar_gap_days_min,已完成结清续借周期自然日间隔｜全历史最小值,x = DATE(首次后续apply_time)-DATE(flow_settle_time)；MIN(finite(x)),S01｜order_loan_f_v2_copy（整笔订单）；S03｜repayment_record_copy（正向入账）,G：T0前已完成续借周期；按历史apply_time顺序；每笔提单匹配最近前序流水结清，一次结清仅取首次匹配,自然日,float32,无有效值为NaN,describe(),V2-LC-0462,结清后续借习惯,T0固定时点；提单/App<T0，放款/整笔结清≤T0；支付<T0，已确认整笔同秒结清订单的已知同秒支付可=T0；当前条件为T0已知值。来源可得时间仍待上线核验。,已入模,保留字段；零增益不等于没有业务意义,0.42999720723766405,0.411260749373373,0.48959608323133413,0.04567790534862866,0.0
reborrow_calendar_gap_days_max,已完成结清续借周期自然日间隔｜全历史最大值,x = DATE(首次后续apply_time)-DATE(flow_settle_time)；MAX(finite(x)),S01｜order_loan_f_v2_copy（整笔订单）；S03｜repayment_record_copy（正向入账）,G：T0前已完成续借周期；按历史apply_time顺序；每笔提单匹配最近前序流水结清，一次结清仅取首次匹配,自然日,float32,无有效值为NaN,describe(),V2-LC-0463,结清后续借习惯,T0固定时点；提单/App<T0，放款/整笔结清≤T0；支付<T0，已确认整笔同秒结清订单的已知同秒支付可=T0；当前条件为T0已知值。来源可得时间仍待上线核验。,已入模,保留字段；零增益不等于没有业务意义,0.42999720723766405,0.411260749373373,0.48959608323133413,0.04205355677653894,14.730600357055664
reborrow_calendar_gap_days_last_first_delta,已完成结清续借周期自然日间隔｜最近减最早有效值,x = DATE(首次后续apply_time)-DATE(flow_settle_time)；finite(x)[-1]-finite(x)[0],S01｜order_loan_f_v2_copy（整笔订单）；S03｜repayment_record_copy（正向入账）,G：T0前已完成续借周期；按历史apply_time顺序；每笔提单匹配最近前序流水结清，一次结清仅取首次匹配,自然日,float32,至少2个有效值；否则NaN,describe(),V2-LC-0464,结清后续借习惯,T0固定时点；提单/App<T0，放款/整笔结清≤T0；支付<T0，已确认整笔同秒结清订单的已知同秒支付可=T0；当前条件为T0已知值。来源可得时间仍待上线核验。,已入模,保留字段；零增益不等于没有业务意义,0.6389350266292338,0.6214931050879696,0.6877712251029264,0.036061376608887,55.647600173950195
reborrow_calendar_gap_days_slope,已完成结清续借周期自然日间隔｜生命周期顺序趋势,x = DATE(首次后续apply_time)-DATE(flow_settle_time)；SUM((i-MEAN(i))*(x_i-MEAN(valid_x)))/SUM((i-MEAN(i))^2)，i为有效值在原序列中的位置,S01｜order_loan_f_v2_copy（整笔订单）；S03｜repayment_record_copy（正向入账）,G：T0前已完成续借周期；按历史apply_time顺序；每笔提单匹配最近前序流水结清，一次结清仅取首次匹配,自然日／序号步,float32,至少2个有效值；否则NaN,describe(),V2-LC-0465,结清后续借习惯,T0固定时点；提单/App<T0，放款/整笔结清≤T0；支付<T0，已确认整笔同秒结清订单的已知同秒支付可=T0；当前条件为T0已知值。来源可得时间仍待上线核验。,已入模,保留字段；零增益不等于没有业务意义,0.6389350266292338,0.6214931050879696,0.6877712251029264,0.03813439365655794,25.363100051879883
reborrow_calendar_gap_days_last3_mean,已完成结清续借周期自然日间隔｜最近3笔有效均值,x = DATE(首次后续apply_time)-DATE(flow_settle_time)；MEAN(finite(x[-3:])),S01｜order_loan_f_v2_copy（整笔订单）；S03｜repayment_record_copy（正向入账）,G：T0前已完成续借周期；按历史apply_time顺序；每笔提单匹配最近前序流水结清，一次结清仅取首次匹配,自然日,float32,原序列最近3笔中无有效值为NaN；不跳过缺失补足3笔,describe(),V2-LC-0466,结清后续借习惯,T0固定时点；提单/App<T0，放款/整笔结清≤T0；支付<T0，已确认整笔同秒结清订单的已知同秒支付可=T0；当前条件为T0已知值。来源可得时间仍待上线核验。,已入模,保留字段；零增益不等于没有业务意义,0.42999720723766405,0.411260749373373,0.48959608323133413,0.051412788886041116,3095.366669654846
reborrow_calendar_gap_days_last5_mean,已完成结清续借周期自然日间隔｜最近5笔有效均值,x = DATE(首次后续apply_time)-DATE(flow_settle_time)；MEAN(finite(x[-5:])),S01｜order_loan_f_v2_copy（整笔订单）；S03｜repayment_record_copy（正向入账）,G：T0前已完成续借周期；按历史apply_time顺序；每笔提单匹配最近前序流水结清，一次结清仅取首次匹配,自然日,float32,原序列最近5笔中无有效值为NaN；不跳过缺失补足5笔,describe(),V2-LC-0467,结清后续借习惯,T0固定时点；提单/App<T0，放款/整笔结清≤T0；支付<T0，已确认整笔同秒结清订单的已知同秒支付可=T0；当前条件为T0已知值。来源可得时间仍待上线核验。,已入模,保留字段；零增益不等于没有业务意义,0.42999720723766405,0.411260749373373,0.48959608323133413,0.04965771654160775,6820.591125488281
reborrow_calendar_gap_days_recent_lifetime_delta,已完成结清续借周期自然日间隔｜近期相对全历史变化,x = DATE(首次后续apply_time)-DATE(flow_settle_time)；MEAN(finite(x[-3:]))-MEAN(finite(x)),S01｜order_loan_f_v2_copy（整笔订单）；S03｜repayment_record_copy（正向入账）,G：T0前已完成续借周期；按历史apply_time顺序；每笔提单匹配最近前序流水结清，一次结清仅取首次匹配,自然日,float32,任一侧无有效值为NaN,describe(),V2-LC-0468,结清后续借习惯,T0固定时点；提单/App<T0，放款/整笔结清≤T0；支付<T0，已确认整笔同秒结清订单的已知同秒支付可=T0；当前条件为T0已知值。来源可得时间仍待上线核验。,已入模,保留字段；零增益不等于没有业务意义,0.42999720723766405,0.411260749373373,0.48959608323133413,0.030401779314243614,130.19029998779297
reborrow_calendar_gap_days_l1,已完成结清续借周期自然日间隔｜最近第1笔,x = DATE(首次后续apply_time)-DATE(flow_settle_time)；x[-1],S01｜order_loan_f_v2_copy（整笔订单）；S03｜repayment_record_copy（正向入账）,G：T0前已完成续借周期；按历史apply_time顺序；每笔提单匹配最近前序流水结清，一次结清仅取首次匹配,自然日,float32,不足1笔或该位置缺失为NaN；不改取第1个非空值,describe(lags=True),V2-LC-0469,结清后续借习惯,T0固定时点；提单/App<T0，放款/整笔结清≤T0；支付<T0，已确认整笔同秒结清订单的已知同秒支付可=T0；当前条件为T0已知值。来源可得时间仍待上线核验。,已入模,保留字段；零增益不等于没有业务意义,0.42999720723766405,0.411260749373373,0.48959608323133413,0.0462165990254764,725.1648969650269
reborrow_calendar_gap_days_l2,已完成结清续借周期自然日间隔｜最近第2笔,x = DATE(首次后续apply_time)-DATE(flow_settle_time)；x[-2],S01｜order_loan_f_v2_copy（整笔订单）；S03｜repayment_record_copy（正向入账）,G：T0前已完成续借周期；按历史apply_time顺序；每笔提单匹配最近前序流水结清，一次结清仅取首次匹配,自然日,float32,不足2笔或该位置缺失为NaN；不改取第2个非空值,describe(lags=True),V2-LC-0470,结清后续借习惯,T0固定时点；提单/App<T0，放款/整笔结清≤T0；支付<T0，已确认整笔同秒结清订单的已知同秒支付可=T0；当前条件为T0已知值。来源可得时间仍待上线核验。,已入模,保留字段；零增益不等于没有业务意义,0.6389350266292338,0.6214931050879696,0.6877712251029264,0.033172635114790294,192.55056953430176
reborrow_calendar_gap_days_l3,已完成结清续借周期自然日间隔｜最近第3笔,x = DATE(首次后续apply_time)-DATE(flow_settle_time)；x[-3],S01｜order_loan_f_v2_copy（整笔订单）；S03｜repayment_record_copy（正向入账）,G：T0前已完成续借周期；按历史apply_time顺序；每笔提单匹配最近前序流水结清，一次结清仅取首次匹配,自然日,float32,不足3笔或该位置缺失为NaN；不改取第3个非空值,describe(lags=True),V2-LC-0471,结清后续借习惯,T0固定时点；提单/App<T0，放款/整笔结清≤T0；支付<T0，已确认整笔同秒结清订单的已知同秒支付可=T0；当前条件为T0已知值。来源可得时间仍待上线核验。,已入模,保留字段；零增益不等于没有业务意义,0.7620027535656716,0.7478904228825649,0.8042728385445643,0.024835772294613458,73.65690040588379
reborrow_calendar_gap_days_l4,已完成结清续借周期自然日间隔｜最近第4笔,x = DATE(首次后续apply_time)-DATE(flow_settle_time)；x[-4],S01｜order_loan_f_v2_copy（整笔订单）；S03｜repayment_record_copy（正向入账）,G：T0前已完成续借周期；按历史apply_time顺序；每笔提单匹配最近前序流水结清，一次结清仅取首次匹配,自然日,float32,不足4笔或该位置缺失为NaN；不改取第4个非空值,describe(lags=True),V2-LC-0472,结清后续借习惯,T0固定时点；提单/App<T0，放款/整笔结清≤T0；支付<T0，已确认整笔同秒结清订单的已知同秒支付可=T0；当前条件为T0已知值。来源可得时间仍待上线核验。,已入模,保留字段；零增益不等于没有业务意义,0.8376670145370629,0.8266318495772786,0.8727050183598531,0.020451180060489543,45.22949981689453
reborrow_calendar_gap_days_l5,已完成结清续借周期自然日间隔｜最近第5笔,x = DATE(首次后续apply_time)-DATE(flow_settle_time)；x[-5],S01｜order_loan_f_v2_copy（整笔订单）；S03｜repayment_record_copy（正向入账）,G：T0前已完成续借周期；按历史apply_time顺序；每笔提单匹配最近前序流水结清，一次结清仅取首次匹配,自然日,float32,不足5笔或该位置缺失为NaN；不改取第5个非空值,describe(lags=True),V2-LC-0473,结清后续借习惯,T0固定时点；提单/App<T0，放款/整笔结清≤T0；支付<T0，已确认整笔同秒结清订单的已知同秒支付可=T0；当前条件为T0已知值。来源可得时间仍待上线核验。,已入模,保留字段；零增益不等于没有业务意义,0.8852419659087012,0.878091830073261,0.9128741515522422,0.017469341575277162,0.0
reborrow_calendar_gap_days_delta12,已完成结清续借周期自然日间隔｜最近1笔减最近2笔,x = DATE(首次后续apply_time)-DATE(flow_settle_time)；x[-1]-x[-2],S01｜order_loan_f_v2_copy（整笔订单）；S03｜repayment_record_copy（正向入账）,G：T0前已完成续借周期；按历史apply_time顺序；每笔提单匹配最近前序流水结清，一次结清仅取首次匹配,自然日,float32,不足2笔或任一值缺失为NaN,describe(),V2-LC-0474,结清后续借习惯,T0固定时点；提单/App<T0，放款/整笔结清≤T0；支付<T0，已确认整笔同秒结清订单的已知同秒支付可=T0；当前条件为T0已知值。来源可得时间仍待上线核验。,已入模,保留字段；零增益不等于没有业务意义,0.6389350266292338,0.6214931050879696,0.6877712251029264,0.03722665709072406,0.0
reborrow_calendar_gap_days_delta23,已完成结清续借周期自然日间隔｜最近2笔减最近3笔,x = DATE(首次后续apply_time)-DATE(flow_settle_time)；x[-2]-x[-3],S01｜order_loan_f_v2_copy（整笔订单）；S03｜repayment_record_copy（正向入账）,G：T0前已完成续借周期；按历史apply_time顺序；每笔提单匹配最近前序流水结清，一次结清仅取首次匹配,自然日,float32,不足3笔或任一值缺失为NaN,describe(),V2-LC-0475,结清后续借习惯,T0固定时点；提单/App<T0，放款/整笔结清≤T0；支付<T0，已确认整笔同秒结清订单的已知同秒支付可=T0；当前条件为T0已知值。来源可得时间仍待上线核验。,已入模,保留字段；零增益不等于没有业务意义,0.7620027535656716,0.7478904228825649,0.8042728385445643,0.02585937826560774,15.578100204467773
reborrow_calendar_le0_n,结清后≤0个自然日再提单｜次数,x = DATE(首次后续apply_time)-DATE(flow_settle_time)；flag = finite(x) AND (x≤0)；SUM(flag),S01｜order_loan_f_v2_copy（整笔订单）；S03｜repayment_record_copy（正向入账）,G：T0前已完成续借周期；按历史apply_time顺序；每笔提单匹配最近前序流水结清，一次结清仅取首次匹配,次,float32,无符合条件值为0,rates()；阈值累计项可交叉，不是互斥分档,V2-LC-0476,结清后续借习惯,T0固定时点；提单/App<T0，放款/整笔结清≤T0；支付<T0，已确认整笔同秒结清订单的已知同秒支付可=T0；当前条件为T0已知值。来源可得时间仍待上线核验。,已入模,保留字段；零增益不等于没有业务意义,0.0,0.0,0.0,0.04876282577248456,867.5819034576416
reborrow_calendar_le0_share,结清后≤0个自然日再提单｜占比,x = DATE(首次后续apply_time)-DATE(flow_settle_time)；flag = finite(x) AND (x≤0)；SUM(flag)/COUNT(finite(x)),S01｜order_loan_f_v2_copy（整笔订单）；S03｜repayment_record_copy（正向入账）,G：T0前已完成续借周期；按历史apply_time顺序；每笔提单匹配最近前序流水结清，一次结清仅取首次匹配,比例,float32,无有效x为NaN；有效x存在且无符合值为0,rates()；阈值累计项可交叉，不是互斥分档,V2-LC-0477,结清后续借习惯,T0固定时点；提单/App<T0，放款/整笔结清≤T0；支付<T0，已确认整笔同秒结清订单的已知同秒支付可=T0；当前条件为T0已知值。来源可得时间仍待上线核验。,已入模,保留字段；零增益不等于没有业务意义,0.42999720723766405,0.411260749373373,0.48959608323133413,0.044765308222942904,19585.17362499237
reborrow_calendar_le0_current_streak,结清后≤0个自然日再提单｜当前连续次数,x = DATE(首次后续apply_time)-DATE(flow_settle_time)；flag = finite(x) AND (x≤0)；从序列末尾向前累计连续True，遇False即止,S01｜order_loan_f_v2_copy（整笔订单）；S03｜repayment_record_copy（正向入账）,G：T0前已完成续借周期；按历史apply_time顺序；每笔提单匹配最近前序流水结清，一次结清仅取首次匹配,次,float32,缺失转False、中断连续；空序列为0,rates()；阈值累计项可交叉，不是互斥分档,V2-LC-0478,结清后续借习惯,T0固定时点；提单/App<T0，放款/整笔结清≤T0；支付<T0，已确认整笔同秒结清订单的已知同秒支付可=T0；当前条件为T0已知值。来源可得时间仍待上线核验。,已入模,保留字段；零增益不等于没有业务意义,0.0,0.0,0.0,0.03940476228083033,382.74999809265137
reborrow_calendar_le0_max_streak,结清后≤0个自然日再提单｜历史最长连续次数,x = DATE(首次后续apply_time)-DATE(flow_settle_time)；flag = finite(x) AND (x≤0)；序列中最长连续True长度,S01｜order_loan_f_v2_copy（整笔订单）；S03｜repayment_record_copy（正向入账）,G：T0前已完成续借周期；按历史apply_time顺序；每笔提单匹配最近前序流水结清，一次结清仅取首次匹配,次,float32,缺失转False、中断连续；空序列为0,rates()；阈值累计项可交叉，不是互斥分档,V2-LC-0479,结清后续借习惯,T0固定时点；提单/App<T0，放款/整笔结清≤T0；支付<T0，已确认整笔同秒结清订单的已知同秒支付可=T0；当前条件为T0已知值。来源可得时间仍待上线核验。,已入模,保留字段；零增益不等于没有业务意义,0.0,0.0,0.0,0.048298210144592166,1194.0368995666504
reborrow_calendar_le3_n,结清后≤3个自然日再提单｜次数,x = DATE(首次后续apply_time)-DATE(flow_settle_time)；flag = finite(x) AND (x≤3)；SUM(flag),S01｜order_loan_f_v2_copy（整笔订单）；S03｜repayment_record_copy（正向入账）,G：T0前已完成续借周期；按历史apply_time顺序；每笔提单匹配最近前序流水结清，一次结清仅取首次匹配,次,float32,无符合条件值为0,rates()；阈值累计项可交叉，不是互斥分档,V2-LC-0480,结清后续借习惯,T0固定时点；提单/App<T0，放款/整笔结清≤T0；支付<T0，已确认整笔同秒结清订单的已知同秒支付可=T0；当前条件为T0已知值。来源可得时间仍待上线核验。,已入模,保留字段；零增益不等于没有业务意义,0.0,0.0,0.0,0.046763672485027746,266.88470458984375
reborrow_calendar_le3_share,结清后≤3个自然日再提单｜占比,x = DATE(首次后续apply_time)-DATE(flow_settle_time)；flag = finite(x) AND (x≤3)；SUM(flag)/COUNT(finite(x)),S01｜order_loan_f_v2_copy（整笔订单）；S03｜repayment_record_copy（正向入账）,G：T0前已完成续借周期；按历史apply_time顺序；每笔提单匹配最近前序流水结清，一次结清仅取首次匹配,比例,float32,无有效x为NaN；有效x存在且无符合值为0,rates()；阈值累计项可交叉，不是互斥分档,V2-LC-0481,结清后续借习惯,T0固定时点；提单/App<T0，放款/整笔结清≤T0；支付<T0，已确认整笔同秒结清订单的已知同秒支付可=T0；当前条件为T0已知值。来源可得时间仍待上线核验。,已入模,保留字段；零增益不等于没有业务意义,0.42999720723766405,0.411260749373373,0.48959608323133413,0.0470022896513969,328.3526973724365
reborrow_calendar_le3_current_streak,结清后≤3个自然日再提单｜当前连续次数,x = DATE(首次后续apply_time)-DATE(flow_settle_time)；flag = finite(x) AND (x≤3)；从序列末尾向前累计连续True，遇False即止,S01｜order_loan_f_v2_copy（整笔订单）；S03｜repayment_record_copy（正向入账）,G：T0前已完成续借周期；按历史apply_time顺序；每笔提单匹配最近前序流水结清，一次结清仅取首次匹配,次,float32,缺失转False、中断连续；空序列为0,rates()；阈值累计项可交叉，不是互斥分档,V2-LC-0482,结清后续借习惯,T0固定时点；提单/App<T0，放款/整笔结清≤T0；支付<T0，已确认整笔同秒结清订单的已知同秒支付可=T0；当前条件为T0已知值。来源可得时间仍待上线核验。,已入模,保留字段；零增益不等于没有业务意义,0.0,0.0,0.0,0.05306401988040991,161.60299682617188
reborrow_calendar_le3_max_streak,结清后≤3个自然日再提单｜历史最长连续次数,x = DATE(首次后续apply_time)-DATE(flow_settle_time)；flag = finite(x) AND (x≤3)；序列中最长连续True长度,S01｜order_loan_f_v2_copy（整笔订单）；S03｜repayment_record_copy（正向入账）,G：T0前已完成续借周期；按历史apply_time顺序；每笔提单匹配最近前序流水结清，一次结清仅取首次匹配,次,float32,缺失转False、中断连续；空序列为0,rates()；阈值累计项可交叉，不是互斥分档,V2-LC-0483,结清后续借习惯,T0固定时点；提单/App<T0，放款/整笔结清≤T0；支付<T0，已确认整笔同秒结清订单的已知同秒支付可=T0；当前条件为T0已知值。来源可得时间仍待上线核验。,已入模,保留字段；零增益不等于没有业务意义,0.0,0.0,0.0,0.047258228970227883,109.92609977722168
reborrow_calendar_le7_n,结清后≤7个自然日再提单｜次数,x = DATE(首次后续apply_time)-DATE(flow_settle_time)；flag = finite(x) AND (x≤7)；SUM(flag),S01｜order_loan_f_v2_copy（整笔订单）；S03｜repayment_record_copy（正向入账）,G：T0前已完成续借周期；按历史apply_time顺序；每笔提单匹配最近前序流水结清，一次结清仅取首次匹配,次,float32,无符合条件值为0,rates()；阈值累计项可交叉，不是互斥分档,V2-LC-0484,结清后续借习惯,T0固定时点；提单/App<T0，放款/整笔结清≤T0；支付<T0，已确认整笔同秒结清订单的已知同秒支付可=T0；当前条件为T0已知值。来源可得时间仍待上线核验。,已入模,保留字段；零增益不等于没有业务意义,0.0,0.0,0.0,0.04179034573715827,263.0719985961914
reborrow_calendar_le7_share,结清后≤7个自然日再提单｜占比,x = DATE(首次后续apply_time)-DATE(flow_settle_time)；flag = finite(x) AND (x≤7)；SUM(flag)/COUNT(finite(x)),S01｜order_loan_f_v2_copy（整笔订单）；S03｜repayment_record_copy（正向入账）,G：T0前已完成续借周期；按历史apply_time顺序；每笔提单匹配最近前序流水结清，一次结清仅取首次匹配,比例,float32,无有效x为NaN；有效x存在且无符合值为0,rates()；阈值累计项可交叉，不是互斥分档,V2-LC-0485,结清后续借习惯,T0固定时点；提单/App<T0，放款/整笔结清≤T0；支付<T0，已确认整笔同秒结清订单的已知同秒支付可=T0；当前条件为T0已知值。来源可得时间仍待上线核验。,已入模,保留字段；零增益不等于没有业务意义,0.42999720723766405,0.411260749373373,0.48959608323133413,0.042164808605150664,1057.4431047439575
reborrow_calendar_le7_current_streak,结清后≤7个自然日再提单｜当前连续次数,x = DATE(首次后续apply_time)-DATE(flow_settle_time)；flag = finite(x) AND (x≤7)；从序列末尾向前累计连续True，遇False即止,S01｜order_loan_f_v2_copy（整笔订单）；S03｜repayment_record_copy（正向入账）,G：T0前已完成续借周期；按历史apply_time顺序；每笔提单匹配最近前序流水结清，一次结清仅取首次匹配,次,float32,缺失转False、中断连续；空序列为0,rates()；阈值累计项可交叉，不是互斥分档,V2-LC-0486,结清后续借习惯,T0固定时点；提单/App<T0，放款/整笔结清≤T0；支付<T0，已确认整笔同秒结清订单的已知同秒支付可=T0；当前条件为T0已知值。来源可得时间仍待上线核验。,已入模,保留字段；零增益不等于没有业务意义,0.0,0.0,0.0,0.04602198334674252,718.7979927062988
reborrow_calendar_le7_max_streak,结清后≤7个自然日再提单｜历史最长连续次数,x = DATE(首次后续apply_time)-DATE(flow_settle_time)；flag = finite(x) AND (x≤7)；序列中最长连续True长度,S01｜order_loan_f_v2_copy（整笔订单）；S03｜repayment_record_copy（正向入账）,G：T0前已完成续借周期；按历史apply_time顺序；每笔提单匹配最近前序流水结清，一次结清仅取首次匹配,次,float32,缺失转False、中断连续；空序列为0,rates()；阈值累计项可交叉，不是互斥分档,V2-LC-0487,结清后续借习惯,T0固定时点；提单/App<T0，放款/整笔结清≤T0；支付<T0，已确认整笔同秒结清订单的已知同秒支付可=T0；当前条件为T0已知值。来源可得时间仍待上线核验。,已入模,保留字段；零增益不等于没有业务意义,0.0,0.0,0.0,0.042004964818608964,173.53940200805664
reborrow_calendar_le10_n,结清后≤10个自然日再提单｜次数,x = DATE(首次后续apply_time)-DATE(flow_settle_time)；flag = finite(x) AND (x≤10)；SUM(flag),S01｜order_loan_f_v2_copy（整笔订单）；S03｜repayment_record_copy（正向入账）,G：T0前已完成续借周期；按历史apply_time顺序；每笔提单匹配最近前序流水结清，一次结清仅取首次匹配,次,float32,无符合条件值为0,rates()；阈值累计项可交叉，不是互斥分档,V2-LC-0488,结清后续借习惯,T0固定时点；提单/App<T0，放款/整笔结清≤T0；支付<T0，已确认整笔同秒结清订单的已知同秒支付可=T0；当前条件为T0已知值。来源可得时间仍待上线核验。,已入模,保留字段；零增益不等于没有业务意义,0.0,0.0,0.0,0.04000913524571802,0.0
reborrow_calendar_le10_share,结清后≤10个自然日再提单｜占比,x = DATE(首次后续apply_time)-DATE(flow_settle_time)；flag = finite(x) AND (x≤10)；SUM(flag)/COUNT(finite(x)),S01｜order_loan_f_v2_copy（整笔订单）；S03｜repayment_record_copy（正向入账）,G：T0前已完成续借周期；按历史apply_time顺序；每笔提单匹配最近前序流水结清，一次结清仅取首次匹配,比例,float32,无有效x为NaN；有效x存在且无符合值为0,rates()；阈值累计项可交叉，不是互斥分档,V2-LC-0489,结清后续借习惯,T0固定时点；提单/App<T0，放款/整笔结清≤T0；支付<T0，已确认整笔同秒结清订单的已知同秒支付可=T0；当前条件为T0已知值。来源可得时间仍待上线核验。,已入模,保留字段；零增益不等于没有业务意义,0.42999720723766405,0.411260749373373,0.48959608323133413,0.04079063935796403,59.46199989318848
reborrow_calendar_le10_current_streak,结清后≤10个自然日再提单｜当前连续次数,x = DATE(首次后续apply_time)-DATE(flow_settle_time)；flag = finite(x) AND (x≤10)；从序列末尾向前累计连续True，遇False即止,S01｜order_loan_f_v2_copy（整笔订单）；S03｜repayment_record_copy（正向入账）,G：T0前已完成续借周期；按历史apply_time顺序；每笔提单匹配最近前序流水结清，一次结清仅取首次匹配,次,float32,缺失转False、中断连续；空序列为0,rates()；阈值累计项可交叉，不是互斥分档,V2-LC-0490,结清后续借习惯,T0固定时点；提单/App<T0，放款/整笔结清≤T0；支付<T0，已确认整笔同秒结清订单的已知同秒支付可=T0；当前条件为T0已知值。来源可得时间仍待上线核验。,已入模,保留字段；零增益不等于没有业务意义,0.0,0.0,0.0,0.0455081716581788,58.18130111694336
reborrow_calendar_le10_max_streak,结清后≤10个自然日再提单｜历史最长连续次数,x = DATE(首次后续apply_time)-DATE(flow_settle_time)；flag = finite(x) AND (x≤10)；序列中最长连续True长度,S01｜order_loan_f_v2_copy（整笔订单）；S03｜repayment_record_copy（正向入账）,G：T0前已完成续借周期；按历史apply_time顺序；每笔提单匹配最近前序流水结清，一次结清仅取首次匹配,次,float32,缺失转False、中断连续；空序列为0,rates()；阈值累计项可交叉，不是互斥分档,V2-LC-0491,结清后续借习惯,T0固定时点；提单/App<T0，放款/整笔结清≤T0；支付<T0，已确认整笔同秒结清订单的已知同秒支付可=T0；当前条件为T0已知值。来源可得时间仍待上线核验。,已入模,保留字段；零增益不等于没有业务意义,0.0,0.0,0.0,0.04052356384637037,0.0
reborrow_calendar_le14_n,结清后≤14个自然日再提单｜次数,x = DATE(首次后续apply_time)-DATE(flow_settle_time)；flag = finite(x) AND (x≤14)；SUM(flag),S01｜order_loan_f_v2_copy（整笔订单）；S03｜repayment_record_copy（正向入账）,G：T0前已完成续借周期；按历史apply_time顺序；每笔提单匹配最近前序流水结清，一次结清仅取首次匹配,次,float32,无符合条件值为0,rates()；阈值累计项可交叉，不是互斥分档,V2-LC-0492,结清后续借习惯,T0固定时点；提单/App<T0，放款/整笔结清≤T0；支付<T0，已确认整笔同秒结清订单的已知同秒支付可=T0；当前条件为T0已知值。来源可得时间仍待上线核验。,已入模,保留字段；零增益不等于没有业务意义,0.0,0.0,0.0,0.03891299208812394,0.0
reborrow_calendar_le14_share,结清后≤14个自然日再提单｜占比,x = DATE(首次后续apply_time)-DATE(flow_settle_time)；flag = finite(x) AND (x≤14)；SUM(flag)/COUNT(finite(x)),S01｜order_loan_f_v2_copy（整笔订单）；S03｜repayment_record_copy（正向入账）,G：T0前已完成续借周期；按历史apply_time顺序；每笔提单匹配最近前序流水结清，一次结清仅取首次匹配,比例,float32,无有效x为NaN；有效x存在且无符合值为0,rates()；阈值累计项可交叉，不是互斥分档,V2-LC-0493,结清后续借习惯,T0固定时点；提单/App<T0，放款/整笔结清≤T0；支付<T0，已确认整笔同秒结清订单的已知同秒支付可=T0；当前条件为T0已知值。来源可得时间仍待上线核验。,已入模,保留字段；零增益不等于没有业务意义,0.42999720723766405,0.411260749373373,0.48959608323133413,0.0404227798698464,114.51980018615723
reborrow_calendar_le14_current_streak,结清后≤14个自然日再提单｜当前连续次数,x = DATE(首次后续apply_time)-DATE(flow_settle_time)；flag = finite(x) AND (x≤14)；从序列末尾向前累计连续True，遇False即止,S01｜order_loan_f_v2_copy（整笔订单）；S03｜repayment_record_copy（正向入账）,G：T0前已完成续借周期；按历史apply_time顺序；每笔提单匹配最近前序流水结清，一次结清仅取首次匹配,次,float32,缺失转False、中断连续；空序列为0,rates()；阈值累计项可交叉，不是互斥分档,V2-LC-0494,结清后续借习惯,T0固定时点；提单/App<T0，放款/整笔结清≤T0；支付<T0，已确认整笔同秒结清订单的已知同秒支付可=T0；当前条件为T0已知值。来源可得时间仍待上线核验。,已入模,保留字段；零增益不等于没有业务意义,0.0,0.0,0.0,0.044934918136076016,0.0
reborrow_calendar_le14_max_streak,结清后≤14个自然日再提单｜历史最长连续次数,x = DATE(首次后续apply_time)-DATE(flow_settle_time)；flag = finite(x) AND (x≤14)；序列中最长连续True长度,S01｜order_loan_f_v2_copy（整笔订单）；S03｜repayment_record_copy（正向入账）,G：T0前已完成续借周期；按历史apply_time顺序；每笔提单匹配最近前序流水结清，一次结清仅取首次匹配,次,float32,缺失转False、中断连续；空序列为0,rates()；阈值累计项可交叉，不是互斥分档,V2-LC-0495,结清后续借习惯,T0固定时点；提单/App<T0，放款/整笔结清≤T0；支付<T0，已确认整笔同秒结清订单的已知同秒支付可=T0；当前条件为T0已知值。来源可得时间仍待上线核验。,已入模,保留字段；零增益不等于没有业务意义,0.0,0.0,0.0,0.04004611447598412,0.0
reborrow_same_day_n,已完成周期当天再提单次数,SUM(G.calendar_gap_days==0),S01｜order_loan_f_v2_copy（整笔订单）；S03｜repayment_record_copy（正向入账）,截至T0的全部可观察生命周期,次,float32,无完成周期为0,直接字段：loan_features() / behavior_features() / main(),V2-LC-0496,结清后续借习惯,T0固定时点；提单/App<T0，放款/整笔结清≤T0；支付<T0，已确认整笔同秒结清订单的已知同秒支付可=T0；当前条件为T0已知值。来源可得时间仍待上线核验。,已入模,保留字段；零增益不等于没有业务意义,0.0,0.0,0.0,0.04876282577248456,19.457799911499023
reborrow_same_day_share,已完成周期当天再提单占比,reborrow_same_day_n/COUNT(G),S01｜order_loan_f_v2_copy（整笔订单）；S03｜repayment_record_copy（正向入账）,截至T0的全部可观察生命周期,比例,float32,无完成周期为NaN,直接字段：loan_features() / behavior_features() / main(),V2-LC-0497,结清后续借习惯,T0固定时点；提单/App<T0，放款/整笔结清≤T0；支付<T0，已确认整笔同秒结清订单的已知同秒支付可=T0；当前条件为T0已知值。来源可得时间仍待上线核验。,已入模,保留字段；零增益不等于没有业务意义,0.42999720723766405,0.411260749373373,0.48959608323133413,0.044765308222942904,3474.335496902466
reborrow_completed_cycles,已完成结清续借周期数,COUNT(G),S01｜order_loan_f_v2_copy（整笔订单）；S03｜repayment_record_copy（正向入账）,截至T0的全部可观察生命周期,次,float32,无完成周期为0,直接字段：loan_features() / behavior_features() / main(),V2-LC-0498,结清后续借习惯,T0固定时点；提单/App<T0，放款/整笔结清≤T0；支付<T0，已确认整笔同秒结清订单的已知同秒支付可=T0；当前条件为T0已知值。来源可得时间仍待上线核验。,已入模,保留字段；零增益不等于没有业务意义,0.0,0.0,0.0,0.03077901797088551,0.0
reborrow_pending_closed_n,没有匹配后续首次提单的结清次数,"max(0, COUNT(有效流水结清时点序列)-COUNT(被首次后续提单匹配的序号))",S01｜order_loan_f_v2_copy（整笔订单）；S03｜repayment_record_copy（正向入账）,截至T0的全部可观察生命周期,次,float32,无结清为0；仅是截至T0尚未匹配，不是最终流失,直接字段：loan_features() / behavior_features() / main(),V2-LC-0499,结清后续借习惯,T0固定时点；提单/App<T0，放款/整笔结清≤T0；支付<T0，已确认整笔同秒结清订单的已知同秒支付可=T0；当前条件为T0已知值。来源可得时间仍待上线核验。,已入模,保留字段；零增益不等于没有业务意义,0.0,0.0,0.0,0.010316626413604096,67.74909973144531
reborrow_current_wait_days,距最近流水结清的等待天数,(T0-max(C.flow_settle_time)).total_seconds()/86400,S01｜order_loan_f_v2_copy（整笔订单）；S03｜repayment_record_copy（正向入账）,截至T0的全部可观察生命周期,经过天数,float32,无可核验结清为NaN；触发结清刚发生时可为0,直接字段：loan_features() / behavior_features() / main(),V2-LC-0500,结清后续借习惯,T0固定时点；提单/App<T0，放款/整笔结清≤T0；支付<T0，已确认整笔同秒结清订单的已知同秒支付可=T0；当前条件为T0已知值。来源可得时间仍待上线核验。,已入模,保留字段；零增益不等于没有业务意义,0.0,0.0,0.0,0.547515293811076,2755.9245100021362
cash_total_rows,已知正向支付原流水条数,SUM(Pknown.source_rows),S03｜repayment_record_copy（正向入账）,截至T0的全部可观察生命周期,条,float32,无记录为0,直接字段：loan_features() / behavior_features() / main(),V2-LC-0501,真实支付流水,T0固定时点；提单/App<T0，放款/整笔结清≤T0；支付<T0，已确认整笔同秒结清订单的已知同秒支付可=T0；当前条件为T0已知值。来源可得时间仍待上线核验。,已入模,保留字段；零增益不等于没有业务意义,0.0,0.0,0.0,0.06938756234656056,12.945599555969238
cash_total_days,已知实际支付日期数,COUNT_DISTINCT(Pknown.payin_date),S03｜repayment_record_copy（正向入账）,截至T0的全部可观察生命周期,自然日,float32,无记录为0,直接字段：loan_features() / behavior_features() / main(),V2-LC-0502,真实支付流水,T0固定时点；提单/App<T0，放款/整笔结清≤T0；支付<T0，已确认整笔同秒结清订单的已知同秒支付可=T0；当前条件为T0已知值。来源可得时间仍待上线核验。,已入模,保留字段；零增益不等于没有业务意义,0.0,0.0,0.0,0.04981597614397126,48.48110008239746
cash_total_amount,已知正向实收金额,SUM(Pknown.amount),S03｜repayment_record_copy（正向入账）,截至T0的全部可观察生命周期,MXN,float32,无记录为0,直接字段：loan_features() / behavior_features() / main(),V2-LC-0503,真实支付流水,T0固定时点；提单/App<T0，放款/整笔结清≤T0；支付<T0，已确认整笔同秒结清订单的已知同秒支付可=T0；当前条件为T0已知值。来源可得时间仍待上线核验。,已入模,保留字段；零增益不等于没有业务意义,0.0,0.0,0.0,0.01406838530499159,0.0
cash_order_n,已知支付涉及订单数,COUNT_DISTINCT(Pknown.serial_id),S03｜repayment_record_copy（正向入账）,截至T0的全部可观察生命周期,笔,float32,无记录为0,直接字段：loan_features() / behavior_features() / main(),V2-LC-0504,真实支付流水,T0固定时点；提单/App<T0，放款/整笔结清≤T0；支付<T0，已确认整笔同秒结清订单的已知同秒支付可=T0；当前条件为T0已知值。来源可得时间仍待上线核验。,已入模,保留字段；零增益不等于没有业务意义,0.0,0.0,0.0,0.01713474245154859,0.0
cash_days_since_first,距首次实际支付天数,(T0-min(Pknown.payment_time)).total_seconds()/86400,S03｜repayment_record_copy（正向入账）,截至T0的全部可观察生命周期,经过天数,float32,无记录为NaN,直接字段：loan_features() / behavior_features() / main(),V2-LC-0505,真实支付流水,T0固定时点；提单/App<T0，放款/整笔结清≤T0；支付<T0，已确认整笔同秒结清订单的已知同秒支付可=T0；当前条件为T0已知值。来源可得时间仍待上线核验。,已入模,保留字段；零增益不等于没有业务意义,0.0,0.0,0.0,0.051207527056429364,173.85140323638916
cash_days_since_last,距最近实际支付天数,(T0-max(Pknown.payment_time)).total_seconds()/86400,S03｜repayment_record_copy（正向入账）,截至T0的全部可观察生命周期,经过天数,float32,无记录为NaN,直接字段：loan_features() / behavior_features() / main(),V2-LC-0506,真实支付流水,T0固定时点；提单/App<T0，放款/整笔结清≤T0；支付<T0，已确认整笔同秒结清订单的已知同秒支付可=T0；当前条件为T0已知值。来源可得时间仍待上线核验。,已入模,保留字段；零增益不等于没有业务意义,0.0,0.0,0.0,0.5475037346351501,781.3367977142334
cash_rows_per_payment_day,每支付日原流水条数,cash_total_rows/cash_total_days,S03｜repayment_record_copy（正向入账）,截至T0的全部可观察生命周期,条/支付日,float32,无支付日期为NaN,直接字段：loan_features() / behavior_features() / main(),V2-LC-0507,真实支付流水,T0固定时点；提单/App<T0，放款/整笔结清≤T0；支付<T0，已确认整笔同秒结清订单的已知同秒支付可=T0；当前条件为T0已知值。来源可得时间仍待上线核验。,已入模,保留字段；零增益不等于没有业务意义,0.0,0.0,0.0,0.001207947767346446,389.33170318603516
cash_rows_1d,近1个经过天数实际支付流水条数,Pw=Pknown[payment_time≥T0-1×24小时]；SUM(source_rows),S03｜repayment_record_copy（正向入账）,滚动1×24小时，右界依Pknown,条,float32,无符合流水为0,loan_features(),V2-LC-0508,真实支付流水,T0固定时点；提单/App<T0，放款/整笔结清≤T0；支付<T0，已确认整笔同秒结清订单的已知同秒支付可=T0；当前条件为T0已知值。来源可得时间仍待上线核验。,已入模,保留字段；零增益不等于没有业务意义,0.0,0.0,0.0,0.00021928683334689113,42.39470100402832
cash_days_1d,近1个经过天数实际支付支付日期数,Pw=Pknown[payment_time≥T0-1×24小时]；COUNT_DISTINCT(payin_date),S03｜repayment_record_copy（正向入账）,滚动1×24小时，右界依Pknown,自然日,float32,无符合流水为0,loan_features(),V2-LC-0509,真实支付流水,T0固定时点；提单/App<T0，放款/整笔结清≤T0；支付<T0，已确认整笔同秒结清订单的已知同秒支付可=T0；当前条件为T0已知值。来源可得时间仍待上线核验。,已入模,保留字段；零增益不等于没有业务意义,0.0,0.0,0.0,0.0,26.211299896240234
cash_amount_1d,近1个经过天数实际支付实收金额,Pw=Pknown[payment_time≥T0-1×24小时]；SUM(amount),S03｜repayment_record_copy（正向入账）,滚动1×24小时，右界依Pknown,MXN,float32,无符合流水为0,loan_features(),V2-LC-0510,真实支付流水,T0固定时点；提单/App<T0，放款/整笔结清≤T0；支付<T0，已确认整笔同秒结清订单的已知同秒支付可=T0；当前条件为T0已知值。来源可得时间仍待上线核验。,已入模,保留字段；零增益不等于没有业务意义,0.0,0.0,0.0,0.014674857128362261,2235.832398414612
cash_rows_3d,近3个经过天数实际支付流水条数,Pw=Pknown[payment_time≥T0-3×24小时]；SUM(source_rows),S03｜repayment_record_copy（正向入账）,滚动3×24小时，右界依Pknown,条,float32,无符合流水为0,loan_features(),V2-LC-0511,真实支付流水,T0固定时点；提单/App<T0，放款/整笔结清≤T0；支付<T0，已确认整笔同秒结清订单的已知同秒支付可=T0；当前条件为T0已知值。来源可得时间仍待上线核验。,已入模,保留字段；零增益不等于没有业务意义,0.0,0.0,0.0,1.523382293151502e-05,11307.46089553833
cash_days_3d,近3个经过天数实际支付支付日期数,Pw=Pknown[payment_time≥T0-3×24小时]；COUNT_DISTINCT(payin_date),S03｜repayment_record_copy（正向入账）,滚动3×24小时，右界依Pknown,自然日,float32,无符合流水为0,loan_features(),V2-LC-0512,真实支付流水,T0固定时点；提单/App<T0，放款/整笔结清≤T0；支付<T0，已确认整笔同秒结清订单的已知同秒支付可=T0；当前条件为T0已知值。来源可得时间仍待上线核验。,已入模,保留字段；零增益不等于没有业务意义,0.0,0.0,0.0,1.8007144759424404e-05,326.37110137939453
cash_amount_3d,近3个经过天数实际支付实收金额,Pw=Pknown[payment_time≥T0-3×24小时]；SUM(amount),S03｜repayment_record_copy（正向入账）,滚动3×24小时，右界依Pknown,MXN,float32,无符合流水为0,loan_features(),V2-LC-0513,真实支付流水,T0固定时点；提单/App<T0，放款/整笔结清≤T0；支付<T0，已确认整笔同秒结清订单的已知同秒支付可=T0；当前条件为T0已知值。来源可得时间仍待上线核验。,已入模,保留字段；零增益不等于没有业务意义,0.0,0.0,0.0,0.012631275559904339,1283.4974966049194
cash_rows_7d,近7个经过天数实际支付流水条数,Pw=Pknown[payment_time≥T0-7×24小时]；SUM(source_rows),S03｜repayment_record_copy（正向入账）,滚动7×24小时，右界依Pknown,条,float32,无符合流水为0,loan_features(),V2-LC-0514,真实支付流水,T0固定时点；提单/App<T0，放款/整笔结清≤T0；支付<T0，已确认整笔同秒结清订单的已知同秒支付可=T0；当前条件为T0已知值。来源可得时间仍待上线核验。,已入模,保留字段；零增益不等于没有业务意义,0.0,0.0,0.0,0.003927596906501076,7506.059498786926
cash_days_7d,近7个经过天数实际支付支付日期数,Pw=Pknown[payment_time≥T0-7×24小时]；COUNT_DISTINCT(payin_date),S03｜repayment_record_copy（正向入账）,滚动7×24小时，右界依Pknown,自然日,float32,无符合流水为0,loan_features(),V2-LC-0515,真实支付流水,T0固定时点；提单/App<T0，放款/整笔结清≤T0；支付<T0，已确认整笔同秒结清订单的已知同秒支付可=T0；当前条件为T0已知值。来源可得时间仍待上线核验。,已入模,保留字段；零增益不等于没有业务意义,0.0,0.0,0.0,0.0015343347799411963,617.2573146820068
cash_amount_7d,近7个经过天数实际支付实收金额,Pw=Pknown[payment_time≥T0-7×24小时]；SUM(amount),S03｜repayment_record_copy（正向入账）,滚动7×24小时，右界依Pknown,MXN,float32,无符合流水为0,loan_features(),V2-LC-0516,真实支付流水,T0固定时点；提单/App<T0，放款/整笔结清≤T0；支付<T0，已确认整笔同秒结清订单的已知同秒支付可=T0；当前条件为T0已知值。来源可得时间仍待上线核验。,已入模,保留字段；零增益不等于没有业务意义,0.0,0.0,0.0,0.012638610311581044,263.5470094680786
cash_rows_14d,近14个经过天数实际支付流水条数,Pw=Pknown[payment_time≥T0-14×24小时]；SUM(source_rows),S03｜repayment_record_copy（正向入账）,滚动14×24小时，右界依Pknown,条,float32,无符合流水为0,loan_features(),V2-LC-0517,真实支付流水,T0固定时点；提单/App<T0，放款/整笔结清≤T0；支付<T0，已确认整笔同秒结清订单的已知同秒支付可=T0；当前条件为T0已知值。来源可得时间仍待上线核验。,已入模,保留字段；零增益不等于没有业务意义,0.0,0.0,0.0,0.011639149782844463,221.18760299682617
cash_days_14d,近14个经过天数实际支付支付日期数,Pw=Pknown[payment_time≥T0-14×24小时]；COUNT_DISTINCT(payin_date),S03｜repayment_record_copy（正向入账）,滚动14×24小时，右界依Pknown,自然日,float32,无符合流水为0,loan_features(),V2-LC-0518,真实支付流水,T0固定时点；提单/App<T0，放款/整笔结清≤T0；支付<T0，已确认整笔同秒结清订单的已知同秒支付可=T0；当前条件为T0已知值。来源可得时间仍待上线核验。,已入模,保留字段；零增益不等于没有业务意义,0.0,0.0,0.0,0.009831896803051287,215.58009910583496
cash_amount_14d,近14个经过天数实际支付实收金额,Pw=Pknown[payment_time≥T0-14×24小时]；SUM(amount),S03｜repayment_record_copy（正向入账）,滚动14×24小时，右界依Pknown,MXN,float32,无符合流水为0,loan_features(),V2-LC-0519,真实支付流水,T0固定时点；提单/App<T0，放款/整笔结清≤T0；支付<T0，已确认整笔同秒结清订单的已知同秒支付可=T0；当前条件为T0已知值。来源可得时间仍待上线核验。,已入模,保留字段；零增益不等于没有业务意义,0.0,0.0,0.0,0.018056008893282162,91.15019989013672
cash_rows_30d,近30个经过天数实际支付流水条数,Pw=Pknown[payment_time≥T0-30×24小时]；SUM(source_rows),S03｜repayment_record_copy（正向入账）,滚动30×24小时，右界依Pknown,条,float32,无符合流水为0,loan_features(),V2-LC-0520,真实支付流水,T0固定时点；提单/App<T0，放款/整笔结清≤T0；支付<T0，已确认整笔同秒结清订单的已知同秒支付可=T0；当前条件为T0已知值。来源可得时间仍待上线核验。,已入模,保留字段；零增益不等于没有业务意义,0.0,0.0,0.0,0.07416433394836447,135.22110271453857
cash_days_30d,近30个经过天数实际支付支付日期数,Pw=Pknown[payment_time≥T0-30×24小时]；COUNT_DISTINCT(payin_date),S03｜repayment_record_copy（正向入账）,滚动30×24小时，右界依Pknown,自然日,float32,无符合流水为0,loan_features(),V2-LC-0521,真实支付流水,T0固定时点；提单/App<T0，放款/整笔结清≤T0；支付<T0，已确认整笔同秒结清订单的已知同秒支付可=T0；当前条件为T0已知值。来源可得时间仍待上线核验。,已入模,保留字段；零增益不等于没有业务意义,0.0,0.0,0.0,0.04780295348465152,55.226999282836914
cash_amount_30d,近30个经过天数实际支付实收金额,Pw=Pknown[payment_time≥T0-30×24小时]；SUM(amount),S03｜repayment_record_copy（正向入账）,滚动30×24小时，右界依Pknown,MXN,float32,无符合流水为0,loan_features(),V2-LC-0522,真实支付流水,T0固定时点；提单/App<T0，放款/整笔结清≤T0；支付<T0，已确认整笔同秒结清订单的已知同秒支付可=T0；当前条件为T0已知值。来源可得时间仍待上线核验。,已入模,保留字段；零增益不等于没有业务意义,0.0,0.0,0.0,0.013789868598674182,98.39799785614014
cash_rows_90d,近90个经过天数实际支付流水条数,Pw=Pknown[payment_time≥T0-90×24小时]；SUM(source_rows),S03｜repayment_record_copy（正向入账）,滚动90×24小时，右界依Pknown,条,float32,无符合流水为0,loan_features(),V2-LC-0523,真实支付流水,T0固定时点；提单/App<T0，放款/整笔结清≤T0；支付<T0，已确认整笔同秒结清订单的已知同秒支付可=T0；当前条件为T0已知值。来源可得时间仍待上线核验。,已入模,保留字段；零增益不等于没有业务意义,0.0,0.0,0.0,0.07233755322849131,34.21000099182129
cash_days_90d,近90个经过天数实际支付支付日期数,Pw=Pknown[payment_time≥T0-90×24小时]；COUNT_DISTINCT(payin_date),S03｜repayment_record_copy（正向入账）,滚动90×24小时，右界依Pknown,自然日,float32,无符合流水为0,loan_features(),V2-LC-0524,真实支付流水,T0固定时点；提单/App<T0，放款/整笔结清≤T0；支付<T0，已确认整笔同秒结清订单的已知同秒支付可=T0；当前条件为T0已知值。来源可得时间仍待上线核验。,已入模,保留字段；零增益不等于没有业务意义,0.0,0.0,0.0,0.05124875981064017,101.95930004119873
cash_amount_90d,近90个经过天数实际支付实收金额,Pw=Pknown[payment_time≥T0-90×24小时]；SUM(amount),S03｜repayment_record_copy（正向入账）,滚动90×24小时，右界依Pknown,MXN,float32,无符合流水为0,loan_features(),V2-LC-0525,真实支付流水,T0固定时点；提单/App<T0，放款/整笔结清≤T0；支付<T0，已确认整笔同秒结清订单的已知同秒支付可=T0；当前条件为T0已知值。来源可得时间仍待上线核验。,已入模,保留字段；零增益不等于没有业务意义,0.0,0.0,0.0,0.011283705870852164,140.57960033416748
cash_rows_180d,近180个经过天数实际支付流水条数,Pw=Pknown[payment_time≥T0-180×24小时]；SUM(source_rows),S03｜repayment_record_copy（正向入账）,滚动180×24小时，右界依Pknown,条,float32,无符合流水为0,loan_features(),V2-LC-0526,真实支付流水,T0固定时点；提单/App<T0，放款/整笔结清≤T0；支付<T0，已确认整笔同秒结清订单的已知同秒支付可=T0；当前条件为T0已知值。来源可得时间仍待上线核验。,已入模,保留字段；零增益不等于没有业务意义,0.0,0.0,0.0,0.06959708379864078,24.2898006439209
cash_days_180d,近180个经过天数实际支付支付日期数,Pw=Pknown[payment_time≥T0-180×24小时]；COUNT_DISTINCT(payin_date),S03｜repayment_record_copy（正向入账）,滚动180×24小时，右界依Pknown,自然日,float32,无符合流水为0,loan_features(),V2-LC-0527,真实支付流水,T0固定时点；提单/App<T0，放款/整笔结清≤T0；支付<T0，已确认整笔同秒结清订单的已知同秒支付可=T0；当前条件为T0已知值。来源可得时间仍待上线核验。,已入模,保留字段；零增益不等于没有业务意义,0.0,0.0,0.0,0.051260821988840105,19.52899932861328
cash_amount_180d,近180个经过天数实际支付实收金额,Pw=Pknown[payment_time≥T0-180×24小时]；SUM(amount),S03｜repayment_record_copy（正向入账）,滚动180×24小时，右界依Pknown,MXN,float32,无符合流水为0,loan_features(),V2-LC-0528,真实支付流水,T0固定时点；提单/App<T0，放款/整笔结清≤T0；支付<T0，已确认整笔同秒结清订单的已知同秒支付可=T0；当前条件为T0已知值。来源可得时间仍待上线核验。,已入模,保留字段；零增益不等于没有业务意义,0.0,0.0,0.0,0.012959200344528595,161.52099990844727
offer_current_time_record_missing,历史源缺少T0同秒通过获额,INT(当前as-of获额序列无credit_time==T0的通过记录),S02｜order_vir_f_copy（获额）,截至T0的全部可观察生命周期,0/1,float32,缺少时返回1；当前批次信息另置NaN,直接字段：loan_features() / behavior_features() / main(),V2-LC-0529,历史获额与额度变化,T0固定时点；提单/App<T0，放款/整笔结清≤T0；支付<T0，已确认整笔同秒结清订单的已知同秒支付可=T0；当前条件为T0已知值。来源可得时间仍待上线核验。,未入模,训练风险行内全部缺失或无变化，保留开发规格但模型不使用,0.0,0.0,0.0,0.0,
offer_current_batch_known_products_n,当前20秒获额批次已知订单数,COUNT(截至T0，末个20秒链式批次中的通过获额订单记录),S02｜order_vir_f_copy（获额）,截至T0的全部可观察生命周期,笔,float32,T0同秒通过获额不存在为NaN；不是risk_product编号去重数,直接字段：loan_features() / behavior_features() / main(),V2-LC-0530,历史获额与额度变化,T0固定时点；提单/App<T0，放款/整笔结清≤T0；支付<T0，已确认整笔同秒结清订单的已知同秒支付可=T0；当前条件为T0已知值。来源可得时间仍待上线核验。,已入模,保留字段；零增益不等于没有业务意义,0.0,0.0,0.0,0.011997902398099052,1257.6661977767944
offer_history_n,排除当前批次的历史获额记录数,COUNT(Vhistory，同serial截至T0最新，含通过和未通过),S02｜order_vir_f_copy（获额）,截至T0的全部可观察生命周期,笔,float32,无历史为0；此字段未对全部历史记录做20秒批次合并,直接字段：loan_features() / behavior_features() / main(),V2-LC-0531,历史获额与额度变化,T0固定时点；提单/App<T0，放款/整笔结清≤T0；支付<T0，已确认整笔同秒结清订单的已知同秒支付可=T0；当前条件为T0已知值。来源可得时间仍待上线核验。,已入模,保留字段；零增益不等于没有业务意义,0.0,0.0,0.0,0.04147389966650486,100.83370018005371
offer_history_pass_share,排除当前批次的历史获额通过比例,SUM(Vhistory.is_pass1==1)/COUNT(Vhistory),S02｜order_vir_f_copy（获额）,截至T0的全部可观察生命周期,比例,float32,无历史为NaN,直接字段：loan_features() / behavior_features() / main(),V2-LC-0532,历史获额与额度变化,T0固定时点；提单/App<T0，放款/整笔结清≤T0；支付<T0，已确认整笔同秒结清订单的已知同秒支付可=T0；当前条件为T0已知值。来源可得时间仍待上线核验。,已入模,保留字段；零增益不等于没有业务意义,0.0,0.0,0.0,0.008627935385598359,1995.089183807373
offer_credit_valid_n,历史通过获额批次的额度｜有效值数,x = Vpast.credit_amt（同serial截至T0最新；历史通过记录20秒链式批次保留末笔）；COUNT(finite(x)),S02｜order_vir_f_copy（获额）,Vpast：排除当前20秒批次的历史通过获额；按credit_time、serial_id升序,个,float32,无有效值返回0,describe(),V2-LC-0533,历史获额与额度变化,T0固定时点；提单/App<T0，放款/整笔结清≤T0；支付<T0，已确认整笔同秒结清订单的已知同秒支付可=T0；当前条件为T0已知值。来源可得时间仍待上线核验。,已入模,保留字段；零增益不等于没有业务意义,0.0,0.0,0.0,0.05198540252230023,0.0
offer_credit_mean,历史通过获额批次的额度｜全历史均值,x = Vpast.credit_amt（同serial截至T0最新；历史通过记录20秒链式批次保留末笔）；MEAN(finite(x)),S02｜order_vir_f_copy（获额）,Vpast：排除当前20秒批次的历史通过获额；按credit_time、serial_id升序,MXN,float32,无有效值为NaN,describe(),V2-LC-0534,历史获额与额度变化,T0固定时点；提单/App<T0，放款/整笔结清≤T0；支付<T0，已确认整笔同秒结清订单的已知同秒支付可=T0；当前条件为T0已知值。来源可得时间仍待上线核验。,已入模,保留字段；零增益不等于没有业务意义,0.0006516445450492163,0.000991319906187287,0.00011127183709803049,0.06487492232643516,1195.4511976242065
offer_credit_std,历史通过获额批次的额度｜全历史总体标准差,"x = Vpast.credit_amt（同serial截至T0最新；历史通过记录20秒链式批次保留末笔）；STD(finite(x), ddof=0)",S02｜order_vir_f_copy（获额）,Vpast：排除当前20秒批次的历史通过获额；按credit_time、serial_id升序,MXN,float32,无有效值为NaN；单个有效值为0,describe(),V2-LC-0535,历史获额与额度变化,T0固定时点；提单/App<T0，放款/整笔结清≤T0；支付<T0，已确认整笔同秒结清订单的已知同秒支付可=T0；当前条件为T0已知值。来源可得时间仍待上线核验。,已入模,保留字段；零增益不等于没有业务意义,0.0006516445450492163,0.000991319906187287,0.00011127183709803049,0.11058316790929805,601.1452913284302
offer_credit_min,历史通过获额批次的额度｜全历史最小值,x = Vpast.credit_amt（同serial截至T0最新；历史通过记录20秒链式批次保留末笔）；MIN(finite(x)),S02｜order_vir_f_copy（获额）,Vpast：排除当前20秒批次的历史通过获额；按credit_time、serial_id升序,MXN,float32,无有效值为NaN,describe(),V2-LC-0536,历史获额与额度变化,T0固定时点；提单/App<T0，放款/整笔结清≤T0；支付<T0，已确认整笔同秒结清订单的已知同秒支付可=T0；当前条件为T0已知值。来源可得时间仍待上线核验。,已入模,保留字段；零增益不等于没有业务意义,0.0006516445450492163,0.000991319906187287,0.00011127183709803049,0.02896195687475247,29.230599403381348
offer_credit_max,历史通过获额批次的额度｜全历史最大值,x = Vpast.credit_amt（同serial截至T0最新；历史通过记录20秒链式批次保留末笔）；MAX(finite(x)),S02｜order_vir_f_copy（获额）,Vpast：排除当前20秒批次的历史通过获额；按credit_time、serial_id升序,MXN,float32,无有效值为NaN,describe(),V2-LC-0537,历史获额与额度变化,T0固定时点；提单/App<T0，放款/整笔结清≤T0；支付<T0，已确认整笔同秒结清订单的已知同秒支付可=T0；当前条件为T0已知值。来源可得时间仍待上线核验。,已入模,保留字段；零增益不等于没有业务意义,0.0006516445450492163,0.000991319906187287,0.00011127183709803049,0.11883846897898422,743.2973928451538
offer_credit_last_first_delta,历史通过获额批次的额度｜最近减最早有效值,x = Vpast.credit_amt（同serial截至T0最新；历史通过记录20秒链式批次保留末笔）；finite(x)[-1]-finite(x)[0],S02｜order_vir_f_copy（获额）,Vpast：排除当前20秒批次的历史通过获额；按credit_time、serial_id升序,MXN,float32,至少2个有效值；否则NaN,describe(),V2-LC-0538,历史获额与额度变化,T0固定时点；提单/App<T0，放款/整笔结清≤T0；支付<T0，已确认整笔同秒结清订单的已知同秒支付可=T0；当前条件为T0已知值。来源可得时间仍待上线核验。,已入模,保留字段；零增益不等于没有业务意义,0.09250412789871582,0.10888399945195322,0.058862801824858126,0.12276359064176225,271.38029766082764
offer_credit_slope,历史通过获额批次的额度｜生命周期顺序趋势,x = Vpast.credit_amt（同serial截至T0最新；历史通过记录20秒链式批次保留末笔）；SUM((i-MEAN(i))*(x_i-MEAN(valid_x)))/SUM((i-MEAN(i))^2)，i为有效值在原序列中的位置,S02｜order_vir_f_copy（获额）,Vpast：排除当前20秒批次的历史通过获额；按credit_time、serial_id升序,MXN／序号步,float32,至少2个有效值；否则NaN,describe(),V2-LC-0539,历史获额与额度变化,T0固定时点；提单/App<T0，放款/整笔结清≤T0；支付<T0，已确认整笔同秒结清订单的已知同秒支付可=T0；当前条件为T0已知值。来源可得时间仍待上线核验。,已入模,保留字段；零增益不等于没有业务意义,0.09250412789871582,0.10888399945195322,0.058862801824858126,0.0830975550534988,359.6482038497925
offer_credit_last3_mean,历史通过获额批次的额度｜最近3笔有效均值,x = Vpast.credit_amt（同serial截至T0最新；历史通过记录20秒链式批次保留末笔）；MEAN(finite(x[-3:])),S02｜order_vir_f_copy（获额）,Vpast：排除当前20秒批次的历史通过获额；按credit_time、serial_id升序,MXN,float32,原序列最近3笔中无有效值为NaN；不跳过缺失补足3笔,describe(),V2-LC-0540,历史获额与额度变化,T0固定时点；提单/App<T0，放款/整笔结清≤T0；支付<T0，已确认整笔同秒结清订单的已知同秒支付可=T0；当前条件为T0已知值。来源可得时间仍待上线核验。,已入模,保留字段；零增益不等于没有业务意义,0.0006516445450492163,0.000991319906187287,0.00011127183709803049,0.06147566842640715,811.5076055526733
offer_credit_last5_mean,历史通过获额批次的额度｜最近5笔有效均值,x = Vpast.credit_amt（同serial截至T0最新；历史通过记录20秒链式批次保留末笔）；MEAN(finite(x[-5:])),S02｜order_vir_f_copy（获额）,Vpast：排除当前20秒批次的历史通过获额；按credit_time、serial_id升序,MXN,float32,原序列最近5笔中无有效值为NaN；不跳过缺失补足5笔,describe(),V2-LC-0541,历史获额与额度变化,T0固定时点；提单/App<T0，放款/整笔结清≤T0；支付<T0，已确认整笔同秒结清订单的已知同秒支付可=T0；当前条件为T0已知值。来源可得时间仍待上线核验。,已入模,保留字段；零增益不等于没有业务意义,0.0006516445450492163,0.000991319906187287,0.00011127183709803049,0.06703082372777414,2480.1304893493652
offer_credit_recent_lifetime_delta,历史通过获额批次的额度｜近期相对全历史变化,x = Vpast.credit_amt（同serial截至T0最新；历史通过记录20秒链式批次保留末笔）；MEAN(finite(x[-3:]))-MEAN(finite(x)),S02｜order_vir_f_copy（获额）,Vpast：排除当前20秒批次的历史通过获额；按credit_time、serial_id升序,MXN,float32,任一侧无有效值为NaN,describe(),V2-LC-0542,历史获额与额度变化,T0固定时点；提单/App<T0，放款/整笔结清≤T0；支付<T0，已确认整笔同秒结清订单的已知同秒支付可=T0；当前条件为T0已知值。来源可得时间仍待上线核验。,已入模,保留字段；零增益不等于没有业务意义,0.0006516445450492163,0.000991319906187287,0.00011127183709803049,0.01799774785142461,247.3699026107788
offer_credit_l1,历史通过获额批次的额度｜最近第1笔,x = Vpast.credit_amt（同serial截至T0最新；历史通过记录20秒链式批次保留末笔）；x[-1],S02｜order_vir_f_copy（获额）,Vpast：排除当前20秒批次的历史通过获额；按credit_time、serial_id升序,MXN,float32,不足1笔或该位置缺失为NaN；不改取第1个非空值,describe(lags=True),V2-LC-0543,历史获额与额度变化,T0固定时点；提单/App<T0，放款/整笔结清≤T0；支付<T0，已确认整笔同秒结清订单的已知同秒支付可=T0；当前条件为T0已知值。来源可得时间仍待上线核验。,已入模,保留字段；零增益不等于没有业务意义,0.0006516445450492163,0.000991319906187287,0.00011127183709803049,0.10717503001903786,1901.2131977081299
offer_credit_l2,历史通过获额批次的额度｜最近第2笔,x = Vpast.credit_amt（同serial截至T0最新；历史通过记录20秒链式批次保留末笔）；x[-2],S02｜order_vir_f_copy（获额）,Vpast：排除当前20秒批次的历史通过获额；按credit_time、serial_id升序,MXN,float32,不足2笔或该位置缺失为NaN；不改取第2个非空值,describe(lags=True),V2-LC-0544,历史获额与额度变化,T0固定时点；提单/App<T0，放款/整笔结清≤T0；支付<T0，已确认整笔同秒结清订单的已知同秒支付可=T0；当前条件为T0已知值。来源可得时间仍待上线核验。,已入模,保留字段；零增益不等于没有业务意义,0.09250412789871582,0.10888399945195322,0.058862801824858126,0.09071131845300295,1154.5599145889282
offer_credit_l3,历史通过获额批次的额度｜最近第3笔,x = Vpast.credit_amt（同serial截至T0最新；历史通过记录20秒链式批次保留末笔）；x[-3],S02｜order_vir_f_copy（获额）,Vpast：排除当前20秒批次的历史通过获额；按credit_time、serial_id升序,MXN,float32,不足3笔或该位置缺失为NaN；不改取第3个非空值,describe(lags=True),V2-LC-0545,历史获额与额度变化,T0固定时点；提单/App<T0，放款/整笔结清≤T0；支付<T0，已确认整笔同秒结清订单的已知同秒支付可=T0；当前条件为T0已知值。来源可得时间仍待上线核验。,已入模,保留字段；零增益不等于没有业务意义,0.267938598425274,0.2928584669197353,0.22109714031378658,0.056766855394523655,217.0202980041504
offer_credit_l4,历史通过获额批次的额度｜最近第4笔,x = Vpast.credit_amt（同serial截至T0最新；历史通过记录20秒链式批次保留末笔）；x[-4],S02｜order_vir_f_copy（获额）,Vpast：排除当前20秒批次的历史通过获额；按credit_time、serial_id升序,MXN,float32,不足4笔或该位置缺失为NaN；不改取第4个非空值,describe(lags=True),V2-LC-0546,历史获额与额度变化,T0固定时点；提单/App<T0，放款/整笔结清≤T0；支付<T0，已确认整笔同秒结清订单的已知同秒支付可=T0；当前条件为T0已知值。来源可得时间仍待上线核验。,已入模,保留字段；零增益不等于没有业务意义,0.4152592614368517,0.4316110157402258,0.4062534772449093,0.04028385948653572,154.9675006866455
offer_credit_l5,历史通过获额批次的额度｜最近第5笔,x = Vpast.credit_amt（同serial截至T0最新；历史通过记录20秒链式批次保留末笔）；x[-5],S02｜order_vir_f_copy（获额）,Vpast：排除当前20秒批次的历史通过获额；按credit_time、serial_id升序,MXN,float32,不足5笔或该位置缺失为NaN；不改取第5个非空值,describe(lags=True),V2-LC-0547,历史获额与额度变化,T0固定时点；提单/App<T0，放款/整笔结清≤T0；支付<T0，已确认整笔同秒结清订单的已知同秒支付可=T0；当前条件为T0已知值。来源可得时间仍待上线核验。,已入模,保留字段；零增益不等于没有业务意义,0.50819455264357,0.5237473504356166,0.503727606542784,0.030975412697444783,194.427396774292
offer_credit_delta12,历史通过获额批次的额度｜最近1笔减最近2笔,x = Vpast.credit_amt（同serial截至T0最新；历史通过记录20秒链式批次保留末笔）；x[-1]-x[-2],S02｜order_vir_f_copy（获额）,Vpast：排除当前20秒批次的历史通过获额；按credit_time、serial_id升序,MXN,float32,不足2笔或任一值缺失为NaN,describe(),V2-LC-0548,历史获额与额度变化,T0固定时点；提单/App<T0，放款/整笔结清≤T0；支付<T0，已确认整笔同秒结清订单的已知同秒支付可=T0；当前条件为T0已知值。来源可得时间仍待上线核验。,已入模,保留字段；零增益不等于没有业务意义,0.09250412789871582,0.10888399945195322,0.058862801824858126,0.052505289607238576,271.97463035583496
offer_credit_delta23,历史通过获额批次的额度｜最近2笔减最近3笔,x = Vpast.credit_amt（同serial截至T0最新；历史通过记录20秒链式批次保留末笔）；x[-2]-x[-3],S02｜order_vir_f_copy（获额）,Vpast：排除当前20秒批次的历史通过获额；按credit_time、serial_id升序,MXN,float32,不足3笔或任一值缺失为NaN,describe(),V2-LC-0549,历史获额与额度变化,T0固定时点；提单/App<T0，放款/整笔结清≤T0；支付<T0，已确认整笔同秒结清订单的已知同秒支付可=T0；当前条件为T0已知值。来源可得时间仍待上线核验。,已入模,保留字段；零增益不等于没有业务意义,0.267938598425274,0.2928584669197353,0.22109714031378658,0.06733580739707214,182.39090156555176
offer_credit_change_valid_n,相邻历史通过获额批次变额｜有效值数,x = diff(Vpast.credit_amt)；COUNT(finite(x)),S02｜order_vir_f_copy（获额）,Vpast：排除当前20秒批次的历史通过获额；按credit_time、serial_id升序,个,float32,无有效值返回0,describe(),V2-LC-0550,历史获额与额度变化,T0固定时点；提单/App<T0，放款/整笔结清≤T0；支付<T0，已确认整笔同秒结清订单的已知同秒支付可=T0；当前条件为T0已知值。来源可得时间仍待上线核验。,已入模,保留字段；零增益不等于没有业务意义,0.0,0.0,0.0,0.050958443905756184,0.0
offer_credit_change_mean,相邻历史通过获额批次变额｜全历史均值,x = diff(Vpast.credit_amt)；MEAN(finite(x)),S02｜order_vir_f_copy（获额）,Vpast：排除当前20秒批次的历史通过获额；按credit_time、serial_id升序,MXN,float32,无有效值为NaN,describe(),V2-LC-0551,历史获额与额度变化,T0固定时点；提单/App<T0，放款/整笔结清≤T0；支付<T0，已确认整笔同秒结清订单的已知同秒支付可=T0；当前条件为T0已知值。来源可得时间仍待上线核验。,已入模,保留字段；零增益不等于没有业务意义,0.09250412789871582,0.10888399945195322,0.058862801824858126,0.08105464076337701,345.3286991119385
offer_credit_change_std,相邻历史通过获额批次变额｜全历史总体标准差,"x = diff(Vpast.credit_amt)；STD(finite(x), ddof=0)",S02｜order_vir_f_copy（获额）,Vpast：排除当前20秒批次的历史通过获额；按credit_time、serial_id升序,MXN,float32,无有效值为NaN；单个有效值为0,describe(),V2-LC-0552,历史获额与额度变化,T0固定时点；提单/App<T0，放款/整笔结清≤T0；支付<T0，已确认整笔同秒结清订单的已知同秒支付可=T0；当前条件为T0已知值。来源可得时间仍待上线核验。,已入模,保留字段；零增益不等于没有业务意义,0.09250412789871582,0.10888399945195322,0.058862801824858126,0.05699907669307077,150.59931087493896
offer_credit_change_min,相邻历史通过获额批次变额｜全历史最小值,x = diff(Vpast.credit_amt)；MIN(finite(x)),S02｜order_vir_f_copy（获额）,Vpast：排除当前20秒批次的历史通过获额；按credit_time、serial_id升序,MXN,float32,无有效值为NaN,describe(),V2-LC-0553,历史获额与额度变化,T0固定时点；提单/App<T0，放款/整笔结清≤T0；支付<T0，已确认整笔同秒结清订单的已知同秒支付可=T0；当前条件为T0已知值。来源可得时间仍待上线核验。,已入模,保留字段；零增益不等于没有业务意义,0.09250412789871582,0.10888399945195322,0.058862801824858126,0.05753556746694885,82.0237979888916
offer_credit_change_max,相邻历史通过获额批次变额｜全历史最大值,x = diff(Vpast.credit_amt)；MAX(finite(x)),S02｜order_vir_f_copy（获额）,Vpast：排除当前20秒批次的历史通过获额；按credit_time、serial_id升序,MXN,float32,无有效值为NaN,describe(),V2-LC-0554,历史获额与额度变化,T0固定时点；提单/App<T0，放款/整笔结清≤T0；支付<T0，已确认整笔同秒结清订单的已知同秒支付可=T0；当前条件为T0已知值。来源可得时间仍待上线核验。,已入模,保留字段；零增益不等于没有业务意义,0.09250412789871582,0.10888399945195322,0.058862801824858126,0.12040943097276376,97.26109981536865
offer_credit_change_last_first_delta,相邻历史通过获额批次变额｜最近减最早有效值,x = diff(Vpast.credit_amt)；finite(x)[-1]-finite(x)[0],S02｜order_vir_f_copy（获额）,Vpast：排除当前20秒批次的历史通过获额；按credit_time、serial_id升序,MXN,float32,至少2个有效值；否则NaN,describe(),V2-LC-0555,历史获额与额度变化,T0固定时点；提单/App<T0，放款/整笔结清≤T0；支付<T0，已确认整笔同秒结清订单的已知同秒支付可=T0；当前条件为T0已知值。来源可得时间仍待上线核验。,已入模,保留字段；零增益不等于没有业务意义,0.267938598425274,0.2928584669197353,0.22109714031378658,0.038243166497585204,179.91500091552734
offer_credit_change_slope,相邻历史通过获额批次变额｜生命周期顺序趋势,x = diff(Vpast.credit_amt)；SUM((i-MEAN(i))*(x_i-MEAN(valid_x)))/SUM((i-MEAN(i))^2)，i为有效值在原序列中的位置,S02｜order_vir_f_copy（获额）,Vpast：排除当前20秒批次的历史通过获额；按credit_time、serial_id升序,MXN／序号步,float32,至少2个有效值；否则NaN,describe(),V2-LC-0556,历史获额与额度变化,T0固定时点；提单/App<T0，放款/整笔结清≤T0；支付<T0，已确认整笔同秒结清订单的已知同秒支付可=T0；当前条件为T0已知值。来源可得时间仍待上线核验。,已入模,保留字段；零增益不等于没有业务意义,0.267938598425274,0.2928584669197353,0.22109714031378658,0.042144580902335235,372.12600231170654
offer_credit_change_last3_mean,相邻历史通过获额批次变额｜最近3笔有效均值,x = diff(Vpast.credit_amt)；MEAN(finite(x[-3:])),S02｜order_vir_f_copy（获额）,Vpast：排除当前20秒批次的历史通过获额；按credit_time、serial_id升序,MXN,float32,原序列最近3笔中无有效值为NaN；不跳过缺失补足3笔,describe(),V2-LC-0557,历史获额与额度变化,T0固定时点；提单/App<T0，放款/整笔结清≤T0；支付<T0，已确认整笔同秒结清订单的已知同秒支付可=T0；当前条件为T0已知值。来源可得时间仍待上线核验。,已入模,保留字段；零增益不等于没有业务意义,0.09250412789871582,0.10888399945195322,0.058862801824858126,0.08387337475542175,257.86809635162354
offer_credit_change_last5_mean,相邻历史通过获额批次变额｜最近5笔有效均值,x = diff(Vpast.credit_amt)；MEAN(finite(x[-5:])),S02｜order_vir_f_copy（获额）,Vpast：排除当前20秒批次的历史通过获额；按credit_time、serial_id升序,MXN,float32,原序列最近5笔中无有效值为NaN；不跳过缺失补足5笔,describe(),V2-LC-0558,历史获额与额度变化,T0固定时点；提单/App<T0，放款/整笔结清≤T0；支付<T0，已确认整笔同秒结清订单的已知同秒支付可=T0；当前条件为T0已知值。来源可得时间仍待上线核验。,已入模,保留字段；零增益不等于没有业务意义,0.09250412789871582,0.10888399945195322,0.058862801824858126,0.09375198502786798,390.67759895324707
offer_credit_change_recent_lifetime_delta,相邻历史通过获额批次变额｜近期相对全历史变化,x = diff(Vpast.credit_amt)；MEAN(finite(x[-3:]))-MEAN(finite(x)),S02｜order_vir_f_copy（获额）,Vpast：排除当前20秒批次的历史通过获额；按credit_time、serial_id升序,MXN,float32,任一侧无有效值为NaN,describe(),V2-LC-0559,历史获额与额度变化,T0固定时点；提单/App<T0，放款/整笔结清≤T0；支付<T0，已确认整笔同秒结清订单的已知同秒支付可=T0；当前条件为T0已知值。来源可得时间仍待上线核验。,已入模,保留字段；零增益不等于没有业务意义,0.09250412789871582,0.10888399945195322,0.058862801824858126,0.03865601326402433,252.5265989303589
offer_credit_change_l1,相邻历史通过获额批次变额｜最近第1笔,x = diff(Vpast.credit_amt)；x[-1],S02｜order_vir_f_copy（获额）,Vpast：排除当前20秒批次的历史通过获额；按credit_time、serial_id升序,MXN,float32,不足1笔或该位置缺失为NaN；不改取第1个非空值,describe(lags=True),V2-LC-0560,历史获额与额度变化,T0固定时点；提单/App<T0，放款/整笔结清≤T0；支付<T0，已确认整笔同秒结清订单的已知同秒支付可=T0；当前条件为T0已知值。来源可得时间仍待上线核验。,已入模,保留字段；零增益不等于没有业务意义,0.09250412789871582,0.10888399945195322,0.058862801824858126,0.052505289607238576,33.03260040283203
offer_credit_change_l2,相邻历史通过获额批次变额｜最近第2笔,x = diff(Vpast.credit_amt)；x[-2],S02｜order_vir_f_copy（获额）,Vpast：排除当前20秒批次的历史通过获额；按credit_time、serial_id升序,MXN,float32,不足2笔或该位置缺失为NaN；不改取第2个非空值,describe(lags=True),V2-LC-0561,历史获额与额度变化,T0固定时点；提单/App<T0，放款/整笔结清≤T0；支付<T0，已确认整笔同秒结清订单的已知同秒支付可=T0；当前条件为T0已知值。来源可得时间仍待上线核验。,已入模,保留字段；零增益不等于没有业务意义,0.267938598425274,0.2928584669197353,0.22109714031378658,0.06733580739707214,0.0
offer_credit_change_l3,相邻历史通过获额批次变额｜最近第3笔,x = diff(Vpast.credit_amt)；x[-3],S02｜order_vir_f_copy（获额）,Vpast：排除当前20秒批次的历史通过获额；按credit_time、serial_id升序,MXN,float32,不足3笔或该位置缺失为NaN；不改取第3个非空值,describe(lags=True),V2-LC-0562,历史获额与额度变化,T0固定时点；提单/App<T0，放款/整笔结清≤T0；支付<T0，已确认整笔同秒结清订单的已知同秒支付可=T0；当前条件为T0已知值。来源可得时间仍待上线核验。,已入模,保留字段；零增益不等于没有业务意义,0.4152592614368517,0.4316110157402258,0.4062534772449093,0.00527758612069996,40.368499755859375
offer_credit_change_l4,相邻历史通过获额批次变额｜最近第4笔,x = diff(Vpast.credit_amt)；x[-4],S02｜order_vir_f_copy（获额）,Vpast：排除当前20秒批次的历史通过获额；按credit_time、serial_id升序,MXN,float32,不足4笔或该位置缺失为NaN；不改取第4个非空值,describe(lags=True),V2-LC-0563,历史获额与额度变化,T0固定时点；提单/App<T0，放款/整笔结清≤T0；支付<T0，已确认整笔同秒结清订单的已知同秒支付可=T0；当前条件为T0已知值。来源可得时间仍待上线核验。,已入模,保留字段；零增益不等于没有业务意义,0.50819455264357,0.5237473504356166,0.503727606542784,0.005570191142166559,24.007200241088867
offer_credit_change_l5,相邻历史通过获额批次变额｜最近第5笔,x = diff(Vpast.credit_amt)；x[-5],S02｜order_vir_f_copy（获额）,Vpast：排除当前20秒批次的历史通过获额；按credit_time、serial_id升序,MXN,float32,不足5笔或该位置缺失为NaN；不改取第5个非空值,describe(lags=True),V2-LC-0564,历史获额与额度变化,T0固定时点；提单/App<T0，放款/整笔结清≤T0；支付<T0，已确认整笔同秒结清订单的已知同秒支付可=T0；当前条件为T0已知值。来源可得时间仍待上线核验。,已入模,保留字段；零增益不等于没有业务意义,0.5835942361305053,0.5994181032745795,0.5677089128741516,0.006313709856960937,182.136399269104
offer_credit_change_delta12,相邻历史通过获额批次变额｜最近1笔减最近2笔,x = diff(Vpast.credit_amt)；x[-1]-x[-2],S02｜order_vir_f_copy（获额）,Vpast：排除当前20秒批次的历史通过获额；按credit_time、serial_id升序,MXN,float32,不足2笔或任一值缺失为NaN,describe(),V2-LC-0565,历史获额与额度变化,T0固定时点；提单/App<T0，放款/整笔结清≤T0；支付<T0，已确认整笔同秒结清订单的已知同秒支付可=T0；当前条件为T0已知值。来源可得时间仍待上线核验。,已入模,保留字段；零增益不等于没有业务意义,0.267938598425274,0.2928584669197353,0.22109714031378658,0.04141126382523734,67.70229816436768
offer_credit_change_delta23,相邻历史通过获额批次变额｜最近2笔减最近3笔,x = diff(Vpast.credit_amt)；x[-2]-x[-3],S02｜order_vir_f_copy（获额）,Vpast：排除当前20秒批次的历史通过获额；按credit_time、serial_id升序,MXN,float32,不足3笔或任一值缺失为NaN,describe(),V2-LC-0566,历史获额与额度变化,T0固定时点；提单/App<T0，放款/整笔结清≤T0；支付<T0，已确认整笔同秒结清订单的已知同秒支付可=T0；当前条件为T0已知值。来源可得时间仍待上线核验。,已入模,保留字段；零增益不等于没有业务意义,0.4152592614368517,0.4316110157402258,0.4062534772449093,0.012574467792417112,136.94269943237305
offer_credit_change_ratio_valid_n,相邻历史通过获额批次变额比例｜有效值数,x = diff(Vpast.credit_amt)/Vpast.credit_amt[:-1]；前笔额度>0；COUNT(finite(x)),S02｜order_vir_f_copy（获额）,Vpast：排除当前20秒批次的历史通过获额；按credit_time、serial_id升序,个,float32,无有效值返回0,describe(),V2-LC-0567,历史获额与额度变化,T0固定时点；提单/App<T0，放款/整笔结清≤T0；支付<T0，已确认整笔同秒结清订单的已知同秒支付可=T0；当前条件为T0已知值。来源可得时间仍待上线核验。,已入模,保留字段；零增益不等于没有业务意义,0.0,0.0,0.0,0.05096294777086998,0.0
offer_credit_change_ratio_mean,相邻历史通过获额批次变额比例｜全历史均值,x = diff(Vpast.credit_amt)/Vpast.credit_amt[:-1]；前笔额度>0；MEAN(finite(x)),S02｜order_vir_f_copy（获额）,Vpast：排除当前20秒批次的历史通过获额；按credit_time、serial_id升序,比例,float32,无有效值为NaN,describe(),V2-LC-0568,历史获额与额度变化,T0固定时点；提单/App<T0，放款/整笔结清≤T0；支付<T0，已确认整笔同秒结清订单的已知同秒支付可=T0；当前条件为T0已知值。来源可得时间仍待上线核验。,已入模,保留字段；零增益不等于没有业务意义,0.09250412789871582,0.10888399945195322,0.058862801824858126,0.05963095894240754,152.28820133209229
offer_credit_change_ratio_std,相邻历史通过获额批次变额比例｜全历史总体标准差,"x = diff(Vpast.credit_amt)/Vpast.credit_amt[:-1]；前笔额度>0；STD(finite(x), ddof=0)",S02｜order_vir_f_copy（获额）,Vpast：排除当前20秒批次的历史通过获额；按credit_time、serial_id升序,比例,float32,无有效值为NaN；单个有效值为0,describe(),V2-LC-0569,历史获额与额度变化,T0固定时点；提单/App<T0，放款/整笔结清≤T0；支付<T0，已确认整笔同秒结清订单的已知同秒支付可=T0；当前条件为T0已知值。来源可得时间仍待上线核验。,已入模,保留字段；零增益不等于没有业务意义,0.09250412789871582,0.10888399945195322,0.058862801824858126,0.0627359282647509,62.201600074768066
offer_credit_change_ratio_min,相邻历史通过获额批次变额比例｜全历史最小值,x = diff(Vpast.credit_amt)/Vpast.credit_amt[:-1]；前笔额度>0；MIN(finite(x)),S02｜order_vir_f_copy（获额）,Vpast：排除当前20秒批次的历史通过获额；按credit_time、serial_id升序,比例,float32,无有效值为NaN,describe(),V2-LC-0570,历史获额与额度变化,T0固定时点；提单/App<T0，放款/整笔结清≤T0；支付<T0，已确认整笔同秒结清订单的已知同秒支付可=T0；当前条件为T0已知值。来源可得时间仍待上线核验。,已入模,保留字段；零增益不等于没有业务意义,0.09250412789871582,0.10888399945195322,0.058862801824858126,0.15161855438648575,387.0708990097046
offer_credit_change_ratio_max,相邻历史通过获额批次变额比例｜全历史最大值,x = diff(Vpast.credit_amt)/Vpast.credit_amt[:-1]；前笔额度>0；MAX(finite(x)),S02｜order_vir_f_copy（获额）,Vpast：排除当前20秒批次的历史通过获额；按credit_time、serial_id升序,比例,float32,无有效值为NaN,describe(),V2-LC-0571,历史获额与额度变化,T0固定时点；提单/App<T0，放款/整笔结清≤T0；支付<T0，已确认整笔同秒结清订单的已知同秒支付可=T0；当前条件为T0已知值。来源可得时间仍待上线核验。,已入模,保留字段；零增益不等于没有业务意义,0.09250412789871582,0.10888399945195322,0.058862801824858126,0.11582258948143334,133.38729000091553
offer_credit_change_ratio_last_first_delta,相邻历史通过获额批次变额比例｜最近减最早有效值,x = diff(Vpast.credit_amt)/Vpast.credit_amt[:-1]；前笔额度>0；finite(x)[-1]-finite(x)[0],S02｜order_vir_f_copy（获额）,Vpast：排除当前20秒批次的历史通过获额；按credit_time、serial_id升序,比例,float32,至少2个有效值；否则NaN,describe(),V2-LC-0572,历史获额与额度变化,T0固定时点；提单/App<T0，放款/整笔结清≤T0；支付<T0，已确认整笔同秒结清订单的已知同秒支付可=T0；当前条件为T0已知值。来源可得时间仍待上线核验。,已入模,保留字段；零增益不等于没有业务意义,0.26794839759136496,0.29286652643116773,0.22109714031378658,0.04298105419733771,252.9908037185669
offer_credit_change_ratio_slope,相邻历史通过获额批次变额比例｜生命周期顺序趋势,x = diff(Vpast.credit_amt)/Vpast.credit_amt[:-1]；前笔额度>0；SUM((i-MEAN(i))*(x_i-MEAN(valid_x)))/SUM((i-MEAN(i))^2)，i为有效值在原序列中的位置,S02｜order_vir_f_copy（获额）,Vpast：排除当前20秒批次的历史通过获额；按credit_time、serial_id升序,比例／序号步,float32,至少2个有效值；否则NaN,describe(),V2-LC-0573,历史获额与额度变化,T0固定时点；提单/App<T0，放款/整笔结清≤T0；支付<T0，已确认整笔同秒结清订单的已知同秒支付可=T0；当前条件为T0已知值。来源可得时间仍待上线核验。,已入模,保留字段；零增益不等于没有业务意义,0.26794839759136496,0.29286652643116773,0.22109714031378658,0.04792787521588611,148.693097114563
offer_credit_change_ratio_last3_mean,相邻历史通过获额批次变额比例｜最近3笔有效均值,x = diff(Vpast.credit_amt)/Vpast.credit_amt[:-1]；前笔额度>0；MEAN(finite(x[-3:])),S02｜order_vir_f_copy（获额）,Vpast：排除当前20秒批次的历史通过获额；按credit_time、serial_id升序,比例,float32,原序列最近3笔中无有效值为NaN；不跳过缺失补足3笔,describe(),V2-LC-0574,历史获额与额度变化,T0固定时点；提单/App<T0，放款/整笔结清≤T0；支付<T0，已确认整笔同秒结清订单的已知同秒支付可=T0；当前条件为T0已知值。来源可得时间仍待上线核验。,已入模,保留字段；零增益不等于没有业务意义,0.09250412789871582,0.10888399945195322,0.058862801824858126,0.0644274225098798,258.9471025466919
offer_credit_change_ratio_last5_mean,相邻历史通过获额批次变额比例｜最近5笔有效均值,x = diff(Vpast.credit_amt)/Vpast.credit_amt[:-1]；前笔额度>0；MEAN(finite(x[-5:])),S02｜order_vir_f_copy（获额）,Vpast：排除当前20秒批次的历史通过获额；按credit_time、serial_id升序,比例,float32,原序列最近5笔中无有效值为NaN；不跳过缺失补足5笔,describe(),V2-LC-0575,历史获额与额度变化,T0固定时点；提单/App<T0，放款/整笔结清≤T0；支付<T0，已确认整笔同秒结清订单的已知同秒支付可=T0；当前条件为T0已知值。来源可得时间仍待上线核验。,已入模,保留字段；零增益不等于没有业务意义,0.09250412789871582,0.10888399945195322,0.058862801824858126,0.06567861828267174,106.37689781188965
offer_credit_change_ratio_recent_lifetime_delta,相邻历史通过获额批次变额比例｜近期相对全历史变化,x = diff(Vpast.credit_amt)/Vpast.credit_amt[:-1]；前笔额度>0；MEAN(finite(x[-3:]))-MEAN(finite(x)),S02｜order_vir_f_copy（获额）,Vpast：排除当前20秒批次的历史通过获额；按credit_time、serial_id升序,比例,float32,任一侧无有效值为NaN,describe(),V2-LC-0576,历史获额与额度变化,T0固定时点；提单/App<T0，放款/整笔结清≤T0；支付<T0，已确认整笔同秒结清订单的已知同秒支付可=T0；当前条件为T0已知值。来源可得时间仍待上线核验。,已入模,保留字段；零增益不等于没有业务意义,0.09250412789871582,0.10888399945195322,0.058862801824858126,0.03728734258671245,64.66120052337646
offer_credit_change_ratio_l1,相邻历史通过获额批次变额比例｜最近第1笔,x = diff(Vpast.credit_amt)/Vpast.credit_amt[:-1]；前笔额度>0；x[-1],S02｜order_vir_f_copy（获额）,Vpast：排除当前20秒批次的历史通过获额；按credit_time、serial_id升序,比例,float32,不足1笔或该位置缺失为NaN；不改取第1个非空值,describe(lags=True),V2-LC-0577,历史获额与额度变化,T0固定时点；提单/App<T0，放款/整笔结清≤T0；支付<T0，已确认整笔同秒结清订单的已知同秒支付可=T0；当前条件为T0已知值。来源可得时间仍待上线核验。,已入模,保留字段；零增益不等于没有业务意义,0.09250412789871582,0.10888399945195322,0.058862801824858126,0.06521982539726329,174.909592628479
offer_credit_change_ratio_l2,相邻历史通过获额批次变额比例｜最近第2笔,x = diff(Vpast.credit_amt)/Vpast.credit_amt[:-1]；前笔额度>0；x[-2],S02｜order_vir_f_copy（获额）,Vpast：排除当前20秒批次的历史通过获额；按credit_time、serial_id升序,比例,float32,不足2笔或该位置缺失为NaN；不改取第2个非空值,describe(lags=True),V2-LC-0578,历史获额与额度变化,T0固定时点；提单/App<T0，放款/整笔结清≤T0；支付<T0，已确认整笔同秒结清订单的已知同秒支付可=T0；当前条件为T0已知值。来源可得时间仍待上线核验。,已入模,保留字段；零增益不等于没有业务意义,0.26794839759136496,0.29286652643116773,0.22109714031378658,0.04730236454003691,153.54930019378662
offer_credit_change_ratio_l3,相邻历史通过获额批次变额比例｜最近第3笔,x = diff(Vpast.credit_amt)/Vpast.credit_amt[:-1]；前笔额度>0；x[-3],S02｜order_vir_f_copy（获额）,Vpast：排除当前20秒批次的历史通过获额；按credit_time、serial_id升序,比例,float32,不足3笔或该位置缺失为NaN；不改取第3个非空值,describe(lags=True),V2-LC-0579,历史获额与额度变化,T0固定时点；提单/App<T0，放款/整笔结清≤T0；支付<T0，已确认整笔同秒结清订单的已知同秒支付可=T0；当前条件为T0已知值。来源可得时间仍待上线核验。,已入模,保留字段；零增益不等于没有业务意义,0.4152592614368517,0.4316110157402258,0.4062534772449093,0.009535452261205824,139.789400100708
offer_credit_change_ratio_l4,相邻历史通过获额批次变额比例｜最近第4笔,x = diff(Vpast.credit_amt)/Vpast.credit_amt[:-1]；前笔额度>0；x[-4],S02｜order_vir_f_copy（获额）,Vpast：排除当前20秒批次的历史通过获额；按credit_time、serial_id升序,比例,float32,不足4笔或该位置缺失为NaN；不改取第4个非空值,describe(lags=True),V2-LC-0580,历史获额与额度变化,T0固定时点；提单/App<T0，放款/整笔结清≤T0；支付<T0，已确认整笔同秒结清订单的已知同秒支付可=T0；当前条件为T0已知值。来源可得时间仍待上线核验。,已入模,保留字段；零增益不等于没有业务意义,0.50819455264357,0.5237473504356166,0.503727606542784,0.005202528659776102,88.4410982131958
offer_credit_change_ratio_l5,相邻历史通过获额批次变额比例｜最近第5笔,x = diff(Vpast.credit_amt)/Vpast.credit_amt[:-1]；前笔额度>0；x[-5],S02｜order_vir_f_copy（获额）,Vpast：排除当前20秒批次的历史通过获额；按credit_time、serial_id升序,比例,float32,不足5笔或该位置缺失为NaN；不改取第5个非空值,describe(lags=True),V2-LC-0581,历史获额与额度变化,T0固定时点；提单/App<T0，放款/整笔结清≤T0；支付<T0，已确认整笔同秒结清订单的已知同秒支付可=T0；当前条件为T0已知值。来源可得时间仍待上线核验。,已入模,保留字段；零增益不等于没有业务意义,0.5835942361305053,0.5994181032745795,0.5677089128741516,0.006046372422093097,101.67009830474854
offer_credit_change_ratio_delta12,相邻历史通过获额批次变额比例｜最近1笔减最近2笔,x = diff(Vpast.credit_amt)/Vpast.credit_amt[:-1]；前笔额度>0；x[-1]-x[-2],S02｜order_vir_f_copy（获额）,Vpast：排除当前20秒批次的历史通过获额；按credit_time、serial_id升序,比例,float32,不足2笔或任一值缺失为NaN,describe(),V2-LC-0582,历史获额与额度变化,T0固定时点；提单/App<T0，放款/整笔结清≤T0；支付<T0，已确认整笔同秒结清订单的已知同秒支付可=T0；当前条件为T0已知值。来源可得时间仍待上线核验。,已入模,保留字段；零增益不等于没有业务意义,0.26794839759136496,0.29286652643116773,0.22109714031378658,0.035775568234096736,61.953399658203125
offer_credit_change_ratio_delta23,相邻历史通过获额批次变额比例｜最近2笔减最近3笔,x = diff(Vpast.credit_amt)/Vpast.credit_amt[:-1]；前笔额度>0；x[-2]-x[-3],S02｜order_vir_f_copy（获额）,Vpast：排除当前20秒批次的历史通过获额；按credit_time、serial_id升序,比例,float32,不足3笔或任一值缺失为NaN,describe(),V2-LC-0583,历史获额与额度变化,T0固定时点；提单/App<T0，放款/整笔结清≤T0；支付<T0，已确认整笔同秒结清订单的已知同秒支付可=T0；当前条件为T0已知值。来源可得时间仍待上线核验。,已入模,保留字段；零增益不等于没有业务意义,0.4152592614368517,0.4316110157402258,0.4062534772449093,0.007491095816201185,119.56199836730957
offer_change_up_n,获额上升｜次数,x = diff(Vpast.credit_amt)；flag = finite(x) AND (x>0)；SUM(flag),S02｜order_vir_f_copy（获额）,Vpast：排除当前20秒批次的历史通过获额；按credit_time、serial_id升序,次,float32,无符合条件值为0,rates()；阈值累计项可交叉，不是互斥分档,V2-LC-0584,历史获额与额度变化,T0固定时点；提单/App<T0，放款/整笔结清≤T0；支付<T0，已确认整笔同秒结清订单的已知同秒支付可=T0；当前条件为T0已知值。来源可得时间仍待上线核验。,已入模,保留字段；零增益不等于没有业务意义,0.0,0.0,0.0,0.053743667238802265,13.040800094604492
offer_change_up_share,获额上升｜占比,x = diff(Vpast.credit_amt)；flag = finite(x) AND (x>0)；SUM(flag)/COUNT(finite(x)),S02｜order_vir_f_copy（获额）,Vpast：排除当前20秒批次的历史通过获额；按credit_time、serial_id升序,比例,float32,无有效x为NaN；有效x存在且无符合值为0,rates()；阈值累计项可交叉，不是互斥分档,V2-LC-0585,历史获额与额度变化,T0固定时点；提单/App<T0，放款/整笔结清≤T0；支付<T0，已确认整笔同秒结清订单的已知同秒支付可=T0；当前条件为T0已知值。来源可得时间仍待上线核验。,已入模,保留字段；零增益不等于没有业务意义,0.09250412789871582,0.10888399945195322,0.058862801824858126,0.058055120135395544,230.41239738464355
offer_change_up_current_streak,获额上升｜当前连续次数,x = diff(Vpast.credit_amt)；flag = finite(x) AND (x>0)；从序列末尾向前累计连续True，遇False即止,S02｜order_vir_f_copy（获额）,Vpast：排除当前20秒批次的历史通过获额；按credit_time、serial_id升序,次,float32,缺失转False、中断连续；空序列为0,rates()；阈值累计项可交叉，不是互斥分档,V2-LC-0586,历史获额与额度变化,T0固定时点；提单/App<T0，放款/整笔结清≤T0；支付<T0，已确认整笔同秒结清订单的已知同秒支付可=T0；当前条件为T0已知值。来源可得时间仍待上线核验。,已入模,保留字段；零增益不等于没有业务意义,0.0,0.0,0.0,0.03983723739269354,42.64409923553467
offer_change_up_max_streak,获额上升｜历史最长连续次数,x = diff(Vpast.credit_amt)；flag = finite(x) AND (x>0)；序列中最长连续True长度,S02｜order_vir_f_copy（获额）,Vpast：排除当前20秒批次的历史通过获额；按credit_time、serial_id升序,次,float32,缺失转False、中断连续；空序列为0,rates()；阈值累计项可交叉，不是互斥分档,V2-LC-0587,历史获额与额度变化,T0固定时点；提单/App<T0，放款/整笔结清≤T0；支付<T0，已确认整笔同秒结清订单的已知同秒支付可=T0；当前条件为T0已知值。来源可得时间仍待上线核验。,已入模,保留字段；零增益不等于没有业务意义,0.0,0.0,0.0,0.05087524763543535,29.968700408935547
offer_change_down_n,获额下降｜次数,x = diff(Vpast.credit_amt)；flag = finite(x) AND (x<0)；SUM(flag),S02｜order_vir_f_copy（获额）,Vpast：排除当前20秒批次的历史通过获额；按credit_time、serial_id升序,次,float32,无符合条件值为0,rates()；阈值累计项可交叉，不是互斥分档,V2-LC-0588,历史获额与额度变化,T0固定时点；提单/App<T0，放款/整笔结清≤T0；支付<T0，已确认整笔同秒结清订单的已知同秒支付可=T0；当前条件为T0已知值。来源可得时间仍待上线核验。,已入模,保留字段；零增益不等于没有业务意义,0.0,0.0,0.0,0.011337731904131674,14.378199577331543
offer_change_down_share,获额下降｜占比,x = diff(Vpast.credit_amt)；flag = finite(x) AND (x<0)；SUM(flag)/COUNT(finite(x)),S02｜order_vir_f_copy（获额）,Vpast：排除当前20秒批次的历史通过获额；按credit_time、serial_id升序,比例,float32,无有效x为NaN；有效x存在且无符合值为0,rates()；阈值累计项可交叉，不是互斥分档,V2-LC-0589,历史获额与额度变化,T0固定时点；提单/App<T0，放款/整笔结清≤T0；支付<T0，已确认整笔同秒结清订单的已知同秒支付可=T0；当前条件为T0已知值。来源可得时间仍待上线核验。,已入模,保留字段；零增益不等于没有业务意义,0.09250412789871582,0.10888399945195322,0.058862801824858126,0.0385098522904239,263.71530055999756
offer_change_down_current_streak,获额下降｜当前连续次数,x = diff(Vpast.credit_amt)；flag = finite(x) AND (x<0)；从序列末尾向前累计连续True，遇False即止,S02｜order_vir_f_copy（获额）,Vpast：排除当前20秒批次的历史通过获额；按credit_time、serial_id升序,次,float32,缺失转False、中断连续；空序列为0,rates()；阈值累计项可交叉，不是互斥分档,V2-LC-0590,历史获额与额度变化,T0固定时点；提单/App<T0，放款/整笔结清≤T0；支付<T0，已确认整笔同秒结清订单的已知同秒支付可=T0；当前条件为T0已知值。来源可得时间仍待上线核验。,已入模,保留字段；零增益不等于没有业务意义,0.0,0.0,0.0,0.0015081613977445192,0.0
offer_change_down_max_streak,获额下降｜历史最长连续次数,x = diff(Vpast.credit_amt)；flag = finite(x) AND (x<0)；序列中最长连续True长度,S02｜order_vir_f_copy（获额）,Vpast：排除当前20秒批次的历史通过获额；按credit_time、serial_id升序,次,float32,缺失转False、中断连续；空序列为0,rates()；阈值累计项可交叉，不是互斥分档,V2-LC-0591,历史获额与额度变化,T0固定时点；提单/App<T0，放款/整笔结清≤T0；支付<T0，已确认整笔同秒结清订单的已知同秒支付可=T0；当前条件为T0已知值。来源可得时间仍待上线核验。,已入模,保留字段；零增益不等于没有业务意义,0.0,0.0,0.0,0.011653427440907919,0.0
offer_change_same_n,获额不变｜次数,x = diff(Vpast.credit_amt)；flag = finite(x) AND (x==0)；SUM(flag),S02｜order_vir_f_copy（获额）,Vpast：排除当前20秒批次的历史通过获额；按credit_time、serial_id升序,次,float32,无符合条件值为0,rates()；阈值累计项可交叉，不是互斥分档,V2-LC-0592,历史获额与额度变化,T0固定时点；提单/App<T0，放款/整笔结清≤T0；支付<T0，已确认整笔同秒结清订单的已知同秒支付可=T0；当前条件为T0已知值。来源可得时间仍待上线核验。,已入模,保留字段；零增益不等于没有业务意义,0.0,0.0,0.0,0.004292459015122177,63.58000183105469
offer_change_same_share,获额不变｜占比,x = diff(Vpast.credit_amt)；flag = finite(x) AND (x==0)；SUM(flag)/COUNT(finite(x)),S02｜order_vir_f_copy（获额）,Vpast：排除当前20秒批次的历史通过获额；按credit_time、serial_id升序,比例,float32,无有效x为NaN；有效x存在且无符合值为0,rates()；阈值累计项可交叉，不是互斥分档,V2-LC-0593,历史获额与额度变化,T0固定时点；提单/App<T0，放款/整笔结清≤T0；支付<T0，已确认整笔同秒结清订单的已知同秒支付可=T0；当前条件为T0已知值。来源可得时间仍待上线核验。,已入模,保留字段；零增益不等于没有业务意义,0.09250412789871582,0.10888399945195322,0.058862801824858126,0.061816607800754625,283.46684169769287
offer_change_same_current_streak,获额不变｜当前连续次数,x = diff(Vpast.credit_amt)；flag = finite(x) AND (x==0)；从序列末尾向前累计连续True，遇False即止,S02｜order_vir_f_copy（获额）,Vpast：排除当前20秒批次的历史通过获额；按credit_time、serial_id升序,次,float32,缺失转False、中断连续；空序列为0,rates()；阈值累计项可交叉，不是互斥分档,V2-LC-0594,历史获额与额度变化,T0固定时点；提单/App<T0，放款/整笔结清≤T0；支付<T0，已确认整笔同秒结清订单的已知同秒支付可=T0；当前条件为T0已知值。来源可得时间仍待上线核验。,已入模,保留字段；零增益不等于没有业务意义,0.0,0.0,0.0,0.00022995819168949237,63.2716007232666
offer_change_same_max_streak,获额不变｜历史最长连续次数,x = diff(Vpast.credit_amt)；flag = finite(x) AND (x==0)；序列中最长连续True长度,S02｜order_vir_f_copy（获额）,Vpast：排除当前20秒批次的历史通过获额；按credit_time、serial_id升序,次,float32,缺失转False、中断连续；空序列为0,rates()；阈值累计项可交叉，不是互斥分档,V2-LC-0595,历史获额与额度变化,T0固定时点；提单/App<T0，放款/整笔结清≤T0；支付<T0，已确认整笔同秒结清订单的已知同秒支付可=T0；当前条件为T0已知值。来源可得时间仍待上线核验。,已入模,保留字段；零增益不等于没有业务意义,0.0,0.0,0.0,0.004242279619243312,12.21150016784668
offer_up_to_down_n,连续获额变化由提转降次数,x=diff(Vpast.credit_amt)；SUM(x[:-1]>0 AND x[1:]<0),S02｜order_vir_f_copy（获额）,截至T0的全部可观察生命周期,次,float32,不足2次变化为0；缺失不跨越,直接字段：loan_features() / behavior_features() / main(),V2-LC-0596,历史获额与额度变化,T0固定时点；提单/App<T0，放款/整笔结清≤T0；支付<T0，已确认整笔同秒结清订单的已知同秒支付可=T0；当前条件为T0已知值。来源可得时间仍待上线核验。,已入模,保留字段；零增益不等于没有业务意义,0.0,0.0,0.0,0.010776729438880459,0.0
offer_down_to_up_n,连续获额变化由降转提次数,x=diff(Vpast.credit_amt)；SUM(x[:-1]<0 AND x[1:]>0),S02｜order_vir_f_copy（获额）,截至T0的全部可观察生命周期,次,float32,不足2次变化为0；缺失不跨越,直接字段：loan_features() / behavior_features() / main(),V2-LC-0597,历史获额与额度变化,T0固定时点；提单/App<T0，放款/整笔结清≤T0；支付<T0，已确认整笔同秒结清订单的已知同秒支付可=T0；当前条件为T0已知值。来源可得时间仍待上线核验。,已入模,保留字段；零增益不等于没有业务意义,0.0,0.0,0.0,0.018157980851179083,12.462400436401367
demand_current_to_previous_apply,当前额度覆盖上一笔实际借款需求,current_credit_amt/T.apply_amt,S05｜冻结T0母表与过去月份产品画像；S01｜order_loan_f_v2_copy（整笔订单）；S02｜order_vir_f_copy（获额）,当前T0条件 / 触发订单,倍,float32,分母非正或缺失为NaN,直接字段：loan_features() / behavior_features() / main(),V2-LC-0598,需求使用率与交互,T0固定时点；提单/App<T0，放款/整笔结清≤T0；支付<T0，已确认整笔同秒结清订单的已知同秒支付可=T0；当前条件为T0已知值。来源可得时间仍待上线核验。,已入模,保留字段；零增益不等于没有业务意义,0.0,0.0,0.0,0.05397886898336631,2185.733986854553
demand_current_to_latest_attempt,当前额度覆盖最近提单需求,current_credit_amt/H[-1].apply_amt,S05｜冻结T0母表与过去月份产品画像；S01｜order_loan_f_v2_copy（整笔订单）,当前T0条件 / 触发订单,倍,float32,无历史尝试或分母非正为NaN；最近尝试可以未放款,直接字段：loan_features() / behavior_features() / main(),V2-LC-0599,需求使用率与交互,T0固定时点；提单/App<T0，放款/整笔结清≤T0；支付<T0，已确认整笔同秒结清订单的已知同秒支付可=T0；当前条件为T0已知值。来源可得时间仍待上线核验。,已入模,保留字段；零增益不等于没有业务意义,0.0,0.0,0.0,0.059748947561747756,1638.7364978790283
demand_current_to_lifetime_apply,当前额度覆盖历史平均需求,current_credit_amt/MEAN(F.apply_amt),S05｜冻结T0母表与过去月份产品画像；S01｜order_loan_f_v2_copy（整笔订单）,当前T0条件 / 触发订单,倍,float32,分母非正或缺失为NaN,直接字段：loan_features() / behavior_features() / main(),V2-LC-0600,需求使用率与交互,T0固定时点；提单/App<T0，放款/整笔结清≤T0；支付<T0，已确认整笔同秒结清订单的已知同秒支付可=T0；当前条件为T0已知值。来源可得时间仍待上线核验。,已入模,保留字段；零增益不等于没有业务意义,0.0,0.0,0.0,0.053556716672866496,7738.2249364852905
demand_current_to_max_apply,当前额度覆盖历史最大需求,current_credit_amt/MAX(F.apply_amt),S05｜冻结T0母表与过去月份产品画像；S01｜order_loan_f_v2_copy（整笔订单）,当前T0条件 / 触发订单,倍,float32,分母非正或缺失为NaN,直接字段：loan_features() / behavior_features() / main(),V2-LC-0601,需求使用率与交互,T0固定时点；提单/App<T0，放款/整笔结清≤T0；支付<T0，已确认整笔同秒结清订单的已知同秒支付可=T0；当前条件为T0已知值。来源可得时间仍待上线核验。,已入模,保留字段；零增益不等于没有业务意义,0.0,0.0,0.0,0.0490954838126233,1945.4351692199707
demand_previous_apply_shortfall,当前额度对上一笔需求的缺口,"max(T.apply_amt-current_credit_amt,0)",S05｜冻结T0母表与过去月份产品画像；S01｜order_loan_f_v2_copy（整笔订单）,当前T0条件 / 触发订单,MXN,float32,触发金额或当前额度缺失为NaN,直接字段：loan_features() / behavior_features() / main(),V2-LC-0602,需求使用率与交互,T0固定时点；提单/App<T0，放款/整笔结清≤T0；支付<T0，已确认整笔同秒结清订单的已知同秒支付可=T0；当前条件为T0已知值。来源可得时间仍待上线核验。,已入模,保留字段；零增益不等于没有业务意义,0.0,0.0,0.0,0.0077394137538496464,218.33490562438965
demand_previous_util_missing,触发结清订单使用率缺失,INT(T不存在 OR T.utilization缺失),S01｜order_loan_f_v2_copy（整笔订单）；S02｜order_vir_f_copy（获额）,当前T0条件 / 触发订单,0/1,float32,缺失返回1；使用率≤0按缺失处理,直接字段：loan_features() / behavior_features() / main(),V2-LC-0603,需求使用率与交互,T0固定时点；提单/App<T0，放款/整笔结清≤T0；支付<T0，已确认整笔同秒结清订单的已知同秒支付可=T0；当前条件为T0已知值。来源可得时间仍待上线核验。,已入模,保留字段；零增益不等于没有业务意义,0.0,0.0,0.0,0.0,0.0
interaction_early_ge3_short_reborrow,最近提前≥3天且最近续借间隔≤3天,INT(最近流水核验通过结清订单.early_days≥3 AND 最近完成G.gap_days≤3),S01｜order_loan_f_v2_copy（整笔订单）；S03｜repayment_record_copy（正向入账）,最近有效已结清订单 + 最近已完成周期（可能不是同一订单）,0/1,float32,任一历史不足或条件缺失返回0；需结合计数/缺失特征解读,loan_features()；固定交互，不是因果结论,V2-LC-0604,需求使用率与交互,T0固定时点；提单/App<T0，放款/整笔结清≤T0；支付<T0，已确认整笔同秒结清订单的已知同秒支付可=T0；当前条件为T0已知值。来源可得时间仍待上线核验。,已入模,保留字段；零增益不等于没有业务意义,0.0,0.0,0.0,0.0,26305.45979309082
interaction_early_ge7_short_reborrow,最近提前≥7天且最近续借间隔≤3天,INT(最近流水核验通过结清订单.early_days≥7 AND 最近完成G.gap_days≤3),S01｜order_loan_f_v2_copy（整笔订单）；S03｜repayment_record_copy（正向入账）,最近有效已结清订单 + 最近已完成周期（可能不是同一订单）,0/1,float32,任一历史不足或条件缺失返回0；需结合计数/缺失特征解读,loan_features()；固定交互，不是因果结论,V2-LC-0605,需求使用率与交互,T0固定时点；提单/App<T0，放款/整笔结清≤T0；支付<T0，已确认整笔同秒结清订单的已知同秒支付可=T0；当前条件为T0已知值。来源可得时间仍待上线核验。,已入模,保留字段；零增益不等于没有业务意义,0.0,0.0,0.0,0.0,18.132200241088867
interaction_early_ge10_short_reborrow,最近提前≥10天且最近续借间隔≤3天,INT(最近流水核验通过结清订单.early_days≥10 AND 最近完成G.gap_days≤3),S01｜order_loan_f_v2_copy（整笔订单）；S03｜repayment_record_copy（正向入账）,最近有效已结清订单 + 最近已完成周期（可能不是同一订单）,0/1,float32,任一历史不足或条件缺失返回0；需结合计数/缺失特征解读,loan_features()；固定交互，不是因果结论,V2-LC-0606,需求使用率与交互,T0固定时点；提单/App<T0，放款/整笔结清≤T0；支付<T0，已确认整笔同秒结清订单的已知同秒支付可=T0；当前条件为T0已知值。来源可得时间仍待上线核验。,已入模,保留字段；零增益不等于没有业务意义,0.0,0.0,0.0,0.0,40.268301010131836
interaction_early_ge14_short_reborrow,最近提前≥14天且最近续借间隔≤3天,INT(最近流水核验通过结清订单.early_days≥14 AND 最近完成G.gap_days≤3),S01｜order_loan_f_v2_copy（整笔订单）；S03｜repayment_record_copy（正向入账）,最近有效已结清订单 + 最近已完成周期（可能不是同一订单）,0/1,float32,任一历史不足或条件缺失返回0；需结合计数/缺失特征解读,loan_features()；固定交互，不是因果结论,V2-LC-0607,需求使用率与交互,T0固定时点；提单/App<T0，放款/整笔结清≤T0；支付<T0，已确认整笔同秒结清订单的已知同秒支付可=T0；当前条件为T0已知值。来源可得时间仍待上线核验。,已入模,保留字段；零增益不等于没有业务意义,0.0,0.0,0.0,0.0,0.0
interaction_down_high_util,降额×上一笔高使用,INT(sign(current_credit_amt-previous_credit_amt)==-1 AND T.utilization≥0.95),S05｜冻结T0母表与过去月份产品画像；S01｜order_loan_f_v2_copy（整笔订单）；S02｜order_vir_f_copy（获额）,当前变额方向 + 截至T0历史,0/1,float32,条件未知不记为满足，返回0；不等于已确认不满足，须联查缺失标记,loan_features()；固定交互,V2-LC-0608,需求使用率与交互,T0固定时点；提单/App<T0，放款/整笔结清≤T0；支付<T0，已确认整笔同秒结清订单的已知同秒支付可=T0；当前条件为T0已知值。来源可得时间仍待上线核验。,已入模,保留字段；零增益不等于没有业务意义,0.0,0.0,0.0,0.0,0.0
interaction_down_over_util,降额×上一笔超额使用,INT(sign(current_credit_amt-previous_credit_amt)==-1 AND T.utilization>1),S05｜冻结T0母表与过去月份产品画像；S01｜order_loan_f_v2_copy（整笔订单）；S02｜order_vir_f_copy（获额）,当前变额方向 + 截至T0历史,0/1,float32,条件未知不记为满足，返回0；不等于已确认不满足，须联查缺失标记,loan_features()；固定交互,V2-LC-0609,需求使用率与交互,T0固定时点；提单/App<T0，放款/整笔结清≤T0；支付<T0，已确认整笔同秒结清订单的已知同秒支付可=T0；当前条件为T0已知值。来源可得时间仍待上线核验。,已入模,保留字段；零增益不等于没有业务意义,0.0,0.0,0.0,0.0,61.971099853515625
interaction_down_first3,降额×累计成功放款≤3次,INT(sign(current_credit_amt-previous_credit_amt)==-1 AND COUNT(F)≤3),S05｜冻结T0母表与过去月份产品画像；S01｜order_loan_f_v2_copy（整笔订单）,当前变额方向 + 截至T0历史,0/1,float32,条件未知不记为满足，返回0；不等于已确认不满足，须联查缺失标记,loan_features()；固定交互,V2-LC-0610,需求使用率与交互,T0固定时点；提单/App<T0，放款/整笔结清≤T0；支付<T0，已确认整笔同秒结清订单的已知同秒支付可=T0；当前条件为T0已知值。来源可得时间仍待上线核验。,已入模,保留字段；零增益不等于没有业务意义,0.0,0.0,0.0,0.0,50.57490158081055
interaction_down_first2,降额×累计成功放款≤2次,INT(sign(current_credit_amt-previous_credit_amt)==-1 AND COUNT(F)≤2),S05｜冻结T0母表与过去月份产品画像；S01｜order_loan_f_v2_copy（整笔订单）,当前变额方向 + 截至T0历史,0/1,float32,条件未知不记为满足，返回0；不等于已确认不满足，须联查缺失标记,loan_features()；固定交互,V2-LC-0611,需求使用率与交互,T0固定时点；提单/App<T0，放款/整笔结清≤T0；支付<T0，已确认整笔同秒结清订单的已知同秒支付可=T0；当前条件为T0已知值。来源可得时间仍待上线核验。,已入模,保留字段；零增益不等于没有业务意义,0.0,0.0,0.0,0.0,0.0
interaction_same_high_util,等额×上一笔高使用,INT(sign(current_credit_amt-previous_credit_amt)==0 AND T.utilization≥0.95),S05｜冻结T0母表与过去月份产品画像；S01｜order_loan_f_v2_copy（整笔订单）；S02｜order_vir_f_copy（获额）,当前变额方向 + 截至T0历史,0/1,float32,条件未知不记为满足，返回0；不等于已确认不满足，须联查缺失标记,loan_features()；固定交互,V2-LC-0612,需求使用率与交互,T0固定时点；提单/App<T0，放款/整笔结清≤T0；支付<T0，已确认整笔同秒结清订单的已知同秒支付可=T0；当前条件为T0已知值。来源可得时间仍待上线核验。,已入模,保留字段；零增益不等于没有业务意义,0.0,0.0,0.0,0.0,0.0
interaction_same_over_util,等额×上一笔超额使用,INT(sign(current_credit_amt-previous_credit_amt)==0 AND T.utilization>1),S05｜冻结T0母表与过去月份产品画像；S01｜order_loan_f_v2_copy（整笔订单）；S02｜order_vir_f_copy（获额）,当前变额方向 + 截至T0历史,0/1,float32,条件未知不记为满足，返回0；不等于已确认不满足，须联查缺失标记,loan_features()；固定交互,V2-LC-0613,需求使用率与交互,T0固定时点；提单/App<T0，放款/整笔结清≤T0；支付<T0，已确认整笔同秒结清订单的已知同秒支付可=T0；当前条件为T0已知值。来源可得时间仍待上线核验。,已入模,保留字段；零增益不等于没有业务意义,0.0,0.0,0.0,0.0,0.0
interaction_same_first3,等额×累计成功放款≤3次,INT(sign(current_credit_amt-previous_credit_amt)==0 AND COUNT(F)≤3),S05｜冻结T0母表与过去月份产品画像；S01｜order_loan_f_v2_copy（整笔订单）,当前变额方向 + 截至T0历史,0/1,float32,条件未知不记为满足，返回0；不等于已确认不满足，须联查缺失标记,loan_features()；固定交互,V2-LC-0614,需求使用率与交互,T0固定时点；提单/App<T0，放款/整笔结清≤T0；支付<T0，已确认整笔同秒结清订单的已知同秒支付可=T0；当前条件为T0已知值。来源可得时间仍待上线核验。,已入模,保留字段；零增益不等于没有业务意义,0.0,0.0,0.0,0.0,0.0
interaction_same_first2,等额×累计成功放款≤2次,INT(sign(current_credit_amt-previous_credit_amt)==0 AND COUNT(F)≤2),S05｜冻结T0母表与过去月份产品画像；S01｜order_loan_f_v2_copy（整笔订单）,当前变额方向 + 截至T0历史,0/1,float32,条件未知不记为满足，返回0；不等于已确认不满足，须联查缺失标记,loan_features()；固定交互,V2-LC-0615,需求使用率与交互,T0固定时点；提单/App<T0，放款/整笔结清≤T0；支付<T0，已确认整笔同秒结清订单的已知同秒支付可=T0；当前条件为T0已知值。来源可得时间仍待上线核验。,已入模,保留字段；零增益不等于没有业务意义,0.0,0.0,0.0,0.0,0.0
interaction_up_high_util,提额×上一笔高使用,INT(sign(current_credit_amt-previous_credit_amt)==1 AND T.utilization≥0.95),S05｜冻结T0母表与过去月份产品画像；S01｜order_loan_f_v2_copy（整笔订单）；S02｜order_vir_f_copy（获额）,当前变额方向 + 截至T0历史,0/1,float32,条件未知不记为满足，返回0；不等于已确认不满足，须联查缺失标记,loan_features()；固定交互,V2-LC-0616,需求使用率与交互,T0固定时点；提单/App<T0，放款/整笔结清≤T0；支付<T0，已确认整笔同秒结清订单的已知同秒支付可=T0；当前条件为T0已知值。来源可得时间仍待上线核验。,已入模,保留字段；零增益不等于没有业务意义,0.0,0.0,0.0,0.0,4087.5654344558716
interaction_up_over_util,提额×上一笔超额使用,INT(sign(current_credit_amt-previous_credit_amt)==1 AND T.utilization>1),S05｜冻结T0母表与过去月份产品画像；S01｜order_loan_f_v2_copy（整笔订单）；S02｜order_vir_f_copy（获额）,当前变额方向 + 截至T0历史,0/1,float32,条件未知不记为满足，返回0；不等于已确认不满足，须联查缺失标记,loan_features()；固定交互,V2-LC-0617,需求使用率与交互,T0固定时点；提单/App<T0，放款/整笔结清≤T0；支付<T0，已确认整笔同秒结清订单的已知同秒支付可=T0；当前条件为T0已知值。来源可得时间仍待上线核验。,已入模,保留字段；零增益不等于没有业务意义,0.0,0.0,0.0,0.0,0.0
interaction_up_first3,提额×累计成功放款≤3次,INT(sign(current_credit_amt-previous_credit_amt)==1 AND COUNT(F)≤3),S05｜冻结T0母表与过去月份产品画像；S01｜order_loan_f_v2_copy（整笔订单）,当前变额方向 + 截至T0历史,0/1,float32,条件未知不记为满足，返回0；不等于已确认不满足，须联查缺失标记,loan_features()；固定交互,V2-LC-0618,需求使用率与交互,T0固定时点；提单/App<T0，放款/整笔结清≤T0；支付<T0，已确认整笔同秒结清订单的已知同秒支付可=T0；当前条件为T0已知值。来源可得时间仍待上线核验。,已入模,保留字段；零增益不等于没有业务意义,0.0,0.0,0.0,0.0,39.17060089111328
interaction_up_first2,提额×累计成功放款≤2次,INT(sign(current_credit_amt-previous_credit_amt)==1 AND COUNT(F)≤2),S05｜冻结T0母表与过去月份产品画像；S01｜order_loan_f_v2_copy（整笔订单）,当前变额方向 + 截至T0历史,0/1,float32,条件未知不记为满足，返回0；不等于已确认不满足，须联查缺失标记,loan_features()；固定交互,V2-LC-0619,需求使用率与交互,T0固定时点；提单/App<T0，放款/整笔结清≤T0；支付<T0，已确认整笔同秒结清订单的已知同秒支付可=T0；当前条件为T0已知值。来源可得时间仍待上线核验。,已入模,保留字段；零增益不等于没有业务意义,0.0,0.0,0.0,0.0,0.0
trigger_early_days_cash,触发T0订单的提前结清天数,T.due_date-DATE(T.flow_settle_time),S01｜order_loan_f_v2_copy（整笔订单）；S03｜repayment_record_copy（正向入账）,当前T0条件 / 触发订单,自然日,float32,流水结清日核验失败或触发订单缺失为NaN,直接字段：loan_features() / behavior_features() / main(),V2-LC-0620,提前还款与借还周期,T0固定时点；提单/App<T0，放款/整笔结清≤T0；支付<T0，已确认整笔同秒结清订单的已知同秒支付可=T0；当前条件为T0已知值。来源可得时间仍待上线核验。,已入模,保留字段；零增益不等于没有业务意义,0.0,0.0,0.0,0.07812144837772242,37.47700023651123
trigger_flow_time_missing,触发结清订单流水时点缺失,INT(T不存在 OR T.flow_settle_time缺失),S01｜order_loan_f_v2_copy（整笔订单）；S03｜repayment_record_copy（正向入账）,当前T0条件 / 触发订单,0/1,float32,缺失返回1,直接字段：loan_features() / behavior_features() / main(),V2-LC-0621,提前还款与借还周期,T0固定时点；提单/App<T0，放款/整笔结清≤T0；支付<T0，已确认整笔同秒结清订单的已知同秒支付可=T0；当前条件为T0已知值。来源可得时间仍待上线核验。,未入模,训练风险行内全部缺失或无变化，保留开发规格但模型不使用,0.0,0.0,0.0,0.0,
app_history_left_censored,App历史左截断标记,INT(reg_date非空 AND reg_date<2024-01-01),S01｜order_loan_f_v2_copy（整笔订单）；S04｜event_track_record（App埋点）,截至T0的全部可观察生命周期,0/1,float32,注册日期缺失返回0，不能理解为已核验完整历史,直接字段：loan_features() / behavior_features() / main(),V2-LC-0622,全量App行为,T0固定时点；提单/App<T0，放款/整笔结清≤T0；支付<T0，已确认整笔同秒结清订单的已知同秒支付可=T0；当前条件为T0已知值。来源可得时间仍待上线核验。,已入模,保留字段；零增益不等于没有业务意义,0.0,0.0,0.0,0.0,0.0
app_history_observation_days,App可观察自然日数,"max(0, DATE(T0)-max(2024-01-01,reg_date)+1)",S01｜order_loan_f_v2_copy（整笔订单）；S04｜event_track_record（App埋点）,截至T0的全部可观察生命周期,自然日,float32,注册日期缺失时从2024-01-01开始；数据缺口未据此自动识别,直接字段：loan_features() / behavior_features() / main(),V2-LC-0623,全量App行为,T0固定时点；提单/App<T0，放款/整笔结清≤T0；支付<T0，已确认整笔同秒结清订单的已知同秒支付可=T0；当前条件为T0已知值。来源可得时间仍待上线核验。,已入模,保留字段；零增益不等于没有业务意义,0.0,0.0,0.0,0.03300729176973999,24.746299743652344
app_days_since_last_active,距最近一次App活跃天数,(T0-max(有埋点且时间有效的历史last_active_time)).total_seconds()/86400,S04｜event_track_record（App埋点）,截至T0的全部可观察生命周期,经过天数,float32,无可观察有效活跃为NaN,直接字段：loan_features() / behavior_features() / main(),V2-LC-0624,全量App行为,T0固定时点；提单/App<T0，放款/整笔结清≤T0；支付<T0，已确认整笔同秒结清订单的已知同秒支付可=T0；当前条件为T0已知值。来源可得时间仍待上线核验。,已入模,保留字段；零增益不等于没有业务意义,0.0,0.0,0.0,0.014865255170501145,165.9078016281128
app_all_1d_eligible_days,全部日期｜可观察且未排除日期数,"max(0,DATE(T0)-start+1-排除还款日数)",S04｜event_track_record（App埋点）；S01｜order_loan_f_v2_copy（整笔订单）,"近1个自然日：start=max(可观察起点,DATE(T0)-(1-1)日)，create_time<T0",自然日,float32,无日期为0,behavior_features()；T0部分当天仍按1个可观察自然日计，不是24小时标准化,V2-LC-0625,全量App行为,T0固定时点；提单/App<T0，放款/整笔结清≤T0；支付<T0，已确认整笔同秒结清订单的已知同秒支付可=T0；当前条件为T0已知值。来源可得时间仍待上线核验。,已入模,保留字段；零增益不等于没有业务意义,0.0,0.0,0.0,0.0,0.0
app_all_1d_empty_eligible,全部日期｜无可观察日期标记,INT(eligible_days==0),S04｜event_track_record（App埋点）；S01｜order_loan_f_v2_copy（整笔订单）,"近1个自然日：start=max(可观察起点,DATE(T0)-(1-1)日)，create_time<T0",0/1,float32,无日期为1,behavior_features()；T0部分当天仍按1个可观察自然日计，不是24小时标准化,V2-LC-0626,全量App行为,T0固定时点；提单/App<T0，放款/整笔结清≤T0；支付<T0，已确认整笔同秒结清订单的已知同秒支付可=T0；当前条件为T0已知值。来源可得时间仍待上线核验。,已入模,保留字段；零增益不等于没有业务意义,0.0,0.0,0.0,0.0,0.0
app_all_1d_active_days,全部日期｜有埋点的日期数,COUNT(窗口内event_count>0的日期),S04｜event_track_record（App埋点）；S01｜order_loan_f_v2_copy（整笔订单）,"近1个自然日：start=max(可观察起点,DATE(T0)-(1-1)日)，create_time<T0",自然日,float32,无活跃或无可观察日期为0,behavior_features()；T0部分当天仍按1个可观察自然日计，不是24小时标准化,V2-LC-0627,全量App行为,T0固定时点；提单/App<T0，放款/整笔结清≤T0；支付<T0，已确认整笔同秒结清订单的已知同秒支付可=T0；当前条件为T0已知值。来源可得时间仍待上线核验。,已入模,保留字段；零增益不等于没有业务意义,0.0,0.0,0.0,0.0,0.0
app_all_1d_active_day_share,全部日期｜活跃日期占比,active_days/eligible_days,S04｜event_track_record（App埋点）；S01｜order_loan_f_v2_copy（整笔订单）,"近1个自然日：start=max(可观察起点,DATE(T0)-(1-1)日)，create_time<T0",比例,float32,eligible_days==0为NaN,behavior_features()；T0部分当天仍按1个可观察自然日计，不是24小时标准化,V2-LC-0628,全量App行为,T0固定时点；提单/App<T0，放款/整笔结清≤T0；支付<T0，已确认整笔同秒结清订单的已知同秒支付可=T0；当前条件为T0已知值。来源可得时间仍待上线核验。,已入模,保留字段；零增益不等于没有业务意义,1.4698749136448488e-05,2.41785342972509e-05,0.0,7.383499962586337e-05,0.0
app_all_1d_events,全部日期｜活跃埋点条数,COUNT(e.user_id)；按窗口允许日期累加,S04｜event_track_record（App埋点）,"近1个自然日：start=max(可观察起点,DATE(T0)-(1-1)日)，create_time<T0",条,float32,eligible_days==0为NaN；有可观察日期而无行为为0,behavior_features()；次数不是人数，时长不去除重叠,V2-LC-0629,全量App行为,T0固定时点；提单/App<T0，放款/整笔结清≤T0；支付<T0，已确认整笔同秒结清订单的已知同秒支付可=T0；当前条件为T0已知值。来源可得时间仍待上线核验。,已入模,保留字段；零增益不等于没有业务意义,1.4698749136448488e-05,2.41785342972509e-05,0.0,0.01475254075693623,2040.4441146850586
app_all_1d_newpage,全部日期｜进入提单页次数,"SUM(INT(e.event_type='page_view_in' AND e.props_id IN ('Loan_newpage','Loan_newpage_select')))；按窗口允许日期累加",S04｜event_track_record（App埋点）,"近1个自然日：start=max(可观察起点,DATE(T0)-(1-1)日)，create_time<T0",次,float32,eligible_days==0为NaN；有可观察日期而无行为为0,behavior_features()；次数不是人数，时长不去除重叠,V2-LC-0630,全量App行为,T0固定时点；提单/App<T0，放款/整笔结清≤T0；支付<T0，已确认整笔同秒结清订单的已知同秒支付可=T0；当前条件为T0已知值。来源可得时间仍待上线核验。,已入模,保留字段；零增益不等于没有业务意义,1.4698749136448488e-05,2.41785342972509e-05,0.0,0.18187363640904794,0.0
app_all_1d_amount,全部日期｜切换借款金额次数,"SUM(INT(e.props_id IN ('amount_modification','loan_form_loan_amount_selectionn_new','loan_form_loan_amount_selectionn_new_select')))；按窗口允许日期累加",S04｜event_track_record（App埋点）,"近1个自然日：start=max(可观察起点,DATE(T0)-(1-1)日)，create_time<T0",次,float32,eligible_days==0为NaN；有可观察日期而无行为为0,behavior_features()；次数不是人数，时长不去除重叠,V2-LC-0631,全量App行为,T0固定时点；提单/App<T0，放款/整笔结清≤T0；支付<T0，已确认整笔同秒结清订单的已知同秒支付可=T0；当前条件为T0已知值。来源可得时间仍待上线核验。,已入模,保留字段；零增益不等于没有业务意义,1.4698749136448488e-05,2.41785342972509e-05,0.0,7.383499962586337e-05,99.78870010375977
app_all_1d_contract,全部日期｜查看借款合同次数,"SUM(INT(e.props_id IN ('Loan_contract_newdetails','Loan_contract_newdetails_select')))；按窗口允许日期累加",S04｜event_track_record（App埋点）,"近1个自然日：start=max(可观察起点,DATE(T0)-(1-1)日)，create_time<T0",次,float32,eligible_days==0为NaN；有可观察日期而无行为为0,behavior_features()；次数不是人数，时长不去除重叠,V2-LC-0632,全量App行为,T0固定时点；提单/App<T0，放款/整笔结清≤T0；支付<T0，已确认整笔同秒结清订单的已知同秒支付可=T0；当前条件为T0已知值。来源可得时间仍待上线核验。,已入模,保留字段；零增益不等于没有业务意义,1.4698749136448488e-05,2.41785342972509e-05,0.0,7.383499962586337e-05,0.0
app_all_1d_term,全部日期｜切换借款期次次数,"SUM(INT(e.props_id IN ('loan_form_term_selection_new','loan_form_term_selection_new_select')))；按窗口允许日期累加",S04｜event_track_record（App埋点）,"近1个自然日：start=max(可观察起点,DATE(T0)-(1-1)日)，create_time<T0",次,float32,eligible_days==0为NaN；有可观察日期而无行为为0,behavior_features()；次数不是人数，时长不去除重叠,V2-LC-0633,全量App行为,T0固定时点；提单/App<T0，放款/整笔结清≤T0；支付<T0，已确认整笔同秒结清订单的已知同秒支付可=T0；当前条件为T0已知值。来源可得时间仍待上线核验。,已入模,保留字段；零增益不等于没有业务意义,1.4698749136448488e-05,2.41785342972509e-05,0.0,7.383499962586337e-05,0.0
app_all_1d_confirm,全部日期｜确认提单埋点次数,"SUM(INT(e.props_id IN ('Loan_newconfirm','Loan_newconfirm_select')))；按窗口允许日期累加",S04｜event_track_record（App埋点）,"近1个自然日：start=max(可观察起点,DATE(T0)-(1-1)日)，create_time<T0",次,float32,eligible_days==0为NaN；有可观察日期而无行为为0,behavior_features()；次数不是人数，时长不去除重叠,V2-LC-0634,全量App行为,T0固定时点；提单/App<T0，放款/整笔结清≤T0；支付<T0，已确认整笔同秒结清订单的已知同秒支付可=T0；当前条件为T0已知值。来源可得时间仍待上线核验。,已入模,保留字段；零增益不等于没有业务意义,1.4698749136448488e-05,2.41785342972509e-05,0.0,7.383499962586337e-05,0.0
app_all_1d_plan,全部日期｜查看还款计划次数,"SUM(INT(e.props_id IN ('Loan_plan_newdetails','Loan_plan_newdetails_select')))；按窗口允许日期累加",S04｜event_track_record（App埋点）,"近1个自然日：start=max(可观察起点,DATE(T0)-(1-1)日)，create_time<T0",次,float32,eligible_days==0为NaN；有可观察日期而无行为为0,behavior_features()；次数不是人数，时长不去除重叠,V2-LC-0635,全量App行为,T0固定时点；提单/App<T0，放款/整笔结清≤T0；支付<T0，已确认整笔同秒结清订单的已知同秒支付可=T0；当前条件为T0已知值。来源可得时间仍待上线核验。,已入模,保留字段；零增益不等于没有业务意义,1.4698749136448488e-05,2.41785342972509e-05,0.0,7.383499962586337e-05,30.058500289916992
app_all_1d_purpose,全部日期｜选择借款用途次数,"SUM(INT(e.props_id IN ('Loan_purpose_newdetails','Loan_purpose_newdetails_select')))；按窗口允许日期累加",S04｜event_track_record（App埋点）,"近1个自然日：start=max(可观察起点,DATE(T0)-(1-1)日)，create_time<T0",次,float32,eligible_days==0为NaN；有可观察日期而无行为为0,behavior_features()；次数不是人数，时长不去除重叠,V2-LC-0636,全量App行为,T0固定时点；提单/App<T0，放款/整笔结清≤T0；支付<T0，已确认整笔同秒结清订单的已知同秒支付可=T0；当前条件为T0已知值。来源可得时间仍待上线核验。,已入模,保留字段；零增益不等于没有业务意义,1.4698749136448488e-05,2.41785342972509e-05,0.0,7.383499962586337e-05,20.233400344848633
app_all_1d_coupon_back,全部日期｜关闭优惠券拦截次数,"SUM(INT(e.props_id IN ('Order_coupons_back','Order_coupons_back_select')))；按窗口允许日期累加",S04｜event_track_record（App埋点）,"近1个自然日：start=max(可观察起点,DATE(T0)-(1-1)日)，create_time<T0",次,float32,eligible_days==0为NaN；有可观察日期而无行为为0,behavior_features()；次数不是人数，时长不去除重叠,V2-LC-0637,全量App行为,T0固定时点；提单/App<T0，放款/整笔结清≤T0；支付<T0，已确认整笔同秒结清订单的已知同秒支付可=T0；当前条件为T0已知值。来源可得时间仍待上线核验。,已入模,保留字段；零增益不等于没有业务意义,1.4698749136448488e-05,2.41785342972509e-05,0.0,7.383499962586337e-05,0.0
app_all_1d_coupon_confirm,全部日期｜点击优惠券拦截次数,"SUM(INT(e.props_id IN ('Order_coupons_confirm','Order_coupons_confirm_select')))；按窗口允许日期累加",S04｜event_track_record（App埋点）,"近1个自然日：start=max(可观察起点,DATE(T0)-(1-1)日)，create_time<T0",次,float32,eligible_days==0为NaN；有可观察日期而无行为为0,behavior_features()；次数不是人数，时长不去除重叠,V2-LC-0638,全量App行为,T0固定时点；提单/App<T0，放款/整笔结清≤T0；支付<T0，已确认整笔同秒结清订单的已知同秒支付可=T0；当前条件为T0已知值。来源可得时间仍待上线核验。,已入模,保留字段；零增益不等于没有业务意义,1.4698749136448488e-05,2.41785342972509e-05,0.0,7.383499962586337e-05,0.0
app_all_1d_coupon_page,全部日期｜进入优惠券挽留页次数,"SUM(INT(e.props_id IN ('Order_coupons_page','Order_coupons_page_select')))；按窗口允许日期累加",S04｜event_track_record（App埋点）,"近1个自然日：start=max(可观察起点,DATE(T0)-(1-1)日)，create_time<T0",次,float32,eligible_days==0为NaN；有可观察日期而无行为为0,behavior_features()；次数不是人数，时长不去除重叠,V2-LC-0639,全量App行为,T0固定时点；提单/App<T0，放款/整笔结清≤T0；支付<T0，已确认整笔同秒结清订单的已知同秒支付可=T0；当前条件为T0已知值。来源可得时间仍待上线核验。,已入模,保留字段；零增益不等于没有业务意义,1.4698749136448488e-05,2.41785342972509e-05,0.0,7.383499962586337e-05,0.0
app_all_1d_repayment_page,全部日期｜名称含repay的辅助页面次数,"SUM(INT(lower(COALESCE(e.props_id,'')||' '||COALESCE(e.page_name,'')) LIKE '%repay%'))；按窗口允许日期累加",S04｜event_track_record（App埋点）,"近1个自然日：start=max(可观察起点,DATE(T0)-(1-1)日)，create_time<T0",次,float32,eligible_days==0为NaN；有可观察日期而无行为为0,behavior_features()；次数不是人数，时长不去除重叠,V2-LC-0640,全量App行为,T0固定时点；提单/App<T0，放款/整笔结清≤T0；支付<T0，已确认整笔同秒结清订单的已知同秒支付可=T0；当前条件为T0已知值。来源可得时间仍待上线核验。,已入模,保留字段；零增益不等于没有业务意义,1.4698749136448488e-05,2.41785342972509e-05,0.0,7.383499962586337e-05,24.109100341796875
app_all_1d_duration,全部日期｜已结束页面累计停留,"SUM(min((event_end_time-event_start_time)/1000,3600))；仅page_view_out、end≥start且end≤截断时刻；按窗口允许日期累加",S04｜event_track_record（App埋点）,"近1个自然日：start=max(可观察起点,DATE(T0)-(1-1)日)，create_time<T0",秒,float32,eligible_days==0为NaN；有可观察日期而无行为为0,behavior_features()；次数不是人数，时长不去除重叠,V2-LC-0641,全量App行为,T0固定时点；提单/App<T0，放款/整笔结清≤T0；支付<T0，已确认整笔同秒结清订单的已知同秒支付可=T0；当前条件为T0已知值。来源可得时间仍待上线核验。,已入模,保留字段；零增益不等于没有业务意义,1.4698749136448488e-05,2.41785342972509e-05,0.0,0.009004671259609463,949.3386106491089
app_all_1d_apply_duration,全部日期｜已结束提单页累计停留,与duration相同，另限定props_id为Loan_newpage/Loan_newpage_select；按窗口允许日期累加,S04｜event_track_record（App埋点）,"近1个自然日：start=max(可观察起点,DATE(T0)-(1-1)日)，create_time<T0",秒,float32,eligible_days==0为NaN；有可观察日期而无行为为0,behavior_features()；次数不是人数，时长不去除重叠,V2-LC-0642,全量App行为,T0固定时点；提单/App<T0，放款/整笔结清≤T0；支付<T0，已确认整笔同秒结清订单的已知同秒支付可=T0；当前条件为T0已知值。来源可得时间仍待上线核验。,已入模,保留字段；零增益不等于没有业务意义,1.4698749136448488e-05,2.41785342972509e-05,0.0,0.10983443304752769,643.0172996520996
app_all_1d_non_apply_duration,全部日期｜非提单页累计停留,duration-apply_duration,S04｜event_track_record（App埋点）；S01｜order_loan_f_v2_copy（整笔订单）,"近1个自然日：start=max(可观察起点,DATE(T0)-(1-1)日)，create_time<T0",秒,float32,eligible_days==0为NaN，否则无行为为0,behavior_features()；T0部分当天仍按1个可观察自然日计，不是24小时标准化,V2-LC-0643,全量App行为,T0固定时点；提单/App<T0，放款/整笔结清≤T0；支付<T0，已确认整笔同秒结清订单的已知同秒支付可=T0；当前条件为T0已知值。来源可得时间仍待上线核验。,已入模,保留字段；零增益不等于没有业务意义,1.4698749136448488e-05,2.41785342972509e-05,0.0,0.009276869097800396,458.6473026275635
app_all_1d_events_per_eligible_day,全部日期｜每可观察日活跃频次,events/eligible_days,S04｜event_track_record（App埋点）；S01｜order_loan_f_v2_copy（整笔订单）,"近1个自然日：start=max(可观察起点,DATE(T0)-(1-1)日)，create_time<T0",条/自然日,float32,eligible_days==0为NaN,behavior_features()；T0部分当天仍按1个可观察自然日计，不是24小时标准化,V2-LC-0644,全量App行为,T0固定时点；提单/App<T0，放款/整笔结清≤T0；支付<T0，已确认整笔同秒结清订单的已知同秒支付可=T0；当前条件为T0已知值。来源可得时间仍待上线核验。,已入模,保留字段；零增益不等于没有业务意义,1.4698749136448488e-05,2.41785342972509e-05,0.0,0.01475254075693623,381.7989959716797
app_all_1d_duration_per_active_day,全部日期｜每活跃日累计页面停留,duration/active_days,S04｜event_track_record（App埋点）；S01｜order_loan_f_v2_copy（整笔订单）,"近1个自然日：start=max(可观察起点,DATE(T0)-(1-1)日)，create_time<T0",秒/活跃日,float32,active_days==0为NaN,behavior_features()；T0部分当天仍按1个可观察自然日计，不是24小时标准化,V2-LC-0645,全量App行为,T0固定时点；提单/App<T0，放款/整笔结清≤T0；支付<T0，已确认整笔同秒结清订单的已知同秒支付可=T0；当前条件为T0已知值。来源可得时间仍待上线核验。,已入模,保留字段；零增益不等于没有业务意义,0.12868754868960652,0.14205694850778147,0.10938021586736398,0.013166272531475504,2950.886894226074
app_all_1d_apply_duration_share,全部日期｜提单页停留占比,apply_duration/duration,S04｜event_track_record（App埋点）；S01｜order_loan_f_v2_copy（整笔订单）,"近1个自然日：start=max(可观察起点,DATE(T0)-(1-1)日)，create_time<T0",比例,float32,duration==0为NaN,behavior_features()；T0部分当天仍按1个可观察自然日计，不是24小时标准化,V2-LC-0646,全量App行为,T0固定时点；提单/App<T0，放款/整笔结清≤T0；支付<T0，已确认整笔同秒结清订单的已知同秒支付可=T0；当前条件为T0已知值。来源可得时间仍待上线核验。,已入模,保留字段；零增益不等于没有业务意义,0.1494372828872263,0.16425284299265777,0.12673862245465672,0.16866089951495566,161.55490016937256
app_all_1d_amount_per_newpage,全部日期｜切换金额次数对进页比,amount/newpage,S04｜event_track_record（App埋点）；S01｜order_loan_f_v2_copy（整笔订单）,"近1个自然日：start=max(可观察起点,DATE(T0)-(1-1)日)，create_time<T0",次数比,float32,newpage==0为NaN；可能>1,behavior_features()；T0部分当天仍按1个可观察自然日计，不是24小时标准化,V2-LC-0647,全量App行为,T0固定时点；提单/App<T0，放款/整笔结清≤T0；支付<T0，已确认整笔同秒结清订单的已知同秒支付可=T0；当前条件为T0已知值。来源可得时间仍待上线核验。,已入模,保留字段；零增益不等于没有业务意义,0.8226350937535216,0.8808078854259854,0.7135862913096696,0.1888486954401493,383.5985097885132
app_all_1d_plan_per_newpage,全部日期｜查看计划次数对进页比,plan/newpage,S04｜event_track_record（App埋点）；S01｜order_loan_f_v2_copy（整笔订单）,"近1个自然日：start=max(可观察起点,DATE(T0)-(1-1)日)，create_time<T0",次数比,float32,newpage==0为NaN；可能>1,behavior_features()；T0部分当天仍按1个可观察自然日计，不是24小时标准化,V2-LC-0648,全量App行为,T0固定时点；提单/App<T0，放款/整笔结清≤T0；支付<T0，已确认整笔同秒结清订单的已知同秒支付可=T0；当前条件为T0已知值。来源可得时间仍待上线核验。,已入模,保留字段；零增益不等于没有业务意义,0.8226350937535216,0.8808078854259854,0.7135862913096696,0.1928196662208193,1688.0910139083862
app_all_1d_confirm_per_newpage,全部日期｜确认埋点次数对进页比,confirm/newpage,S04｜event_track_record（App埋点）；S01｜order_loan_f_v2_copy（整笔订单）,"近1个自然日：start=max(可观察起点,DATE(T0)-(1-1)日)，create_time<T0",次数比（非用户确认率）,float32,newpage==0为NaN；可能>1，不等于成功提单,behavior_features()；T0部分当天仍按1个可观察自然日计，不是24小时标准化,V2-LC-0649,全量App行为,T0固定时点；提单/App<T0，放款/整笔结清≤T0；支付<T0，已确认整笔同秒结清订单的已知同秒支付可=T0；当前条件为T0已知值。来源可得时间仍待上线核验。,已入模,保留字段；零增益不等于没有业务意义,0.8226350937535216,0.8808078854259854,0.7135862913096696,0.19199443548802142,40.884599685668945
app_all_1d_coupon_accept_share,全部日期｜券点击对点击加关闭比,coupon_confirm/(coupon_confirm+coupon_back),S04｜event_track_record（App埋点）；S01｜order_loan_f_v2_copy（整笔订单）,"近1个自然日：start=max(可观察起点,DATE(T0)-(1-1)日)，create_time<T0",比例,float32,分母==0为NaN,behavior_features()；T0部分当天仍按1个可观察自然日计，不是24小时标准化,V2-LC-0650,全量App行为,T0固定时点；提单/App<T0，放款/整笔结清≤T0；支付<T0，已确认整笔同秒结清订单的已知同秒支付可=T0；当前条件为T0已知值。来源可得时间仍待上线核验。,已入模,保留字段；零增益不等于没有业务意义,0.9995443387767701,0.9994841912683253,0.999777456325804,0.0003104984980844742,0.0
app_all_3d_eligible_days,全部日期｜可观察且未排除日期数,"max(0,DATE(T0)-start+1-排除还款日数)",S04｜event_track_record（App埋点）；S01｜order_loan_f_v2_copy（整笔订单）,"近3个自然日：start=max(可观察起点,DATE(T0)-(3-1)日)，create_time<T0",自然日,float32,无日期为0,behavior_features()；T0部分当天仍按1个可观察自然日计，不是24小时标准化,V2-LC-0651,全量App行为,T0固定时点；提单/App<T0，放款/整笔结清≤T0；支付<T0，已确认整笔同秒结清订单的已知同秒支付可=T0；当前条件为T0已知值。来源可得时间仍待上线核验。,已入模,保留字段；零增益不等于没有业务意义,0.0,0.0,0.0,0.0,0.0
app_all_3d_empty_eligible,全部日期｜无可观察日期标记,INT(eligible_days==0),S04｜event_track_record（App埋点）；S01｜order_loan_f_v2_copy（整笔订单）,"近3个自然日：start=max(可观察起点,DATE(T0)-(3-1)日)，create_time<T0",0/1,float32,无日期为1,behavior_features()；T0部分当天仍按1个可观察自然日计，不是24小时标准化,V2-LC-0652,全量App行为,T0固定时点；提单/App<T0，放款/整笔结清≤T0；支付<T0，已确认整笔同秒结清订单的已知同秒支付可=T0；当前条件为T0已知值。来源可得时间仍待上线核验。,已入模,保留字段；零增益不等于没有业务意义,0.0,0.0,0.0,0.0,0.0
app_all_3d_active_days,全部日期｜有埋点的日期数,COUNT(窗口内event_count>0的日期),S04｜event_track_record（App埋点）；S01｜order_loan_f_v2_copy（整笔订单）,"近3个自然日：start=max(可观察起点,DATE(T0)-(3-1)日)，create_time<T0",自然日,float32,无活跃或无可观察日期为0,behavior_features()；T0部分当天仍按1个可观察自然日计，不是24小时标准化,V2-LC-0653,全量App行为,T0固定时点；提单/App<T0，放款/整笔结清≤T0；支付<T0，已确认整笔同秒结清订单的已知同秒支付可=T0；当前条件为T0已知值。来源可得时间仍待上线核验。,已入模,保留字段；零增益不等于没有业务意义,0.0,0.0,0.0,0.013182850846897371,0.0
app_all_3d_active_day_share,全部日期｜活跃日期占比,active_days/eligible_days,S04｜event_track_record（App埋点）；S01｜order_loan_f_v2_copy（整笔订单）,"近3个自然日：start=max(可观察起点,DATE(T0)-(3-1)日)，create_time<T0",比例,float32,eligible_days==0为NaN,behavior_features()；T0部分当天仍按1个可观察自然日计，不是24小时标准化,V2-LC-0654,全量App行为,T0固定时点；提单/App<T0，放款/整笔结清≤T0；支付<T0，已确认整笔同秒结清订单的已知同秒支付可=T0；当前条件为T0已知值。来源可得时间仍待上线核验。,已入模,保留字段；零增益不等于没有业务意义,1.4698749136448488e-05,2.41785342972509e-05,0.0,0.013014493198718759,0.0
app_all_3d_events,全部日期｜活跃埋点条数,COUNT(e.user_id)；按窗口允许日期累加,S04｜event_track_record（App埋点）,"近3个自然日：start=max(可观察起点,DATE(T0)-(3-1)日)，create_time<T0",条,float32,eligible_days==0为NaN；有可观察日期而无行为为0,behavior_features()；次数不是人数，时长不去除重叠,V2-LC-0655,全量App行为,T0固定时点；提单/App<T0，放款/整笔结清≤T0；支付<T0，已确认整笔同秒结清订单的已知同秒支付可=T0；当前条件为T0已知值。来源可得时间仍待上线核验。,已入模,保留字段；零增益不等于没有业务意义,1.4698749136448488e-05,2.41785342972509e-05,0.0,0.019040677907367288,2983.460326194763
app_all_3d_newpage,全部日期｜进入提单页次数,"SUM(INT(e.event_type='page_view_in' AND e.props_id IN ('Loan_newpage','Loan_newpage_select')))；按窗口允许日期累加",S04｜event_track_record（App埋点）,"近3个自然日：start=max(可观察起点,DATE(T0)-(3-1)日)，create_time<T0",次,float32,eligible_days==0为NaN；有可观察日期而无行为为0,behavior_features()；次数不是人数，时长不去除重叠,V2-LC-0656,全量App行为,T0固定时点；提单/App<T0，放款/整笔结清≤T0；支付<T0，已确认整笔同秒结清订单的已知同秒支付可=T0；当前条件为T0已知值。来源可得时间仍待上线核验。,已入模,保留字段；零增益不等于没有业务意义,1.4698749136448488e-05,2.41785342972509e-05,0.0,0.12124361280721224,113.63120079040527
app_all_3d_amount,全部日期｜切换借款金额次数,"SUM(INT(e.props_id IN ('amount_modification','loan_form_loan_amount_selectionn_new','loan_form_loan_amount_selectionn_new_select')))；按窗口允许日期累加",S04｜event_track_record（App埋点）,"近3个自然日：start=max(可观察起点,DATE(T0)-(3-1)日)，create_time<T0",次,float32,eligible_days==0为NaN；有可观察日期而无行为为0,behavior_features()；次数不是人数，时长不去除重叠,V2-LC-0657,全量App行为,T0固定时点；提单/App<T0，放款/整笔结清≤T0；支付<T0，已确认整笔同秒结清订单的已知同秒支付可=T0；当前条件为T0已知值。来源可得时间仍待上线核验。,已入模,保留字段；零增益不等于没有业务意义,1.4698749136448488e-05,2.41785342972509e-05,0.0,7.383499962586337e-05,54.725998878479004
app_all_3d_contract,全部日期｜查看借款合同次数,"SUM(INT(e.props_id IN ('Loan_contract_newdetails','Loan_contract_newdetails_select')))；按窗口允许日期累加",S04｜event_track_record（App埋点）,"近3个自然日：start=max(可观察起点,DATE(T0)-(3-1)日)，create_time<T0",次,float32,eligible_days==0为NaN；有可观察日期而无行为为0,behavior_features()；次数不是人数，时长不去除重叠,V2-LC-0658,全量App行为,T0固定时点；提单/App<T0，放款/整笔结清≤T0；支付<T0，已确认整笔同秒结清订单的已知同秒支付可=T0；当前条件为T0已知值。来源可得时间仍待上线核验。,已入模,保留字段；零增益不等于没有业务意义,1.4698749136448488e-05,2.41785342972509e-05,0.0,7.383499962586337e-05,0.0
app_all_3d_term,全部日期｜切换借款期次次数,"SUM(INT(e.props_id IN ('loan_form_term_selection_new','loan_form_term_selection_new_select')))；按窗口允许日期累加",S04｜event_track_record（App埋点）,"近3个自然日：start=max(可观察起点,DATE(T0)-(3-1)日)，create_time<T0",次,float32,eligible_days==0为NaN；有可观察日期而无行为为0,behavior_features()；次数不是人数，时长不去除重叠,V2-LC-0659,全量App行为,T0固定时点；提单/App<T0，放款/整笔结清≤T0；支付<T0，已确认整笔同秒结清订单的已知同秒支付可=T0；当前条件为T0已知值。来源可得时间仍待上线核验。,已入模,保留字段；零增益不等于没有业务意义,1.4698749136448488e-05,2.41785342972509e-05,0.0,7.383499962586337e-05,27.28849983215332
app_all_3d_confirm,全部日期｜确认提单埋点次数,"SUM(INT(e.props_id IN ('Loan_newconfirm','Loan_newconfirm_select')))；按窗口允许日期累加",S04｜event_track_record（App埋点）,"近3个自然日：start=max(可观察起点,DATE(T0)-(3-1)日)，create_time<T0",次,float32,eligible_days==0为NaN；有可观察日期而无行为为0,behavior_features()；次数不是人数，时长不去除重叠,V2-LC-0660,全量App行为,T0固定时点；提单/App<T0，放款/整笔结清≤T0；支付<T0，已确认整笔同秒结清订单的已知同秒支付可=T0；当前条件为T0已知值。来源可得时间仍待上线核验。,已入模,保留字段；零增益不等于没有业务意义,1.4698749136448488e-05,2.41785342972509e-05,0.0,7.383499962586337e-05,0.0
app_all_3d_plan,全部日期｜查看还款计划次数,"SUM(INT(e.props_id IN ('Loan_plan_newdetails','Loan_plan_newdetails_select')))；按窗口允许日期累加",S04｜event_track_record（App埋点）,"近3个自然日：start=max(可观察起点,DATE(T0)-(3-1)日)，create_time<T0",次,float32,eligible_days==0为NaN；有可观察日期而无行为为0,behavior_features()；次数不是人数，时长不去除重叠,V2-LC-0661,全量App行为,T0固定时点；提单/App<T0，放款/整笔结清≤T0；支付<T0，已确认整笔同秒结清订单的已知同秒支付可=T0；当前条件为T0已知值。来源可得时间仍待上线核验。,已入模,保留字段；零增益不等于没有业务意义,1.4698749136448488e-05,2.41785342972509e-05,0.0,7.383499962586337e-05,19.436199188232422
app_all_3d_purpose,全部日期｜选择借款用途次数,"SUM(INT(e.props_id IN ('Loan_purpose_newdetails','Loan_purpose_newdetails_select')))；按窗口允许日期累加",S04｜event_track_record（App埋点）,"近3个自然日：start=max(可观察起点,DATE(T0)-(3-1)日)，create_time<T0",次,float32,eligible_days==0为NaN；有可观察日期而无行为为0,behavior_features()；次数不是人数，时长不去除重叠,V2-LC-0662,全量App行为,T0固定时点；提单/App<T0，放款/整笔结清≤T0；支付<T0，已确认整笔同秒结清订单的已知同秒支付可=T0；当前条件为T0已知值。来源可得时间仍待上线核验。,已入模,保留字段；零增益不等于没有业务意义,1.4698749136448488e-05,2.41785342972509e-05,0.0,7.383499962586337e-05,39.634300231933594
app_all_3d_coupon_back,全部日期｜关闭优惠券拦截次数,"SUM(INT(e.props_id IN ('Order_coupons_back','Order_coupons_back_select')))；按窗口允许日期累加",S04｜event_track_record（App埋点）,"近3个自然日：start=max(可观察起点,DATE(T0)-(3-1)日)，create_time<T0",次,float32,eligible_days==0为NaN；有可观察日期而无行为为0,behavior_features()；次数不是人数，时长不去除重叠,V2-LC-0663,全量App行为,T0固定时点；提单/App<T0，放款/整笔结清≤T0；支付<T0，已确认整笔同秒结清订单的已知同秒支付可=T0；当前条件为T0已知值。来源可得时间仍待上线核验。,已入模,保留字段；零增益不等于没有业务意义,1.4698749136448488e-05,2.41785342972509e-05,0.0,7.383499962586337e-05,0.0
app_all_3d_coupon_confirm,全部日期｜点击优惠券拦截次数,"SUM(INT(e.props_id IN ('Order_coupons_confirm','Order_coupons_confirm_select')))；按窗口允许日期累加",S04｜event_track_record（App埋点）,"近3个自然日：start=max(可观察起点,DATE(T0)-(3-1)日)，create_time<T0",次,float32,eligible_days==0为NaN；有可观察日期而无行为为0,behavior_features()；次数不是人数，时长不去除重叠,V2-LC-0664,全量App行为,T0固定时点；提单/App<T0，放款/整笔结清≤T0；支付<T0，已确认整笔同秒结清订单的已知同秒支付可=T0；当前条件为T0已知值。来源可得时间仍待上线核验。,已入模,保留字段；零增益不等于没有业务意义,1.4698749136448488e-05,2.41785342972509e-05,0.0,7.383499962586337e-05,0.0
app_all_3d_coupon_page,全部日期｜进入优惠券挽留页次数,"SUM(INT(e.props_id IN ('Order_coupons_page','Order_coupons_page_select')))；按窗口允许日期累加",S04｜event_track_record（App埋点）,"近3个自然日：start=max(可观察起点,DATE(T0)-(3-1)日)，create_time<T0",次,float32,eligible_days==0为NaN；有可观察日期而无行为为0,behavior_features()；次数不是人数，时长不去除重叠,V2-LC-0665,全量App行为,T0固定时点；提单/App<T0，放款/整笔结清≤T0；支付<T0，已确认整笔同秒结清订单的已知同秒支付可=T0；当前条件为T0已知值。来源可得时间仍待上线核验。,已入模,保留字段；零增益不等于没有业务意义,1.4698749136448488e-05,2.41785342972509e-05,0.0,7.383499962586337e-05,0.0
app_all_3d_repayment_page,全部日期｜名称含repay的辅助页面次数,"SUM(INT(lower(COALESCE(e.props_id,'')||' '||COALESCE(e.page_name,'')) LIKE '%repay%'))；按窗口允许日期累加",S04｜event_track_record（App埋点）,"近3个自然日：start=max(可观察起点,DATE(T0)-(3-1)日)，create_time<T0",次,float32,eligible_days==0为NaN；有可观察日期而无行为为0,behavior_features()；次数不是人数，时长不去除重叠,V2-LC-0666,全量App行为,T0固定时点；提单/App<T0，放款/整笔结清≤T0；支付<T0，已确认整笔同秒结清订单的已知同秒支付可=T0；当前条件为T0已知值。来源可得时间仍待上线核验。,已入模,保留字段；零增益不等于没有业务意义,1.4698749136448488e-05,2.41785342972509e-05,0.0,7.383499962586337e-05,0.0
app_all_3d_duration,全部日期｜已结束页面累计停留,"SUM(min((event_end_time-event_start_time)/1000,3600))；仅page_view_out、end≥start且end≤截断时刻；按窗口允许日期累加",S04｜event_track_record（App埋点）,"近3个自然日：start=max(可观察起点,DATE(T0)-(3-1)日)，create_time<T0",秒,float32,eligible_days==0为NaN；有可观察日期而无行为为0,behavior_features()；次数不是人数，时长不去除重叠,V2-LC-0667,全量App行为,T0固定时点；提单/App<T0，放款/整笔结清≤T0；支付<T0，已确认整笔同秒结清订单的已知同秒支付可=T0；当前条件为T0已知值。来源可得时间仍待上线核验。,已入模,保留字段；零增益不等于没有业务意义,1.4698749136448488e-05,2.41785342972509e-05,0.0,0.011836566705116978,764.8783006668091
app_all_3d_apply_duration,全部日期｜已结束提单页累计停留,与duration相同，另限定props_id为Loan_newpage/Loan_newpage_select；按窗口允许日期累加,S04｜event_track_record（App埋点）,"近3个自然日：start=max(可观察起点,DATE(T0)-(3-1)日)，create_time<T0",秒,float32,eligible_days==0为NaN；有可观察日期而无行为为0,behavior_features()；次数不是人数，时长不去除重叠,V2-LC-0668,全量App行为,T0固定时点；提单/App<T0，放款/整笔结清≤T0；支付<T0，已确认整笔同秒结清订单的已知同秒支付可=T0；当前条件为T0已知值。来源可得时间仍待上线核验。,已入模,保留字段；零增益不等于没有业务意义,1.4698749136448488e-05,2.41785342972509e-05,0.0,0.043646624803071264,234.0987033843994
app_all_3d_non_apply_duration,全部日期｜非提单页累计停留,duration-apply_duration,S04｜event_track_record（App埋点）；S01｜order_loan_f_v2_copy（整笔订单）,"近3个自然日：start=max(可观察起点,DATE(T0)-(3-1)日)，create_time<T0",秒,float32,eligible_days==0为NaN，否则无行为为0,behavior_features()；T0部分当天仍按1个可观察自然日计，不是24小时标准化,V2-LC-0669,全量App行为,T0固定时点；提单/App<T0，放款/整笔结清≤T0；支付<T0，已确认整笔同秒结清订单的已知同秒支付可=T0；当前条件为T0已知值。来源可得时间仍待上线核验。,已入模,保留字段；零增益不等于没有业务意义,1.4698749136448488e-05,2.41785342972509e-05,0.0,0.005167446749866998,1617.9513387680054
app_all_3d_events_per_eligible_day,全部日期｜每可观察日活跃频次,events/eligible_days,S04｜event_track_record（App埋点）；S01｜order_loan_f_v2_copy（整笔订单）,"近3个自然日：start=max(可观察起点,DATE(T0)-(3-1)日)，create_time<T0",条/自然日,float32,eligible_days==0为NaN,behavior_features()；T0部分当天仍按1个可观察自然日计，不是24小时标准化,V2-LC-0670,全量App行为,T0固定时点；提单/App<T0，放款/整笔结清≤T0；支付<T0，已确认整笔同秒结清订单的已知同秒支付可=T0；当前条件为T0已知值。来源可得时间仍待上线核验。,已入模,保留字段；零增益不等于没有业务意义,1.4698749136448488e-05,2.41785342972509e-05,0.0,0.019040677907367288,48.38980007171631
app_all_3d_duration_per_active_day,全部日期｜每活跃日累计页面停留,duration/active_days,S04｜event_track_record（App埋点）；S01｜order_loan_f_v2_copy（整笔订单）,"近3个自然日：start=max(可观察起点,DATE(T0)-(3-1)日)，create_time<T0",秒/活跃日,float32,active_days==0为NaN,behavior_features()；T0部分当天仍按1个可观察自然日计，不是24小时标准化,V2-LC-0671,全量App行为,T0固定时点；提单/App<T0，放款/整笔结清≤T0；支付<T0，已确认整笔同秒结清订单的已知同秒支付可=T0；当前条件为T0已知值。来源可得时间仍待上线核验。,已入模,保留字段；零增益不等于没有业务意义,0.08287154763129657,0.09204768006963418,0.06843217981528875,0.011147755817006008,595.1953687667847
app_all_3d_apply_duration_share,全部日期｜提单页停留占比,apply_duration/duration,S04｜event_track_record（App埋点）；S01｜order_loan_f_v2_copy（整笔订单）,"近3个自然日：start=max(可观察起点,DATE(T0)-(3-1)日)，create_time<T0",比例,float32,duration==0为NaN,behavior_features()；T0部分当天仍按1个可观察自然日计，不是24小时标准化,V2-LC-0672,全量App行为,T0固定时点；提单/App<T0，放款/整笔结清≤T0；支付<T0，已确认整笔同秒结清订单的已知同秒支付可=T0；当前条件为T0已知值。来源可得时间仍待上线核验。,已入模,保留字段；零增益不等于没有业务意义,0.09842282421765908,0.10903713016916915,0.08222988761544453,0.14252646748972264,1539.3922023773193
app_all_3d_amount_per_newpage,全部日期｜切换金额次数对进页比,amount/newpage,S04｜event_track_record（App埋点）；S01｜order_loan_f_v2_copy（整笔订单）,"近3个自然日：start=max(可观察起点,DATE(T0)-(3-1)日)，create_time<T0",次数比,float32,newpage==0为NaN；可能>1,behavior_features()；T0部分当天仍按1个可观察自然日计，不是24小时标准化,V2-LC-0673,全量App行为,T0固定时点；提单/App<T0，放款/整笔结清≤T0；支付<T0，已确认整笔同秒结清订单的已知同秒支付可=T0；当前条件为T0已知值。来源可得时间仍待上线核验。,已入模,保留字段；零增益不等于没有业务意义,0.7933061896432614,0.8451929044061349,0.696895515744965,0.139106201101794,1788.615758895874
app_all_3d_plan_per_newpage,全部日期｜查看计划次数对进页比,plan/newpage,S04｜event_track_record（App埋点）；S01｜order_loan_f_v2_copy（整笔订单）,"近3个自然日：start=max(可观察起点,DATE(T0)-(3-1)日)，create_time<T0",次数比,float32,newpage==0为NaN；可能>1,behavior_features()；T0部分当天仍按1个可观察自然日计，不是24小时标准化,V2-LC-0674,全量App行为,T0固定时点；提单/App<T0，放款/整笔结清≤T0；支付<T0，已确认整笔同秒结清订单的已知同秒支付可=T0；当前条件为T0已知值。来源可得时间仍待上线核验。,已入模,保留字段；零增益不等于没有业务意义,0.7933061896432614,0.8451929044061349,0.696895515744965,0.1441894391584376,3248.1222229003906
app_all_3d_confirm_per_newpage,全部日期｜确认埋点次数对进页比,confirm/newpage,S04｜event_track_record（App埋点）；S01｜order_loan_f_v2_copy（整笔订单）,"近3个自然日：start=max(可观察起点,DATE(T0)-(3-1)日)，create_time<T0",次数比（非用户确认率）,float32,newpage==0为NaN；可能>1，不等于成功提单,behavior_features()；T0部分当天仍按1个可观察自然日计，不是24小时标准化,V2-LC-0675,全量App行为,T0固定时点；提单/App<T0，放款/整笔结清≤T0；支付<T0，已确认整笔同秒结清订单的已知同秒支付可=T0；当前条件为T0已知值。来源可得时间仍待上线核验。,已入模,保留字段；零增益不等于没有业务意义,0.7933061896432614,0.8451929044061349,0.696895515744965,0.15717511102355403,1824.9168844223022
app_all_3d_coupon_accept_share,全部日期｜券点击对点击加关闭比,coupon_confirm/(coupon_confirm+coupon_back),S04｜event_track_record（App埋点）；S01｜order_loan_f_v2_copy（整笔订单）,"近3个自然日：start=max(可观察起点,DATE(T0)-(3-1)日)，create_time<T0",比例,float32,分母==0为NaN,behavior_features()；T0部分当天仍按1个可观察自然日计，不是24小时标准化,V2-LC-0676,全量App行为,T0固定时点；提单/App<T0，放款/整笔结清≤T0；支付<T0，已确认整笔同秒结清订单的已知同秒支付可=T0；当前条件为T0已知值。来源可得时间仍待上线核验。,已入模,保留字段；零增益不等于没有业务意义,0.9976384009720772,0.9971952900215189,0.9987760097919217,0.0013140647549276649,0.0
app_all_7d_eligible_days,全部日期｜可观察且未排除日期数,"max(0,DATE(T0)-start+1-排除还款日数)",S04｜event_track_record（App埋点）；S01｜order_loan_f_v2_copy（整笔订单）,"近7个自然日：start=max(可观察起点,DATE(T0)-(7-1)日)，create_time<T0",自然日,float32,无日期为0,behavior_features()；T0部分当天仍按1个可观察自然日计，不是24小时标准化,V2-LC-0677,全量App行为,T0固定时点；提单/App<T0，放款/整笔结清≤T0；支付<T0，已确认整笔同秒结清订单的已知同秒支付可=T0；当前条件为T0已知值。来源可得时间仍待上线核验。,已入模,保留字段；零增益不等于没有业务意义,0.0,0.0,0.0,0.0,0.0
app_all_7d_empty_eligible,全部日期｜无可观察日期标记,INT(eligible_days==0),S04｜event_track_record（App埋点）；S01｜order_loan_f_v2_copy（整笔订单）,"近7个自然日：start=max(可观察起点,DATE(T0)-(7-1)日)，create_time<T0",0/1,float32,无日期为1,behavior_features()；T0部分当天仍按1个可观察自然日计，不是24小时标准化,V2-LC-0678,全量App行为,T0固定时点；提单/App<T0，放款/整笔结清≤T0；支付<T0，已确认整笔同秒结清订单的已知同秒支付可=T0；当前条件为T0已知值。来源可得时间仍待上线核验。,已入模,保留字段；零增益不等于没有业务意义,0.0,0.0,0.0,0.0,0.0
app_all_7d_active_days,全部日期｜有埋点的日期数,COUNT(窗口内event_count>0的日期),S04｜event_track_record（App埋点）；S01｜order_loan_f_v2_copy（整笔订单）,"近7个自然日：start=max(可观察起点,DATE(T0)-(7-1)日)，create_time<T0",自然日,float32,无活跃或无可观察日期为0,behavior_features()；T0部分当天仍按1个可观察自然日计，不是24小时标准化,V2-LC-0679,全量App行为,T0固定时点；提单/App<T0，放款/整笔结清≤T0；支付<T0，已确认整笔同秒结清订单的已知同秒支付可=T0；当前条件为T0已知值。来源可得时间仍待上线核验。,已入模,保留字段；零增益不等于没有业务意义,0.0,0.0,0.0,0.012187850726004909,259.4897060394287
app_all_7d_active_day_share,全部日期｜活跃日期占比,active_days/eligible_days,S04｜event_track_record（App埋点）；S01｜order_loan_f_v2_copy（整笔订单）,"近7个自然日：start=max(可观察起点,DATE(T0)-(7-1)日)，create_time<T0",比例,float32,eligible_days==0为NaN,behavior_features()；T0部分当天仍按1个可观察自然日计，不是24小时标准化,V2-LC-0680,全量App行为,T0固定时点；提单/App<T0，放款/整笔结清≤T0；支付<T0，已确认整笔同秒结清订单的已知同秒支付可=T0；当前条件为T0已知值。来源可得时间仍待上线核验。,已入模,保留字段；零增益不等于没有业务意义,1.4698749136448488e-05,2.41785342972509e-05,0.0,0.00911171829502327,213.64320373535156
app_all_7d_events,全部日期｜活跃埋点条数,COUNT(e.user_id)；按窗口允许日期累加,S04｜event_track_record（App埋点）,"近7个自然日：start=max(可观察起点,DATE(T0)-(7-1)日)，create_time<T0",条,float32,eligible_days==0为NaN；有可观察日期而无行为为0,behavior_features()；次数不是人数，时长不去除重叠,V2-LC-0681,全量App行为,T0固定时点；提单/App<T0，放款/整笔结清≤T0；支付<T0，已确认整笔同秒结清订单的已知同秒支付可=T0；当前条件为T0已知值。来源可得时间仍待上线核验。,已入模,保留字段；零增益不等于没有业务意义,1.4698749136448488e-05,2.41785342972509e-05,0.0,0.002862233197630067,5092.163142204285
app_all_7d_newpage,全部日期｜进入提单页次数,"SUM(INT(e.event_type='page_view_in' AND e.props_id IN ('Loan_newpage','Loan_newpage_select')))；按窗口允许日期累加",S04｜event_track_record（App埋点）,"近7个自然日：start=max(可观察起点,DATE(T0)-(7-1)日)，create_time<T0",次,float32,eligible_days==0为NaN；有可观察日期而无行为为0,behavior_features()；次数不是人数，时长不去除重叠,V2-LC-0682,全量App行为,T0固定时点；提单/App<T0，放款/整笔结清≤T0；支付<T0，已确认整笔同秒结清订单的已知同秒支付可=T0；当前条件为T0已知值。来源可得时间仍待上线核验。,已入模,保留字段；零增益不等于没有业务意义,1.4698749136448488e-05,2.41785342972509e-05,0.0,0.05607912064769681,23.42919921875
app_all_7d_amount,全部日期｜切换借款金额次数,"SUM(INT(e.props_id IN ('amount_modification','loan_form_loan_amount_selectionn_new','loan_form_loan_amount_selectionn_new_select')))；按窗口允许日期累加",S04｜event_track_record（App埋点）,"近7个自然日：start=max(可观察起点,DATE(T0)-(7-1)日)，create_time<T0",次,float32,eligible_days==0为NaN；有可观察日期而无行为为0,behavior_features()；次数不是人数，时长不去除重叠,V2-LC-0683,全量App行为,T0固定时点；提单/App<T0，放款/整笔结清≤T0；支付<T0，已确认整笔同秒结清订单的已知同秒支付可=T0；当前条件为T0已知值。来源可得时间仍待上线核验。,已入模,保留字段；零增益不等于没有业务意义,1.4698749136448488e-05,2.41785342972509e-05,0.0,0.023651331521236753,0.0
app_all_7d_contract,全部日期｜查看借款合同次数,"SUM(INT(e.props_id IN ('Loan_contract_newdetails','Loan_contract_newdetails_select')))；按窗口允许日期累加",S04｜event_track_record（App埋点）,"近7个自然日：start=max(可观察起点,DATE(T0)-(7-1)日)，create_time<T0",次,float32,eligible_days==0为NaN；有可观察日期而无行为为0,behavior_features()；次数不是人数，时长不去除重叠,V2-LC-0684,全量App行为,T0固定时点；提单/App<T0，放款/整笔结清≤T0；支付<T0，已确认整笔同秒结清订单的已知同秒支付可=T0；当前条件为T0已知值。来源可得时间仍待上线核验。,已入模,保留字段；零增益不等于没有业务意义,1.4698749136448488e-05,2.41785342972509e-05,0.0,7.383499962586337e-05,0.0
app_all_7d_term,全部日期｜切换借款期次次数,"SUM(INT(e.props_id IN ('loan_form_term_selection_new','loan_form_term_selection_new_select')))；按窗口允许日期累加",S04｜event_track_record（App埋点）,"近7个自然日：start=max(可观察起点,DATE(T0)-(7-1)日)，create_time<T0",次,float32,eligible_days==0为NaN；有可观察日期而无行为为0,behavior_features()；次数不是人数，时长不去除重叠,V2-LC-0685,全量App行为,T0固定时点；提单/App<T0，放款/整笔结清≤T0；支付<T0，已确认整笔同秒结清订单的已知同秒支付可=T0；当前条件为T0已知值。来源可得时间仍待上线核验。,已入模,保留字段；零增益不等于没有业务意义,1.4698749136448488e-05,2.41785342972509e-05,0.0,0.0001274178180153434,0.0
app_all_7d_confirm,全部日期｜确认提单埋点次数,"SUM(INT(e.props_id IN ('Loan_newconfirm','Loan_newconfirm_select')))；按窗口允许日期累加",S04｜event_track_record（App埋点）,"近7个自然日：start=max(可观察起点,DATE(T0)-(7-1)日)，create_time<T0",次,float32,eligible_days==0为NaN；有可观察日期而无行为为0,behavior_features()；次数不是人数，时长不去除重叠,V2-LC-0686,全量App行为,T0固定时点；提单/App<T0，放款/整笔结清≤T0；支付<T0，已确认整笔同秒结清订单的已知同秒支付可=T0；当前条件为T0已知值。来源可得时间仍待上线核验。,已入模,保留字段；零增益不等于没有业务意义,1.4698749136448488e-05,2.41785342972509e-05,0.0,0.03802667303823887,0.0
app_all_7d_plan,全部日期｜查看还款计划次数,"SUM(INT(e.props_id IN ('Loan_plan_newdetails','Loan_plan_newdetails_select')))；按窗口允许日期累加",S04｜event_track_record（App埋点）,"近7个自然日：start=max(可观察起点,DATE(T0)-(7-1)日)，create_time<T0",次,float32,eligible_days==0为NaN；有可观察日期而无行为为0,behavior_features()；次数不是人数，时长不去除重叠,V2-LC-0687,全量App行为,T0固定时点；提单/App<T0，放款/整笔结清≤T0；支付<T0，已确认整笔同秒结清订单的已知同秒支付可=T0；当前条件为T0已知值。来源可得时间仍待上线核验。,已入模,保留字段；零增益不等于没有业务意义,1.4698749136448488e-05,2.41785342972509e-05,0.0,0.008467169727122068,0.0
app_all_7d_purpose,全部日期｜选择借款用途次数,"SUM(INT(e.props_id IN ('Loan_purpose_newdetails','Loan_purpose_newdetails_select')))；按窗口允许日期累加",S04｜event_track_record（App埋点）,"近7个自然日：start=max(可观察起点,DATE(T0)-(7-1)日)，create_time<T0",次,float32,eligible_days==0为NaN；有可观察日期而无行为为0,behavior_features()；次数不是人数，时长不去除重叠,V2-LC-0688,全量App行为,T0固定时点；提单/App<T0，放款/整笔结清≤T0；支付<T0，已确认整笔同秒结清订单的已知同秒支付可=T0；当前条件为T0已知值。来源可得时间仍待上线核验。,已入模,保留字段；零增益不等于没有业务意义,1.4698749136448488e-05,2.41785342972509e-05,0.0,0.0007434458351812584,141.75379943847656
app_all_7d_coupon_back,全部日期｜关闭优惠券拦截次数,"SUM(INT(e.props_id IN ('Order_coupons_back','Order_coupons_back_select')))；按窗口允许日期累加",S04｜event_track_record（App埋点）,"近7个自然日：start=max(可观察起点,DATE(T0)-(7-1)日)，create_time<T0",次,float32,eligible_days==0为NaN；有可观察日期而无行为为0,behavior_features()；次数不是人数，时长不去除重叠,V2-LC-0689,全量App行为,T0固定时点；提单/App<T0，放款/整笔结清≤T0；支付<T0，已确认整笔同秒结清订单的已知同秒支付可=T0；当前条件为T0已知值。来源可得时间仍待上线核验。,已入模,保留字段；零增益不等于没有业务意义,1.4698749136448488e-05,2.41785342972509e-05,0.0,7.383499962586337e-05,0.0
app_all_7d_coupon_confirm,全部日期｜点击优惠券拦截次数,"SUM(INT(e.props_id IN ('Order_coupons_confirm','Order_coupons_confirm_select')))；按窗口允许日期累加",S04｜event_track_record（App埋点）,"近7个自然日：start=max(可观察起点,DATE(T0)-(7-1)日)，create_time<T0",次,float32,eligible_days==0为NaN；有可观察日期而无行为为0,behavior_features()；次数不是人数，时长不去除重叠,V2-LC-0690,全量App行为,T0固定时点；提单/App<T0，放款/整笔结清≤T0；支付<T0，已确认整笔同秒结清订单的已知同秒支付可=T0；当前条件为T0已知值。来源可得时间仍待上线核验。,已入模,保留字段；零增益不等于没有业务意义,1.4698749136448488e-05,2.41785342972509e-05,0.0,7.383499962586337e-05,0.0
app_all_7d_coupon_page,全部日期｜进入优惠券挽留页次数,"SUM(INT(e.props_id IN ('Order_coupons_page','Order_coupons_page_select')))；按窗口允许日期累加",S04｜event_track_record（App埋点）,"近7个自然日：start=max(可观察起点,DATE(T0)-(7-1)日)，create_time<T0",次,float32,eligible_days==0为NaN；有可观察日期而无行为为0,behavior_features()；次数不是人数，时长不去除重叠,V2-LC-0691,全量App行为,T0固定时点；提单/App<T0，放款/整笔结清≤T0；支付<T0，已确认整笔同秒结清订单的已知同秒支付可=T0；当前条件为T0已知值。来源可得时间仍待上线核验。,已入模,保留字段；零增益不等于没有业务意义,1.4698749136448488e-05,2.41785342972509e-05,0.0,7.383499962586337e-05,0.0
app_all_7d_repayment_page,全部日期｜名称含repay的辅助页面次数,"SUM(INT(lower(COALESCE(e.props_id,'')||' '||COALESCE(e.page_name,'')) LIKE '%repay%'))；按窗口允许日期累加",S04｜event_track_record（App埋点）,"近7个自然日：start=max(可观察起点,DATE(T0)-(7-1)日)，create_time<T0",次,float32,eligible_days==0为NaN；有可观察日期而无行为为0,behavior_features()；次数不是人数，时长不去除重叠,V2-LC-0692,全量App行为,T0固定时点；提单/App<T0，放款/整笔结清≤T0；支付<T0，已确认整笔同秒结清订单的已知同秒支付可=T0；当前条件为T0已知值。来源可得时间仍待上线核验。,已入模,保留字段；零增益不等于没有业务意义,1.4698749136448488e-05,2.41785342972509e-05,0.0,0.0031152866107612095,0.0
app_all_7d_duration,全部日期｜已结束页面累计停留,"SUM(min((event_end_time-event_start_time)/1000,3600))；仅page_view_out、end≥start且end≤截断时刻；按窗口允许日期累加",S04｜event_track_record（App埋点）,"近7个自然日：start=max(可观察起点,DATE(T0)-(7-1)日)，create_time<T0",秒,float32,eligible_days==0为NaN；有可观察日期而无行为为0,behavior_features()；次数不是人数，时长不去除重叠,V2-LC-0693,全量App行为,T0固定时点；提单/App<T0，放款/整笔结清≤T0；支付<T0，已确认整笔同秒结清订单的已知同秒支付可=T0；当前条件为T0已知值。来源可得时间仍待上线核验。,已入模,保留字段；零增益不等于没有业务意义,1.4698749136448488e-05,2.41785342972509e-05,0.0,0.0037050899240231847,140.24270153045654
app_all_7d_apply_duration,全部日期｜已结束提单页累计停留,与duration相同，另限定props_id为Loan_newpage/Loan_newpage_select；按窗口允许日期累加,S04｜event_track_record（App埋点）,"近7个自然日：start=max(可观察起点,DATE(T0)-(7-1)日)，create_time<T0",秒,float32,eligible_days==0为NaN；有可观察日期而无行为为0,behavior_features()；次数不是人数，时长不去除重叠,V2-LC-0694,全量App行为,T0固定时点；提单/App<T0，放款/整笔结清≤T0；支付<T0，已确认整笔同秒结清订单的已知同秒支付可=T0；当前条件为T0已知值。来源可得时间仍待上线核验。,已入模,保留字段；零增益不等于没有业务意义,1.4698749136448488e-05,2.41785342972509e-05,0.0,0.010532295166069898,78.46469974517822
app_all_7d_non_apply_duration,全部日期｜非提单页累计停留,duration-apply_duration,S04｜event_track_record（App埋点）；S01｜order_loan_f_v2_copy（整笔订单）,"近7个自然日：start=max(可观察起点,DATE(T0)-(7-1)日)，create_time<T0",秒,float32,eligible_days==0为NaN，否则无行为为0,behavior_features()；T0部分当天仍按1个可观察自然日计，不是24小时标准化,V2-LC-0695,全量App行为,T0固定时点；提单/App<T0，放款/整笔结清≤T0；支付<T0，已确认整笔同秒结清订单的已知同秒支付可=T0；当前条件为T0已知值。来源可得时间仍待上线核验。,已入模,保留字段；零增益不等于没有业务意义,1.4698749136448488e-05,2.41785342972509e-05,0.0,0.018681889615191207,688.7508878707886
app_all_7d_events_per_eligible_day,全部日期｜每可观察日活跃频次,events/eligible_days,S04｜event_track_record（App埋点）；S01｜order_loan_f_v2_copy（整笔订单）,"近7个自然日：start=max(可观察起点,DATE(T0)-(7-1)日)，create_time<T0",条/自然日,float32,eligible_days==0为NaN,behavior_features()；T0部分当天仍按1个可观察自然日计，不是24小时标准化,V2-LC-0696,全量App行为,T0固定时点；提单/App<T0，放款/整笔结清≤T0；支付<T0，已确认整笔同秒结清订单的已知同秒支付可=T0；当前条件为T0已知值。来源可得时间仍待上线核验。,已入模,保留字段；零增益不等于没有业务意义,1.4698749136448488e-05,2.41785342972509e-05,0.0,0.003967217776856522,407.6353988647461
app_all_7d_duration_per_active_day,全部日期｜每活跃日累计页面停留,duration/active_days,S04｜event_track_record（App埋点）；S01｜order_loan_f_v2_copy（整笔订单）,"近7个自然日：start=max(可观察起点,DATE(T0)-(7-1)日)，create_time<T0",秒/活跃日,float32,active_days==0为NaN,behavior_features()；T0部分当天仍按1个可观察自然日计，不是24小时标准化,V2-LC-0697,全量App行为,T0固定时点；提单/App<T0，放款/整笔结清≤T0；支付<T0，已确认整笔同秒结清订单的已知同秒支付可=T0；当前条件为T0已知值。来源可得时间仍待上线核验。,已入模,保留字段；零增益不等于没有业务意义,0.029534686598170497,0.03366457925320567,0.02581506620674307,0.009460094190516117,219.83390045166016
app_all_7d_apply_duration_share,全部日期｜提单页停留占比,apply_duration/duration,S04｜event_track_record（App埋点）；S01｜order_loan_f_v2_copy（整笔订单）,"近7个自然日：start=max(可观察起点,DATE(T0)-(7-1)日)，create_time<T0",比例,float32,duration==0为NaN,behavior_features()；T0部分当天仍按1个可观察自然日计，不是24小时标准化,V2-LC-0698,全量App行为,T0固定时点；提单/App<T0，放款/整笔结清≤T0；支付<T0，已确认整笔同秒结清订单的已知同秒支付可=T0；当前条件为T0已知值。来源可得时间仍待上线核验。,已入模,保留字段；零增益不等于没有业务意义,0.036737073675030256,0.04172409068562264,0.032602648269722936,0.09834474019782063,2247.0407161712646
app_all_7d_amount_per_newpage,全部日期｜切换金额次数对进页比,amount/newpage,S04｜event_track_record（App埋点）；S01｜order_loan_f_v2_copy（整笔订单）,"近7个自然日：start=max(可观察起点,DATE(T0)-(7-1)日)，create_time<T0",次数比,float32,newpage==0为NaN；可能>1,behavior_features()；T0部分当天仍按1个可观察自然日计，不是24小时标准化,V2-LC-0699,全量App行为,T0固定时点；提单/App<T0，放款/整笔结清≤T0；支付<T0，已确认整笔同秒结清订单的已知同秒支付可=T0；当前条件为T0已知值。来源可得时间仍待上线核验。,已入模,保留字段；零增益不等于没有业务意义,0.5284347302044596,0.5535353046898297,0.4979414710136864,0.024586187652107877,163.00160026550293
app_all_7d_plan_per_newpage,全部日期｜查看计划次数对进页比,plan/newpage,S04｜event_track_record（App埋点）；S01｜order_loan_f_v2_copy（整笔订单）,"近7个自然日：start=max(可观察起点,DATE(T0)-(7-1)日)，create_time<T0",次数比,float32,newpage==0为NaN；可能>1,behavior_features()；T0部分当天仍按1个可观察自然日计，不是24小时标准化,V2-LC-0700,全量App行为,T0固定时点；提单/App<T0，放款/整笔结清≤T0；支付<T0，已确认整笔同秒结清订单的已知同秒支付可=T0；当前条件为T0已知值。来源可得时间仍待上线核验。,已入模,保留字段；零增益不等于没有业务意义,0.5284347302044596,0.5535353046898297,0.4979414710136864,0.016189782740628572,344.5610017776489
app_all_7d_confirm_per_newpage,全部日期｜确认埋点次数对进页比,confirm/newpage,S04｜event_track_record（App埋点）；S01｜order_loan_f_v2_copy（整笔订单）,"近7个自然日：start=max(可观察起点,DATE(T0)-(7-1)日)，create_time<T0",次数比（非用户确认率）,float32,newpage==0为NaN；可能>1，不等于成功提单,behavior_features()；T0部分当天仍按1个可观察自然日计，不是24小时标准化,V2-LC-0701,全量App行为,T0固定时点；提单/App<T0，放款/整笔结清≤T0；支付<T0，已确认整笔同秒结清订单的已知同秒支付可=T0；当前条件为T0已知值。来源可得时间仍待上线核验。,已入模,保留字段；零增益不等于没有业务意义,0.5284347302044596,0.5535353046898297,0.4979414710136864,0.16647669982415694,4596.937627792358
app_all_7d_coupon_accept_share,全部日期｜券点击对点击加关闭比,coupon_confirm/(coupon_confirm+coupon_back),S04｜event_track_record（App埋点）；S01｜order_loan_f_v2_copy（整笔订单）,"近7个自然日：start=max(可观察起点,DATE(T0)-(7-1)日)，create_time<T0",比例,float32,分母==0为NaN,behavior_features()；T0部分当天仍按1个可观察自然日计，不是24小时标准化,V2-LC-0702,全量App行为,T0固定时点；提单/App<T0，放款/整笔结清≤T0；支付<T0，已确认整笔同秒结清订单的已知同秒支付可=T0；当前条件为T0已知值。来源可得时间仍待上线核验。,已入模,保留字段；零增益不等于没有业务意义,0.9725672345283416,0.9705505452259484,0.9786358072771781,0.0027499766337254795,32.89709949493408
app_all_14d_eligible_days,全部日期｜可观察且未排除日期数,"max(0,DATE(T0)-start+1-排除还款日数)",S04｜event_track_record（App埋点）；S01｜order_loan_f_v2_copy（整笔订单）,"近14个自然日：start=max(可观察起点,DATE(T0)-(14-1)日)，create_time<T0",自然日,float32,无日期为0,behavior_features()；T0部分当天仍按1个可观察自然日计，不是24小时标准化,V2-LC-0703,全量App行为,T0固定时点；提单/App<T0，放款/整笔结清≤T0；支付<T0，已确认整笔同秒结清订单的已知同秒支付可=T0；当前条件为T0已知值。来源可得时间仍待上线核验。,已入模,保留字段；零增益不等于没有业务意义,0.0,0.0,0.0,0.012647497339513456,0.0
app_all_14d_empty_eligible,全部日期｜无可观察日期标记,INT(eligible_days==0),S04｜event_track_record（App埋点）；S01｜order_loan_f_v2_copy（整笔订单）,"近14个自然日：start=max(可观察起点,DATE(T0)-(14-1)日)，create_time<T0",0/1,float32,无日期为1,behavior_features()；T0部分当天仍按1个可观察自然日计，不是24小时标准化,V2-LC-0704,全量App行为,T0固定时点；提单/App<T0，放款/整笔结清≤T0；支付<T0，已确认整笔同秒结清订单的已知同秒支付可=T0；当前条件为T0已知值。来源可得时间仍待上线核验。,已入模,保留字段；零增益不等于没有业务意义,0.0,0.0,0.0,0.0,0.0
app_all_14d_active_days,全部日期｜有埋点的日期数,COUNT(窗口内event_count>0的日期),S04｜event_track_record（App埋点）；S01｜order_loan_f_v2_copy（整笔订单）,"近14个自然日：start=max(可观察起点,DATE(T0)-(14-1)日)，create_time<T0",自然日,float32,无活跃或无可观察日期为0,behavior_features()；T0部分当天仍按1个可观察自然日计，不是24小时标准化,V2-LC-0705,全量App行为,T0固定时点；提单/App<T0，放款/整笔结清≤T0；支付<T0，已确认整笔同秒结清订单的已知同秒支付可=T0；当前条件为T0已知值。来源可得时间仍待上线核验。,已入模,保留字段；零增益不等于没有业务意义,0.0,0.0,0.0,0.019206357463123214,602.4861936569214
app_all_14d_active_day_share,全部日期｜活跃日期占比,active_days/eligible_days,S04｜event_track_record（App埋点）；S01｜order_loan_f_v2_copy（整笔订单）,"近14个自然日：start=max(可观察起点,DATE(T0)-(14-1)日)，create_time<T0",比例,float32,eligible_days==0为NaN,behavior_features()；T0部分当天仍按1个可观察自然日计，不是24小时标准化,V2-LC-0706,全量App行为,T0固定时点；提单/App<T0，放款/整笔结清≤T0；支付<T0，已确认整笔同秒结清订单的已知同秒支付可=T0；当前条件为T0已知值。来源可得时间仍待上线核验。,已入模,保留字段；零增益不等于没有业务意义,1.4698749136448488e-05,2.41785342972509e-05,0.0,0.005894864775472621,523.6279935836792
app_all_14d_events,全部日期｜活跃埋点条数,COUNT(e.user_id)；按窗口允许日期累加,S04｜event_track_record（App埋点）,"近14个自然日：start=max(可观察起点,DATE(T0)-(14-1)日)，create_time<T0",条,float32,eligible_days==0为NaN；有可观察日期而无行为为0,behavior_features()；次数不是人数，时长不去除重叠,V2-LC-0707,全量App行为,T0固定时点；提单/App<T0，放款/整笔结清≤T0；支付<T0，已确认整笔同秒结清订单的已知同秒支付可=T0；当前条件为T0已知值。来源可得时间仍待上线核验。,已入模,保留字段；零增益不等于没有业务意义,1.4698749136448488e-05,2.41785342972509e-05,0.0,0.013558766880883604,2203.7637214660645
app_all_14d_newpage,全部日期｜进入提单页次数,"SUM(INT(e.event_type='page_view_in' AND e.props_id IN ('Loan_newpage','Loan_newpage_select')))；按窗口允许日期累加",S04｜event_track_record（App埋点）,"近14个自然日：start=max(可观察起点,DATE(T0)-(14-1)日)，create_time<T0",次,float32,eligible_days==0为NaN；有可观察日期而无行为为0,behavior_features()；次数不是人数，时长不去除重叠,V2-LC-0708,全量App行为,T0固定时点；提单/App<T0，放款/整笔结清≤T0；支付<T0，已确认整笔同秒结清订单的已知同秒支付可=T0；当前条件为T0已知值。来源可得时间仍待上线核验。,已入模,保留字段；零增益不等于没有业务意义,1.4698749136448488e-05,2.41785342972509e-05,0.0,0.09738587393608378,83.82760238647461
app_all_14d_amount,全部日期｜切换借款金额次数,"SUM(INT(e.props_id IN ('amount_modification','loan_form_loan_amount_selectionn_new','loan_form_loan_amount_selectionn_new_select')))；按窗口允许日期累加",S04｜event_track_record（App埋点）,"近14个自然日：start=max(可观察起点,DATE(T0)-(14-1)日)，create_time<T0",次,float32,eligible_days==0为NaN；有可观察日期而无行为为0,behavior_features()；次数不是人数，时长不去除重叠,V2-LC-0709,全量App行为,T0固定时点；提单/App<T0，放款/整笔结清≤T0；支付<T0，已确认整笔同秒结清订单的已知同秒支付可=T0；当前条件为T0已知值。来源可得时间仍待上线核验。,已入模,保留字段；零增益不等于没有业务意义,1.4698749136448488e-05,2.41785342972509e-05,0.0,0.03455271267830296,72.97369956970215
app_all_14d_contract,全部日期｜查看借款合同次数,"SUM(INT(e.props_id IN ('Loan_contract_newdetails','Loan_contract_newdetails_select')))；按窗口允许日期累加",S04｜event_track_record（App埋点）,"近14个自然日：start=max(可观察起点,DATE(T0)-(14-1)日)，create_time<T0",次,float32,eligible_days==0为NaN；有可观察日期而无行为为0,behavior_features()；次数不是人数，时长不去除重叠,V2-LC-0710,全量App行为,T0固定时点；提单/App<T0，放款/整笔结清≤T0；支付<T0，已确认整笔同秒结清订单的已知同秒支付可=T0；当前条件为T0已知值。来源可得时间仍待上线核验。,已入模,保留字段；零增益不等于没有业务意义,1.4698749136448488e-05,2.41785342972509e-05,0.0,7.383499962586337e-05,32.82370090484619
app_all_14d_term,全部日期｜切换借款期次次数,"SUM(INT(e.props_id IN ('loan_form_term_selection_new','loan_form_term_selection_new_select')))；按窗口允许日期累加",S04｜event_track_record（App埋点）,"近14个自然日：start=max(可观察起点,DATE(T0)-(14-1)日)，create_time<T0",次,float32,eligible_days==0为NaN；有可观察日期而无行为为0,behavior_features()；次数不是人数，时长不去除重叠,V2-LC-0711,全量App行为,T0固定时点；提单/App<T0，放款/整笔结清≤T0；支付<T0，已确认整笔同秒结清订单的已知同秒支付可=T0；当前条件为T0已知值。来源可得时间仍待上线核验。,已入模,保留字段；零增益不等于没有业务意义,1.4698749136448488e-05,2.41785342972509e-05,0.0,0.002768111600240386,68.5235013961792
app_all_14d_confirm,全部日期｜确认提单埋点次数,"SUM(INT(e.props_id IN ('Loan_newconfirm','Loan_newconfirm_select')))；按窗口允许日期累加",S04｜event_track_record（App埋点）,"近14个自然日：start=max(可观察起点,DATE(T0)-(14-1)日)，create_time<T0",次,float32,eligible_days==0为NaN；有可观察日期而无行为为0,behavior_features()；次数不是人数，时长不去除重叠,V2-LC-0712,全量App行为,T0固定时点；提单/App<T0，放款/整笔结清≤T0；支付<T0，已确认整笔同秒结清订单的已知同秒支付可=T0；当前条件为T0已知值。来源可得时间仍待上线核验。,已入模,保留字段；零增益不等于没有业务意义,1.4698749136448488e-05,2.41785342972509e-05,0.0,0.14282610840641066,0.0
app_all_14d_plan,全部日期｜查看还款计划次数,"SUM(INT(e.props_id IN ('Loan_plan_newdetails','Loan_plan_newdetails_select')))；按窗口允许日期累加",S04｜event_track_record（App埋点）,"近14个自然日：start=max(可观察起点,DATE(T0)-(14-1)日)，create_time<T0",次,float32,eligible_days==0为NaN；有可观察日期而无行为为0,behavior_features()；次数不是人数，时长不去除重叠,V2-LC-0713,全量App行为,T0固定时点；提单/App<T0，放款/整笔结清≤T0；支付<T0，已确认整笔同秒结清订单的已知同秒支付可=T0；当前条件为T0已知值。来源可得时间仍待上线核验。,已入模,保留字段；零增益不等于没有业务意义,1.4698749136448488e-05,2.41785342972509e-05,0.0,0.020411801081759325,12.497099876403809
app_all_14d_purpose,全部日期｜选择借款用途次数,"SUM(INT(e.props_id IN ('Loan_purpose_newdetails','Loan_purpose_newdetails_select')))；按窗口允许日期累加",S04｜event_track_record（App埋点）,"近14个自然日：start=max(可观察起点,DATE(T0)-(14-1)日)，create_time<T0",次,float32,eligible_days==0为NaN；有可观察日期而无行为为0,behavior_features()；次数不是人数，时长不去除重叠,V2-LC-0714,全量App行为,T0固定时点；提单/App<T0，放款/整笔结清≤T0；支付<T0，已确认整笔同秒结清订单的已知同秒支付可=T0；当前条件为T0已知值。来源可得时间仍待上线核验。,已入模,保留字段；零增益不等于没有业务意义,1.4698749136448488e-05,2.41785342972509e-05,0.0,0.006915563985082396,75.52369976043701
app_all_14d_coupon_back,全部日期｜关闭优惠券拦截次数,"SUM(INT(e.props_id IN ('Order_coupons_back','Order_coupons_back_select')))；按窗口允许日期累加",S04｜event_track_record（App埋点）,"近14个自然日：start=max(可观察起点,DATE(T0)-(14-1)日)，create_time<T0",次,float32,eligible_days==0为NaN；有可观察日期而无行为为0,behavior_features()；次数不是人数，时长不去除重叠,V2-LC-0715,全量App行为,T0固定时点；提单/App<T0，放款/整笔结清≤T0；支付<T0，已确认整笔同秒结清订单的已知同秒支付可=T0；当前条件为T0已知值。来源可得时间仍待上线核验。,已入模,保留字段；零增益不等于没有业务意义,1.4698749136448488e-05,2.41785342972509e-05,0.0,7.383499962586337e-05,0.0
app_all_14d_coupon_confirm,全部日期｜点击优惠券拦截次数,"SUM(INT(e.props_id IN ('Order_coupons_confirm','Order_coupons_confirm_select')))；按窗口允许日期累加",S04｜event_track_record（App埋点）,"近14个自然日：start=max(可观察起点,DATE(T0)-(14-1)日)，create_time<T0",次,float32,eligible_days==0为NaN；有可观察日期而无行为为0,behavior_features()；次数不是人数，时长不去除重叠,V2-LC-0716,全量App行为,T0固定时点；提单/App<T0，放款/整笔结清≤T0；支付<T0，已确认整笔同秒结清订单的已知同秒支付可=T0；当前条件为T0已知值。来源可得时间仍待上线核验。,已入模,保留字段；零增益不等于没有业务意义,1.4698749136448488e-05,2.41785342972509e-05,0.0,7.383499962586337e-05,0.0
app_all_14d_coupon_page,全部日期｜进入优惠券挽留页次数,"SUM(INT(e.props_id IN ('Order_coupons_page','Order_coupons_page_select')))；按窗口允许日期累加",S04｜event_track_record（App埋点）,"近14个自然日：start=max(可观察起点,DATE(T0)-(14-1)日)，create_time<T0",次,float32,eligible_days==0为NaN；有可观察日期而无行为为0,behavior_features()；次数不是人数，时长不去除重叠,V2-LC-0717,全量App行为,T0固定时点；提单/App<T0，放款/整笔结清≤T0；支付<T0，已确认整笔同秒结清订单的已知同秒支付可=T0；当前条件为T0已知值。来源可得时间仍待上线核验。,已入模,保留字段；零增益不等于没有业务意义,1.4698749136448488e-05,2.41785342972509e-05,0.0,7.383499962586337e-05,0.0
app_all_14d_repayment_page,全部日期｜名称含repay的辅助页面次数,"SUM(INT(lower(COALESCE(e.props_id,'')||' '||COALESCE(e.page_name,'')) LIKE '%repay%'))；按窗口允许日期累加",S04｜event_track_record（App埋点）,"近14个自然日：start=max(可观察起点,DATE(T0)-(14-1)日)，create_time<T0",次,float32,eligible_days==0为NaN；有可观察日期而无行为为0,behavior_features()；次数不是人数，时长不去除重叠,V2-LC-0718,全量App行为,T0固定时点；提单/App<T0，放款/整笔结清≤T0；支付<T0，已确认整笔同秒结清订单的已知同秒支付可=T0；当前条件为T0已知值。来源可得时间仍待上线核验。,已入模,保留字段；零增益不等于没有业务意义,1.4698749136448488e-05,2.41785342972509e-05,0.0,0.0033881465342188153,35.11259937286377
app_all_14d_duration,全部日期｜已结束页面累计停留,"SUM(min((event_end_time-event_start_time)/1000,3600))；仅page_view_out、end≥start且end≤截断时刻；按窗口允许日期累加",S04｜event_track_record（App埋点）,"近14个自然日：start=max(可观察起点,DATE(T0)-(14-1)日)，create_time<T0",秒,float32,eligible_days==0为NaN；有可观察日期而无行为为0,behavior_features()；次数不是人数，时长不去除重叠,V2-LC-0719,全量App行为,T0固定时点；提单/App<T0，放款/整笔结清≤T0；支付<T0，已确认整笔同秒结清订单的已知同秒支付可=T0；当前条件为T0已知值。来源可得时间仍待上线核验。,已入模,保留字段；零增益不等于没有业务意义,1.4698749136448488e-05,2.41785342972509e-05,0.0,0.023528671141427274,240.6895980834961
app_all_14d_apply_duration,全部日期｜已结束提单页累计停留,与duration相同，另限定props_id为Loan_newpage/Loan_newpage_select；按窗口允许日期累加,S04｜event_track_record（App埋点）,"近14个自然日：start=max(可观察起点,DATE(T0)-(14-1)日)，create_time<T0",秒,float32,eligible_days==0为NaN；有可观察日期而无行为为0,behavior_features()；次数不是人数，时长不去除重叠,V2-LC-0720,全量App行为,T0固定时点；提单/App<T0，放款/整笔结清≤T0；支付<T0，已确认整笔同秒结清订单的已知同秒支付可=T0；当前条件为T0已知值。来源可得时间仍待上线核验。,已入模,保留字段；零增益不等于没有业务意义,1.4698749136448488e-05,2.41785342972509e-05,0.0,0.022594660198290904,146.51390075683594
app_all_14d_non_apply_duration,全部日期｜非提单页累计停留,duration-apply_duration,S04｜event_track_record（App埋点）；S01｜order_loan_f_v2_copy（整笔订单）,"近14个自然日：start=max(可观察起点,DATE(T0)-(14-1)日)，create_time<T0",秒,float32,eligible_days==0为NaN，否则无行为为0,behavior_features()；T0部分当天仍按1个可观察自然日计，不是24小时标准化,V2-LC-0721,全量App行为,T0固定时点；提单/App<T0，放款/整笔结清≤T0；支付<T0，已确认整笔同秒结清订单的已知同秒支付可=T0；当前条件为T0已知值。来源可得时间仍待上线核验。,已入模,保留字段；零增益不等于没有业务意义,1.4698749136448488e-05,2.41785342972509e-05,0.0,0.05163922597849482,675.8123950958252
app_all_14d_events_per_eligible_day,全部日期｜每可观察日活跃频次,events/eligible_days,S04｜event_track_record（App埋点）；S01｜order_loan_f_v2_copy（整笔订单）,"近14个自然日：start=max(可观察起点,DATE(T0)-(14-1)日)，create_time<T0",条/自然日,float32,eligible_days==0为NaN,behavior_features()；T0部分当天仍按1个可观察自然日计，不是24小时标准化,V2-LC-0722,全量App行为,T0固定时点；提单/App<T0，放款/整笔结清≤T0；支付<T0，已确认整笔同秒结清订单的已知同秒支付可=T0；当前条件为T0已知值。来源可得时间仍待上线核验。,已入模,保留字段；零增益不等于没有业务意义,1.4698749136448488e-05,2.41785342972509e-05,0.0,0.008097498666481092,478.2527093887329
app_all_14d_duration_per_active_day,全部日期｜每活跃日累计页面停留,duration/active_days,S04｜event_track_record（App埋点）；S01｜order_loan_f_v2_copy（整笔订单）,"近14个自然日：start=max(可观察起点,DATE(T0)-(14-1)日)，create_time<T0",秒/活跃日,float32,active_days==0为NaN,behavior_features()；T0部分当天仍按1个可观察自然日计，不是24小时标准化,V2-LC-0723,全量App行为,T0固定时点；提单/App<T0，放款/整笔结清≤T0；支付<T0，已确认整笔同秒结清订单的已知同秒支付可=T0；当前条件为T0已知值。来源可得时间仍待上线核验。,已入模,保留字段；零增益不等于没有业务意义,0.0036060931214753626,0.003828267930398059,0.004673417158117281,0.04237557426498275,87.91000175476074
app_all_14d_apply_duration_share,全部日期｜提单页停留占比,apply_duration/duration,S04｜event_track_record（App埋点）；S01｜order_loan_f_v2_copy（整笔订单）,"近14个自然日：start=max(可观察起点,DATE(T0)-(14-1)日)，create_time<T0",比例,float32,duration==0为NaN,behavior_features()；T0部分当天仍按1个可观察自然日计，不是24小时标准化,V2-LC-0724,全量App行为,T0固定时点；提单/App<T0，放款/整笔结清≤T0；支付<T0，已确认整笔同秒结清订单的已知同秒支付可=T0；当前条件为T0已知值。来源可得时间仍待上线核验。,已入模,保留字段；零增益不等于没有业务意义,0.004679101808436102,0.004980778065233686,0.0056748636919995545,0.09564528432608124,1287.6105289459229
app_all_14d_amount_per_newpage,全部日期｜切换金额次数对进页比,amount/newpage,S04｜event_track_record（App埋点）；S01｜order_loan_f_v2_copy（整笔订单）,"近14个自然日：start=max(可观察起点,DATE(T0)-(14-1)日)，create_time<T0",次数比,float32,newpage==0为NaN；可能>1,behavior_features()；T0部分当天仍按1个可观察自然日计，不是24小时标准化,V2-LC-0725,全量App行为,T0固定时点；提单/App<T0，放款/整笔结清≤T0；支付<T0，已确认整笔同秒结清订单的已知同秒支付可=T0；当前条件为T0已知值。来源可得时间仍待上线核验。,已入模,保留字段；零增益不等于没有业务意义,0.24689978882797073,0.23881944276537956,0.2864137086903305,0.06679822669491299,340.4774971008301
app_all_14d_plan_per_newpage,全部日期｜查看计划次数对进页比,plan/newpage,S04｜event_track_record（App埋点）；S01｜order_loan_f_v2_copy（整笔订单）,"近14个自然日：start=max(可观察起点,DATE(T0)-(14-1)日)，create_time<T0",次数比,float32,newpage==0为NaN；可能>1,behavior_features()；T0部分当天仍按1个可观察自然日计，不是24小时标准化,V2-LC-0726,全量App行为,T0固定时点；提单/App<T0，放款/整笔结清≤T0；支付<T0，已确认整笔同秒结清订单的已知同秒支付可=T0；当前条件为T0已知值。来源可得时间仍待上线核验。,已入模,保留字段；零增益不等于没有业务意义,0.24689978882797073,0.23881944276537956,0.2864137086903305,0.01650775321260769,293.2252016067505
app_all_14d_confirm_per_newpage,全部日期｜确认埋点次数对进页比,confirm/newpage,S04｜event_track_record（App埋点）；S01｜order_loan_f_v2_copy（整笔订单）,"近14个自然日：start=max(可观察起点,DATE(T0)-(14-1)日)，create_time<T0",次数比（非用户确认率）,float32,newpage==0为NaN；可能>1，不等于成功提单,behavior_features()；T0部分当天仍按1个可观察自然日计，不是24小时标准化,V2-LC-0727,全量App行为,T0固定时点；提单/App<T0，放款/整笔结清≤T0；支付<T0，已确认整笔同秒结清订单的已知同秒支付可=T0；当前条件为T0已知值。来源可得时间仍待上线核验。,已入模,保留字段；零增益不等于没有业务意义,0.24689978882797073,0.23881944276537956,0.2864137086903305,0.2683464529220656,7578.833097457886
app_all_14d_coupon_accept_share,全部日期｜券点击对点击加关闭比,coupon_confirm/(coupon_confirm+coupon_back),S04｜event_track_record（App埋点）；S01｜order_loan_f_v2_copy（整笔订单）,"近14个自然日：start=max(可观察起点,DATE(T0)-(14-1)日)，create_time<T0",比例,float32,分母==0为NaN,behavior_features()；T0部分当天仍按1个可观察自然日计，不是24小时标准化,V2-LC-0728,全量App行为,T0固定时点；提单/App<T0，放款/整笔结清≤T0；支付<T0，已确认整笔同秒结清订单的已知同秒支付可=T0；当前条件为T0已知值。来源可得时间仍待上线核验。,已入模,保留字段；零增益不等于没有业务意义,0.919661536803218,0.9133521925900852,0.9388004895960832,0.009575019438359665,38.07379913330078
app_all_30d_eligible_days,全部日期｜可观察且未排除日期数,"max(0,DATE(T0)-start+1-排除还款日数)",S04｜event_track_record（App埋点）；S01｜order_loan_f_v2_copy（整笔订单）,"近30个自然日：start=max(可观察起点,DATE(T0)-(30-1)日)，create_time<T0",自然日,float32,无日期为0,behavior_features()；T0部分当天仍按1个可观察自然日计，不是24小时标准化,V2-LC-0729,全量App行为,T0固定时点；提单/App<T0，放款/整笔结清≤T0；支付<T0，已确认整笔同秒结清订单的已知同秒支付可=T0；当前条件为T0已知值。来源可得时间仍待上线核验。,已入模,保留字段；零增益不等于没有业务意义,0.0,0.0,0.0,0.030518752598740033,0.0
app_all_30d_empty_eligible,全部日期｜无可观察日期标记,INT(eligible_days==0),S04｜event_track_record（App埋点）；S01｜order_loan_f_v2_copy（整笔订单）,"近30个自然日：start=max(可观察起点,DATE(T0)-(30-1)日)，create_time<T0",0/1,float32,无日期为1,behavior_features()；T0部分当天仍按1个可观察自然日计，不是24小时标准化,V2-LC-0730,全量App行为,T0固定时点；提单/App<T0，放款/整笔结清≤T0；支付<T0，已确认整笔同秒结清订单的已知同秒支付可=T0；当前条件为T0已知值。来源可得时间仍待上线核验。,已入模,保留字段；零增益不等于没有业务意义,0.0,0.0,0.0,0.0,0.0
app_all_30d_active_days,全部日期｜有埋点的日期数,COUNT(窗口内event_count>0的日期),S04｜event_track_record（App埋点）；S01｜order_loan_f_v2_copy（整笔订单）,"近30个自然日：start=max(可观察起点,DATE(T0)-(30-1)日)，create_time<T0",自然日,float32,无活跃或无可观察日期为0,behavior_features()；T0部分当天仍按1个可观察自然日计，不是24小时标准化,V2-LC-0731,全量App行为,T0固定时点；提单/App<T0，放款/整笔结清≤T0；支付<T0，已确认整笔同秒结清订单的已知同秒支付可=T0；当前条件为T0已知值。来源可得时间仍待上线核验。,已入模,保留字段；零增益不等于没有业务意义,0.0,0.0,0.0,0.04195550398117569,364.18670082092285
app_all_30d_active_day_share,全部日期｜活跃日期占比,active_days/eligible_days,S04｜event_track_record（App埋点）；S01｜order_loan_f_v2_copy（整笔订单）,"近30个自然日：start=max(可观察起点,DATE(T0)-(30-1)日)，create_time<T0",比例,float32,eligible_days==0为NaN,behavior_features()；T0部分当天仍按1个可观察自然日计，不是24小时标准化,V2-LC-0732,全量App行为,T0固定时点；提单/App<T0，放款/整笔结清≤T0；支付<T0，已确认整笔同秒结清订单的已知同秒支付可=T0；当前条件为T0已知值。来源可得时间仍待上线核验。,已入模,保留字段；零增益不等于没有业务意义,1.4698749136448488e-05,2.41785342972509e-05,0.0,0.00688531638742423,214.24560165405273
app_all_30d_events,全部日期｜活跃埋点条数,COUNT(e.user_id)；按窗口允许日期累加,S04｜event_track_record（App埋点）,"近30个自然日：start=max(可观察起点,DATE(T0)-(30-1)日)，create_time<T0",条,float32,eligible_days==0为NaN；有可观察日期而无行为为0,behavior_features()；次数不是人数，时长不去除重叠,V2-LC-0733,全量App行为,T0固定时点；提单/App<T0，放款/整笔结清≤T0；支付<T0，已确认整笔同秒结清订单的已知同秒支付可=T0；当前条件为T0已知值。来源可得时间仍待上线核验。,已入模,保留字段；零增益不等于没有业务意义,1.4698749136448488e-05,2.41785342972509e-05,0.0,0.023732574141681863,149.6179027557373
app_all_30d_newpage,全部日期｜进入提单页次数,"SUM(INT(e.event_type='page_view_in' AND e.props_id IN ('Loan_newpage','Loan_newpage_select')))；按窗口允许日期累加",S04｜event_track_record（App埋点）,"近30个自然日：start=max(可观察起点,DATE(T0)-(30-1)日)，create_time<T0",次,float32,eligible_days==0为NaN；有可观察日期而无行为为0,behavior_features()；次数不是人数，时长不去除重叠,V2-LC-0734,全量App行为,T0固定时点；提单/App<T0，放款/整笔结清≤T0；支付<T0，已确认整笔同秒结清订单的已知同秒支付可=T0；当前条件为T0已知值。来源可得时间仍待上线核验。,已入模,保留字段；零增益不等于没有业务意义,1.4698749136448488e-05,2.41785342972509e-05,0.0,0.10153415193246697,142.95439052581787
app_all_30d_amount,全部日期｜切换借款金额次数,"SUM(INT(e.props_id IN ('amount_modification','loan_form_loan_amount_selectionn_new','loan_form_loan_amount_selectionn_new_select')))；按窗口允许日期累加",S04｜event_track_record（App埋点）,"近30个自然日：start=max(可观察起点,DATE(T0)-(30-1)日)，create_time<T0",次,float32,eligible_days==0为NaN；有可观察日期而无行为为0,behavior_features()；次数不是人数，时长不去除重叠,V2-LC-0735,全量App行为,T0固定时点；提单/App<T0，放款/整笔结清≤T0；支付<T0，已确认整笔同秒结清订单的已知同秒支付可=T0；当前条件为T0已知值。来源可得时间仍待上线核验。,已入模,保留字段；零增益不等于没有业务意义,1.4698749136448488e-05,2.41785342972509e-05,0.0,0.16952208108269545,18.841699600219727
app_all_30d_contract,全部日期｜查看借款合同次数,"SUM(INT(e.props_id IN ('Loan_contract_newdetails','Loan_contract_newdetails_select')))；按窗口允许日期累加",S04｜event_track_record（App埋点）,"近30个自然日：start=max(可观察起点,DATE(T0)-(30-1)日)，create_time<T0",次,float32,eligible_days==0为NaN；有可观察日期而无行为为0,behavior_features()；次数不是人数，时长不去除重叠,V2-LC-0736,全量App行为,T0固定时点；提单/App<T0，放款/整笔结清≤T0；支付<T0，已确认整笔同秒结清订单的已知同秒支付可=T0；当前条件为T0已知值。来源可得时间仍待上线核验。,已入模,保留字段；零增益不等于没有业务意义,1.4698749136448488e-05,2.41785342972509e-05,0.0,7.383499962586337e-05,55.40939998626709
app_all_30d_term,全部日期｜切换借款期次次数,"SUM(INT(e.props_id IN ('loan_form_term_selection_new','loan_form_term_selection_new_select')))；按窗口允许日期累加",S04｜event_track_record（App埋点）,"近30个自然日：start=max(可观察起点,DATE(T0)-(30-1)日)，create_time<T0",次,float32,eligible_days==0为NaN；有可观察日期而无行为为0,behavior_features()；次数不是人数，时长不去除重叠,V2-LC-0737,全量App行为,T0固定时点；提单/App<T0，放款/整笔结清≤T0；支付<T0，已确认整笔同秒结清订单的已知同秒支付可=T0；当前条件为T0已知值。来源可得时间仍待上线核验。,已入模,保留字段；零增益不等于没有业务意义,1.4698749136448488e-05,2.41785342972509e-05,0.0,0.02926176673559373,31.626599311828613
app_all_30d_confirm,全部日期｜确认提单埋点次数,"SUM(INT(e.props_id IN ('Loan_newconfirm','Loan_newconfirm_select')))；按窗口允许日期累加",S04｜event_track_record（App埋点）,"近30个自然日：start=max(可观察起点,DATE(T0)-(30-1)日)，create_time<T0",次,float32,eligible_days==0为NaN；有可观察日期而无行为为0,behavior_features()；次数不是人数，时长不去除重叠,V2-LC-0738,全量App行为,T0固定时点；提单/App<T0，放款/整笔结清≤T0；支付<T0，已确认整笔同秒结清订单的已知同秒支付可=T0；当前条件为T0已知值。来源可得时间仍待上线核验。,已入模,保留字段；零增益不等于没有业务意义,1.4698749136448488e-05,2.41785342972509e-05,0.0,0.019182171350091832,128.1264009475708
app_all_30d_plan,全部日期｜查看还款计划次数,"SUM(INT(e.props_id IN ('Loan_plan_newdetails','Loan_plan_newdetails_select')))；按窗口允许日期累加",S04｜event_track_record（App埋点）,"近30个自然日：start=max(可观察起点,DATE(T0)-(30-1)日)，create_time<T0",次,float32,eligible_days==0为NaN；有可观察日期而无行为为0,behavior_features()；次数不是人数，时长不去除重叠,V2-LC-0739,全量App行为,T0固定时点；提单/App<T0，放款/整笔结清≤T0；支付<T0，已确认整笔同秒结清订单的已知同秒支付可=T0；当前条件为T0已知值。来源可得时间仍待上线核验。,已入模,保留字段；零增益不等于没有业务意义,1.4698749136448488e-05,2.41785342972509e-05,0.0,0.06569245142235004,33.44770050048828
app_all_30d_purpose,全部日期｜选择借款用途次数,"SUM(INT(e.props_id IN ('Loan_purpose_newdetails','Loan_purpose_newdetails_select')))；按窗口允许日期累加",S04｜event_track_record（App埋点）,"近30个自然日：start=max(可观察起点,DATE(T0)-(30-1)日)，create_time<T0",次,float32,eligible_days==0为NaN；有可观察日期而无行为为0,behavior_features()；次数不是人数，时长不去除重叠,V2-LC-0740,全量App行为,T0固定时点；提单/App<T0，放款/整笔结清≤T0；支付<T0，已确认整笔同秒结清订单的已知同秒支付可=T0；当前条件为T0已知值。来源可得时间仍待上线核验。,已入模,保留字段；零增益不等于没有业务意义,1.4698749136448488e-05,2.41785342972509e-05,0.0,0.0004716994987450651,15.14430046081543
app_all_30d_coupon_back,全部日期｜关闭优惠券拦截次数,"SUM(INT(e.props_id IN ('Order_coupons_back','Order_coupons_back_select')))；按窗口允许日期累加",S04｜event_track_record（App埋点）,"近30个自然日：start=max(可观察起点,DATE(T0)-(30-1)日)，create_time<T0",次,float32,eligible_days==0为NaN；有可观察日期而无行为为0,behavior_features()；次数不是人数，时长不去除重叠,V2-LC-0741,全量App行为,T0固定时点；提单/App<T0，放款/整笔结清≤T0；支付<T0，已确认整笔同秒结清订单的已知同秒支付可=T0；当前条件为T0已知值。来源可得时间仍待上线核验。,已入模,保留字段；零增益不等于没有业务意义,1.4698749136448488e-05,2.41785342972509e-05,0.0,7.383499962586337e-05,0.0
app_all_30d_coupon_confirm,全部日期｜点击优惠券拦截次数,"SUM(INT(e.props_id IN ('Order_coupons_confirm','Order_coupons_confirm_select')))；按窗口允许日期累加",S04｜event_track_record（App埋点）,"近30个自然日：start=max(可观察起点,DATE(T0)-(30-1)日)，create_time<T0",次,float32,eligible_days==0为NaN；有可观察日期而无行为为0,behavior_features()；次数不是人数，时长不去除重叠,V2-LC-0742,全量App行为,T0固定时点；提单/App<T0，放款/整笔结清≤T0；支付<T0，已确认整笔同秒结清订单的已知同秒支付可=T0；当前条件为T0已知值。来源可得时间仍待上线核验。,已入模,保留字段；零增益不等于没有业务意义,1.4698749136448488e-05,2.41785342972509e-05,0.0,9.617808219055398e-05,0.0
app_all_30d_coupon_page,全部日期｜进入优惠券挽留页次数,"SUM(INT(e.props_id IN ('Order_coupons_page','Order_coupons_page_select')))；按窗口允许日期累加",S04｜event_track_record（App埋点）,"近30个自然日：start=max(可观察起点,DATE(T0)-(30-1)日)，create_time<T0",次,float32,eligible_days==0为NaN；有可观察日期而无行为为0,behavior_features()；次数不是人数，时长不去除重叠,V2-LC-0743,全量App行为,T0固定时点；提单/App<T0，放款/整笔结清≤T0；支付<T0，已确认整笔同秒结清订单的已知同秒支付可=T0；当前条件为T0已知值。来源可得时间仍待上线核验。,已入模,保留字段；零增益不等于没有业务意义,1.4698749136448488e-05,2.41785342972509e-05,0.0,8.709103571899532e-05,0.0
app_all_30d_repayment_page,全部日期｜名称含repay的辅助页面次数,"SUM(INT(lower(COALESCE(e.props_id,'')||' '||COALESCE(e.page_name,'')) LIKE '%repay%'))；按窗口允许日期累加",S04｜event_track_record（App埋点）,"近30个自然日：start=max(可观察起点,DATE(T0)-(30-1)日)，create_time<T0",次,float32,eligible_days==0为NaN；有可观察日期而无行为为0,behavior_features()；次数不是人数，时长不去除重叠,V2-LC-0744,全量App行为,T0固定时点；提单/App<T0，放款/整笔结清≤T0；支付<T0，已确认整笔同秒结清订单的已知同秒支付可=T0；当前条件为T0已知值。来源可得时间仍待上线核验。,已入模,保留字段；零增益不等于没有业务意义,1.4698749136448488e-05,2.41785342972509e-05,0.0,0.004697206170313813,72.97649955749512
app_all_30d_duration,全部日期｜已结束页面累计停留,"SUM(min((event_end_time-event_start_time)/1000,3600))；仅page_view_out、end≥start且end≤截断时刻；按窗口允许日期累加",S04｜event_track_record（App埋点）,"近30个自然日：start=max(可观察起点,DATE(T0)-(30-1)日)，create_time<T0",秒,float32,eligible_days==0为NaN；有可观察日期而无行为为0,behavior_features()；次数不是人数，时长不去除重叠,V2-LC-0745,全量App行为,T0固定时点；提单/App<T0，放款/整笔结清≤T0；支付<T0，已确认整笔同秒结清订单的已知同秒支付可=T0；当前条件为T0已知值。来源可得时间仍待上线核验。,已入模,保留字段；零增益不等于没有业务意义,1.4698749136448488e-05,2.41785342972509e-05,0.0,0.009136971177833119,103.02040100097656
app_all_30d_apply_duration,全部日期｜已结束提单页累计停留,与duration相同，另限定props_id为Loan_newpage/Loan_newpage_select；按窗口允许日期累加,S04｜event_track_record（App埋点）,"近30个自然日：start=max(可观察起点,DATE(T0)-(30-1)日)，create_time<T0",秒,float32,eligible_days==0为NaN；有可观察日期而无行为为0,behavior_features()；次数不是人数，时长不去除重叠,V2-LC-0746,全量App行为,T0固定时点；提单/App<T0，放款/整笔结清≤T0；支付<T0，已确认整笔同秒结清订单的已知同秒支付可=T0；当前条件为T0已知值。来源可得时间仍待上线核验。,已入模,保留字段；零增益不等于没有业务意义,1.4698749136448488e-05,2.41785342972509e-05,0.0,0.03346957106895491,187.0667896270752
app_all_30d_non_apply_duration,全部日期｜非提单页累计停留,duration-apply_duration,S04｜event_track_record（App埋点）；S01｜order_loan_f_v2_copy（整笔订单）,"近30个自然日：start=max(可观察起点,DATE(T0)-(30-1)日)，create_time<T0",秒,float32,eligible_days==0为NaN，否则无行为为0,behavior_features()；T0部分当天仍按1个可观察自然日计，不是24小时标准化,V2-LC-0747,全量App行为,T0固定时点；提单/App<T0，放款/整笔结清≤T0；支付<T0，已确认整笔同秒结清订单的已知同秒支付可=T0；当前条件为T0已知值。来源可得时间仍待上线核验。,已入模,保留字段；零增益不等于没有业务意义,1.4698749136448488e-05,2.41785342972509e-05,0.0,0.0019094790001302228,74.31800079345703
app_all_30d_events_per_eligible_day,全部日期｜每可观察日活跃频次,events/eligible_days,S04｜event_track_record（App埋点）；S01｜order_loan_f_v2_copy（整笔订单）,"近30个自然日：start=max(可观察起点,DATE(T0)-(30-1)日)，create_time<T0",条/自然日,float32,eligible_days==0为NaN,behavior_features()；T0部分当天仍按1个可观察自然日计，不是24小时标准化,V2-LC-0748,全量App行为,T0固定时点；提单/App<T0，放款/整笔结清≤T0；支付<T0，已确认整笔同秒结清订单的已知同秒支付可=T0；当前条件为T0已知值。来源可得时间仍待上线核验。,已入模,保留字段；零增益不等于没有业务意义,1.4698749136448488e-05,2.41785342972509e-05,0.0,0.015136252247675602,77.98649978637695
app_all_30d_duration_per_active_day,全部日期｜每活跃日累计页面停留,duration/active_days,S04｜event_track_record（App埋点）；S01｜order_loan_f_v2_copy（整笔订单）,"近30个自然日：start=max(可观察起点,DATE(T0)-(30-1)日)，create_time<T0",秒/活跃日,float32,active_days==0为NaN,behavior_features()；T0部分当天仍按1个可观察自然日计，不是24小时标准化,V2-LC-0749,全量App行为,T0固定时点；提单/App<T0，放款/整笔结清≤T0；支付<T0，已确认整笔同秒结清订单的已知同秒支付可=T0；当前条件为T0已知值。来源可得时间仍待上线核验。,已入模,保留字段；零增益不等于没有业务意义,6.859416263675961e-05,6.447609145933573e-05,0.00022254367419606097,0.00798461773199637,145.31560039520264
app_all_30d_apply_duration_share,全部日期｜提单页停留占比,apply_duration/duration,S04｜event_track_record（App埋点）；S01｜order_loan_f_v2_copy（整笔订单）,"近30个自然日：start=max(可观察起点,DATE(T0)-(30-1)日)，create_time<T0",比例,float32,duration==0为NaN,behavior_features()；T0部分当天仍按1个可观察自然日计，不是24小时标准化,V2-LC-0750,全量App行为,T0固定时点；提单/App<T0，放款/整笔结清≤T0；支付<T0，已确认整笔同秒结清订单的已知同秒支付可=T0；当前条件为T0已知值。来源可得时间仍待上线核验。,已入模,保留字段；零增益不等于没有业务意义,0.0001175899930915879,0.00011283316005383754,0.0003338155112940915,0.042418872924253934,1261.5460033416748
app_all_30d_amount_per_newpage,全部日期｜切换金额次数对进页比,amount/newpage,S04｜event_track_record（App埋点）；S01｜order_loan_f_v2_copy（整笔订单）,"近30个自然日：start=max(可观察起点,DATE(T0)-(30-1)日)，create_time<T0",次数比,float32,newpage==0为NaN；可能>1,behavior_features()；T0部分当天仍按1个可观察自然日计，不是24小时标准化,V2-LC-0751,全量App行为,T0固定时点；提单/App<T0，放款/整笔结清≤T0；支付<T0，已确认整笔同秒结清订单的已知同秒支付可=T0；当前条件为T0已知值。来源可得时间仍待上线核验。,已入模,保留字段；零增益不等于没有业务意义,0.004752595554118344,0.004086172296235402,0.005563591854901524,0.12523888131394215,108.94040012359619
app_all_30d_plan_per_newpage,全部日期｜查看计划次数对进页比,plan/newpage,S04｜event_track_record（App埋点）；S01｜order_loan_f_v2_copy（整笔订单）,"近30个自然日：start=max(可观察起点,DATE(T0)-(30-1)日)，create_time<T0",次数比,float32,newpage==0为NaN；可能>1,behavior_features()；T0部分当天仍按1个可观察自然日计，不是24小时标准化,V2-LC-0752,全量App行为,T0固定时点；提单/App<T0，放款/整笔结清≤T0；支付<T0，已确认整笔同秒结清订单的已知同秒支付可=T0；当前条件为T0已知值。来源可得时间仍待上线核验。,已入模,保留字段；零增益不等于没有业务意义,0.004752595554118344,0.004086172296235402,0.005563591854901524,0.032066091047571986,133.70670127868652
app_all_30d_confirm_per_newpage,全部日期｜确认埋点次数对进页比,confirm/newpage,S04｜event_track_record（App埋点）；S01｜order_loan_f_v2_copy（整笔订单）,"近30个自然日：start=max(可观察起点,DATE(T0)-(30-1)日)，create_time<T0",次数比（非用户确认率）,float32,newpage==0为NaN；可能>1，不等于成功提单,behavior_features()；T0部分当天仍按1个可观察自然日计，不是24小时标准化,V2-LC-0753,全量App行为,T0固定时点；提单/App<T0，放款/整笔结清≤T0；支付<T0，已确认整笔同秒结清订单的已知同秒支付可=T0；当前条件为T0已知值。来源可得时间仍待上线核验。,已入模,保留字段；零增益不等于没有业务意义,0.004752595554118344,0.004086172296235402,0.005563591854901524,0.18975769297377243,2374.2577905654907
app_all_30d_coupon_accept_share,全部日期｜券点击对点击加关闭比,coupon_confirm/(coupon_confirm+coupon_back),S04｜event_track_record（App埋点）；S01｜order_loan_f_v2_copy（整笔订单）,"近30个自然日：start=max(可观察起点,DATE(T0)-(30-1)日)，create_time<T0",比例,float32,分母==0为NaN,behavior_features()；T0部分当天仍按1个可观察自然日计，不是24小时标准化,V2-LC-0754,全量App行为,T0固定时点；提单/App<T0，放款/整笔结清≤T0；支付<T0，已确认整笔同秒结清订单的已知同秒支付可=T0；当前条件为T0已知值。来源可得时间仍待上线核验。,已入模,保留字段；零增益不等于没有业务意义,0.8154278070936163,0.8187980044649693,0.8199621675753866,0.0005423905606897436,88.03640079498291
app_all_60d_eligible_days,全部日期｜可观察且未排除日期数,"max(0,DATE(T0)-start+1-排除还款日数)",S04｜event_track_record（App埋点）；S01｜order_loan_f_v2_copy（整笔订单）,"近60个自然日：start=max(可观察起点,DATE(T0)-(60-1)日)，create_time<T0",自然日,float32,无日期为0,behavior_features()；T0部分当天仍按1个可观察自然日计，不是24小时标准化,V2-LC-0755,全量App行为,T0固定时点；提单/App<T0，放款/整笔结清≤T0；支付<T0，已确认整笔同秒结清订单的已知同秒支付可=T0；当前条件为T0已知值。来源可得时间仍待上线核验。,已入模,保留字段；零增益不等于没有业务意义,0.0,0.0,0.0,0.030833573701003,0.0
app_all_60d_empty_eligible,全部日期｜无可观察日期标记,INT(eligible_days==0),S04｜event_track_record（App埋点）；S01｜order_loan_f_v2_copy（整笔订单）,"近60个自然日：start=max(可观察起点,DATE(T0)-(60-1)日)，create_time<T0",0/1,float32,无日期为1,behavior_features()；T0部分当天仍按1个可观察自然日计，不是24小时标准化,V2-LC-0756,全量App行为,T0固定时点；提单/App<T0，放款/整笔结清≤T0；支付<T0，已确认整笔同秒结清订单的已知同秒支付可=T0；当前条件为T0已知值。来源可得时间仍待上线核验。,已入模,保留字段；零增益不等于没有业务意义,0.0,0.0,0.0,0.0,0.0
app_all_60d_active_days,全部日期｜有埋点的日期数,COUNT(窗口内event_count>0的日期),S04｜event_track_record（App埋点）；S01｜order_loan_f_v2_copy（整笔订单）,"近60个自然日：start=max(可观察起点,DATE(T0)-(60-1)日)，create_time<T0",自然日,float32,无活跃或无可观察日期为0,behavior_features()；T0部分当天仍按1个可观察自然日计，不是24小时标准化,V2-LC-0757,全量App行为,T0固定时点；提单/App<T0，放款/整笔结清≤T0；支付<T0，已确认整笔同秒结清订单的已知同秒支付可=T0；当前条件为T0已知值。来源可得时间仍待上线核验。,已入模,保留字段；零增益不等于没有业务意义,0.0,0.0,0.0,0.032187944925921384,201.4025993347168
app_all_60d_active_day_share,全部日期｜活跃日期占比,active_days/eligible_days,S04｜event_track_record（App埋点）；S01｜order_loan_f_v2_copy（整笔订单）,"近60个自然日：start=max(可观察起点,DATE(T0)-(60-1)日)，create_time<T0",比例,float32,eligible_days==0为NaN,behavior_features()；T0部分当天仍按1个可观察自然日计，不是24小时标准化,V2-LC-0758,全量App行为,T0固定时点；提单/App<T0，放款/整笔结清≤T0；支付<T0，已确认整笔同秒结清订单的已知同秒支付可=T0；当前条件为T0已知值。来源可得时间仍待上线核验。,已入模,保留字段；零增益不等于没有业务意义,1.4698749136448488e-05,2.41785342972509e-05,0.0,0.0035626654446845583,65.70430088043213
app_all_60d_events,全部日期｜活跃埋点条数,COUNT(e.user_id)；按窗口允许日期累加,S04｜event_track_record（App埋点）,"近60个自然日：start=max(可观察起点,DATE(T0)-(60-1)日)，create_time<T0",条,float32,eligible_days==0为NaN；有可观察日期而无行为为0,behavior_features()；次数不是人数，时长不去除重叠,V2-LC-0759,全量App行为,T0固定时点；提单/App<T0，放款/整笔结清≤T0；支付<T0，已确认整笔同秒结清订单的已知同秒支付可=T0；当前条件为T0已知值。来源可得时间仍待上线核验。,已入模,保留字段；零增益不等于没有业务意义,1.4698749136448488e-05,2.41785342972509e-05,0.0,0.028245382347983707,238.64159774780273
app_all_60d_newpage,全部日期｜进入提单页次数,"SUM(INT(e.event_type='page_view_in' AND e.props_id IN ('Loan_newpage','Loan_newpage_select')))；按窗口允许日期累加",S04｜event_track_record（App埋点）,"近60个自然日：start=max(可观察起点,DATE(T0)-(60-1)日)，create_time<T0",次,float32,eligible_days==0为NaN；有可观察日期而无行为为0,behavior_features()；次数不是人数，时长不去除重叠,V2-LC-0760,全量App行为,T0固定时点；提单/App<T0，放款/整笔结清≤T0；支付<T0，已确认整笔同秒结清订单的已知同秒支付可=T0；当前条件为T0已知值。来源可得时间仍待上线核验。,已入模,保留字段；零增益不等于没有业务意义,1.4698749136448488e-05,2.41785342972509e-05,0.0,0.08357908601218056,13.99470043182373
app_all_60d_amount,全部日期｜切换借款金额次数,"SUM(INT(e.props_id IN ('amount_modification','loan_form_loan_amount_selectionn_new','loan_form_loan_amount_selectionn_new_select')))；按窗口允许日期累加",S04｜event_track_record（App埋点）,"近60个自然日：start=max(可观察起点,DATE(T0)-(60-1)日)，create_time<T0",次,float32,eligible_days==0为NaN；有可观察日期而无行为为0,behavior_features()；次数不是人数，时长不去除重叠,V2-LC-0761,全量App行为,T0固定时点；提单/App<T0，放款/整笔结清≤T0；支付<T0，已确认整笔同秒结清订单的已知同秒支付可=T0；当前条件为T0已知值。来源可得时间仍待上线核验。,已入模,保留字段；零增益不等于没有业务意义,1.4698749136448488e-05,2.41785342972509e-05,0.0,0.205875566969369,101.01200008392334
app_all_60d_contract,全部日期｜查看借款合同次数,"SUM(INT(e.props_id IN ('Loan_contract_newdetails','Loan_contract_newdetails_select')))；按窗口允许日期累加",S04｜event_track_record（App埋点）,"近60个自然日：start=max(可观察起点,DATE(T0)-(60-1)日)，create_time<T0",次,float32,eligible_days==0为NaN；有可观察日期而无行为为0,behavior_features()；次数不是人数，时长不去除重叠,V2-LC-0762,全量App行为,T0固定时点；提单/App<T0，放款/整笔结清≤T0；支付<T0，已确认整笔同秒结清订单的已知同秒支付可=T0；当前条件为T0已知值。来源可得时间仍待上线核验。,已入模,保留字段；零增益不等于没有业务意义,1.4698749136448488e-05,2.41785342972509e-05,0.0,0.0018904314341034638,0.0
app_all_60d_term,全部日期｜切换借款期次次数,"SUM(INT(e.props_id IN ('loan_form_term_selection_new','loan_form_term_selection_new_select')))；按窗口允许日期累加",S04｜event_track_record（App埋点）,"近60个自然日：start=max(可观察起点,DATE(T0)-(60-1)日)，create_time<T0",次,float32,eligible_days==0为NaN；有可观察日期而无行为为0,behavior_features()；次数不是人数，时长不去除重叠,V2-LC-0763,全量App行为,T0固定时点；提单/App<T0，放款/整笔结清≤T0；支付<T0，已确认整笔同秒结清订单的已知同秒支付可=T0；当前条件为T0已知值。来源可得时间仍待上线核验。,已入模,保留字段；零增益不等于没有业务意义,1.4698749136448488e-05,2.41785342972509e-05,0.0,0.04022231816565352,0.0
app_all_60d_confirm,全部日期｜确认提单埋点次数,"SUM(INT(e.props_id IN ('Loan_newconfirm','Loan_newconfirm_select')))；按窗口允许日期累加",S04｜event_track_record（App埋点）,"近60个自然日：start=max(可观察起点,DATE(T0)-(60-1)日)，create_time<T0",次,float32,eligible_days==0为NaN；有可观察日期而无行为为0,behavior_features()；次数不是人数，时长不去除重叠,V2-LC-0764,全量App行为,T0固定时点；提单/App<T0，放款/整笔结清≤T0；支付<T0，已确认整笔同秒结清订单的已知同秒支付可=T0；当前条件为T0已知值。来源可得时间仍待上线核验。,已入模,保留字段；零增益不等于没有业务意义,1.4698749136448488e-05,2.41785342972509e-05,0.0,0.00882116215349748,116.88729953765869
app_all_60d_plan,全部日期｜查看还款计划次数,"SUM(INT(e.props_id IN ('Loan_plan_newdetails','Loan_plan_newdetails_select')))；按窗口允许日期累加",S04｜event_track_record（App埋点）,"近60个自然日：start=max(可观察起点,DATE(T0)-(60-1)日)，create_time<T0",次,float32,eligible_days==0为NaN；有可观察日期而无行为为0,behavior_features()；次数不是人数，时长不去除重叠,V2-LC-0765,全量App行为,T0固定时点；提单/App<T0，放款/整笔结清≤T0；支付<T0，已确认整笔同秒结清订单的已知同秒支付可=T0；当前条件为T0已知值。来源可得时间仍待上线核验。,已入模,保留字段；零增益不等于没有业务意义,1.4698749136448488e-05,2.41785342972509e-05,0.0,0.06933072263479605,276.8680000305176
app_all_60d_purpose,全部日期｜选择借款用途次数,"SUM(INT(e.props_id IN ('Loan_purpose_newdetails','Loan_purpose_newdetails_select')))；按窗口允许日期累加",S04｜event_track_record（App埋点）,"近60个自然日：start=max(可观察起点,DATE(T0)-(60-1)日)，create_time<T0",次,float32,eligible_days==0为NaN；有可观察日期而无行为为0,behavior_features()；次数不是人数，时长不去除重叠,V2-LC-0766,全量App行为,T0固定时点；提单/App<T0，放款/整笔结清≤T0；支付<T0，已确认整笔同秒结清订单的已知同秒支付可=T0；当前条件为T0已知值。来源可得时间仍待上线核验。,已入模,保留字段；零增益不等于没有业务意义,1.4698749136448488e-05,2.41785342972509e-05,0.0,0.002147609804995159,13.15939998626709
app_all_60d_coupon_back,全部日期｜关闭优惠券拦截次数,"SUM(INT(e.props_id IN ('Order_coupons_back','Order_coupons_back_select')))；按窗口允许日期累加",S04｜event_track_record（App埋点）,"近60个自然日：start=max(可观察起点,DATE(T0)-(60-1)日)，create_time<T0",次,float32,eligible_days==0为NaN；有可观察日期而无行为为0,behavior_features()；次数不是人数，时长不去除重叠,V2-LC-0767,全量App行为,T0固定时点；提单/App<T0，放款/整笔结清≤T0；支付<T0，已确认整笔同秒结清订单的已知同秒支付可=T0；当前条件为T0已知值。来源可得时间仍待上线核验。,已入模,保留字段；零增益不等于没有业务意义,1.4698749136448488e-05,2.41785342972509e-05,0.0,0.0026148333517090443,0.0
app_all_60d_coupon_confirm,全部日期｜点击优惠券拦截次数,"SUM(INT(e.props_id IN ('Order_coupons_confirm','Order_coupons_confirm_select')))；按窗口允许日期累加",S04｜event_track_record（App埋点）,"近60个自然日：start=max(可观察起点,DATE(T0)-(60-1)日)，create_time<T0",次,float32,eligible_days==0为NaN；有可观察日期而无行为为0,behavior_features()；次数不是人数，时长不去除重叠,V2-LC-0768,全量App行为,T0固定时点；提单/App<T0，放款/整笔结清≤T0；支付<T0，已确认整笔同秒结清订单的已知同秒支付可=T0；当前条件为T0已知值。来源可得时间仍待上线核验。,已入模,保留字段；零增益不等于没有业务意义,1.4698749136448488e-05,2.41785342972509e-05,0.0,0.0011541626501335282,0.0
app_all_60d_coupon_page,全部日期｜进入优惠券挽留页次数,"SUM(INT(e.props_id IN ('Order_coupons_page','Order_coupons_page_select')))；按窗口允许日期累加",S04｜event_track_record（App埋点）,"近60个自然日：start=max(可观察起点,DATE(T0)-(60-1)日)，create_time<T0",次,float32,eligible_days==0为NaN；有可观察日期而无行为为0,behavior_features()；次数不是人数，时长不去除重叠,V2-LC-0769,全量App行为,T0固定时点；提单/App<T0，放款/整笔结清≤T0；支付<T0，已确认整笔同秒结清订单的已知同秒支付可=T0；当前条件为T0已知值。来源可得时间仍待上线核验。,已入模,保留字段；零增益不等于没有业务意义,1.4698749136448488e-05,2.41785342972509e-05,0.0,0.020410381637006283,461.69709300994873
app_all_60d_repayment_page,全部日期｜名称含repay的辅助页面次数,"SUM(INT(lower(COALESCE(e.props_id,'')||' '||COALESCE(e.page_name,'')) LIKE '%repay%'))；按窗口允许日期累加",S04｜event_track_record（App埋点）,"近60个自然日：start=max(可观察起点,DATE(T0)-(60-1)日)，create_time<T0",次,float32,eligible_days==0为NaN；有可观察日期而无行为为0,behavior_features()；次数不是人数，时长不去除重叠,V2-LC-0770,全量App行为,T0固定时点；提单/App<T0，放款/整笔结清≤T0；支付<T0，已确认整笔同秒结清订单的已知同秒支付可=T0；当前条件为T0已知值。来源可得时间仍待上线核验。,已入模,保留字段；零增益不等于没有业务意义,1.4698749136448488e-05,2.41785342972509e-05,0.0,0.0034707834756151695,67.16239833831787
app_all_60d_duration,全部日期｜已结束页面累计停留,"SUM(min((event_end_time-event_start_time)/1000,3600))；仅page_view_out、end≥start且end≤截断时刻；按窗口允许日期累加",S04｜event_track_record（App埋点）,"近60个自然日：start=max(可观察起点,DATE(T0)-(60-1)日)，create_time<T0",秒,float32,eligible_days==0为NaN；有可观察日期而无行为为0,behavior_features()；次数不是人数，时长不去除重叠,V2-LC-0771,全量App行为,T0固定时点；提单/App<T0，放款/整笔结清≤T0；支付<T0，已确认整笔同秒结清订单的已知同秒支付可=T0；当前条件为T0已知值。来源可得时间仍待上线核验。,已入模,保留字段；零增益不等于没有业务意义,1.4698749136448488e-05,2.41785342972509e-05,0.0,0.0140330034784841,71.64179992675781
app_all_60d_apply_duration,全部日期｜已结束提单页累计停留,与duration相同，另限定props_id为Loan_newpage/Loan_newpage_select；按窗口允许日期累加,S04｜event_track_record（App埋点）,"近60个自然日：start=max(可观察起点,DATE(T0)-(60-1)日)，create_time<T0",秒,float32,eligible_days==0为NaN；有可观察日期而无行为为0,behavior_features()；次数不是人数，时长不去除重叠,V2-LC-0772,全量App行为,T0固定时点；提单/App<T0，放款/整笔结清≤T0；支付<T0，已确认整笔同秒结清订单的已知同秒支付可=T0；当前条件为T0已知值。来源可得时间仍待上线核验。,已入模,保留字段；零增益不等于没有业务意义,1.4698749136448488e-05,2.41785342972509e-05,0.0,0.03132200614481733,124.26609802246094
app_all_60d_non_apply_duration,全部日期｜非提单页累计停留,duration-apply_duration,S04｜event_track_record（App埋点）；S01｜order_loan_f_v2_copy（整笔订单）,"近60个自然日：start=max(可观察起点,DATE(T0)-(60-1)日)，create_time<T0",秒,float32,eligible_days==0为NaN，否则无行为为0,behavior_features()；T0部分当天仍按1个可观察自然日计，不是24小时标准化,V2-LC-0773,全量App行为,T0固定时点；提单/App<T0，放款/整笔结清≤T0；支付<T0，已确认整笔同秒结清订单的已知同秒支付可=T0；当前条件为T0已知值。来源可得时间仍待上线核验。,已入模,保留字段；零增益不等于没有业务意义,1.4698749136448488e-05,2.41785342972509e-05,0.0,0.0049333915172038775,189.2918996810913
app_all_60d_events_per_eligible_day,全部日期｜每可观察日活跃频次,events/eligible_days,S04｜event_track_record（App埋点）；S01｜order_loan_f_v2_copy（整笔订单）,"近60个自然日：start=max(可观察起点,DATE(T0)-(60-1)日)，create_time<T0",条/自然日,float32,eligible_days==0为NaN,behavior_features()；T0部分当天仍按1个可观察自然日计，不是24小时标准化,V2-LC-0774,全量App行为,T0固定时点；提单/App<T0，放款/整笔结清≤T0；支付<T0，已确认整笔同秒结清订单的已知同秒支付可=T0；当前条件为T0已知值。来源可得时间仍待上线核验。,已入模,保留字段；零增益不等于没有业务意义,1.4698749136448488e-05,2.41785342972509e-05,0.0,0.007751806261042236,152.85579872131348
app_all_60d_duration_per_active_day,全部日期｜每活跃日累计页面停留,duration/active_days,S04｜event_track_record（App埋点）；S01｜order_loan_f_v2_copy（整笔订单）,"近60个自然日：start=max(可观察起点,DATE(T0)-(60-1)日)，create_time<T0",秒/活跃日,float32,active_days==0为NaN,behavior_features()；T0部分当天仍按1个可观察自然日计，不是24小时标准化,V2-LC-0775,全量App行为,T0固定时点；提单/App<T0，放款/整笔结清≤T0；支付<T0，已确认整笔同秒结清订单的已知同秒支付可=T0；当前条件为T0已知值。来源可得时间仍待上线核验。,已入模,保留字段；零增益不等于没有业务意义,2.9397498272896976e-05,2.41785342972509e-05,0.0,0.007929510510491703,133.36920166015625
app_all_60d_apply_duration_share,全部日期｜提单页停留占比,apply_duration/duration,S04｜event_track_record（App埋点）；S01｜order_loan_f_v2_copy（整笔订单）,"近60个自然日：start=max(可观察起点,DATE(T0)-(60-1)日)，create_time<T0",比例,float32,duration==0为NaN,behavior_features()；T0部分当天仍按1个可观察自然日计，不是24小时标准化,V2-LC-0776,全量App行为,T0固定时点；提单/App<T0，放款/整笔结清≤T0；支付<T0，已确认整笔同秒结清订单的已知同秒支付可=T0；当前条件为T0已知值。来源可得时间仍待上线核验。,已入模,保留字段；零增益不等于没有业务意义,4.899583045482829e-05,4.029755716208484e-05,0.00011127183709803049,0.04183220042379015,589.0469999313354
app_all_60d_amount_per_newpage,全部日期｜切换金额次数对进页比,amount/newpage,S04｜event_track_record（App埋点）；S01｜order_loan_f_v2_copy（整笔订单）,"近60个自然日：start=max(可观察起点,DATE(T0)-(60-1)日)，create_time<T0",次数比,float32,newpage==0为NaN；可能>1,behavior_features()；T0部分当天仍按1个可观察自然日计，不是24小时标准化,V2-LC-0777,全量App行为,T0固定时点；提单/App<T0，放款/整笔结清≤T0；支付<T0，已确认整笔同秒结清订单的已知同秒支付可=T0；当前条件为T0已知值。来源可得时间仍待上线核验。,已入模,保留字段；零增益不等于没有业务意义,0.00100441452432398,0.0010880340433762905,0.0003338155112940915,0.18861364358894464,89.14290142059326
app_all_60d_plan_per_newpage,全部日期｜查看计划次数对进页比,plan/newpage,S04｜event_track_record（App埋点）；S01｜order_loan_f_v2_copy（整笔订单）,"近60个自然日：start=max(可观察起点,DATE(T0)-(60-1)日)，create_time<T0",次数比,float32,newpage==0为NaN；可能>1,behavior_features()；T0部分当天仍按1个可观察自然日计，不是24小时标准化,V2-LC-0778,全量App行为,T0固定时点；提单/App<T0，放款/整笔结清≤T0；支付<T0，已确认整笔同秒结清订单的已知同秒支付可=T0；当前条件为T0已知值。来源可得时间仍待上线核验。,已入模,保留字段；零增益不等于没有业务意义,0.00100441452432398,0.0010880340433762905,0.0003338155112940915,0.046494968133685144,106.30549907684326
app_all_60d_confirm_per_newpage,全部日期｜确认埋点次数对进页比,confirm/newpage,S04｜event_track_record（App埋点）；S01｜order_loan_f_v2_copy（整笔订单）,"近60个自然日：start=max(可观察起点,DATE(T0)-(60-1)日)，create_time<T0",次数比（非用户确认率）,float32,newpage==0为NaN；可能>1，不等于成功提单,behavior_features()；T0部分当天仍按1个可观察自然日计，不是24小时标准化,V2-LC-0779,全量App行为,T0固定时点；提单/App<T0，放款/整笔结清≤T0；支付<T0，已确认整笔同秒结清订单的已知同秒支付可=T0；当前条件为T0已知值。来源可得时间仍待上线核验。,已入模,保留字段；零增益不等于没有业务意义,0.00100441452432398,0.0010880340433762905,0.0003338155112940915,0.2116529582335751,2479.963355064392
app_all_60d_coupon_accept_share,全部日期｜券点击对点击加关闭比,coupon_confirm/(coupon_confirm+coupon_back),S04｜event_track_record（App埋点）；S01｜order_loan_f_v2_copy（整笔订单）,"近60个自然日：start=max(可观察起点,DATE(T0)-(60-1)日)，create_time<T0",比例,float32,分母==0为NaN,behavior_features()；T0部分当天仍按1个可观察自然日计，不是24小时标准化,V2-LC-0780,全量App行为,T0固定时点；提单/App<T0，放款/整笔结清≤T0；支付<T0，已确认整笔同秒结清订单的已知同秒支付可=T0；当前条件为T0已知值。来源可得时间仍待上线核验。,已入模,保留字段；零增益不等于没有业务意义,0.73575568719102,0.7475277448681061,0.7360632024034717,0.0017395438401752736,0.0
app_all_90d_eligible_days,全部日期｜可观察且未排除日期数,"max(0,DATE(T0)-start+1-排除还款日数)",S04｜event_track_record（App埋点）；S01｜order_loan_f_v2_copy（整笔订单）,"近90个自然日：start=max(可观察起点,DATE(T0)-(90-1)日)，create_time<T0",自然日,float32,无日期为0,behavior_features()；T0部分当天仍按1个可观察自然日计，不是24小时标准化,V2-LC-0781,全量App行为,T0固定时点；提单/App<T0，放款/整笔结清≤T0；支付<T0，已确认整笔同秒结清订单的已知同秒支付可=T0；当前条件为T0已知值。来源可得时间仍待上线核验。,已入模,保留字段；零增益不等于没有业务意义,0.0,0.0,0.0,0.030851278378819243,0.0
app_all_90d_empty_eligible,全部日期｜无可观察日期标记,INT(eligible_days==0),S04｜event_track_record（App埋点）；S01｜order_loan_f_v2_copy（整笔订单）,"近90个自然日：start=max(可观察起点,DATE(T0)-(90-1)日)，create_time<T0",0/1,float32,无日期为1,behavior_features()；T0部分当天仍按1个可观察自然日计，不是24小时标准化,V2-LC-0782,全量App行为,T0固定时点；提单/App<T0，放款/整笔结清≤T0；支付<T0，已确认整笔同秒结清订单的已知同秒支付可=T0；当前条件为T0已知值。来源可得时间仍待上线核验。,已入模,保留字段；零增益不等于没有业务意义,0.0,0.0,0.0,0.0,0.0
app_all_90d_active_days,全部日期｜有埋点的日期数,COUNT(窗口内event_count>0的日期),S04｜event_track_record（App埋点）；S01｜order_loan_f_v2_copy（整笔订单）,"近90个自然日：start=max(可观察起点,DATE(T0)-(90-1)日)，create_time<T0",自然日,float32,无活跃或无可观察日期为0,behavior_features()；T0部分当天仍按1个可观察自然日计，不是24小时标准化,V2-LC-0783,全量App行为,T0固定时点；提单/App<T0，放款/整笔结清≤T0；支付<T0，已确认整笔同秒结清订单的已知同秒支付可=T0；当前条件为T0已知值。来源可得时间仍待上线核验。,已入模,保留字段；零增益不等于没有业务意义,0.0,0.0,0.0,0.031153781680425437,49.05910110473633
app_all_90d_active_day_share,全部日期｜活跃日期占比,active_days/eligible_days,S04｜event_track_record（App埋点）；S01｜order_loan_f_v2_copy（整笔订单）,"近90个自然日：start=max(可观察起点,DATE(T0)-(90-1)日)，create_time<T0",比例,float32,eligible_days==0为NaN,behavior_features()；T0部分当天仍按1个可观察自然日计，不是24小时标准化,V2-LC-0784,全量App行为,T0固定时点；提单/App<T0，放款/整笔结清≤T0；支付<T0，已确认整笔同秒结清订单的已知同秒支付可=T0；当前条件为T0已知值。来源可得时间仍待上线核验。,已入模,保留字段；零增益不等于没有业务意义,1.4698749136448488e-05,2.41785342972509e-05,0.0,0.003794923355193763,71.3134994506836
app_all_90d_events,全部日期｜活跃埋点条数,COUNT(e.user_id)；按窗口允许日期累加,S04｜event_track_record（App埋点）,"近90个自然日：start=max(可观察起点,DATE(T0)-(90-1)日)，create_time<T0",条,float32,eligible_days==0为NaN；有可观察日期而无行为为0,behavior_features()；次数不是人数，时长不去除重叠,V2-LC-0785,全量App行为,T0固定时点；提单/App<T0，放款/整笔结清≤T0；支付<T0，已确认整笔同秒结清订单的已知同秒支付可=T0；当前条件为T0已知值。来源可得时间仍待上线核验。,已入模,保留字段；零增益不等于没有业务意义,1.4698749136448488e-05,2.41785342972509e-05,0.0,0.026546276558297607,209.1668996810913
app_all_90d_newpage,全部日期｜进入提单页次数,"SUM(INT(e.event_type='page_view_in' AND e.props_id IN ('Loan_newpage','Loan_newpage_select')))；按窗口允许日期累加",S04｜event_track_record（App埋点）,"近90个自然日：start=max(可观察起点,DATE(T0)-(90-1)日)，create_time<T0",次,float32,eligible_days==0为NaN；有可观察日期而无行为为0,behavior_features()；次数不是人数，时长不去除重叠,V2-LC-0786,全量App行为,T0固定时点；提单/App<T0，放款/整笔结清≤T0；支付<T0，已确认整笔同秒结清订单的已知同秒支付可=T0；当前条件为T0已知值。来源可得时间仍待上线核验。,已入模,保留字段；零增益不等于没有业务意义,1.4698749136448488e-05,2.41785342972509e-05,0.0,0.07570717007141235,68.33019924163818
app_all_90d_amount,全部日期｜切换借款金额次数,"SUM(INT(e.props_id IN ('amount_modification','loan_form_loan_amount_selectionn_new','loan_form_loan_amount_selectionn_new_select')))；按窗口允许日期累加",S04｜event_track_record（App埋点）,"近90个自然日：start=max(可观察起点,DATE(T0)-(90-1)日)，create_time<T0",次,float32,eligible_days==0为NaN；有可观察日期而无行为为0,behavior_features()；次数不是人数，时长不去除重叠,V2-LC-0787,全量App行为,T0固定时点；提单/App<T0，放款/整笔结清≤T0；支付<T0，已确认整笔同秒结清订单的已知同秒支付可=T0；当前条件为T0已知值。来源可得时间仍待上线核验。,已入模,保留字段；零增益不等于没有业务意义,1.4698749136448488e-05,2.41785342972509e-05,0.0,0.2100870305756515,40.70199966430664
app_all_90d_contract,全部日期｜查看借款合同次数,"SUM(INT(e.props_id IN ('Loan_contract_newdetails','Loan_contract_newdetails_select')))；按窗口允许日期累加",S04｜event_track_record（App埋点）,"近90个自然日：start=max(可观察起点,DATE(T0)-(90-1)日)，create_time<T0",次,float32,eligible_days==0为NaN；有可观察日期而无行为为0,behavior_features()；次数不是人数，时长不去除重叠,V2-LC-0788,全量App行为,T0固定时点；提单/App<T0，放款/整笔结清≤T0；支付<T0，已确认整笔同秒结清订单的已知同秒支付可=T0；当前条件为T0已知值。来源可得时间仍待上线核验。,已入模,保留字段；零增益不等于没有业务意义,1.4698749136448488e-05,2.41785342972509e-05,0.0,0.001874099145223081,0.0
app_all_90d_term,全部日期｜切换借款期次次数,"SUM(INT(e.props_id IN ('loan_form_term_selection_new','loan_form_term_selection_new_select')))；按窗口允许日期累加",S04｜event_track_record（App埋点）,"近90个自然日：start=max(可观察起点,DATE(T0)-(90-1)日)，create_time<T0",次,float32,eligible_days==0为NaN；有可观察日期而无行为为0,behavior_features()；次数不是人数，时长不去除重叠,V2-LC-0789,全量App行为,T0固定时点；提单/App<T0，放款/整笔结清≤T0；支付<T0，已确认整笔同秒结清订单的已知同秒支付可=T0；当前条件为T0已知值。来源可得时间仍待上线核验。,已入模,保留字段；零增益不等于没有业务意义,1.4698749136448488e-05,2.41785342972509e-05,0.0,0.04158910759276835,32.15109920501709
app_all_90d_confirm,全部日期｜确认提单埋点次数,"SUM(INT(e.props_id IN ('Loan_newconfirm','Loan_newconfirm_select')))；按窗口允许日期累加",S04｜event_track_record（App埋点）,"近90个自然日：start=max(可观察起点,DATE(T0)-(90-1)日)，create_time<T0",次,float32,eligible_days==0为NaN；有可观察日期而无行为为0,behavior_features()；次数不是人数，时长不去除重叠,V2-LC-0790,全量App行为,T0固定时点；提单/App<T0，放款/整笔结清≤T0；支付<T0，已确认整笔同秒结清订单的已知同秒支付可=T0；当前条件为T0已知值。来源可得时间仍待上线核验。,已入模,保留字段；零增益不等于没有业务意义,1.4698749136448488e-05,2.41785342972509e-05,0.0,0.007863519124618827,70.44019889831543
app_all_90d_plan,全部日期｜查看还款计划次数,"SUM(INT(e.props_id IN ('Loan_plan_newdetails','Loan_plan_newdetails_select')))；按窗口允许日期累加",S04｜event_track_record（App埋点）,"近90个自然日：start=max(可观察起点,DATE(T0)-(90-1)日)，create_time<T0",次,float32,eligible_days==0为NaN；有可观察日期而无行为为0,behavior_features()；次数不是人数，时长不去除重叠,V2-LC-0791,全量App行为,T0固定时点；提单/App<T0，放款/整笔结清≤T0；支付<T0，已确认整笔同秒结清订单的已知同秒支付可=T0；当前条件为T0已知值。来源可得时间仍待上线核验。,已入模,保留字段；零增益不等于没有业务意义,1.4698749136448488e-05,2.41785342972509e-05,0.0,0.06573922495696306,26.134900093078613
app_all_90d_purpose,全部日期｜选择借款用途次数,"SUM(INT(e.props_id IN ('Loan_purpose_newdetails','Loan_purpose_newdetails_select')))；按窗口允许日期累加",S04｜event_track_record（App埋点）,"近90个自然日：start=max(可观察起点,DATE(T0)-(90-1)日)，create_time<T0",次,float32,eligible_days==0为NaN；有可观察日期而无行为为0,behavior_features()；次数不是人数，时长不去除重叠,V2-LC-0792,全量App行为,T0固定时点；提单/App<T0，放款/整笔结清≤T0；支付<T0，已确认整笔同秒结清订单的已知同秒支付可=T0；当前条件为T0已知值。来源可得时间仍待上线核验。,已入模,保留字段；零增益不等于没有业务意义,1.4698749136448488e-05,2.41785342972509e-05,0.0,0.002815085239040283,18.149700164794922
app_all_90d_coupon_back,全部日期｜关闭优惠券拦截次数,"SUM(INT(e.props_id IN ('Order_coupons_back','Order_coupons_back_select')))；按窗口允许日期累加",S04｜event_track_record（App埋点）,"近90个自然日：start=max(可观察起点,DATE(T0)-(90-1)日)，create_time<T0",次,float32,eligible_days==0为NaN；有可观察日期而无行为为0,behavior_features()；次数不是人数，时长不去除重叠,V2-LC-0793,全量App行为,T0固定时点；提单/App<T0，放款/整笔结清≤T0；支付<T0，已确认整笔同秒结清订单的已知同秒支付可=T0；当前条件为T0已知值。来源可得时间仍待上线核验。,已入模,保留字段；零增益不等于没有业务意义,1.4698749136448488e-05,2.41785342972509e-05,0.0,0.005865078349637546,0.0
app_all_90d_coupon_confirm,全部日期｜点击优惠券拦截次数,"SUM(INT(e.props_id IN ('Order_coupons_confirm','Order_coupons_confirm_select')))；按窗口允许日期累加",S04｜event_track_record（App埋点）,"近90个自然日：start=max(可观察起点,DATE(T0)-(90-1)日)，create_time<T0",次,float32,eligible_days==0为NaN；有可观察日期而无行为为0,behavior_features()；次数不是人数，时长不去除重叠,V2-LC-0794,全量App行为,T0固定时点；提单/App<T0，放款/整笔结清≤T0；支付<T0，已确认整笔同秒结清订单的已知同秒支付可=T0；当前条件为T0已知值。来源可得时间仍待上线核验。,已入模,保留字段；零增益不等于没有业务意义,1.4698749136448488e-05,2.41785342972509e-05,0.0,0.002649641209993327,0.0
app_all_90d_coupon_page,全部日期｜进入优惠券挽留页次数,"SUM(INT(e.props_id IN ('Order_coupons_page','Order_coupons_page_select')))；按窗口允许日期累加",S04｜event_track_record（App埋点）,"近90个自然日：start=max(可观察起点,DATE(T0)-(90-1)日)，create_time<T0",次,float32,eligible_days==0为NaN；有可观察日期而无行为为0,behavior_features()；次数不是人数，时长不去除重叠,V2-LC-0795,全量App行为,T0固定时点；提单/App<T0，放款/整笔结清≤T0；支付<T0，已确认整笔同秒结清订单的已知同秒支付可=T0；当前条件为T0已知值。来源可得时间仍待上线核验。,已入模,保留字段；零增益不等于没有业务意义,1.4698749136448488e-05,2.41785342972509e-05,0.0,0.027555287138564203,1408.597978591919
app_all_90d_repayment_page,全部日期｜名称含repay的辅助页面次数,"SUM(INT(lower(COALESCE(e.props_id,'')||' '||COALESCE(e.page_name,'')) LIKE '%repay%'))；按窗口允许日期累加",S04｜event_track_record（App埋点）,"近90个自然日：start=max(可观察起点,DATE(T0)-(90-1)日)，create_time<T0",次,float32,eligible_days==0为NaN；有可观察日期而无行为为0,behavior_features()；次数不是人数，时长不去除重叠,V2-LC-0796,全量App行为,T0固定时点；提单/App<T0，放款/整笔结清≤T0；支付<T0，已确认整笔同秒结清订单的已知同秒支付可=T0；当前条件为T0已知值。来源可得时间仍待上线核验。,已入模,保留字段；零增益不等于没有业务意义,1.4698749136448488e-05,2.41785342972509e-05,0.0,0.0034107109991978633,11.953100204467773
app_all_90d_duration,全部日期｜已结束页面累计停留,"SUM(min((event_end_time-event_start_time)/1000,3600))；仅page_view_out、end≥start且end≤截断时刻；按窗口允许日期累加",S04｜event_track_record（App埋点）,"近90个自然日：start=max(可观察起点,DATE(T0)-(90-1)日)，create_time<T0",秒,float32,eligible_days==0为NaN；有可观察日期而无行为为0,behavior_features()；次数不是人数，时长不去除重叠,V2-LC-0797,全量App行为,T0固定时点；提单/App<T0，放款/整笔结清≤T0；支付<T0，已确认整笔同秒结清订单的已知同秒支付可=T0；当前条件为T0已知值。来源可得时间仍待上线核验。,已入模,保留字段；零增益不等于没有业务意义,1.4698749136448488e-05,2.41785342972509e-05,0.0,0.014404505479470007,0.0
app_all_90d_apply_duration,全部日期｜已结束提单页累计停留,与duration相同，另限定props_id为Loan_newpage/Loan_newpage_select；按窗口允许日期累加,S04｜event_track_record（App埋点）,"近90个自然日：start=max(可观察起点,DATE(T0)-(90-1)日)，create_time<T0",秒,float32,eligible_days==0为NaN；有可观察日期而无行为为0,behavior_features()；次数不是人数，时长不去除重叠,V2-LC-0798,全量App行为,T0固定时点；提单/App<T0，放款/整笔结清≤T0；支付<T0，已确认整笔同秒结清订单的已知同秒支付可=T0；当前条件为T0已知值。来源可得时间仍待上线核验。,已入模,保留字段；零增益不等于没有业务意义,1.4698749136448488e-05,2.41785342972509e-05,0.0,0.028934297700999072,66.54730033874512
app_all_90d_non_apply_duration,全部日期｜非提单页累计停留,duration-apply_duration,S04｜event_track_record（App埋点）；S01｜order_loan_f_v2_copy（整笔订单）,"近90个自然日：start=max(可观察起点,DATE(T0)-(90-1)日)，create_time<T0",秒,float32,eligible_days==0为NaN，否则无行为为0,behavior_features()；T0部分当天仍按1个可观察自然日计，不是24小时标准化,V2-LC-0799,全量App行为,T0固定时点；提单/App<T0，放款/整笔结清≤T0；支付<T0，已确认整笔同秒结清订单的已知同秒支付可=T0；当前条件为T0已知值。来源可得时间仍待上线核验。,已入模,保留字段；零增益不等于没有业务意义,1.4698749136448488e-05,2.41785342972509e-05,0.0,0.004734984108312045,104.54310131072998
app_all_90d_events_per_eligible_day,全部日期｜每可观察日活跃频次,events/eligible_days,S04｜event_track_record（App埋点）；S01｜order_loan_f_v2_copy（整笔订单）,"近90个自然日：start=max(可观察起点,DATE(T0)-(90-1)日)，create_time<T0",条/自然日,float32,eligible_days==0为NaN,behavior_features()；T0部分当天仍按1个可观察自然日计，不是24小时标准化,V2-LC-0800,全量App行为,T0固定时点；提单/App<T0，放款/整笔结清≤T0；支付<T0，已确认整笔同秒结清订单的已知同秒支付可=T0；当前条件为T0已知值。来源可得时间仍待上线核验。,已入模,保留字段；零增益不等于没有业务意义,1.4698749136448488e-05,2.41785342972509e-05,0.0,0.005297495667971361,71.16980075836182
app_all_90d_duration_per_active_day,全部日期｜每活跃日累计页面停留,duration/active_days,S04｜event_track_record（App埋点）；S01｜order_loan_f_v2_copy（整笔订单）,"近90个自然日：start=max(可观察起点,DATE(T0)-(90-1)日)，create_time<T0",秒/活跃日,float32,active_days==0为NaN,behavior_features()；T0部分当天仍按1个可观察自然日计，不是24小时标准化,V2-LC-0801,全量App行为,T0固定时点；提单/App<T0，放款/整笔结清≤T0；支付<T0，已确认整笔同秒结清订单的已知同秒支付可=T0；当前条件为T0已知值。来源可得时间仍待上线核验。,已入模,保留字段；零增益不等于没有业务意义,2.9397498272896976e-05,2.41785342972509e-05,0.0,0.008229705329390631,86.98269939422607
app_all_90d_apply_duration_share,全部日期｜提单页停留占比,apply_duration/duration,S04｜event_track_record（App埋点）；S01｜order_loan_f_v2_copy（整笔订单）,"近90个自然日：start=max(可观察起点,DATE(T0)-(90-1)日)，create_time<T0",比例,float32,duration==0为NaN,behavior_features()；T0部分当天仍按1个可观察自然日计，不是24小时标准化,V2-LC-0802,全量App行为,T0固定时点；提单/App<T0，放款/整笔结清≤T0；支付<T0，已确认整笔同秒结清订单的已知同秒支付可=T0；当前条件为T0已知值。来源可得时间仍待上线核验。,已入模,保留字段；零增益不等于没有业务意义,4.4096247409345465e-05,4.029755716208484e-05,0.00011127183709803049,0.041462123019536286,386.2493963241577
app_all_90d_amount_per_newpage,全部日期｜切换金额次数对进页比,amount/newpage,S04｜event_track_record（App埋点）；S01｜order_loan_f_v2_copy（整笔订单）,"近90个自然日：start=max(可观察起点,DATE(T0)-(90-1)日)，create_time<T0",次数比,float32,newpage==0为NaN；可能>1,behavior_features()；T0部分当天仍按1个可观察自然日计，不是24小时标准化,V2-LC-0803,全量App行为,T0固定时点；提单/App<T0，放款/整笔结清≤T0；支付<T0，已确认整笔同秒结清订单的已知同秒支付可=T0；当前条件为T0已知值。来源可得时间仍待上线核验。,已入模,保留字段；零增益不等于没有业务意义,0.0007349374568224244,0.0008784867461334493,0.0,0.2025221319347057,33.090800285339355
app_all_90d_plan_per_newpage,全部日期｜查看计划次数对进页比,plan/newpage,S04｜event_track_record（App埋点）；S01｜order_loan_f_v2_copy（整笔订单）,"近90个自然日：start=max(可观察起点,DATE(T0)-(90-1)日)，create_time<T0",次数比,float32,newpage==0为NaN；可能>1,behavior_features()；T0部分当天仍按1个可观察自然日计，不是24小时标准化,V2-LC-0804,全量App行为,T0固定时点；提单/App<T0，放款/整笔结清≤T0；支付<T0，已确认整笔同秒结清订单的已知同秒支付可=T0；当前条件为T0已知值。来源可得时间仍待上线核验。,已入模,保留字段；零增益不等于没有业务意义,0.0007349374568224244,0.0008784867461334493,0.0,0.050053417113278195,167.17409992218018
app_all_90d_confirm_per_newpage,全部日期｜确认埋点次数对进页比,confirm/newpage,S04｜event_track_record（App埋点）；S01｜order_loan_f_v2_copy（整笔订单）,"近90个自然日：start=max(可观察起点,DATE(T0)-(90-1)日)，create_time<T0",次数比（非用户确认率）,float32,newpage==0为NaN；可能>1，不等于成功提单,behavior_features()；T0部分当天仍按1个可观察自然日计，不是24小时标准化,V2-LC-0805,全量App行为,T0固定时点；提单/App<T0，放款/整笔结清≤T0；支付<T0，已确认整笔同秒结清订单的已知同秒支付可=T0；当前条件为T0已知值。来源可得时间仍待上线核验。,已入模,保留字段；零增益不等于没有业务意义,0.0007349374568224244,0.0008784867461334493,0.0,0.22973899423642785,5733.5732345581055
app_all_90d_coupon_accept_share,全部日期｜券点击对点击加关闭比,coupon_confirm/(coupon_confirm+coupon_back),S04｜event_track_record（App埋点）；S01｜order_loan_f_v2_copy（整笔订单）,"近90个自然日：start=max(可观察起点,DATE(T0)-(90-1)日)，create_time<T0",比例,float32,分母==0为NaN,behavior_features()；T0部分当天仍按1个可观察自然日计，不是24小时标准化,V2-LC-0806,全量App行为,T0固定时点；提单/App<T0，放款/整笔结清≤T0；支付<T0，已确认整笔同秒结清订单的已知同秒支付可=T0；当前条件为T0已知值。来源可得时间仍待上线核验。,已入模,保留字段；零增益不等于没有业务意义,0.699841743467631,0.7145159860409263,0.6916657394013576,0.004435948057625545,133.10119915008545
app_all_lifed_eligible_days,全部日期｜可观察且未排除日期数,"max(0,DATE(T0)-start+1-排除还款日数)",S04｜event_track_record（App埋点）；S01｜order_loan_f_v2_copy（整笔订单）,"从max(reg_date,2024-01-01)至T0；当天只取create_time<T0",自然日,float32,无日期为0,behavior_features()；T0部分当天仍按1个可观察自然日计，不是24小时标准化,V2-LC-0807,全量App行为,T0固定时点；提单/App<T0，放款/整笔结清≤T0；支付<T0，已确认整笔同秒结清订单的已知同秒支付可=T0；当前条件为T0已知值。来源可得时间仍待上线核验。,已入模,保留字段；零增益不等于没有业务意义,0.0,0.0,0.0,0.03300729176973999,0.0
app_all_lifed_empty_eligible,全部日期｜无可观察日期标记,INT(eligible_days==0),S04｜event_track_record（App埋点）；S01｜order_loan_f_v2_copy（整笔订单）,"从max(reg_date,2024-01-01)至T0；当天只取create_time<T0",0/1,float32,无日期为1,behavior_features()；T0部分当天仍按1个可观察自然日计，不是24小时标准化,V2-LC-0808,全量App行为,T0固定时点；提单/App<T0，放款/整笔结清≤T0；支付<T0，已确认整笔同秒结清订单的已知同秒支付可=T0；当前条件为T0已知值。来源可得时间仍待上线核验。,已入模,保留字段；零增益不等于没有业务意义,0.0,0.0,0.0,0.0,0.0
app_all_lifed_active_days,全部日期｜有埋点的日期数,COUNT(窗口内event_count>0的日期),S04｜event_track_record（App埋点）；S01｜order_loan_f_v2_copy（整笔订单）,"从max(reg_date,2024-01-01)至T0；当天只取create_time<T0",自然日,float32,无活跃或无可观察日期为0,behavior_features()；T0部分当天仍按1个可观察自然日计，不是24小时标准化,V2-LC-0809,全量App行为,T0固定时点；提单/App<T0，放款/整笔结清≤T0；支付<T0，已确认整笔同秒结清订单的已知同秒支付可=T0；当前条件为T0已知值。来源可得时间仍待上线核验。,已入模,保留字段；零增益不等于没有业务意义,0.0,0.0,0.0,0.0321622870111554,25.804999351501465
app_all_lifed_active_day_share,全部日期｜活跃日期占比,active_days/eligible_days,S04｜event_track_record（App埋点）；S01｜order_loan_f_v2_copy（整笔订单）,"从max(reg_date,2024-01-01)至T0；当天只取create_time<T0",比例,float32,eligible_days==0为NaN,behavior_features()；T0部分当天仍按1个可观察自然日计，不是24小时标准化,V2-LC-0810,全量App行为,T0固定时点；提单/App<T0，放款/整笔结清≤T0；支付<T0，已确认整笔同秒结清订单的已知同秒支付可=T0；当前条件为T0已知值。来源可得时间仍待上线核验。,已入模,保留字段；零增益不等于没有业务意义,1.4698749136448488e-05,2.41785342972509e-05,0.0,0.004410537000693142,264.7368974685669
app_all_lifed_events,全部日期｜活跃埋点条数,COUNT(e.user_id)；按窗口允许日期累加,S04｜event_track_record（App埋点）,"从max(reg_date,2024-01-01)至T0；当天只取create_time<T0",条,float32,eligible_days==0为NaN；有可观察日期而无行为为0,behavior_features()；次数不是人数，时长不去除重叠,V2-LC-0811,全量App行为,T0固定时点；提单/App<T0，放款/整笔结清≤T0；支付<T0，已确认整笔同秒结清订单的已知同秒支付可=T0；当前条件为T0已知值。来源可得时间仍待上线核验。,已入模,保留字段；零增益不等于没有业务意义,1.4698749136448488e-05,2.41785342972509e-05,0.0,0.03243413951017634,284.6090021133423
app_all_lifed_newpage,全部日期｜进入提单页次数,"SUM(INT(e.event_type='page_view_in' AND e.props_id IN ('Loan_newpage','Loan_newpage_select')))；按窗口允许日期累加",S04｜event_track_record（App埋点）,"从max(reg_date,2024-01-01)至T0；当天只取create_time<T0",次,float32,eligible_days==0为NaN；有可观察日期而无行为为0,behavior_features()；次数不是人数，时长不去除重叠,V2-LC-0812,全量App行为,T0固定时点；提单/App<T0，放款/整笔结清≤T0；支付<T0，已确认整笔同秒结清订单的已知同秒支付可=T0；当前条件为T0已知值。来源可得时间仍待上线核验。,已入模,保留字段；零增益不等于没有业务意义,1.4698749136448488e-05,2.41785342972509e-05,0.0,0.07807912176504023,50.73820114135742
app_all_lifed_amount,全部日期｜切换借款金额次数,"SUM(INT(e.props_id IN ('amount_modification','loan_form_loan_amount_selectionn_new','loan_form_loan_amount_selectionn_new_select')))；按窗口允许日期累加",S04｜event_track_record（App埋点）,"从max(reg_date,2024-01-01)至T0；当天只取create_time<T0",次,float32,eligible_days==0为NaN；有可观察日期而无行为为0,behavior_features()；次数不是人数，时长不去除重叠,V2-LC-0813,全量App行为,T0固定时点；提单/App<T0，放款/整笔结清≤T0；支付<T0，已确认整笔同秒结清订单的已知同秒支付可=T0；当前条件为T0已知值。来源可得时间仍待上线核验。,已入模,保留字段；零增益不等于没有业务意义,1.4698749136448488e-05,2.41785342972509e-05,0.0,0.218136978395446,102.0088996887207
app_all_lifed_contract,全部日期｜查看借款合同次数,"SUM(INT(e.props_id IN ('Loan_contract_newdetails','Loan_contract_newdetails_select')))；按窗口允许日期累加",S04｜event_track_record（App埋点）,"从max(reg_date,2024-01-01)至T0；当天只取create_time<T0",次,float32,eligible_days==0为NaN；有可观察日期而无行为为0,behavior_features()；次数不是人数，时长不去除重叠,V2-LC-0814,全量App行为,T0固定时点；提单/App<T0，放款/整笔结清≤T0；支付<T0，已确认整笔同秒结清订单的已知同秒支付可=T0；当前条件为T0已知值。来源可得时间仍待上线核验。,已入模,保留字段；零增益不等于没有业务意义,1.4698749136448488e-05,2.41785342972509e-05,0.0,0.0016695014109268424,0.0
app_all_lifed_term,全部日期｜切换借款期次次数,"SUM(INT(e.props_id IN ('loan_form_term_selection_new','loan_form_term_selection_new_select')))；按窗口允许日期累加",S04｜event_track_record（App埋点）,"从max(reg_date,2024-01-01)至T0；当天只取create_time<T0",次,float32,eligible_days==0为NaN；有可观察日期而无行为为0,behavior_features()；次数不是人数，时长不去除重叠,V2-LC-0815,全量App行为,T0固定时点；提单/App<T0，放款/整笔结清≤T0；支付<T0，已确认整笔同秒结清订单的已知同秒支付可=T0；当前条件为T0已知值。来源可得时间仍待上线核验。,已入模,保留字段；零增益不等于没有业务意义,1.4698749136448488e-05,2.41785342972509e-05,0.0,0.0497548192689578,70.94120025634766
app_all_lifed_confirm,全部日期｜确认提单埋点次数,"SUM(INT(e.props_id IN ('Loan_newconfirm','Loan_newconfirm_select')))；按窗口允许日期累加",S04｜event_track_record（App埋点）,"从max(reg_date,2024-01-01)至T0；当天只取create_time<T0",次,float32,eligible_days==0为NaN；有可观察日期而无行为为0,behavior_features()；次数不是人数，时长不去除重叠,V2-LC-0816,全量App行为,T0固定时点；提单/App<T0，放款/整笔结清≤T0；支付<T0，已确认整笔同秒结清订单的已知同秒支付可=T0；当前条件为T0已知值。来源可得时间仍待上线核验。,已入模,保留字段；零增益不等于没有业务意义,1.4698749136448488e-05,2.41785342972509e-05,0.0,0.00337628490948218,28.2189998626709
app_all_lifed_plan,全部日期｜查看还款计划次数,"SUM(INT(e.props_id IN ('Loan_plan_newdetails','Loan_plan_newdetails_select')))；按窗口允许日期累加",S04｜event_track_record（App埋点）,"从max(reg_date,2024-01-01)至T0；当天只取create_time<T0",次,float32,eligible_days==0为NaN；有可观察日期而无行为为0,behavior_features()；次数不是人数，时长不去除重叠,V2-LC-0817,全量App行为,T0固定时点；提单/App<T0，放款/整笔结清≤T0；支付<T0，已确认整笔同秒结清订单的已知同秒支付可=T0；当前条件为T0已知值。来源可得时间仍待上线核验。,已入模,保留字段；零增益不等于没有业务意义,1.4698749136448488e-05,2.41785342972509e-05,0.0,0.06563395037630093,98.48419952392578
app_all_lifed_purpose,全部日期｜选择借款用途次数,"SUM(INT(e.props_id IN ('Loan_purpose_newdetails','Loan_purpose_newdetails_select')))；按窗口允许日期累加",S04｜event_track_record（App埋点）,"从max(reg_date,2024-01-01)至T0；当天只取create_time<T0",次,float32,eligible_days==0为NaN；有可观察日期而无行为为0,behavior_features()；次数不是人数，时长不去除重叠,V2-LC-0818,全量App行为,T0固定时点；提单/App<T0，放款/整笔结清≤T0；支付<T0，已确认整笔同秒结清订单的已知同秒支付可=T0；当前条件为T0已知值。来源可得时间仍待上线核验。,已入模,保留字段；零增益不等于没有业务意义,1.4698749136448488e-05,2.41785342972509e-05,0.0,0.006131041212978262,72.12909984588623
app_all_lifed_coupon_back,全部日期｜关闭优惠券拦截次数,"SUM(INT(e.props_id IN ('Order_coupons_back','Order_coupons_back_select')))；按窗口允许日期累加",S04｜event_track_record（App埋点）,"从max(reg_date,2024-01-01)至T0；当天只取create_time<T0",次,float32,eligible_days==0为NaN；有可观察日期而无行为为0,behavior_features()；次数不是人数，时长不去除重叠,V2-LC-0819,全量App行为,T0固定时点；提单/App<T0，放款/整笔结清≤T0；支付<T0，已确认整笔同秒结清订单的已知同秒支付可=T0；当前条件为T0已知值。来源可得时间仍待上线核验。,已入模,保留字段；零增益不等于没有业务意义,1.4698749136448488e-05,2.41785342972509e-05,0.0,0.0139653458863168,0.0
app_all_lifed_coupon_confirm,全部日期｜点击优惠券拦截次数,"SUM(INT(e.props_id IN ('Order_coupons_confirm','Order_coupons_confirm_select')))；按窗口允许日期累加",S04｜event_track_record（App埋点）,"从max(reg_date,2024-01-01)至T0；当天只取create_time<T0",次,float32,eligible_days==0为NaN；有可观察日期而无行为为0,behavior_features()；次数不是人数，时长不去除重叠,V2-LC-0820,全量App行为,T0固定时点；提单/App<T0，放款/整笔结清≤T0；支付<T0，已确认整笔同秒结清订单的已知同秒支付可=T0；当前条件为T0已知值。来源可得时间仍待上线核验。,已入模,保留字段；零增益不等于没有业务意义,1.4698749136448488e-05,2.41785342972509e-05,0.0,0.00620949281728453,0.0
app_all_lifed_coupon_page,全部日期｜进入优惠券挽留页次数,"SUM(INT(e.props_id IN ('Order_coupons_page','Order_coupons_page_select')))；按窗口允许日期累加",S04｜event_track_record（App埋点）,"从max(reg_date,2024-01-01)至T0；当天只取create_time<T0",次,float32,eligible_days==0为NaN；有可观察日期而无行为为0,behavior_features()；次数不是人数，时长不去除重叠,V2-LC-0821,全量App行为,T0固定时点；提单/App<T0，放款/整笔结清≤T0；支付<T0，已确认整笔同秒结清订单的已知同秒支付可=T0；当前条件为T0已知值。来源可得时间仍待上线核验。,已入模,保留字段；零增益不等于没有业务意义,1.4698749136448488e-05,2.41785342972509e-05,0.0,0.041911487361667304,716.7904005050659
app_all_lifed_repayment_page,全部日期｜名称含repay的辅助页面次数,"SUM(INT(lower(COALESCE(e.props_id,'')||' '||COALESCE(e.page_name,'')) LIKE '%repay%'))；按窗口允许日期累加",S04｜event_track_record（App埋点）,"从max(reg_date,2024-01-01)至T0；当天只取create_time<T0",次,float32,eligible_days==0为NaN；有可观察日期而无行为为0,behavior_features()；次数不是人数，时长不去除重叠,V2-LC-0822,全量App行为,T0固定时点；提单/App<T0，放款/整笔结清≤T0；支付<T0，已确认整笔同秒结清订单的已知同秒支付可=T0；当前条件为T0已知值。来源可得时间仍待上线核验。,已入模,保留字段；零增益不等于没有业务意义,1.4698749136448488e-05,2.41785342972509e-05,0.0,0.0032907082072872475,14.273500442504883
app_all_lifed_duration,全部日期｜已结束页面累计停留,"SUM(min((event_end_time-event_start_time)/1000,3600))；仅page_view_out、end≥start且end≤截断时刻；按窗口允许日期累加",S04｜event_track_record（App埋点）,"从max(reg_date,2024-01-01)至T0；当天只取create_time<T0",秒,float32,eligible_days==0为NaN；有可观察日期而无行为为0,behavior_features()；次数不是人数，时长不去除重叠,V2-LC-0823,全量App行为,T0固定时点；提单/App<T0，放款/整笔结清≤T0；支付<T0，已确认整笔同秒结清订单的已知同秒支付可=T0；当前条件为T0已知值。来源可得时间仍待上线核验。,已入模,保留字段；零增益不等于没有业务意义,1.4698749136448488e-05,2.41785342972509e-05,0.0,0.014110786084722687,168.24290084838867
app_all_lifed_apply_duration,全部日期｜已结束提单页累计停留,与duration相同，另限定props_id为Loan_newpage/Loan_newpage_select；按窗口允许日期累加,S04｜event_track_record（App埋点）,"从max(reg_date,2024-01-01)至T0；当天只取create_time<T0",秒,float32,eligible_days==0为NaN；有可观察日期而无行为为0,behavior_features()；次数不是人数，时长不去除重叠,V2-LC-0824,全量App行为,T0固定时点；提单/App<T0，放款/整笔结清≤T0；支付<T0，已确认整笔同秒结清订单的已知同秒支付可=T0；当前条件为T0已知值。来源可得时间仍待上线核验。,已入模,保留字段；零增益不等于没有业务意义,1.4698749136448488e-05,2.41785342972509e-05,0.0,0.031001770008693762,79.46339988708496
app_all_lifed_non_apply_duration,全部日期｜非提单页累计停留,duration-apply_duration,S04｜event_track_record（App埋点）；S01｜order_loan_f_v2_copy（整笔订单）,"从max(reg_date,2024-01-01)至T0；当天只取create_time<T0",秒,float32,eligible_days==0为NaN，否则无行为为0,behavior_features()；T0部分当天仍按1个可观察自然日计，不是24小时标准化,V2-LC-0825,全量App行为,T0固定时点；提单/App<T0，放款/整笔结清≤T0；支付<T0，已确认整笔同秒结清订单的已知同秒支付可=T0；当前条件为T0已知值。来源可得时间仍待上线核验。,已入模,保留字段；零增益不等于没有业务意义,1.4698749136448488e-05,2.41785342972509e-05,0.0,0.00718531622118998,214.70420265197754
app_all_lifed_events_per_eligible_day,全部日期｜每可观察日活跃频次,events/eligible_days,S04｜event_track_record（App埋点）；S01｜order_loan_f_v2_copy（整笔订单）,"从max(reg_date,2024-01-01)至T0；当天只取create_time<T0",条/自然日,float32,eligible_days==0为NaN,behavior_features()；T0部分当天仍按1个可观察自然日计，不是24小时标准化,V2-LC-0826,全量App行为,T0固定时点；提单/App<T0，放款/整笔结清≤T0；支付<T0，已确认整笔同秒结清订单的已知同秒支付可=T0；当前条件为T0已知值。来源可得时间仍待上线核验。,已入模,保留字段；零增益不等于没有业务意义,1.4698749136448488e-05,2.41785342972509e-05,0.0,0.005631461691995767,64.02930068969727
app_all_lifed_duration_per_active_day,全部日期｜每活跃日累计页面停留,duration/active_days,S04｜event_track_record（App埋点）；S01｜order_loan_f_v2_copy（整笔订单）,"从max(reg_date,2024-01-01)至T0；当天只取create_time<T0",秒/活跃日,float32,active_days==0为NaN,behavior_features()；T0部分当天仍按1个可观察自然日计，不是24小时标准化,V2-LC-0827,全量App行为,T0固定时点；提单/App<T0，放款/整笔结清≤T0；支付<T0，已确认整笔同秒结清订单的已知同秒支付可=T0；当前条件为T0已知值。来源可得时间仍待上线核验。,已入模,保留字段；零增益不等于没有业务意义,1.4698749136448488e-05,2.41785342972509e-05,0.0,0.014541428671571936,203.48550033569336
app_all_lifed_apply_duration_share,全部日期｜提单页停留占比,apply_duration/duration,S04｜event_track_record（App埋点）；S01｜order_loan_f_v2_copy（整笔订单）,"从max(reg_date,2024-01-01)至T0；当天只取create_time<T0",比例,float32,duration==0为NaN,behavior_features()；T0部分当天仍按1个可观察自然日计，不是24小时标准化,V2-LC-0828,全量App行为,T0固定时点；提单/App<T0，放款/整笔结清≤T0；支付<T0，已确认整笔同秒结清订单的已知同秒支付可=T0；当前条件为T0已知值。来源可得时间仍待上线核验。,已入模,保留字段；零增益不等于没有业务意义,2.4497915227414146e-05,4.029755716208484e-05,0.0,0.045772649185041446,316.68250274658203
app_all_lifed_amount_per_newpage,全部日期｜切换金额次数对进页比,amount/newpage,S04｜event_track_record（App埋点）；S01｜order_loan_f_v2_copy（整笔订单）,"从max(reg_date,2024-01-01)至T0；当天只取create_time<T0",次数比,float32,newpage==0为NaN；可能>1,behavior_features()；T0部分当天仍按1个可观察自然日计，不是24小时标准化,V2-LC-0829,全量App行为,T0固定时点；提单/App<T0，放款/整笔结清≤T0；支付<T0，已确认整笔同秒结清订单的已知同秒支付可=T0；当前条件为T0已知值。来源可得时间仍待上线核验。,已入模,保留字段；零增益不等于没有业务意义,0.0003870670605931435,0.0006044633574312725,0.0,0.20824780731364548,155.7943992614746
app_all_lifed_plan_per_newpage,全部日期｜查看计划次数对进页比,plan/newpage,S04｜event_track_record（App埋点）；S01｜order_loan_f_v2_copy（整笔订单）,"从max(reg_date,2024-01-01)至T0；当天只取create_time<T0",次数比,float32,newpage==0为NaN；可能>1,behavior_features()；T0部分当天仍按1个可观察自然日计，不是24小时标准化,V2-LC-0830,全量App行为,T0固定时点；提单/App<T0，放款/整笔结清≤T0；支付<T0，已确认整笔同秒结清订单的已知同秒支付可=T0；当前条件为T0已知值。来源可得时间仍待上线核验。,已入模,保留字段；零增益不等于没有业务意义,0.0003870670605931435,0.0006044633574312725,0.0,0.04817547212990763,577.6236991882324
app_all_lifed_confirm_per_newpage,全部日期｜确认埋点次数对进页比,confirm/newpage,S04｜event_track_record（App埋点）；S01｜order_loan_f_v2_copy（整笔订单）,"从max(reg_date,2024-01-01)至T0；当天只取create_time<T0",次数比（非用户确认率）,float32,newpage==0为NaN；可能>1，不等于成功提单,behavior_features()；T0部分当天仍按1个可观察自然日计，不是24小时标准化,V2-LC-0831,全量App行为,T0固定时点；提单/App<T0，放款/整笔结清≤T0；支付<T0，已确认整笔同秒结清订单的已知同秒支付可=T0；当前条件为T0已知值。来源可得时间仍待上线核验。,已入模,保留字段；零增益不等于没有业务意义,0.0003870670605931435,0.0006044633574312725,0.0,0.2269737980200208,14922.794779777527
app_all_lifed_coupon_accept_share,全部日期｜券点击对点击加关闭比,coupon_confirm/(coupon_confirm+coupon_back),S04｜event_track_record（App埋点）；S01｜order_loan_f_v2_copy（整笔订单）,"从max(reg_date,2024-01-01)至T0；当天只取create_time<T0",比例,float32,分母==0为NaN,behavior_features()；T0部分当天仍按1个可观察自然日计，不是24小时标准化,V2-LC-0832,全量App行为,T0固定时点；提单/App<T0，放款/整笔结清≤T0；支付<T0，已确认整笔同秒结清订单的已知同秒支付可=T0；当前条件为T0已知值。来源可得时间仍待上线核验。,已入模,保留字段；零增益不等于没有业务意义,0.6248095287091069,0.6466468402685429,0.6019806387003449,0.012088639035445253,184.68680000305176
app_all_events_7d_delta_prior7,全部日期｜活跃埋点条数与前7日差,NOW7-PREV7,S04｜event_track_record（App埋点）,NOW7：T0日前6日及T0截断日；PREV7：T0日前13日到前7日；应用相同日期排除,条,float32,NOW7缺失则NaN；PREV7无记录累加0；早期历史不足不补齐前窗，需结合观察日数,behavior_features(),V2-LC-0833,全量App行为,T0固定时点；提单/App<T0，放款/整笔结清≤T0；支付<T0，已确认整笔同秒结清订单的已知同秒支付可=T0；当前条件为T0已知值。来源可得时间仍待上线核验。,已入模,保留字段；零增益不等于没有业务意义,1.4698749136448488e-05,2.41785342972509e-05,0.0,0.022653316828932464,247.718900680542
app_all_events_7d_ratio_prior7,全部日期｜活跃埋点条数与前7日比,NOW7/PREV7,S04｜event_track_record（App埋点）,NOW7：T0日前6日及T0截断日；PREV7：T0日前13日到前7日；应用相同日期排除,比值,float32,PREV7≤0或缺失为NaN；早期历史不足不补齐前窗，需结合观察日数,behavior_features(),V2-LC-0834,全量App行为,T0固定时点；提单/App<T0，放款/整笔结清≤T0；支付<T0，已确认整笔同秒结清订单的已知同秒支付可=T0；当前条件为T0已知值。来源可得时间仍待上线核验。,已入模,保留字段；零增益不等于没有业务意义,0.1399908867755354,0.14956841316279407,0.1211750305997552,0.0333267306867196,387.2391996383667
app_all_newpage_7d_delta_prior7,全部日期｜进入提单页次数与前7日差,NOW7-PREV7,S04｜event_track_record（App埋点）,NOW7：T0日前6日及T0截断日；PREV7：T0日前13日到前7日；应用相同日期排除,次,float32,NOW7缺失则NaN；PREV7无记录累加0；早期历史不足不补齐前窗，需结合观察日数,behavior_features(),V2-LC-0835,全量App行为,T0固定时点；提单/App<T0，放款/整笔结清≤T0；支付<T0，已确认整笔同秒结清订单的已知同秒支付可=T0；当前条件为T0已知值。来源可得时间仍待上线核验。,已入模,保留字段；零增益不等于没有业务意义,1.4698749136448488e-05,2.41785342972509e-05,0.0,0.05053856171018833,15.345800399780273
app_all_newpage_7d_ratio_prior7,全部日期｜进入提单页次数与前7日比,NOW7/PREV7,S04｜event_track_record（App埋点）,NOW7：T0日前6日及T0截断日；PREV7：T0日前13日到前7日；应用相同日期排除,比值,float32,PREV7≤0或缺失为NaN；早期历史不足不补齐前窗，需结合观察日数,behavior_features(),V2-LC-0836,全量App行为,T0固定时点；提单/App<T0，放款/整笔结清≤T0；支付<T0，已确认整笔同秒结清订单的已知同秒支付可=T0；当前条件为T0已知值。来源可得时间仍待上线核验。,已入模,保留字段；零增益不等于没有业务意义,0.44946325067736737,0.44510263787809184,0.4711249582730611,0.0627293932233572,113.65270137786865
app_all_amount_7d_delta_prior7,全部日期｜切换借款金额次数与前7日差,NOW7-PREV7,S04｜event_track_record（App埋点）,NOW7：T0日前6日及T0截断日；PREV7：T0日前13日到前7日；应用相同日期排除,次,float32,NOW7缺失则NaN；PREV7无记录累加0；早期历史不足不补齐前窗，需结合观察日数,behavior_features(),V2-LC-0837,全量App行为,T0固定时点；提单/App<T0，放款/整笔结清≤T0；支付<T0，已确认整笔同秒结清订单的已知同秒支付可=T0；当前条件为T0已知值。来源可得时间仍待上线核验。,已入模,保留字段；零增益不等于没有业务意义,1.4698749136448488e-05,2.41785342972509e-05,0.0,0.02902252208540936,64.87529945373535
app_all_amount_7d_ratio_prior7,全部日期｜切换借款金额次数与前7日比,NOW7/PREV7,S04｜event_track_record（App埋点）,NOW7：T0日前6日及T0截断日；PREV7：T0日前13日到前7日；应用相同日期排除,比值,float32,PREV7≤0或缺失为NaN；早期历史不足不补齐前窗，需结合观察日数,behavior_features(),V2-LC-0838,全量App行为,T0固定时点；提单/App<T0，放款/整笔结清≤T0；支付<T0，已确认整笔同秒结清订单的已知同秒支付可=T0；当前条件为T0已知值。来源可得时间仍待上线核验。,已入模,保留字段；零增益不等于没有业务意义,0.7785829425915854,0.7957639207911217,0.7483031044842551,0.018988680570576764,0.0
app_all_plan_7d_delta_prior7,全部日期｜查看还款计划次数与前7日差,NOW7-PREV7,S04｜event_track_record（App埋点）,NOW7：T0日前6日及T0截断日；PREV7：T0日前13日到前7日；应用相同日期排除,次,float32,NOW7缺失则NaN；PREV7无记录累加0；早期历史不足不补齐前窗，需结合观察日数,behavior_features(),V2-LC-0839,全量App行为,T0固定时点；提单/App<T0，放款/整笔结清≤T0；支付<T0，已确认整笔同秒结清订单的已知同秒支付可=T0；当前条件为T0已知值。来源可得时间仍待上线核验。,已入模,保留字段；零增益不等于没有业务意义,1.4698749136448488e-05,2.41785342972509e-05,0.0,0.01463445663500115,16.871200561523438
app_all_plan_7d_ratio_prior7,全部日期｜查看还款计划次数与前7日比,NOW7/PREV7,S04｜event_track_record（App埋点）,NOW7：T0日前6日及T0截断日；PREV7：T0日前13日到前7日；应用相同日期排除,比值,float32,PREV7≤0或缺失为NaN；早期历史不足不补齐前窗，需结合观察日数,behavior_features(),V2-LC-0840,全量App行为,T0固定时点；提单/App<T0，放款/整笔结清≤T0；支付<T0，已确认整笔同秒结清订单的已知同秒支付可=T0；当前条件为T0已知值。来源可得时间仍待上线核验。,已入模,保留字段；零增益不等于没有业务意义,0.7033498449281966,0.704884869879188,0.7089128741515522,0.00607874095811258,143.31309986114502
app_all_term_7d_delta_prior7,全部日期｜切换借款期次次数与前7日差,NOW7-PREV7,S04｜event_track_record（App埋点）,NOW7：T0日前6日及T0截断日；PREV7：T0日前13日到前7日；应用相同日期排除,次,float32,NOW7缺失则NaN；PREV7无记录累加0；早期历史不足不补齐前窗，需结合观察日数,behavior_features(),V2-LC-0841,全量App行为,T0固定时点；提单/App<T0，放款/整笔结清≤T0；支付<T0，已确认整笔同秒结清订单的已知同秒支付可=T0；当前条件为T0已知值。来源可得时间仍待上线核验。,已入模,保留字段；零增益不等于没有业务意义,1.4698749136448488e-05,2.41785342972509e-05,0.0,0.0034751760017723496,36.63960075378418
app_all_term_7d_ratio_prior7,全部日期｜切换借款期次次数与前7日比,NOW7/PREV7,S04｜event_track_record（App埋点）,NOW7：T0日前6日及T0截断日；PREV7：T0日前13日到前7日；应用相同日期排除,比值,float32,PREV7≤0或缺失为NaN；早期历史不足不补齐前窗，需结合观察日数,behavior_features(),V2-LC-0842,全量App行为,T0固定时点；提单/App<T0，放款/整笔结清≤T0；支付<T0，已确认整笔同秒结清订单的已知同秒支付可=T0；当前条件为T0已知值。来源可得时间仍待上线核验。,已入模,保留字段；零增益不等于没有业务意义,0.8452515690914704,0.8350943365813165,0.8516746411483254,0.0022909789756111625,0.0
app_all_confirm_7d_delta_prior7,全部日期｜确认提单埋点次数与前7日差,NOW7-PREV7,S04｜event_track_record（App埋点）,NOW7：T0日前6日及T0截断日；PREV7：T0日前13日到前7日；应用相同日期排除,次,float32,NOW7缺失则NaN；PREV7无记录累加0；早期历史不足不补齐前窗，需结合观察日数,behavior_features(),V2-LC-0843,全量App行为,T0固定时点；提单/App<T0，放款/整笔结清≤T0；支付<T0，已确认整笔同秒结清订单的已知同秒支付可=T0；当前条件为T0已知值。来源可得时间仍待上线核验。,已入模,保留字段；零增益不等于没有业务意义,1.4698749136448488e-05,2.41785342972509e-05,0.0,0.09730195734689265,99.64640045166016
app_all_confirm_7d_ratio_prior7,全部日期｜确认提单埋点次数与前7日比,NOW7/PREV7,S04｜event_track_record（App埋点）,NOW7：T0日前6日及T0截断日；PREV7：T0日前13日到前7日；应用相同日期排除,比值,float32,PREV7≤0或缺失为NaN；早期历史不足不补齐前窗，需结合观察日数,behavior_features(),V2-LC-0844,全量App行为,T0固定时点；提单/App<T0，放款/整笔结清≤T0；支付<T0，已确认整笔同秒结清订单的已知同秒支付可=T0；当前条件为T0已知值。来源可得时间仍待上线核验。,已入模,保留字段；零增益不等于没有业务意义,0.561428522432741,0.5259475970566664,0.6698564593301436,0.09093380278203601,197.21749877929688
app_all_duration_7d_delta_prior7,全部日期｜已结束页面累计停留与前7日差,NOW7-PREV7,S04｜event_track_record（App埋点）,NOW7：T0日前6日及T0截断日；PREV7：T0日前13日到前7日；应用相同日期排除,秒,float32,NOW7缺失则NaN；PREV7无记录累加0；早期历史不足不补齐前窗，需结合观察日数,behavior_features(),V2-LC-0845,全量App行为,T0固定时点；提单/App<T0，放款/整笔结清≤T0；支付<T0，已确认整笔同秒结清订单的已知同秒支付可=T0；当前条件为T0已知值。来源可得时间仍待上线核验。,已入模,保留字段；零增益不等于没有业务意义,1.4698749136448488e-05,2.41785342972509e-05,0.0,0.028141483410652694,65.16520118713379
app_all_duration_7d_ratio_prior7,全部日期｜已结束页面累计停留与前7日比,NOW7/PREV7,S04｜event_track_record（App埋点）,NOW7：T0日前6日及T0截断日；PREV7：T0日前13日到前7日；应用相同日期排除,比值,float32,PREV7≤0或缺失为NaN；早期历史不足不补齐前窗，需结合观察日数,behavior_features(),V2-LC-0846,全量App行为,T0固定时点；提单/App<T0，放款/整笔结清≤T0；支付<T0，已确认整笔同秒结清订单的已知同秒支付可=T0；当前条件为T0已知值。来源可得时间仍待上线核验。,已入模,保留字段；零增益不等于没有业务意义,0.14500316023106433,0.1545653102508926,0.12673862245465672,0.03091618712387224,455.4067974090576
app_all_events_3d_perday_vs14d,全部日期｜活跃埋点条数近3日与近14日日均差,app_all_3d_events/app_all_3d_eligible_days - app_all_14d_events/app_all_14d_eligible_days,S04｜event_track_record（App埋点）,近3 / 14个自然日，均含T0截断日,条/自然日,float32,任一eligible_days==0为NaN,behavior_features()；两个窗口相互包含,V2-LC-0847,全量App行为,T0固定时点；提单/App<T0，放款/整笔结清≤T0；支付<T0，已确认整笔同秒结清订单的已知同秒支付可=T0；当前条件为T0已知值。来源可得时间仍待上线核验。,已入模,保留字段；零增益不等于没有业务意义,1.4698749136448488e-05,2.41785342972509e-05,0.0,0.04356348469896657,950.8588037490845
app_all_newpage_3d_perday_vs14d,全部日期｜进入提单页次数近3日与近14日日均差,app_all_3d_newpage/app_all_3d_eligible_days - app_all_14d_newpage/app_all_14d_eligible_days,S04｜event_track_record（App埋点）,近3 / 14个自然日，均含T0截断日,次/自然日,float32,任一eligible_days==0为NaN,behavior_features()；两个窗口相互包含,V2-LC-0848,全量App行为,T0固定时点；提单/App<T0，放款/整笔结清≤T0；支付<T0，已确认整笔同秒结清订单的已知同秒支付可=T0；当前条件为T0已知值。来源可得时间仍待上线核验。,已入模,保留字段；零增益不等于没有业务意义,1.4698749136448488e-05,2.41785342972509e-05,0.0,0.14894639958983255,90.18449974060059
app_all_amount_3d_perday_vs14d,全部日期｜切换借款金额次数近3日与近14日日均差,app_all_3d_amount/app_all_3d_eligible_days - app_all_14d_amount/app_all_14d_eligible_days,S04｜event_track_record（App埋点）,近3 / 14个自然日，均含T0截断日,次/自然日,float32,任一eligible_days==0为NaN,behavior_features()；两个窗口相互包含,V2-LC-0849,全量App行为,T0固定时点；提单/App<T0，放款/整笔结清≤T0；支付<T0，已确认整笔同秒结清订单的已知同秒支付可=T0；当前条件为T0已知值。来源可得时间仍待上线核验。,已入模,保留字段；零增益不等于没有业务意义,1.4698749136448488e-05,2.41785342972509e-05,0.0,0.019350953910007625,140.79630184173584
app_all_plan_3d_perday_vs14d,全部日期｜查看还款计划次数近3日与近14日日均差,app_all_3d_plan/app_all_3d_eligible_days - app_all_14d_plan/app_all_14d_eligible_days,S04｜event_track_record（App埋点）,近3 / 14个自然日，均含T0截断日,次/自然日,float32,任一eligible_days==0为NaN,behavior_features()；两个窗口相互包含,V2-LC-0850,全量App行为,T0固定时点；提单/App<T0，放款/整笔结清≤T0；支付<T0，已确认整笔同秒结清订单的已知同秒支付可=T0；当前条件为T0已知值。来源可得时间仍待上线核验。,已入模,保留字段；零增益不等于没有业务意义,1.4698749136448488e-05,2.41785342972509e-05,0.0,0.016452816904265664,139.04920196533203
app_all_duration_3d_perday_vs14d,全部日期｜已结束页面累计停留近3日与近14日日均差,app_all_3d_duration/app_all_3d_eligible_days - app_all_14d_duration/app_all_14d_eligible_days,S04｜event_track_record（App埋点）,近3 / 14个自然日，均含T0截断日,秒/自然日,float32,任一eligible_days==0为NaN,behavior_features()；两个窗口相互包含,V2-LC-0851,全量App行为,T0固定时点；提单/App<T0，放款/整笔结清≤T0；支付<T0，已确认整笔同秒结清订单的已知同秒支付可=T0；当前条件为T0已知值。来源可得时间仍待上线核验。,已入模,保留字段；零增益不等于没有业务意义,1.4698749136448488e-05,2.41785342972509e-05,0.0,0.04835672886905588,88.5964994430542
app_nonpay_1d_eligible_days,非还款日｜可观察且未排除日期数,"max(0,DATE(T0)-start+1-排除还款日数)",S04｜event_track_record（App埋点）；S01｜order_loan_f_v2_copy（整笔订单）；S03｜repayment_record_copy（正向入账）,"近1个自然日：start=max(可观察起点,DATE(T0)-(1-1)日)，create_time<T0；排除Pknown发生支付的整个自然日",自然日,float32,无日期为0,behavior_features()；T0部分当天仍按1个可观察自然日计，不是24小时标准化,V2-LC-0852,非还款日行为,T0固定时点；提单/App<T0，放款/整笔结清≤T0；支付<T0，已确认整笔同秒结清订单的已知同秒支付可=T0；当前条件为T0已知值。来源可得时间仍待上线核验。,未入模,训练风险行内全部缺失或无变化，保留开发规格但模型不使用,0.0,0.0,0.0,0.0,
app_nonpay_1d_empty_eligible,非还款日｜无可观察日期标记,INT(eligible_days==0),S04｜event_track_record（App埋点）；S01｜order_loan_f_v2_copy（整笔订单）；S03｜repayment_record_copy（正向入账）,"近1个自然日：start=max(可观察起点,DATE(T0)-(1-1)日)，create_time<T0；排除Pknown发生支付的整个自然日",0/1,float32,无日期为1,behavior_features()；T0部分当天仍按1个可观察自然日计，不是24小时标准化,V2-LC-0853,非还款日行为,T0固定时点；提单/App<T0，放款/整笔结清≤T0；支付<T0，已确认整笔同秒结清订单的已知同秒支付可=T0；当前条件为T0已知值。来源可得时间仍待上线核验。,未入模,训练风险行内全部缺失或无变化，保留开发规格但模型不使用,0.0,0.0,0.0,0.0,
app_nonpay_1d_active_days,非还款日｜有埋点的日期数,COUNT(窗口内event_count>0的日期),S04｜event_track_record（App埋点）；S01｜order_loan_f_v2_copy（整笔订单）；S03｜repayment_record_copy（正向入账）,"近1个自然日：start=max(可观察起点,DATE(T0)-(1-1)日)，create_time<T0；排除Pknown发生支付的整个自然日",自然日,float32,无活跃或无可观察日期为0,behavior_features()；T0部分当天仍按1个可观察自然日计，不是24小时标准化,V2-LC-0854,非还款日行为,T0固定时点；提单/App<T0，放款/整笔结清≤T0；支付<T0，已确认整笔同秒结清订单的已知同秒支付可=T0；当前条件为T0已知值。来源可得时间仍待上线核验。,未入模,训练风险行内全部缺失或无变化，保留开发规格但模型不使用,0.0,0.0,0.0,0.0,
app_nonpay_1d_active_day_share,非还款日｜活跃日期占比,active_days/eligible_days,S04｜event_track_record（App埋点）；S01｜order_loan_f_v2_copy（整笔订单）；S03｜repayment_record_copy（正向入账）,"近1个自然日：start=max(可观察起点,DATE(T0)-(1-1)日)，create_time<T0；排除Pknown发生支付的整个自然日",比例,float32,eligible_days==0为NaN,behavior_features()；T0部分当天仍按1个可观察自然日计，不是24小时标准化,V2-LC-0855,非还款日行为,T0固定时点；提单/App<T0，放款/整笔结清≤T0；支付<T0，已确认整笔同秒结清订单的已知同秒支付可=T0；当前条件为T0已知值。来源可得时间仍待上线核验。,未入模,训练风险行内全部缺失或无变化，保留开发规格但模型不使用,1.0,1.0,1.0,,
app_nonpay_1d_events,非还款日｜活跃埋点条数,COUNT(e.user_id)；按窗口允许日期累加,S04｜event_track_record（App埋点）；S03｜repayment_record_copy（正向入账）,"近1个自然日：start=max(可观察起点,DATE(T0)-(1-1)日)，create_time<T0；排除Pknown发生支付的整个自然日",条,float32,eligible_days==0为NaN；有可观察日期而无行为为0,behavior_features()；次数不是人数，时长不去除重叠,V2-LC-0856,非还款日行为,T0固定时点；提单/App<T0，放款/整笔结清≤T0；支付<T0，已确认整笔同秒结清订单的已知同秒支付可=T0；当前条件为T0已知值。来源可得时间仍待上线核验。,未入模,训练风险行内全部缺失或无变化，保留开发规格但模型不使用,1.0,1.0,1.0,,
app_nonpay_1d_newpage,非还款日｜进入提单页次数,"SUM(INT(e.event_type='page_view_in' AND e.props_id IN ('Loan_newpage','Loan_newpage_select')))；按窗口允许日期累加",S04｜event_track_record（App埋点）；S03｜repayment_record_copy（正向入账）,"近1个自然日：start=max(可观察起点,DATE(T0)-(1-1)日)，create_time<T0；排除Pknown发生支付的整个自然日",次,float32,eligible_days==0为NaN；有可观察日期而无行为为0,behavior_features()；次数不是人数，时长不去除重叠,V2-LC-0857,非还款日行为,T0固定时点；提单/App<T0，放款/整笔结清≤T0；支付<T0，已确认整笔同秒结清订单的已知同秒支付可=T0；当前条件为T0已知值。来源可得时间仍待上线核验。,未入模,训练风险行内全部缺失或无变化，保留开发规格但模型不使用,1.0,1.0,1.0,,
app_nonpay_1d_amount,非还款日｜切换借款金额次数,"SUM(INT(e.props_id IN ('amount_modification','loan_form_loan_amount_selectionn_new','loan_form_loan_amount_selectionn_new_select')))；按窗口允许日期累加",S04｜event_track_record（App埋点）；S03｜repayment_record_copy（正向入账）,"近1个自然日：start=max(可观察起点,DATE(T0)-(1-1)日)，create_time<T0；排除Pknown发生支付的整个自然日",次,float32,eligible_days==0为NaN；有可观察日期而无行为为0,behavior_features()；次数不是人数，时长不去除重叠,V2-LC-0858,非还款日行为,T0固定时点；提单/App<T0，放款/整笔结清≤T0；支付<T0，已确认整笔同秒结清订单的已知同秒支付可=T0；当前条件为T0已知值。来源可得时间仍待上线核验。,未入模,训练风险行内全部缺失或无变化，保留开发规格但模型不使用,1.0,1.0,1.0,,
app_nonpay_1d_contract,非还款日｜查看借款合同次数,"SUM(INT(e.props_id IN ('Loan_contract_newdetails','Loan_contract_newdetails_select')))；按窗口允许日期累加",S04｜event_track_record（App埋点）；S03｜repayment_record_copy（正向入账）,"近1个自然日：start=max(可观察起点,DATE(T0)-(1-1)日)，create_time<T0；排除Pknown发生支付的整个自然日",次,float32,eligible_days==0为NaN；有可观察日期而无行为为0,behavior_features()；次数不是人数，时长不去除重叠,V2-LC-0859,非还款日行为,T0固定时点；提单/App<T0，放款/整笔结清≤T0；支付<T0，已确认整笔同秒结清订单的已知同秒支付可=T0；当前条件为T0已知值。来源可得时间仍待上线核验。,未入模,训练风险行内全部缺失或无变化，保留开发规格但模型不使用,1.0,1.0,1.0,,
app_nonpay_1d_term,非还款日｜切换借款期次次数,"SUM(INT(e.props_id IN ('loan_form_term_selection_new','loan_form_term_selection_new_select')))；按窗口允许日期累加",S04｜event_track_record（App埋点）；S03｜repayment_record_copy（正向入账）,"近1个自然日：start=max(可观察起点,DATE(T0)-(1-1)日)，create_time<T0；排除Pknown发生支付的整个自然日",次,float32,eligible_days==0为NaN；有可观察日期而无行为为0,behavior_features()；次数不是人数，时长不去除重叠,V2-LC-0860,非还款日行为,T0固定时点；提单/App<T0，放款/整笔结清≤T0；支付<T0，已确认整笔同秒结清订单的已知同秒支付可=T0；当前条件为T0已知值。来源可得时间仍待上线核验。,未入模,训练风险行内全部缺失或无变化，保留开发规格但模型不使用,1.0,1.0,1.0,,
app_nonpay_1d_confirm,非还款日｜确认提单埋点次数,"SUM(INT(e.props_id IN ('Loan_newconfirm','Loan_newconfirm_select')))；按窗口允许日期累加",S04｜event_track_record（App埋点）；S03｜repayment_record_copy（正向入账）,"近1个自然日：start=max(可观察起点,DATE(T0)-(1-1)日)，create_time<T0；排除Pknown发生支付的整个自然日",次,float32,eligible_days==0为NaN；有可观察日期而无行为为0,behavior_features()；次数不是人数，时长不去除重叠,V2-LC-0861,非还款日行为,T0固定时点；提单/App<T0，放款/整笔结清≤T0；支付<T0，已确认整笔同秒结清订单的已知同秒支付可=T0；当前条件为T0已知值。来源可得时间仍待上线核验。,未入模,训练风险行内全部缺失或无变化，保留开发规格但模型不使用,1.0,1.0,1.0,,
app_nonpay_1d_plan,非还款日｜查看还款计划次数,"SUM(INT(e.props_id IN ('Loan_plan_newdetails','Loan_plan_newdetails_select')))；按窗口允许日期累加",S04｜event_track_record（App埋点）；S03｜repayment_record_copy（正向入账）,"近1个自然日：start=max(可观察起点,DATE(T0)-(1-1)日)，create_time<T0；排除Pknown发生支付的整个自然日",次,float32,eligible_days==0为NaN；有可观察日期而无行为为0,behavior_features()；次数不是人数，时长不去除重叠,V2-LC-0862,非还款日行为,T0固定时点；提单/App<T0，放款/整笔结清≤T0；支付<T0，已确认整笔同秒结清订单的已知同秒支付可=T0；当前条件为T0已知值。来源可得时间仍待上线核验。,未入模,训练风险行内全部缺失或无变化，保留开发规格但模型不使用,1.0,1.0,1.0,,
app_nonpay_1d_purpose,非还款日｜选择借款用途次数,"SUM(INT(e.props_id IN ('Loan_purpose_newdetails','Loan_purpose_newdetails_select')))；按窗口允许日期累加",S04｜event_track_record（App埋点）；S03｜repayment_record_copy（正向入账）,"近1个自然日：start=max(可观察起点,DATE(T0)-(1-1)日)，create_time<T0；排除Pknown发生支付的整个自然日",次,float32,eligible_days==0为NaN；有可观察日期而无行为为0,behavior_features()；次数不是人数，时长不去除重叠,V2-LC-0863,非还款日行为,T0固定时点；提单/App<T0，放款/整笔结清≤T0；支付<T0，已确认整笔同秒结清订单的已知同秒支付可=T0；当前条件为T0已知值。来源可得时间仍待上线核验。,未入模,训练风险行内全部缺失或无变化，保留开发规格但模型不使用,1.0,1.0,1.0,,
app_nonpay_1d_coupon_back,非还款日｜关闭优惠券拦截次数,"SUM(INT(e.props_id IN ('Order_coupons_back','Order_coupons_back_select')))；按窗口允许日期累加",S04｜event_track_record（App埋点）；S03｜repayment_record_copy（正向入账）,"近1个自然日：start=max(可观察起点,DATE(T0)-(1-1)日)，create_time<T0；排除Pknown发生支付的整个自然日",次,float32,eligible_days==0为NaN；有可观察日期而无行为为0,behavior_features()；次数不是人数，时长不去除重叠,V2-LC-0864,非还款日行为,T0固定时点；提单/App<T0，放款/整笔结清≤T0；支付<T0，已确认整笔同秒结清订单的已知同秒支付可=T0；当前条件为T0已知值。来源可得时间仍待上线核验。,未入模,训练风险行内全部缺失或无变化，保留开发规格但模型不使用,1.0,1.0,1.0,,
app_nonpay_1d_coupon_confirm,非还款日｜点击优惠券拦截次数,"SUM(INT(e.props_id IN ('Order_coupons_confirm','Order_coupons_confirm_select')))；按窗口允许日期累加",S04｜event_track_record（App埋点）；S03｜repayment_record_copy（正向入账）,"近1个自然日：start=max(可观察起点,DATE(T0)-(1-1)日)，create_time<T0；排除Pknown发生支付的整个自然日",次,float32,eligible_days==0为NaN；有可观察日期而无行为为0,behavior_features()；次数不是人数，时长不去除重叠,V2-LC-0865,非还款日行为,T0固定时点；提单/App<T0，放款/整笔结清≤T0；支付<T0，已确认整笔同秒结清订单的已知同秒支付可=T0；当前条件为T0已知值。来源可得时间仍待上线核验。,未入模,训练风险行内全部缺失或无变化，保留开发规格但模型不使用,1.0,1.0,1.0,,
app_nonpay_1d_coupon_page,非还款日｜进入优惠券挽留页次数,"SUM(INT(e.props_id IN ('Order_coupons_page','Order_coupons_page_select')))；按窗口允许日期累加",S04｜event_track_record（App埋点）；S03｜repayment_record_copy（正向入账）,"近1个自然日：start=max(可观察起点,DATE(T0)-(1-1)日)，create_time<T0；排除Pknown发生支付的整个自然日",次,float32,eligible_days==0为NaN；有可观察日期而无行为为0,behavior_features()；次数不是人数，时长不去除重叠,V2-LC-0866,非还款日行为,T0固定时点；提单/App<T0，放款/整笔结清≤T0；支付<T0，已确认整笔同秒结清订单的已知同秒支付可=T0；当前条件为T0已知值。来源可得时间仍待上线核验。,未入模,训练风险行内全部缺失或无变化，保留开发规格但模型不使用,1.0,1.0,1.0,,
app_nonpay_1d_repayment_page,非还款日｜名称含repay的辅助页面次数,"SUM(INT(lower(COALESCE(e.props_id,'')||' '||COALESCE(e.page_name,'')) LIKE '%repay%'))；按窗口允许日期累加",S04｜event_track_record（App埋点）；S03｜repayment_record_copy（正向入账）,"近1个自然日：start=max(可观察起点,DATE(T0)-(1-1)日)，create_time<T0；排除Pknown发生支付的整个自然日",次,float32,eligible_days==0为NaN；有可观察日期而无行为为0,behavior_features()；次数不是人数，时长不去除重叠,V2-LC-0867,非还款日行为,T0固定时点；提单/App<T0，放款/整笔结清≤T0；支付<T0，已确认整笔同秒结清订单的已知同秒支付可=T0；当前条件为T0已知值。来源可得时间仍待上线核验。,未入模,训练风险行内全部缺失或无变化，保留开发规格但模型不使用,1.0,1.0,1.0,,
app_nonpay_1d_duration,非还款日｜已结束页面累计停留,"SUM(min((event_end_time-event_start_time)/1000,3600))；仅page_view_out、end≥start且end≤截断时刻；按窗口允许日期累加",S04｜event_track_record（App埋点）；S03｜repayment_record_copy（正向入账）,"近1个自然日：start=max(可观察起点,DATE(T0)-(1-1)日)，create_time<T0；排除Pknown发生支付的整个自然日",秒,float32,eligible_days==0为NaN；有可观察日期而无行为为0,behavior_features()；次数不是人数，时长不去除重叠,V2-LC-0868,非还款日行为,T0固定时点；提单/App<T0，放款/整笔结清≤T0；支付<T0，已确认整笔同秒结清订单的已知同秒支付可=T0；当前条件为T0已知值。来源可得时间仍待上线核验。,未入模,训练风险行内全部缺失或无变化，保留开发规格但模型不使用,1.0,1.0,1.0,,
app_nonpay_1d_apply_duration,非还款日｜已结束提单页累计停留,与duration相同，另限定props_id为Loan_newpage/Loan_newpage_select；按窗口允许日期累加,S04｜event_track_record（App埋点）；S03｜repayment_record_copy（正向入账）,"近1个自然日：start=max(可观察起点,DATE(T0)-(1-1)日)，create_time<T0；排除Pknown发生支付的整个自然日",秒,float32,eligible_days==0为NaN；有可观察日期而无行为为0,behavior_features()；次数不是人数，时长不去除重叠,V2-LC-0869,非还款日行为,T0固定时点；提单/App<T0，放款/整笔结清≤T0；支付<T0，已确认整笔同秒结清订单的已知同秒支付可=T0；当前条件为T0已知值。来源可得时间仍待上线核验。,未入模,训练风险行内全部缺失或无变化，保留开发规格但模型不使用,1.0,1.0,1.0,,
app_nonpay_1d_non_apply_duration,非还款日｜非提单页累计停留,duration-apply_duration,S04｜event_track_record（App埋点）；S01｜order_loan_f_v2_copy（整笔订单）；S03｜repayment_record_copy（正向入账）,"近1个自然日：start=max(可观察起点,DATE(T0)-(1-1)日)，create_time<T0；排除Pknown发生支付的整个自然日",秒,float32,eligible_days==0为NaN，否则无行为为0,behavior_features()；T0部分当天仍按1个可观察自然日计，不是24小时标准化,V2-LC-0870,非还款日行为,T0固定时点；提单/App<T0，放款/整笔结清≤T0；支付<T0，已确认整笔同秒结清订单的已知同秒支付可=T0；当前条件为T0已知值。来源可得时间仍待上线核验。,未入模,训练风险行内全部缺失或无变化，保留开发规格但模型不使用,1.0,1.0,1.0,,
app_nonpay_1d_events_per_eligible_day,非还款日｜每可观察日活跃频次,events/eligible_days,S04｜event_track_record（App埋点）；S01｜order_loan_f_v2_copy（整笔订单）；S03｜repayment_record_copy（正向入账）,"近1个自然日：start=max(可观察起点,DATE(T0)-(1-1)日)，create_time<T0；排除Pknown发生支付的整个自然日",条/自然日,float32,eligible_days==0为NaN,behavior_features()；T0部分当天仍按1个可观察自然日计，不是24小时标准化,V2-LC-0871,非还款日行为,T0固定时点；提单/App<T0，放款/整笔结清≤T0；支付<T0，已确认整笔同秒结清订单的已知同秒支付可=T0；当前条件为T0已知值。来源可得时间仍待上线核验。,未入模,训练风险行内全部缺失或无变化，保留开发规格但模型不使用,1.0,1.0,1.0,,
app_nonpay_1d_duration_per_active_day,非还款日｜每活跃日累计页面停留,duration/active_days,S04｜event_track_record（App埋点）；S01｜order_loan_f_v2_copy（整笔订单）；S03｜repayment_record_copy（正向入账）,"近1个自然日：start=max(可观察起点,DATE(T0)-(1-1)日)，create_time<T0；排除Pknown发生支付的整个自然日",秒/活跃日,float32,active_days==0为NaN,behavior_features()；T0部分当天仍按1个可观察自然日计，不是24小时标准化,V2-LC-0872,非还款日行为,T0固定时点；提单/App<T0，放款/整笔结清≤T0；支付<T0，已确认整笔同秒结清订单的已知同秒支付可=T0；当前条件为T0已知值。来源可得时间仍待上线核验。,未入模,训练风险行内全部缺失或无变化，保留开发规格但模型不使用,1.0,1.0,1.0,,
app_nonpay_1d_apply_duration_share,非还款日｜提单页停留占比,apply_duration/duration,S04｜event_track_record（App埋点）；S01｜order_loan_f_v2_copy（整笔订单）；S03｜repayment_record_copy（正向入账）,"近1个自然日：start=max(可观察起点,DATE(T0)-(1-1)日)，create_time<T0；排除Pknown发生支付的整个自然日",比例,float32,duration==0为NaN,behavior_features()；T0部分当天仍按1个可观察自然日计，不是24小时标准化,V2-LC-0873,非还款日行为,T0固定时点；提单/App<T0，放款/整笔结清≤T0；支付<T0，已确认整笔同秒结清订单的已知同秒支付可=T0；当前条件为T0已知值。来源可得时间仍待上线核验。,未入模,训练风险行内全部缺失或无变化，保留开发规格但模型不使用,1.0,1.0,1.0,,
app_nonpay_1d_amount_per_newpage,非还款日｜切换金额次数对进页比,amount/newpage,S04｜event_track_record（App埋点）；S01｜order_loan_f_v2_copy（整笔订单）；S03｜repayment_record_copy（正向入账）,"近1个自然日：start=max(可观察起点,DATE(T0)-(1-1)日)，create_time<T0；排除Pknown发生支付的整个自然日",次数比,float32,newpage==0为NaN；可能>1,behavior_features()；T0部分当天仍按1个可观察自然日计，不是24小时标准化,V2-LC-0874,非还款日行为,T0固定时点；提单/App<T0，放款/整笔结清≤T0；支付<T0，已确认整笔同秒结清订单的已知同秒支付可=T0；当前条件为T0已知值。来源可得时间仍待上线核验。,未入模,训练风险行内全部缺失或无变化，保留开发规格但模型不使用,1.0,1.0,1.0,,
app_nonpay_1d_plan_per_newpage,非还款日｜查看计划次数对进页比,plan/newpage,S04｜event_track_record（App埋点）；S01｜order_loan_f_v2_copy（整笔订单）；S03｜repayment_record_copy（正向入账）,"近1个自然日：start=max(可观察起点,DATE(T0)-(1-1)日)，create_time<T0；排除Pknown发生支付的整个自然日",次数比,float32,newpage==0为NaN；可能>1,behavior_features()；T0部分当天仍按1个可观察自然日计，不是24小时标准化,V2-LC-0875,非还款日行为,T0固定时点；提单/App<T0，放款/整笔结清≤T0；支付<T0，已确认整笔同秒结清订单的已知同秒支付可=T0；当前条件为T0已知值。来源可得时间仍待上线核验。,未入模,训练风险行内全部缺失或无变化，保留开发规格但模型不使用,1.0,1.0,1.0,,
app_nonpay_1d_confirm_per_newpage,非还款日｜确认埋点次数对进页比,confirm/newpage,S04｜event_track_record（App埋点）；S01｜order_loan_f_v2_copy（整笔订单）；S03｜repayment_record_copy（正向入账）,"近1个自然日：start=max(可观察起点,DATE(T0)-(1-1)日)，create_time<T0；排除Pknown发生支付的整个自然日",次数比（非用户确认率）,float32,newpage==0为NaN；可能>1，不等于成功提单,behavior_features()；T0部分当天仍按1个可观察自然日计，不是24小时标准化,V2-LC-0876,非还款日行为,T0固定时点；提单/App<T0，放款/整笔结清≤T0；支付<T0，已确认整笔同秒结清订单的已知同秒支付可=T0；当前条件为T0已知值。来源可得时间仍待上线核验。,未入模,训练风险行内全部缺失或无变化，保留开发规格但模型不使用,1.0,1.0,1.0,,
app_nonpay_1d_coupon_accept_share,非还款日｜券点击对点击加关闭比,coupon_confirm/(coupon_confirm+coupon_back),S04｜event_track_record（App埋点）；S01｜order_loan_f_v2_copy（整笔订单）；S03｜repayment_record_copy（正向入账）,"近1个自然日：start=max(可观察起点,DATE(T0)-(1-1)日)，create_time<T0；排除Pknown发生支付的整个自然日",比例,float32,分母==0为NaN,behavior_features()；T0部分当天仍按1个可观察自然日计，不是24小时标准化,V2-LC-0877,非还款日行为,T0固定时点；提单/App<T0，放款/整笔结清≤T0；支付<T0，已确认整笔同秒结清订单的已知同秒支付可=T0；当前条件为T0已知值。来源可得时间仍待上线核验。,未入模,训练风险行内全部缺失或无变化，保留开发规格但模型不使用,1.0,1.0,1.0,,
app_nonpay_3d_eligible_days,非还款日｜可观察且未排除日期数,"max(0,DATE(T0)-start+1-排除还款日数)",S04｜event_track_record（App埋点）；S01｜order_loan_f_v2_copy（整笔订单）；S03｜repayment_record_copy（正向入账）,"近3个自然日：start=max(可观察起点,DATE(T0)-(3-1)日)，create_time<T0；排除Pknown发生支付的整个自然日",自然日,float32,无日期为0,behavior_features()；T0部分当天仍按1个可观察自然日计，不是24小时标准化,V2-LC-0878,非还款日行为,T0固定时点；提单/App<T0，放款/整笔结清≤T0；支付<T0，已确认整笔同秒结清订单的已知同秒支付可=T0；当前条件为T0已知值。来源可得时间仍待上线核验。,已入模,保留字段；零增益不等于没有业务意义,0.0,0.0,0.0,1.9679103280924234e-05,53.13140106201172
app_nonpay_3d_empty_eligible,非还款日｜无可观察日期标记,INT(eligible_days==0),S04｜event_track_record（App埋点）；S01｜order_loan_f_v2_copy（整笔订单）；S03｜repayment_record_copy（正向入账）,"近3个自然日：start=max(可观察起点,DATE(T0)-(3-1)日)，create_time<T0；排除Pknown发生支付的整个自然日",0/1,float32,无日期为1,behavior_features()；T0部分当天仍按1个可观察自然日计，不是24小时标准化,V2-LC-0879,非还款日行为,T0固定时点；提单/App<T0，放款/整笔结清≤T0；支付<T0，已确认整笔同秒结清订单的已知同秒支付可=T0；当前条件为T0已知值。来源可得时间仍待上线核验。,已入模,保留字段；零增益不等于没有业务意义,0.0,0.0,0.0,0.0,0.0
app_nonpay_3d_active_days,非还款日｜有埋点的日期数,COUNT(窗口内event_count>0的日期),S04｜event_track_record（App埋点）；S01｜order_loan_f_v2_copy（整笔订单）；S03｜repayment_record_copy（正向入账）,"近3个自然日：start=max(可观察起点,DATE(T0)-(3-1)日)，create_time<T0；排除Pknown发生支付的整个自然日",自然日,float32,无活跃或无可观察日期为0,behavior_features()；T0部分当天仍按1个可观察自然日计，不是24小时标准化,V2-LC-0880,非还款日行为,T0固定时点；提单/App<T0，放款/整笔结清≤T0；支付<T0，已确认整笔同秒结清订单的已知同秒支付可=T0；当前条件为T0已知值。来源可得时间仍待上线核验。,已入模,保留字段；零增益不等于没有业务意义,0.0,0.0,0.0,0.006920216830564164,0.0
app_nonpay_3d_active_day_share,非还款日｜活跃日期占比,active_days/eligible_days,S04｜event_track_record（App埋点）；S01｜order_loan_f_v2_copy（整笔订单）；S03｜repayment_record_copy（正向入账）,"近3个自然日：start=max(可观察起点,DATE(T0)-(3-1)日)，create_time<T0；排除Pknown发生支付的整个自然日",比例,float32,eligible_days==0为NaN,behavior_features()；T0部分当天仍按1个可观察自然日计，不是24小时标准化,V2-LC-0881,非还款日行为,T0固定时点；提单/App<T0，放款/整笔结清≤T0；支付<T0，已确认整笔同秒结清订单的已知同秒支付可=T0；当前条件为T0已知值。来源可得时间仍待上线核验。,已入模,保留字段；零增益不等于没有业务意义,0.00796672203195508,0.007946678272363129,0.008345387782352286,0.0070427284727299765,0.0
app_nonpay_3d_events,非还款日｜活跃埋点条数,COUNT(e.user_id)；按窗口允许日期累加,S04｜event_track_record（App埋点）；S03｜repayment_record_copy（正向入账）,"近3个自然日：start=max(可观察起点,DATE(T0)-(3-1)日)，create_time<T0；排除Pknown发生支付的整个自然日",条,float32,eligible_days==0为NaN；有可观察日期而无行为为0,behavior_features()；次数不是人数，时长不去除重叠,V2-LC-0882,非还款日行为,T0固定时点；提单/App<T0，放款/整笔结清≤T0；支付<T0，已确认整笔同秒结清订单的已知同秒支付可=T0；当前条件为T0已知值。来源可得时间仍待上线核验。,已入模,保留字段；零增益不等于没有业务意义,0.00796672203195508,0.007946678272363129,0.008345387782352286,0.011979384097338418,0.0
app_nonpay_3d_newpage,非还款日｜进入提单页次数,"SUM(INT(e.event_type='page_view_in' AND e.props_id IN ('Loan_newpage','Loan_newpage_select')))；按窗口允许日期累加",S04｜event_track_record（App埋点）；S03｜repayment_record_copy（正向入账）,"近3个自然日：start=max(可观察起点,DATE(T0)-(3-1)日)，create_time<T0；排除Pknown发生支付的整个自然日",次,float32,eligible_days==0为NaN；有可观察日期而无行为为0,behavior_features()；次数不是人数，时长不去除重叠,V2-LC-0883,非还款日行为,T0固定时点；提单/App<T0，放款/整笔结清≤T0；支付<T0，已确认整笔同秒结清订单的已知同秒支付可=T0；当前条件为T0已知值。来源可得时间仍待上线核验。,已入模,保留字段；零增益不等于没有业务意义,0.00796672203195508,0.007946678272363129,0.008345387782352286,1.9679103280924234e-05,0.0
app_nonpay_3d_amount,非还款日｜切换借款金额次数,"SUM(INT(e.props_id IN ('amount_modification','loan_form_loan_amount_selectionn_new','loan_form_loan_amount_selectionn_new_select')))；按窗口允许日期累加",S04｜event_track_record（App埋点）；S03｜repayment_record_copy（正向入账）,"近3个自然日：start=max(可观察起点,DATE(T0)-(3-1)日)，create_time<T0；排除Pknown发生支付的整个自然日",次,float32,eligible_days==0为NaN；有可观察日期而无行为为0,behavior_features()；次数不是人数，时长不去除重叠,V2-LC-0884,非还款日行为,T0固定时点；提单/App<T0，放款/整笔结清≤T0；支付<T0，已确认整笔同秒结清订单的已知同秒支付可=T0；当前条件为T0已知值。来源可得时间仍待上线核验。,已入模,保留字段；零增益不等于没有业务意义,0.00796672203195508,0.007946678272363129,0.008345387782352286,1.9679103280924234e-05,0.0
app_nonpay_3d_contract,非还款日｜查看借款合同次数,"SUM(INT(e.props_id IN ('Loan_contract_newdetails','Loan_contract_newdetails_select')))；按窗口允许日期累加",S04｜event_track_record（App埋点）；S03｜repayment_record_copy（正向入账）,"近3个自然日：start=max(可观察起点,DATE(T0)-(3-1)日)，create_time<T0；排除Pknown发生支付的整个自然日",次,float32,eligible_days==0为NaN；有可观察日期而无行为为0,behavior_features()；次数不是人数，时长不去除重叠,V2-LC-0885,非还款日行为,T0固定时点；提单/App<T0，放款/整笔结清≤T0；支付<T0，已确认整笔同秒结清订单的已知同秒支付可=T0；当前条件为T0已知值。来源可得时间仍待上线核验。,已入模,保留字段；零增益不等于没有业务意义,0.00796672203195508,0.007946678272363129,0.008345387782352286,1.9679103280924234e-05,0.0
app_nonpay_3d_term,非还款日｜切换借款期次次数,"SUM(INT(e.props_id IN ('loan_form_term_selection_new','loan_form_term_selection_new_select')))；按窗口允许日期累加",S04｜event_track_record（App埋点）；S03｜repayment_record_copy（正向入账）,"近3个自然日：start=max(可观察起点,DATE(T0)-(3-1)日)，create_time<T0；排除Pknown发生支付的整个自然日",次,float32,eligible_days==0为NaN；有可观察日期而无行为为0,behavior_features()；次数不是人数，时长不去除重叠,V2-LC-0886,非还款日行为,T0固定时点；提单/App<T0，放款/整笔结清≤T0；支付<T0，已确认整笔同秒结清订单的已知同秒支付可=T0；当前条件为T0已知值。来源可得时间仍待上线核验。,已入模,保留字段；零增益不等于没有业务意义,0.00796672203195508,0.007946678272363129,0.008345387782352286,1.9679103280924234e-05,0.0
app_nonpay_3d_confirm,非还款日｜确认提单埋点次数,"SUM(INT(e.props_id IN ('Loan_newconfirm','Loan_newconfirm_select')))；按窗口允许日期累加",S04｜event_track_record（App埋点）；S03｜repayment_record_copy（正向入账）,"近3个自然日：start=max(可观察起点,DATE(T0)-(3-1)日)，create_time<T0；排除Pknown发生支付的整个自然日",次,float32,eligible_days==0为NaN；有可观察日期而无行为为0,behavior_features()；次数不是人数，时长不去除重叠,V2-LC-0887,非还款日行为,T0固定时点；提单/App<T0，放款/整笔结清≤T0；支付<T0，已确认整笔同秒结清订单的已知同秒支付可=T0；当前条件为T0已知值。来源可得时间仍待上线核验。,已入模,保留字段；零增益不等于没有业务意义,0.00796672203195508,0.007946678272363129,0.008345387782352286,1.9679103280924234e-05,0.0
app_nonpay_3d_plan,非还款日｜查看还款计划次数,"SUM(INT(e.props_id IN ('Loan_plan_newdetails','Loan_plan_newdetails_select')))；按窗口允许日期累加",S04｜event_track_record（App埋点）；S03｜repayment_record_copy（正向入账）,"近3个自然日：start=max(可观察起点,DATE(T0)-(3-1)日)，create_time<T0；排除Pknown发生支付的整个自然日",次,float32,eligible_days==0为NaN；有可观察日期而无行为为0,behavior_features()；次数不是人数，时长不去除重叠,V2-LC-0888,非还款日行为,T0固定时点；提单/App<T0，放款/整笔结清≤T0；支付<T0，已确认整笔同秒结清订单的已知同秒支付可=T0；当前条件为T0已知值。来源可得时间仍待上线核验。,已入模,保留字段；零增益不等于没有业务意义,0.00796672203195508,0.007946678272363129,0.008345387782352286,1.9679103280924234e-05,0.0
app_nonpay_3d_purpose,非还款日｜选择借款用途次数,"SUM(INT(e.props_id IN ('Loan_purpose_newdetails','Loan_purpose_newdetails_select')))；按窗口允许日期累加",S04｜event_track_record（App埋点）；S03｜repayment_record_copy（正向入账）,"近3个自然日：start=max(可观察起点,DATE(T0)-(3-1)日)，create_time<T0；排除Pknown发生支付的整个自然日",次,float32,eligible_days==0为NaN；有可观察日期而无行为为0,behavior_features()；次数不是人数，时长不去除重叠,V2-LC-0889,非还款日行为,T0固定时点；提单/App<T0，放款/整笔结清≤T0；支付<T0，已确认整笔同秒结清订单的已知同秒支付可=T0；当前条件为T0已知值。来源可得时间仍待上线核验。,已入模,保留字段；零增益不等于没有业务意义,0.00796672203195508,0.007946678272363129,0.008345387782352286,1.9679103280924234e-05,0.0
app_nonpay_3d_coupon_back,非还款日｜关闭优惠券拦截次数,"SUM(INT(e.props_id IN ('Order_coupons_back','Order_coupons_back_select')))；按窗口允许日期累加",S04｜event_track_record（App埋点）；S03｜repayment_record_copy（正向入账）,"近3个自然日：start=max(可观察起点,DATE(T0)-(3-1)日)，create_time<T0；排除Pknown发生支付的整个自然日",次,float32,eligible_days==0为NaN；有可观察日期而无行为为0,behavior_features()；次数不是人数，时长不去除重叠,V2-LC-0890,非还款日行为,T0固定时点；提单/App<T0，放款/整笔结清≤T0；支付<T0，已确认整笔同秒结清订单的已知同秒支付可=T0；当前条件为T0已知值。来源可得时间仍待上线核验。,已入模,保留字段；零增益不等于没有业务意义,0.00796672203195508,0.007946678272363129,0.008345387782352286,1.9679103280924234e-05,0.0
app_nonpay_3d_coupon_confirm,非还款日｜点击优惠券拦截次数,"SUM(INT(e.props_id IN ('Order_coupons_confirm','Order_coupons_confirm_select')))；按窗口允许日期累加",S04｜event_track_record（App埋点）；S03｜repayment_record_copy（正向入账）,"近3个自然日：start=max(可观察起点,DATE(T0)-(3-1)日)，create_time<T0；排除Pknown发生支付的整个自然日",次,float32,eligible_days==0为NaN；有可观察日期而无行为为0,behavior_features()；次数不是人数，时长不去除重叠,V2-LC-0891,非还款日行为,T0固定时点；提单/App<T0，放款/整笔结清≤T0；支付<T0，已确认整笔同秒结清订单的已知同秒支付可=T0；当前条件为T0已知值。来源可得时间仍待上线核验。,已入模,保留字段；零增益不等于没有业务意义,0.00796672203195508,0.007946678272363129,0.008345387782352286,1.9679103280924234e-05,0.0
app_nonpay_3d_coupon_page,非还款日｜进入优惠券挽留页次数,"SUM(INT(e.props_id IN ('Order_coupons_page','Order_coupons_page_select')))；按窗口允许日期累加",S04｜event_track_record（App埋点）；S03｜repayment_record_copy（正向入账）,"近3个自然日：start=max(可观察起点,DATE(T0)-(3-1)日)，create_time<T0；排除Pknown发生支付的整个自然日",次,float32,eligible_days==0为NaN；有可观察日期而无行为为0,behavior_features()；次数不是人数，时长不去除重叠,V2-LC-0892,非还款日行为,T0固定时点；提单/App<T0，放款/整笔结清≤T0；支付<T0，已确认整笔同秒结清订单的已知同秒支付可=T0；当前条件为T0已知值。来源可得时间仍待上线核验。,已入模,保留字段；零增益不等于没有业务意义,0.00796672203195508,0.007946678272363129,0.008345387782352286,1.9679103280924234e-05,0.0
app_nonpay_3d_repayment_page,非还款日｜名称含repay的辅助页面次数,"SUM(INT(lower(COALESCE(e.props_id,'')||' '||COALESCE(e.page_name,'')) LIKE '%repay%'))；按窗口允许日期累加",S04｜event_track_record（App埋点）；S03｜repayment_record_copy（正向入账）,"近3个自然日：start=max(可观察起点,DATE(T0)-(3-1)日)，create_time<T0；排除Pknown发生支付的整个自然日",次,float32,eligible_days==0为NaN；有可观察日期而无行为为0,behavior_features()；次数不是人数，时长不去除重叠,V2-LC-0893,非还款日行为,T0固定时点；提单/App<T0，放款/整笔结清≤T0；支付<T0，已确认整笔同秒结清订单的已知同秒支付可=T0；当前条件为T0已知值。来源可得时间仍待上线核验。,已入模,保留字段；零增益不等于没有业务意义,0.00796672203195508,0.007946678272363129,0.008345387782352286,1.9679103280924234e-05,0.0
app_nonpay_3d_duration,非还款日｜已结束页面累计停留,"SUM(min((event_end_time-event_start_time)/1000,3600))；仅page_view_out、end≥start且end≤截断时刻；按窗口允许日期累加",S04｜event_track_record（App埋点）；S03｜repayment_record_copy（正向入账）,"近3个自然日：start=max(可观察起点,DATE(T0)-(3-1)日)，create_time<T0；排除Pknown发生支付的整个自然日",秒,float32,eligible_days==0为NaN；有可观察日期而无行为为0,behavior_features()；次数不是人数，时长不去除重叠,V2-LC-0894,非还款日行为,T0固定时点；提单/App<T0，放款/整笔结清≤T0；支付<T0，已确认整笔同秒结清订单的已知同秒支付可=T0；当前条件为T0已知值。来源可得时间仍待上线核验。,已入模,保留字段；零增益不等于没有业务意义,0.00796672203195508,0.007946678272363129,0.008345387782352286,0.006020326595912088,135.7283992767334
app_nonpay_3d_apply_duration,非还款日｜已结束提单页累计停留,与duration相同，另限定props_id为Loan_newpage/Loan_newpage_select；按窗口允许日期累加,S04｜event_track_record（App埋点）；S03｜repayment_record_copy（正向入账）,"近3个自然日：start=max(可观察起点,DATE(T0)-(3-1)日)，create_time<T0；排除Pknown发生支付的整个自然日",秒,float32,eligible_days==0为NaN；有可观察日期而无行为为0,behavior_features()；次数不是人数，时长不去除重叠,V2-LC-0895,非还款日行为,T0固定时点；提单/App<T0，放款/整笔结清≤T0；支付<T0，已确认整笔同秒结清订单的已知同秒支付可=T0；当前条件为T0已知值。来源可得时间仍待上线核验。,已入模,保留字段；零增益不等于没有业务意义,0.00796672203195508,0.007946678272363129,0.008345387782352286,1.9679103280924234e-05,60.123900413513184
app_nonpay_3d_non_apply_duration,非还款日｜非提单页累计停留,duration-apply_duration,S04｜event_track_record（App埋点）；S01｜order_loan_f_v2_copy（整笔订单）；S03｜repayment_record_copy（正向入账）,"近3个自然日：start=max(可观察起点,DATE(T0)-(3-1)日)，create_time<T0；排除Pknown发生支付的整个自然日",秒,float32,eligible_days==0为NaN，否则无行为为0,behavior_features()；T0部分当天仍按1个可观察自然日计，不是24小时标准化,V2-LC-0896,非还款日行为,T0固定时点；提单/App<T0，放款/整笔结清≤T0；支付<T0，已确认整笔同秒结清订单的已知同秒支付可=T0；当前条件为T0已知值。来源可得时间仍待上线核验。,已入模,保留字段；零增益不等于没有业务意义,0.00796672203195508,0.007946678272363129,0.008345387782352286,0.0013025387141468786,121.6914005279541
app_nonpay_3d_events_per_eligible_day,非还款日｜每可观察日活跃频次,events/eligible_days,S04｜event_track_record（App埋点）；S01｜order_loan_f_v2_copy（整笔订单）；S03｜repayment_record_copy（正向入账）,"近3个自然日：start=max(可观察起点,DATE(T0)-(3-1)日)，create_time<T0；排除Pknown发生支付的整个自然日",条/自然日,float32,eligible_days==0为NaN,behavior_features()；T0部分当天仍按1个可观察自然日计，不是24小时标准化,V2-LC-0897,非还款日行为,T0固定时点；提单/App<T0，放款/整笔结清≤T0；支付<T0，已确认整笔同秒结清订单的已知同秒支付可=T0；当前条件为T0已知值。来源可得时间仍待上线核验。,已入模,保留字段；零增益不等于没有业务意义,0.00796672203195508,0.007946678272363129,0.008345387782352286,0.011810510176806135,0.0
app_nonpay_3d_duration_per_active_day,非还款日｜每活跃日累计页面停留,duration/active_days,S04｜event_track_record（App埋点）；S01｜order_loan_f_v2_copy（整笔订单）；S03｜repayment_record_copy（正向入账）,"近3个自然日：start=max(可观察起点,DATE(T0)-(3-1)日)，create_time<T0；排除Pknown发生支付的整个自然日",秒/活跃日,float32,active_days==0为NaN,behavior_features()；T0部分当天仍按1个可观察自然日计，不是24小时标准化,V2-LC-0898,非还款日行为,T0固定时点；提单/App<T0，放款/整笔结清≤T0；支付<T0，已确认整笔同秒结清订单的已知同秒支付可=T0；当前条件为T0已知值。来源可得时间仍待上线核验。,已入模,保留字段；零增益不等于没有业务意义,0.5660096325802674,0.5871112293172788,0.5458996328029376,0.014061432100116959,3375.0011987686157
app_nonpay_3d_apply_duration_share,非还款日｜提单页停留占比,apply_duration/duration,S04｜event_track_record（App埋点）；S01｜order_loan_f_v2_copy（整笔订单）；S03｜repayment_record_copy（正向入账）,"近3个自然日：start=max(可观察起点,DATE(T0)-(3-1)日)，create_time<T0；排除Pknown发生支付的整个自然日",比例,float32,duration==0为NaN,behavior_features()；T0部分当天仍按1个可观察自然日计，不是24小时标准化,V2-LC-0899,非还款日行为,T0固定时点；提单/App<T0，放款/整笔结清≤T0；支付<T0，已确认整笔同秒结清订单的已知同秒支付可=T0；当前条件为T0已知值。来源可得时间仍待上线核验。,已入模,保留字段；零增益不等于没有业务意义,0.5984203744261364,0.6231372454201827,0.5749415822855235,0.07866480441604139,31.53230094909668
app_nonpay_3d_amount_per_newpage,非还款日｜切换金额次数对进页比,amount/newpage,S04｜event_track_record（App埋点）；S01｜order_loan_f_v2_copy（整笔订单）；S03｜repayment_record_copy（正向入账）,"近3个自然日：start=max(可观察起点,DATE(T0)-(3-1)日)，create_time<T0；排除Pknown发生支付的整个自然日",次数比,float32,newpage==0为NaN；可能>1,behavior_features()；T0部分当天仍按1个可观察自然日计，不是24小时标准化,V2-LC-0900,非还款日行为,T0固定时点；提单/App<T0，放款/整笔结清≤T0；支付<T0，已确认整笔同秒结清订单的已知同秒支付可=T0；当前条件为T0已知值。来源可得时间仍待上线核验。,已入模,保留字段；零增益不等于没有业务意义,0.9070402108780543,0.9369423825527696,0.8491153888950707,0.08706932152090409,72.39340019226074
app_nonpay_3d_plan_per_newpage,非还款日｜查看计划次数对进页比,plan/newpage,S04｜event_track_record（App埋点）；S01｜order_loan_f_v2_copy（整笔订单）；S03｜repayment_record_copy（正向入账）,"近3个自然日：start=max(可观察起点,DATE(T0)-(3-1)日)，create_time<T0；排除Pknown发生支付的整个自然日",次数比,float32,newpage==0为NaN；可能>1,behavior_features()；T0部分当天仍按1个可观察自然日计，不是24小时标准化,V2-LC-0901,非还款日行为,T0固定时点；提单/App<T0，放款/整笔结清≤T0；支付<T0，已确认整笔同秒结清订单的已知同秒支付可=T0；当前条件为T0已知值。来源可得时间仍待上线核验。,已入模,保留字段；零增益不等于没有业务意义,0.9070402108780543,0.9369423825527696,0.8491153888950707,0.08885425505557848,0.0
app_nonpay_3d_confirm_per_newpage,非还款日｜确认埋点次数对进页比,confirm/newpage,S04｜event_track_record（App埋点）；S01｜order_loan_f_v2_copy（整笔订单）；S03｜repayment_record_copy（正向入账）,"近3个自然日：start=max(可观察起点,DATE(T0)-(3-1)日)，create_time<T0；排除Pknown发生支付的整个自然日",次数比（非用户确认率）,float32,newpage==0为NaN；可能>1，不等于成功提单,behavior_features()；T0部分当天仍按1个可观察自然日计，不是24小时标准化,V2-LC-0902,非还款日行为,T0固定时点；提单/App<T0，放款/整笔结清≤T0；支付<T0，已确认整笔同秒结清订单的已知同秒支付可=T0；当前条件为T0已知值。来源可得时间仍待上线核验。,已入模,保留字段；零增益不等于没有业务意义,0.9070402108780543,0.9369423825527696,0.8491153888950707,0.10696308630178013,15.881600379943848
app_nonpay_3d_coupon_accept_share,非还款日｜券点击对点击加关闭比,coupon_confirm/(coupon_confirm+coupon_back),S04｜event_track_record（App埋点）；S01｜order_loan_f_v2_copy（整笔订单）；S03｜repayment_record_copy（正向入账）,"近3个自然日：start=max(可观察起点,DATE(T0)-(3-1)日)，create_time<T0；排除Pknown发生支付的整个自然日",比例,float32,分母==0为NaN,behavior_features()；T0部分当天仍按1个可观察自然日计，不是24小时标准化,V2-LC-0903,非还款日行为,T0固定时点；提单/App<T0，放款/整笔结清≤T0；支付<T0，已确认整笔同秒结清订单的已知同秒支付可=T0；当前条件为T0已知值。来源可得时间仍待上线核验。,已入模,保留字段；零增益不等于没有业务意义,0.9982263509375352,0.9978481104475446,0.9994436408145099,0.0023787720592129058,0.0
app_nonpay_7d_eligible_days,非还款日｜可观察且未排除日期数,"max(0,DATE(T0)-start+1-排除还款日数)",S04｜event_track_record（App埋点）；S01｜order_loan_f_v2_copy（整笔订单）；S03｜repayment_record_copy（正向入账）,"近7个自然日：start=max(可观察起点,DATE(T0)-(7-1)日)，create_time<T0；排除Pknown发生支付的整个自然日",自然日,float32,无日期为0,behavior_features()；T0部分当天仍按1个可观察自然日计，不是24小时标准化,V2-LC-0904,非还款日行为,T0固定时点；提单/App<T0，放款/整笔结清≤T0；支付<T0，已确认整笔同秒结清订单的已知同秒支付可=T0；当前条件为T0已知值。来源可得时间仍待上线核验。,已入模,保留字段；零增益不等于没有业务意义,0.0,0.0,0.0,0.0019518399082546212,2132.274694442749
app_nonpay_7d_empty_eligible,非还款日｜无可观察日期标记,INT(eligible_days==0),S04｜event_track_record（App埋点）；S01｜order_loan_f_v2_copy（整笔订单）；S03｜repayment_record_copy（正向入账）,"近7个自然日：start=max(可观察起点,DATE(T0)-(7-1)日)，create_time<T0；排除Pknown发生支付的整个自然日",0/1,float32,无日期为1,behavior_features()；T0部分当天仍按1个可观察自然日计，不是24小时标准化,V2-LC-0905,非还款日行为,T0固定时点；提单/App<T0，放款/整笔结清≤T0；支付<T0，已确认整笔同秒结清订单的已知同秒支付可=T0；当前条件为T0已知值。来源可得时间仍待上线核验。,已入模,保留字段；零增益不等于没有业务意义,0.0,0.0,0.0,0.0,0.0
app_nonpay_7d_active_days,非还款日｜有埋点的日期数,COUNT(窗口内event_count>0的日期),S04｜event_track_record（App埋点）；S01｜order_loan_f_v2_copy（整笔订单）；S03｜repayment_record_copy（正向入账）,"近7个自然日：start=max(可观察起点,DATE(T0)-(7-1)日)，create_time<T0；排除Pknown发生支付的整个自然日",自然日,float32,无活跃或无可观察日期为0,behavior_features()；T0部分当天仍按1个可观察自然日计，不是24小时标准化,V2-LC-0906,非还款日行为,T0固定时点；提单/App<T0，放款/整笔结清≤T0；支付<T0，已确认整笔同秒结清订单的已知同秒支付可=T0；当前条件为T0已知值。来源可得时间仍待上线核验。,已入模,保留字段；零增益不等于没有业务意义,0.0,0.0,0.0,0.012331500786432964,316.25279998779297
app_nonpay_7d_active_day_share,非还款日｜活跃日期占比,active_days/eligible_days,S04｜event_track_record（App埋点）；S01｜order_loan_f_v2_copy（整笔订单）；S03｜repayment_record_copy（正向入账）,"近7个自然日：start=max(可观察起点,DATE(T0)-(7-1)日)，create_time<T0；排除Pknown发生支付的整个自然日",比例,float32,eligible_days==0为NaN,behavior_features()；T0部分当天仍按1个可观察自然日计，不是24小时标准化,V2-LC-0907,非还款日行为,T0固定时点；提单/App<T0，放款/整笔结清≤T0；支付<T0，已确认整笔同秒结清订单的已知同秒支付可=T0；当前条件为T0已知值。来源可得时间仍待上线核验。,已入模,保留字段；零增益不等于没有业务意义,0.001381682418826158,0.001692497400807563,0.0007789028596862134,0.01346204627286985,1649.6897830963135
app_nonpay_7d_events,非还款日｜活跃埋点条数,COUNT(e.user_id)；按窗口允许日期累加,S04｜event_track_record（App埋点）；S03｜repayment_record_copy（正向入账）,"近7个自然日：start=max(可观察起点,DATE(T0)-(7-1)日)，create_time<T0；排除Pknown发生支付的整个自然日",条,float32,eligible_days==0为NaN；有可观察日期而无行为为0,behavior_features()；次数不是人数，时长不去除重叠,V2-LC-0908,非还款日行为,T0固定时点；提单/App<T0，放款/整笔结清≤T0；支付<T0，已确认整笔同秒结清订单的已知同秒支付可=T0；当前条件为T0已知值。来源可得时间仍待上线核验。,已入模,保留字段；零增益不等于没有业务意义,0.001381682418826158,0.001692497400807563,0.0007789028596862134,0.017835846582259986,124.55390167236328
app_nonpay_7d_newpage,非还款日｜进入提单页次数,"SUM(INT(e.event_type='page_view_in' AND e.props_id IN ('Loan_newpage','Loan_newpage_select')))；按窗口允许日期累加",S04｜event_track_record（App埋点）；S03｜repayment_record_copy（正向入账）,"近7个自然日：start=max(可观察起点,DATE(T0)-(7-1)日)，create_time<T0；排除Pknown发生支付的整个自然日",次,float32,eligible_days==0为NaN；有可观察日期而无行为为0,behavior_features()；次数不是人数，时长不去除重叠,V2-LC-0909,非还款日行为,T0固定时点；提单/App<T0，放款/整笔结清≤T0；支付<T0，已确认整笔同秒结清订单的已知同秒支付可=T0；当前条件为T0已知值。来源可得时间仍待上线核验。,已入模,保留字段；零增益不等于没有业务意义,0.001381682418826158,0.001692497400807563,0.0007789028596862134,0.015200151900626407,21.009000778198242
app_nonpay_7d_amount,非还款日｜切换借款金额次数,"SUM(INT(e.props_id IN ('amount_modification','loan_form_loan_amount_selectionn_new','loan_form_loan_amount_selectionn_new_select')))；按窗口允许日期累加",S04｜event_track_record（App埋点）；S03｜repayment_record_copy（正向入账）,"近7个自然日：start=max(可观察起点,DATE(T0)-(7-1)日)，create_time<T0；排除Pknown发生支付的整个自然日",次,float32,eligible_days==0为NaN；有可观察日期而无行为为0,behavior_features()；次数不是人数，时长不去除重叠,V2-LC-0910,非还款日行为,T0固定时点；提单/App<T0，放款/整笔结清≤T0；支付<T0，已确认整笔同秒结清订单的已知同秒支付可=T0；当前条件为T0已知值。来源可得时间仍待上线核验。,已入模,保留字段；零增益不等于没有业务意义,0.001381682418826158,0.001692497400807563,0.0007789028596862134,0.0007098527761136538,13.128700256347656
app_nonpay_7d_contract,非还款日｜查看借款合同次数,"SUM(INT(e.props_id IN ('Loan_contract_newdetails','Loan_contract_newdetails_select')))；按窗口允许日期累加",S04｜event_track_record（App埋点）；S03｜repayment_record_copy（正向入账）,"近7个自然日：start=max(可观察起点,DATE(T0)-(7-1)日)，create_time<T0；排除Pknown发生支付的整个自然日",次,float32,eligible_days==0为NaN；有可观察日期而无行为为0,behavior_features()；次数不是人数，时长不去除重叠,V2-LC-0911,非还款日行为,T0固定时点；提单/App<T0，放款/整笔结清≤T0；支付<T0，已确认整笔同秒结清订单的已知同秒支付可=T0；当前条件为T0已知值。来源可得时间仍待上线核验。,已入模,保留字段；零增益不等于没有业务意义,0.001381682418826158,0.001692497400807563,0.0007789028596862134,0.0007098527761136538,0.0
app_nonpay_7d_term,非还款日｜切换借款期次次数,"SUM(INT(e.props_id IN ('loan_form_term_selection_new','loan_form_term_selection_new_select')))；按窗口允许日期累加",S04｜event_track_record（App埋点）；S03｜repayment_record_copy（正向入账）,"近7个自然日：start=max(可观察起点,DATE(T0)-(7-1)日)，create_time<T0；排除Pknown发生支付的整个自然日",次,float32,eligible_days==0为NaN；有可观察日期而无行为为0,behavior_features()；次数不是人数，时长不去除重叠,V2-LC-0912,非还款日行为,T0固定时点；提单/App<T0，放款/整笔结清≤T0；支付<T0，已确认整笔同秒结清订单的已知同秒支付可=T0；当前条件为T0已知值。来源可得时间仍待上线核验。,已入模,保留字段；零增益不等于没有业务意义,0.001381682418826158,0.001692497400807563,0.0007789028596862134,0.0007098527761136538,17.24020004272461
app_nonpay_7d_confirm,非还款日｜确认提单埋点次数,"SUM(INT(e.props_id IN ('Loan_newconfirm','Loan_newconfirm_select')))；按窗口允许日期累加",S04｜event_track_record（App埋点）；S03｜repayment_record_copy（正向入账）,"近7个自然日：start=max(可观察起点,DATE(T0)-(7-1)日)，create_time<T0；排除Pknown发生支付的整个自然日",次,float32,eligible_days==0为NaN；有可观察日期而无行为为0,behavior_features()；次数不是人数，时长不去除重叠,V2-LC-0913,非还款日行为,T0固定时点；提单/App<T0，放款/整笔结清≤T0；支付<T0，已确认整笔同秒结清订单的已知同秒支付可=T0；当前条件为T0已知值。来源可得时间仍待上线核验。,已入模,保留字段；零增益不等于没有业务意义,0.001381682418826158,0.001692497400807563,0.0007789028596862134,0.01874500061944691,0.0
app_nonpay_7d_plan,非还款日｜查看还款计划次数,"SUM(INT(e.props_id IN ('Loan_plan_newdetails','Loan_plan_newdetails_select')))；按窗口允许日期累加",S04｜event_track_record（App埋点）；S03｜repayment_record_copy（正向入账）,"近7个自然日：start=max(可观察起点,DATE(T0)-(7-1)日)，create_time<T0；排除Pknown发生支付的整个自然日",次,float32,eligible_days==0为NaN；有可观察日期而无行为为0,behavior_features()；次数不是人数，时长不去除重叠,V2-LC-0914,非还款日行为,T0固定时点；提单/App<T0，放款/整笔结清≤T0；支付<T0，已确认整笔同秒结清订单的已知同秒支付可=T0；当前条件为T0已知值。来源可得时间仍待上线核验。,已入模,保留字段；零增益不等于没有业务意义,0.001381682418826158,0.001692497400807563,0.0007789028596862134,0.011122281647137891,0.0
app_nonpay_7d_purpose,非还款日｜选择借款用途次数,"SUM(INT(e.props_id IN ('Loan_purpose_newdetails','Loan_purpose_newdetails_select')))；按窗口允许日期累加",S04｜event_track_record（App埋点）；S03｜repayment_record_copy（正向入账）,"近7个自然日：start=max(可观察起点,DATE(T0)-(7-1)日)，create_time<T0；排除Pknown发生支付的整个自然日",次,float32,eligible_days==0为NaN；有可观察日期而无行为为0,behavior_features()；次数不是人数，时长不去除重叠,V2-LC-0915,非还款日行为,T0固定时点；提单/App<T0，放款/整笔结清≤T0；支付<T0，已确认整笔同秒结清订单的已知同秒支付可=T0；当前条件为T0已知值。来源可得时间仍待上线核验。,已入模,保留字段；零增益不等于没有业务意义,0.001381682418826158,0.001692497400807563,0.0007789028596862134,0.0007098527761136538,31.338900566101074
app_nonpay_7d_coupon_back,非还款日｜关闭优惠券拦截次数,"SUM(INT(e.props_id IN ('Order_coupons_back','Order_coupons_back_select')))；按窗口允许日期累加",S04｜event_track_record（App埋点）；S03｜repayment_record_copy（正向入账）,"近7个自然日：start=max(可观察起点,DATE(T0)-(7-1)日)，create_time<T0；排除Pknown发生支付的整个自然日",次,float32,eligible_days==0为NaN；有可观察日期而无行为为0,behavior_features()；次数不是人数，时长不去除重叠,V2-LC-0916,非还款日行为,T0固定时点；提单/App<T0，放款/整笔结清≤T0；支付<T0，已确认整笔同秒结清订单的已知同秒支付可=T0；当前条件为T0已知值。来源可得时间仍待上线核验。,已入模,保留字段；零增益不等于没有业务意义,0.001381682418826158,0.001692497400807563,0.0007789028596862134,0.0007098527761136538,0.0
app_nonpay_7d_coupon_confirm,非还款日｜点击优惠券拦截次数,"SUM(INT(e.props_id IN ('Order_coupons_confirm','Order_coupons_confirm_select')))；按窗口允许日期累加",S04｜event_track_record（App埋点）；S03｜repayment_record_copy（正向入账）,"近7个自然日：start=max(可观察起点,DATE(T0)-(7-1)日)，create_time<T0；排除Pknown发生支付的整个自然日",次,float32,eligible_days==0为NaN；有可观察日期而无行为为0,behavior_features()；次数不是人数，时长不去除重叠,V2-LC-0917,非还款日行为,T0固定时点；提单/App<T0，放款/整笔结清≤T0；支付<T0，已确认整笔同秒结清订单的已知同秒支付可=T0；当前条件为T0已知值。来源可得时间仍待上线核验。,已入模,保留字段；零增益不等于没有业务意义,0.001381682418826158,0.001692497400807563,0.0007789028596862134,0.0007098527761136538,0.0
app_nonpay_7d_coupon_page,非还款日｜进入优惠券挽留页次数,"SUM(INT(e.props_id IN ('Order_coupons_page','Order_coupons_page_select')))；按窗口允许日期累加",S04｜event_track_record（App埋点）；S03｜repayment_record_copy（正向入账）,"近7个自然日：start=max(可观察起点,DATE(T0)-(7-1)日)，create_time<T0；排除Pknown发生支付的整个自然日",次,float32,eligible_days==0为NaN；有可观察日期而无行为为0,behavior_features()；次数不是人数，时长不去除重叠,V2-LC-0918,非还款日行为,T0固定时点；提单/App<T0，放款/整笔结清≤T0；支付<T0，已确认整笔同秒结清订单的已知同秒支付可=T0；当前条件为T0已知值。来源可得时间仍待上线核验。,已入模,保留字段；零增益不等于没有业务意义,0.001381682418826158,0.001692497400807563,0.0007789028596862134,0.0007098527761136538,0.0
app_nonpay_7d_repayment_page,非还款日｜名称含repay的辅助页面次数,"SUM(INT(lower(COALESCE(e.props_id,'')||' '||COALESCE(e.page_name,'')) LIKE '%repay%'))；按窗口允许日期累加",S04｜event_track_record（App埋点）；S03｜repayment_record_copy（正向入账）,"近7个自然日：start=max(可观察起点,DATE(T0)-(7-1)日)，create_time<T0；排除Pknown发生支付的整个自然日",次,float32,eligible_days==0为NaN；有可观察日期而无行为为0,behavior_features()；次数不是人数，时长不去除重叠,V2-LC-0919,非还款日行为,T0固定时点；提单/App<T0，放款/整笔结清≤T0；支付<T0，已确认整笔同秒结清订单的已知同秒支付可=T0；当前条件为T0已知值。来源可得时间仍待上线核验。,已入模,保留字段；零增益不等于没有业务意义,0.001381682418826158,0.001692497400807563,0.0007789028596862134,0.0007098527761136538,0.0
app_nonpay_7d_duration,非还款日｜已结束页面累计停留,"SUM(min((event_end_time-event_start_time)/1000,3600))；仅page_view_out、end≥start且end≤截断时刻；按窗口允许日期累加",S04｜event_track_record（App埋点）；S03｜repayment_record_copy（正向入账）,"近7个自然日：start=max(可观察起点,DATE(T0)-(7-1)日)，create_time<T0；排除Pknown发生支付的整个自然日",秒,float32,eligible_days==0为NaN；有可观察日期而无行为为0,behavior_features()；次数不是人数，时长不去除重叠,V2-LC-0920,非还款日行为,T0固定时点；提单/App<T0，放款/整笔结清≤T0；支付<T0，已确认整笔同秒结清订单的已知同秒支付可=T0；当前条件为T0已知值。来源可得时间仍待上线核验。,已入模,保留字段；零增益不等于没有业务意义,0.001381682418826158,0.001692497400807563,0.0007789028596862134,0.01495230611326479,53.38070011138916
app_nonpay_7d_apply_duration,非还款日｜已结束提单页累计停留,与duration相同，另限定props_id为Loan_newpage/Loan_newpage_select；按窗口允许日期累加,S04｜event_track_record（App埋点）；S03｜repayment_record_copy（正向入账）,"近7个自然日：start=max(可观察起点,DATE(T0)-(7-1)日)，create_time<T0；排除Pknown发生支付的整个自然日",秒,float32,eligible_days==0为NaN；有可观察日期而无行为为0,behavior_features()；次数不是人数，时长不去除重叠,V2-LC-0921,非还款日行为,T0固定时点；提单/App<T0，放款/整笔结清≤T0；支付<T0，已确认整笔同秒结清订单的已知同秒支付可=T0；当前条件为T0已知值。来源可得时间仍待上线核验。,已入模,保留字段；零增益不等于没有业务意义,0.001381682418826158,0.001692497400807563,0.0007789028596862134,0.004637370096689194,36.767099380493164
app_nonpay_7d_non_apply_duration,非还款日｜非提单页累计停留,duration-apply_duration,S04｜event_track_record（App埋点）；S01｜order_loan_f_v2_copy（整笔订单）；S03｜repayment_record_copy（正向入账）,"近7个自然日：start=max(可观察起点,DATE(T0)-(7-1)日)，create_time<T0；排除Pknown发生支付的整个自然日",秒,float32,eligible_days==0为NaN，否则无行为为0,behavior_features()；T0部分当天仍按1个可观察自然日计，不是24小时标准化,V2-LC-0922,非还款日行为,T0固定时点；提单/App<T0，放款/整笔结清≤T0；支付<T0，已确认整笔同秒结清订单的已知同秒支付可=T0；当前条件为T0已知值。来源可得时间仍待上线核验。,已入模,保留字段；零增益不等于没有业务意义,0.001381682418826158,0.001692497400807563,0.0007789028596862134,0.03829152277831104,149.2306022644043
app_nonpay_7d_events_per_eligible_day,非还款日｜每可观察日活跃频次,events/eligible_days,S04｜event_track_record（App埋点）；S01｜order_loan_f_v2_copy（整笔订单）；S03｜repayment_record_copy（正向入账）,"近7个自然日：start=max(可观察起点,DATE(T0)-(7-1)日)，create_time<T0；排除Pknown发生支付的整个自然日",条/自然日,float32,eligible_days==0为NaN,behavior_features()；T0部分当天仍按1个可观察自然日计，不是24小时标准化,V2-LC-0923,非还款日行为,T0固定时点；提单/App<T0，放款/整笔结清≤T0；支付<T0，已确认整笔同秒结清订单的已知同秒支付可=T0；当前条件为T0已知值。来源可得时间仍待上线核验。,已入模,保留字段；零增益不等于没有业务意义,0.001381682418826158,0.001692497400807563,0.0007789028596862134,0.015457287030806833,326.28160667419434
app_nonpay_7d_duration_per_active_day,非还款日｜每活跃日累计页面停留,duration/active_days,S04｜event_track_record（App埋点）；S01｜order_loan_f_v2_copy（整笔订单）；S03｜repayment_record_copy（正向入账）,"近7个自然日：start=max(可观察起点,DATE(T0)-(7-1)日)，create_time<T0；排除Pknown发生支付的整个自然日",秒/活跃日,float32,active_days==0为NaN,behavior_features()；T0部分当天仍按1个可观察自然日计，不是24小时标准化,V2-LC-0924,非还款日行为,T0固定时点；提单/App<T0，放款/整笔结清≤T0；支付<T0，已确认整笔同秒结清订单的已知同秒支付可=T0；当前条件为T0已知值。来源可得时间仍待上线核验。,已入模,保留字段；零增益不等于没有业务意义,0.23416577249276085,0.25069110310532977,0.21953933459441416,0.020088889599634875,4029.556583404541
app_nonpay_7d_apply_duration_share,非还款日｜提单页停留占比,apply_duration/duration,S04｜event_track_record（App埋点）；S01｜order_loan_f_v2_copy（整笔订单）；S03｜repayment_record_copy（正向入账）,"近7个自然日：start=max(可观察起点,DATE(T0)-(7-1)日)，create_time<T0；排除Pknown发生支付的整个自然日",比例,float32,duration==0为NaN,behavior_features()；T0部分当天仍按1个可观察自然日计，不是24小时标准化,V2-LC-0925,非还款日行为,T0固定时点；提单/App<T0，放款/整笔结清≤T0；支付<T0，已确认整笔同秒结清订单的已知同秒支付可=T0；当前条件为T0已知值。来源可得时间仍待上线核验。,已入模,保留字段；零增益不等于没有业务意义,0.2705892728528802,0.29144805241906235,0.25492377879158784,0.09364345319480137,1206.36399269104
app_nonpay_7d_amount_per_newpage,非还款日｜切换金额次数对进页比,amount/newpage,S04｜event_track_record（App埋点）；S01｜order_loan_f_v2_copy（整笔订单）；S03｜repayment_record_copy（正向入账）,"近7个自然日：start=max(可观察起点,DATE(T0)-(7-1)日)，create_time<T0；排除Pknown发生支付的整个自然日",次数比,float32,newpage==0为NaN；可能>1,behavior_features()；T0部分当天仍按1个可观察自然日计，不是24小时标准化,V2-LC-0926,非还款日行为,T0固定时点；提单/App<T0，放款/整笔结清≤T0；支付<T0，已确认整笔同秒结清订单的已知同秒支付可=T0；当前条件为T0已知值。来源可得时间仍待上线核验。,已入模,保留字段；零增益不等于没有业务意义,0.6851870905785917,0.7122432038169846,0.6420385000556359,0.04388525167284226,27.287599563598633
app_nonpay_7d_plan_per_newpage,非还款日｜查看计划次数对进页比,plan/newpage,S04｜event_track_record（App埋点）；S01｜order_loan_f_v2_copy（整笔订单）；S03｜repayment_record_copy（正向入账）,"近7个自然日：start=max(可观察起点,DATE(T0)-(7-1)日)，create_time<T0；排除Pknown发生支付的整个自然日",次数比,float32,newpage==0为NaN；可能>1,behavior_features()；T0部分当天仍按1个可观察自然日计，不是24小时标准化,V2-LC-0927,非还款日行为,T0固定时点；提单/App<T0，放款/整笔结清≤T0；支付<T0，已确认整笔同秒结清订单的已知同秒支付可=T0；当前条件为T0已知值。来源可得时间仍待上线核验。,已入模,保留字段；零增益不等于没有业务意义,0.6851870905785917,0.7122432038169846,0.6420385000556359,0.02372752983254123,61.38689994812012
app_nonpay_7d_confirm_per_newpage,非还款日｜确认埋点次数对进页比,confirm/newpage,S04｜event_track_record（App埋点）；S01｜order_loan_f_v2_copy（整笔订单）；S03｜repayment_record_copy（正向入账）,"近7个自然日：start=max(可观察起点,DATE(T0)-(7-1)日)，create_time<T0；排除Pknown发生支付的整个自然日",次数比（非用户确认率）,float32,newpage==0为NaN；可能>1，不等于成功提单,behavior_features()；T0部分当天仍按1个可观察自然日计，不是24小时标准化,V2-LC-0928,非还款日行为,T0固定时点；提单/App<T0，放款/整笔结清≤T0；支付<T0，已确认整笔同秒结清订单的已知同秒支付可=T0；当前条件为T0已知值。来源可得时间仍待上线核验。,已入模,保留字段；零增益不等于没有业务意义,0.6851870905785917,0.7122432038169846,0.6420385000556359,0.14488950439787193,1178.1090078353882
app_nonpay_7d_coupon_accept_share,非还款日｜券点击对点击加关闭比,coupon_confirm/(coupon_confirm+coupon_back),S04｜event_track_record（App埋点）；S01｜order_loan_f_v2_copy（整笔订单）；S03｜repayment_record_copy（正向入账）,"近7个自然日：start=max(可观察起点,DATE(T0)-(7-1)日)，create_time<T0；排除Pknown发生支付的整个自然日",比例,float32,分母==0为NaN,behavior_features()；T0部分当天仍按1个可观察自然日计，不是24小时标准化,V2-LC-0929,非还款日行为,T0固定时点；提单/App<T0，放款/整笔结清≤T0；支付<T0，已确认整笔同秒结清订单的已知同秒支付可=T0；当前条件为T0已知值。来源可得时间仍待上线核验。,已入模,保留字段；零增益不等于没有业务意义,0.9733952640630282,0.9713806749034873,0.9794147101368643,0.0027666434401108666,0.0
app_nonpay_14d_eligible_days,非还款日｜可观察且未排除日期数,"max(0,DATE(T0)-start+1-排除还款日数)",S04｜event_track_record（App埋点）；S01｜order_loan_f_v2_copy（整笔订单）；S03｜repayment_record_copy（正向入账）,"近14个自然日：start=max(可观察起点,DATE(T0)-(14-1)日)，create_time<T0；排除Pknown发生支付的整个自然日",自然日,float32,无日期为0,behavior_features()；T0部分当天仍按1个可观察自然日计，不是24小时标准化,V2-LC-0930,非还款日行为,T0固定时点；提单/App<T0，放款/整笔结清≤T0；支付<T0，已确认整笔同秒结清订单的已知同秒支付可=T0；当前条件为T0已知值。来源可得时间仍待上线核验。,已入模,保留字段；零增益不等于没有业务意义,0.0,0.0,0.0,0.018574976322610393,187.3787965774536
app_nonpay_14d_empty_eligible,非还款日｜无可观察日期标记,INT(eligible_days==0),S04｜event_track_record（App埋点）；S01｜order_loan_f_v2_copy（整笔订单）；S03｜repayment_record_copy（正向入账）,"近14个自然日：start=max(可观察起点,DATE(T0)-(14-1)日)，create_time<T0；排除Pknown发生支付的整个自然日",0/1,float32,无日期为1,behavior_features()；T0部分当天仍按1个可观察自然日计，不是24小时标准化,V2-LC-0931,非还款日行为,T0固定时点；提单/App<T0，放款/整笔结清≤T0；支付<T0，已确认整笔同秒结清订单的已知同秒支付可=T0；当前条件为T0已知值。来源可得时间仍待上线核验。,已入模,保留字段；零增益不等于没有业务意义,0.0,0.0,0.0,0.0,0.0
app_nonpay_14d_active_days,非还款日｜有埋点的日期数,COUNT(窗口内event_count>0的日期),S04｜event_track_record（App埋点）；S01｜order_loan_f_v2_copy（整笔订单）；S03｜repayment_record_copy（正向入账）,"近14个自然日：start=max(可观察起点,DATE(T0)-(14-1)日)，create_time<T0；排除Pknown发生支付的整个自然日",自然日,float32,无活跃或无可观察日期为0,behavior_features()；T0部分当天仍按1个可观察自然日计，不是24小时标准化,V2-LC-0932,非还款日行为,T0固定时点；提单/App<T0，放款/整笔结清≤T0；支付<T0，已确认整笔同秒结清订单的已知同秒支付可=T0；当前条件为T0已知值。来源可得时间仍待上线核验。,已入模,保留字段；零增益不等于没有业务意义,0.0,0.0,0.0,0.016716517330666272,40.90889930725098
app_nonpay_14d_active_day_share,非还款日｜活跃日期占比,active_days/eligible_days,S04｜event_track_record（App埋点）；S01｜order_loan_f_v2_copy（整笔订单）；S03｜repayment_record_copy（正向入账）,"近14个自然日：start=max(可观察起点,DATE(T0)-(14-1)日)，create_time<T0；排除Pknown发生支付的整个自然日",比例,float32,eligible_days==0为NaN,behavior_features()；T0部分当天仍按1个可观察自然日计，不是24小时标准化,V2-LC-0933,非还款日行为,T0固定时点；提单/App<T0，放款/整笔结清≤T0；支付<T0，已确认整笔同秒结清订单的已知同秒支付可=T0；当前条件为T0已知值。来源可得时间仍待上线核验。,已入模,保留字段；零增益不等于没有业务意义,0.0013375861714168124,0.0016360808207806442,0.0007789028596862134,0.01207376196932579,300.1155004501343
app_nonpay_14d_events,非还款日｜活跃埋点条数,COUNT(e.user_id)；按窗口允许日期累加,S04｜event_track_record（App埋点）；S03｜repayment_record_copy（正向入账）,"近14个自然日：start=max(可观察起点,DATE(T0)-(14-1)日)，create_time<T0；排除Pknown发生支付的整个自然日",条,float32,eligible_days==0为NaN；有可观察日期而无行为为0,behavior_features()；次数不是人数，时长不去除重叠,V2-LC-0934,非还款日行为,T0固定时点；提单/App<T0，放款/整笔结清≤T0；支付<T0，已确认整笔同秒结清订单的已知同秒支付可=T0；当前条件为T0已知值。来源可得时间仍待上线核验。,已入模,保留字段；零增益不等于没有业务意义,0.0013375861714168124,0.0016360808207806442,0.0007789028596862134,0.02060541758961279,187.48821830749512
app_nonpay_14d_newpage,非还款日｜进入提单页次数,"SUM(INT(e.event_type='page_view_in' AND e.props_id IN ('Loan_newpage','Loan_newpage_select')))；按窗口允许日期累加",S04｜event_track_record（App埋点）；S03｜repayment_record_copy（正向入账）,"近14个自然日：start=max(可观察起点,DATE(T0)-(14-1)日)，create_time<T0；排除Pknown发生支付的整个自然日",次,float32,eligible_days==0为NaN；有可观察日期而无行为为0,behavior_features()；次数不是人数，时长不去除重叠,V2-LC-0935,非还款日行为,T0固定时点；提单/App<T0，放款/整笔结清≤T0；支付<T0，已确认整笔同秒结清订单的已知同秒支付可=T0；当前条件为T0已知值。来源可得时间仍待上线核验。,已入模,保留字段；零增益不等于没有业务意义,0.0013375861714168124,0.0016360808207806442,0.0007789028596862134,0.036951582550466655,0.0
app_nonpay_14d_amount,非还款日｜切换借款金额次数,"SUM(INT(e.props_id IN ('amount_modification','loan_form_loan_amount_selectionn_new','loan_form_loan_amount_selectionn_new_select')))；按窗口允许日期累加",S04｜event_track_record（App埋点）；S03｜repayment_record_copy（正向入账）,"近14个自然日：start=max(可观察起点,DATE(T0)-(14-1)日)，create_time<T0；排除Pknown发生支付的整个自然日",次,float32,eligible_days==0为NaN；有可观察日期而无行为为0,behavior_features()；次数不是人数，时长不去除重叠,V2-LC-0936,非还款日行为,T0固定时点；提单/App<T0，放款/整笔结清≤T0；支付<T0，已确认整笔同秒结清订单的已知同秒支付可=T0；当前条件为T0已知值。来源可得时间仍待上线核验。,已入模,保留字段；零增益不等于没有业务意义,0.0013375861714168124,0.0016360808207806442,0.0007789028596862134,0.05847879506276278,0.0
app_nonpay_14d_contract,非还款日｜查看借款合同次数,"SUM(INT(e.props_id IN ('Loan_contract_newdetails','Loan_contract_newdetails_select')))；按窗口允许日期累加",S04｜event_track_record（App埋点）；S03｜repayment_record_copy（正向入账）,"近14个自然日：start=max(可观察起点,DATE(T0)-(14-1)日)，create_time<T0；排除Pknown发生支付的整个自然日",次,float32,eligible_days==0为NaN；有可观察日期而无行为为0,behavior_features()；次数不是人数，时长不去除重叠,V2-LC-0937,非还款日行为,T0固定时点；提单/App<T0，放款/整笔结清≤T0；支付<T0，已确认整笔同秒结清订单的已知同秒支付可=T0；当前条件为T0已知值。来源可得时间仍待上线核验。,已入模,保留字段；零增益不等于没有业务意义,0.0013375861714168124,0.0016360808207806442,0.0007789028596862134,0.0006369096196057226,237.27361869812012
app_nonpay_14d_term,非还款日｜切换借款期次次数,"SUM(INT(e.props_id IN ('loan_form_term_selection_new','loan_form_term_selection_new_select')))；按窗口允许日期累加",S04｜event_track_record（App埋点）；S03｜repayment_record_copy（正向入账）,"近14个自然日：start=max(可观察起点,DATE(T0)-(14-1)日)，create_time<T0；排除Pknown发生支付的整个自然日",次,float32,eligible_days==0为NaN；有可观察日期而无行为为0,behavior_features()；次数不是人数，时长不去除重叠,V2-LC-0938,非还款日行为,T0固定时点；提单/App<T0，放款/整笔结清≤T0；支付<T0，已确认整笔同秒结清订单的已知同秒支付可=T0；当前条件为T0已知值。来源可得时间仍待上线核验。,已入模,保留字段；零增益不等于没有业务意义,0.0013375861714168124,0.0016360808207806442,0.0007789028596862134,0.0026163115278400283,0.0
app_nonpay_14d_confirm,非还款日｜确认提单埋点次数,"SUM(INT(e.props_id IN ('Loan_newconfirm','Loan_newconfirm_select')))；按窗口允许日期累加",S04｜event_track_record（App埋点）；S03｜repayment_record_copy（正向入账）,"近14个自然日：start=max(可观察起点,DATE(T0)-(14-1)日)，create_time<T0；排除Pknown发生支付的整个自然日",次,float32,eligible_days==0为NaN；有可观察日期而无行为为0,behavior_features()；次数不是人数，时长不去除重叠,V2-LC-0939,非还款日行为,T0固定时点；提单/App<T0，放款/整笔结清≤T0；支付<T0，已确认整笔同秒结清订单的已知同秒支付可=T0；当前条件为T0已知值。来源可得时间仍待上线核验。,已入模,保留字段；零增益不等于没有业务意义,0.0013375861714168124,0.0016360808207806442,0.0007789028596862134,0.07019203556060938,19.140499114990234
app_nonpay_14d_plan,非还款日｜查看还款计划次数,"SUM(INT(e.props_id IN ('Loan_plan_newdetails','Loan_plan_newdetails_select')))；按窗口允许日期累加",S04｜event_track_record（App埋点）；S03｜repayment_record_copy（正向入账）,"近14个自然日：start=max(可观察起点,DATE(T0)-(14-1)日)，create_time<T0；排除Pknown发生支付的整个自然日",次,float32,eligible_days==0为NaN；有可观察日期而无行为为0,behavior_features()；次数不是人数，时长不去除重叠,V2-LC-0940,非还款日行为,T0固定时点；提单/App<T0，放款/整笔结清≤T0；支付<T0，已确认整笔同秒结清订单的已知同秒支付可=T0；当前条件为T0已知值。来源可得时间仍待上线核验。,已入模,保留字段；零增益不等于没有业务意义,0.0013375861714168124,0.0016360808207806442,0.0007789028596862134,0.020656329347093036,62.46049976348877
app_nonpay_14d_purpose,非还款日｜选择借款用途次数,"SUM(INT(e.props_id IN ('Loan_purpose_newdetails','Loan_purpose_newdetails_select')))；按窗口允许日期累加",S04｜event_track_record（App埋点）；S03｜repayment_record_copy（正向入账）,"近14个自然日：start=max(可观察起点,DATE(T0)-(14-1)日)，create_time<T0；排除Pknown发生支付的整个自然日",次,float32,eligible_days==0为NaN；有可观察日期而无行为为0,behavior_features()；次数不是人数，时长不去除重叠,V2-LC-0941,非还款日行为,T0固定时点；提单/App<T0，放款/整笔结清≤T0；支付<T0，已确认整笔同秒结清订单的已知同秒支付可=T0；当前条件为T0已知值。来源可得时间仍待上线核验。,已入模,保留字段；零增益不等于没有业务意义,0.0013375861714168124,0.0016360808207806442,0.0007789028596862134,0.007227229592506512,0.0
app_nonpay_14d_coupon_back,非还款日｜关闭优惠券拦截次数,"SUM(INT(e.props_id IN ('Order_coupons_back','Order_coupons_back_select')))；按窗口允许日期累加",S04｜event_track_record（App埋点）；S03｜repayment_record_copy（正向入账）,"近14个自然日：start=max(可观察起点,DATE(T0)-(14-1)日)，create_time<T0；排除Pknown发生支付的整个自然日",次,float32,eligible_days==0为NaN；有可观察日期而无行为为0,behavior_features()；次数不是人数，时长不去除重叠,V2-LC-0942,非还款日行为,T0固定时点；提单/App<T0，放款/整笔结清≤T0；支付<T0，已确认整笔同秒结清订单的已知同秒支付可=T0；当前条件为T0已知值。来源可得时间仍待上线核验。,已入模,保留字段；零增益不等于没有业务意义,0.0013375861714168124,0.0016360808207806442,0.0007789028596862134,0.0006369096196057226,0.0
app_nonpay_14d_coupon_confirm,非还款日｜点击优惠券拦截次数,"SUM(INT(e.props_id IN ('Order_coupons_confirm','Order_coupons_confirm_select')))；按窗口允许日期累加",S04｜event_track_record（App埋点）；S03｜repayment_record_copy（正向入账）,"近14个自然日：start=max(可观察起点,DATE(T0)-(14-1)日)，create_time<T0；排除Pknown发生支付的整个自然日",次,float32,eligible_days==0为NaN；有可观察日期而无行为为0,behavior_features()；次数不是人数，时长不去除重叠,V2-LC-0943,非还款日行为,T0固定时点；提单/App<T0，放款/整笔结清≤T0；支付<T0，已确认整笔同秒结清订单的已知同秒支付可=T0；当前条件为T0已知值。来源可得时间仍待上线核验。,已入模,保留字段；零增益不等于没有业务意义,0.0013375861714168124,0.0016360808207806442,0.0007789028596862134,0.0006369096196057226,0.0
app_nonpay_14d_coupon_page,非还款日｜进入优惠券挽留页次数,"SUM(INT(e.props_id IN ('Order_coupons_page','Order_coupons_page_select')))；按窗口允许日期累加",S04｜event_track_record（App埋点）；S03｜repayment_record_copy（正向入账）,"近14个自然日：start=max(可观察起点,DATE(T0)-(14-1)日)，create_time<T0；排除Pknown发生支付的整个自然日",次,float32,eligible_days==0为NaN；有可观察日期而无行为为0,behavior_features()；次数不是人数，时长不去除重叠,V2-LC-0944,非还款日行为,T0固定时点；提单/App<T0，放款/整笔结清≤T0；支付<T0，已确认整笔同秒结清订单的已知同秒支付可=T0；当前条件为T0已知值。来源可得时间仍待上线核验。,已入模,保留字段；零增益不等于没有业务意义,0.0013375861714168124,0.0016360808207806442,0.0007789028596862134,0.0006369096196057226,0.0
app_nonpay_14d_repayment_page,非还款日｜名称含repay的辅助页面次数,"SUM(INT(lower(COALESCE(e.props_id,'')||' '||COALESCE(e.page_name,'')) LIKE '%repay%'))；按窗口允许日期累加",S04｜event_track_record（App埋点）；S03｜repayment_record_copy（正向入账）,"近14个自然日：start=max(可观察起点,DATE(T0)-(14-1)日)，create_time<T0；排除Pknown发生支付的整个自然日",次,float32,eligible_days==0为NaN；有可观察日期而无行为为0,behavior_features()；次数不是人数，时长不去除重叠,V2-LC-0945,非还款日行为,T0固定时点；提单/App<T0，放款/整笔结清≤T0；支付<T0，已确认整笔同秒结清订单的已知同秒支付可=T0；当前条件为T0已知值。来源可得时间仍待上线核验。,已入模,保留字段；零增益不等于没有业务意义,0.0013375861714168124,0.0016360808207806442,0.0007789028596862134,0.0006369096196057226,12.930899620056152
app_nonpay_14d_duration,非还款日｜已结束页面累计停留,"SUM(min((event_end_time-event_start_time)/1000,3600))；仅page_view_out、end≥start且end≤截断时刻；按窗口允许日期累加",S04｜event_track_record（App埋点）；S03｜repayment_record_copy（正向入账）,"近14个自然日：start=max(可观察起点,DATE(T0)-(14-1)日)，create_time<T0；排除Pknown发生支付的整个自然日",秒,float32,eligible_days==0为NaN；有可观察日期而无行为为0,behavior_features()；次数不是人数，时长不去除重叠,V2-LC-0946,非还款日行为,T0固定时点；提单/App<T0，放款/整笔结清≤T0；支付<T0，已确认整笔同秒结清订单的已知同秒支付可=T0；当前条件为T0已知值。来源可得时间仍待上线核验。,已入模,保留字段；零增益不等于没有业务意义,0.0013375861714168124,0.0016360808207806442,0.0007789028596862134,0.02606651358606515,40.01149940490723
app_nonpay_14d_apply_duration,非还款日｜已结束提单页累计停留,与duration相同，另限定props_id为Loan_newpage/Loan_newpage_select；按窗口允许日期累加,S04｜event_track_record（App埋点）；S03｜repayment_record_copy（正向入账）,"近14个自然日：start=max(可观察起点,DATE(T0)-(14-1)日)，create_time<T0；排除Pknown发生支付的整个自然日",秒,float32,eligible_days==0为NaN；有可观察日期而无行为为0,behavior_features()；次数不是人数，时长不去除重叠,V2-LC-0947,非还款日行为,T0固定时点；提单/App<T0，放款/整笔结清≤T0；支付<T0，已确认整笔同秒结清订单的已知同秒支付可=T0；当前条件为T0已知值。来源可得时间仍待上线核验。,已入模,保留字段；零增益不等于没有业务意义,0.0013375861714168124,0.0016360808207806442,0.0007789028596862134,0.006813631783973966,88.80439853668213
app_nonpay_14d_non_apply_duration,非还款日｜非提单页累计停留,duration-apply_duration,S04｜event_track_record（App埋点）；S01｜order_loan_f_v2_copy（整笔订单）；S03｜repayment_record_copy（正向入账）,"近14个自然日：start=max(可观察起点,DATE(T0)-(14-1)日)，create_time<T0；排除Pknown发生支付的整个自然日",秒,float32,eligible_days==0为NaN，否则无行为为0,behavior_features()；T0部分当天仍按1个可观察自然日计，不是24小时标准化,V2-LC-0948,非还款日行为,T0固定时点；提单/App<T0，放款/整笔结清≤T0；支付<T0，已确认整笔同秒结清订单的已知同秒支付可=T0；当前条件为T0已知值。来源可得时间仍待上线核验。,已入模,保留字段；零增益不等于没有业务意义,0.0013375861714168124,0.0016360808207806442,0.0007789028596862134,0.04763726392746724,47.10900020599365
app_nonpay_14d_events_per_eligible_day,非还款日｜每可观察日活跃频次,events/eligible_days,S04｜event_track_record（App埋点）；S01｜order_loan_f_v2_copy（整笔订单）；S03｜repayment_record_copy（正向入账）,"近14个自然日：start=max(可观察起点,DATE(T0)-(14-1)日)，create_time<T0；排除Pknown发生支付的整个自然日",条/自然日,float32,eligible_days==0为NaN,behavior_features()；T0部分当天仍按1个可观察自然日计，不是24小时标准化,V2-LC-0949,非还款日行为,T0固定时点；提单/App<T0，放款/整笔结清≤T0；支付<T0，已确认整笔同秒结清订单的已知同秒支付可=T0；当前条件为T0已知值。来源可得时间仍待上线核验。,已入模,保留字段；零增益不等于没有业务意义,0.0013375861714168124,0.0016360808207806442,0.0007789028596862134,0.015127831880478225,145.0457000732422
app_nonpay_14d_duration_per_active_day,非还款日｜每活跃日累计页面停留,duration/active_days,S04｜event_track_record（App埋点）；S01｜order_loan_f_v2_copy（整笔订单）；S03｜repayment_record_copy（正向入账）,"近14个自然日：start=max(可观察起点,DATE(T0)-(14-1)日)，create_time<T0；排除Pknown发生支付的整个自然日",秒/活跃日,float32,active_days==0为NaN,behavior_features()；T0部分当天仍按1个可观察自然日计，不是24小时标准化,V2-LC-0950,非还款日行为,T0固定时点；提单/App<T0，放款/整笔结清≤T0；支付<T0，已确认整笔同秒结清订单的已知同秒支付可=T0；当前条件为T0已知值。来源可得时间仍待上线核验。,已入模,保留字段；零增益不等于没有业务意义,0.07166130162323187,0.07615432352490792,0.07177033492822966,0.04482126579979623,998.4723033905029
app_nonpay_14d_apply_duration_share,非还款日｜提单页停留占比,apply_duration/duration,S04｜event_track_record（App埋点）；S01｜order_loan_f_v2_copy（整笔订单）；S03｜repayment_record_copy（正向入账）,"近14个自然日：start=max(可观察起点,DATE(T0)-(14-1)日)，create_time<T0；排除Pknown发生支付的整个自然日",比例,float32,duration==0为NaN,behavior_features()；T0部分当天仍按1个可观察自然日计，不是24小时标准化,V2-LC-0951,非还款日行为,T0固定时点；提单/App<T0，放款/整笔结清≤T0；支付<T0，已确认整笔同秒结清订单的已知同秒支付可=T0；当前条件为T0已知值。来源可得时间仍待上线核验。,已入模,保留字段；零增益不等于没有业务意义,0.08899112685510463,0.0953843178026548,0.08890619784132636,0.0965153099403583,351.03409004211426
app_nonpay_14d_amount_per_newpage,非还款日｜切换金额次数对进页比,amount/newpage,S04｜event_track_record（App埋点）；S01｜order_loan_f_v2_copy（整笔订单）；S03｜repayment_record_copy（正向入账）,"近14个自然日：start=max(可观察起点,DATE(T0)-(14-1)日)，create_time<T0；排除Pknown发生支付的整个自然日",次数比,float32,newpage==0为NaN；可能>1,behavior_features()；T0部分当天仍按1个可观察自然日计，不是24小时标准化,V2-LC-0952,非还款日行为,T0固定时点；提单/App<T0，放款/整笔结清≤T0；支付<T0，已确认整笔同秒结清订单的已知同秒支付可=T0；当前条件为T0已知值。来源可得时间仍待上线核验。,已入模,保留字段；零增益不等于没有业务意义,0.4179687308610037,0.42417208668810497,0.41760320462890843,0.0631634898997345,95.03720092773438
app_nonpay_14d_plan_per_newpage,非还款日｜查看计划次数对进页比,plan/newpage,S04｜event_track_record（App埋点）；S01｜order_loan_f_v2_copy（整笔订单）；S03｜repayment_record_copy（正向入账）,"近14个自然日：start=max(可观察起点,DATE(T0)-(14-1)日)，create_time<T0；排除Pknown发生支付的整个自然日",次数比,float32,newpage==0为NaN；可能>1,behavior_features()；T0部分当天仍按1个可观察自然日计，不是24小时标准化,V2-LC-0953,非还款日行为,T0固定时点；提单/App<T0，放款/整笔结清≤T0；支付<T0，已确认整笔同秒结清订单的已知同秒支付可=T0；当前条件为T0已知值。来源可得时间仍待上线核验。,已入模,保留字段；零增益不等于没有业务意义,0.4179687308610037,0.42417208668810497,0.41760320462890843,0.010234334264211943,52.14589881896973
app_nonpay_14d_confirm_per_newpage,非还款日｜确认埋点次数对进页比,confirm/newpage,S04｜event_track_record（App埋点）；S01｜order_loan_f_v2_copy（整笔订单）；S03｜repayment_record_copy（正向入账）,"近14个自然日：start=max(可观察起点,DATE(T0)-(14-1)日)，create_time<T0；排除Pknown发生支付的整个自然日",次数比（非用户确认率）,float32,newpage==0为NaN；可能>1，不等于成功提单,behavior_features()；T0部分当天仍按1个可观察自然日计，不是24小时标准化,V2-LC-0954,非还款日行为,T0固定时点；提单/App<T0，放款/整笔结清≤T0；支付<T0，已确认整笔同秒结清订单的已知同秒支付可=T0；当前条件为T0已知值。来源可得时间仍待上线核验。,已入模,保留字段；零增益不等于没有业务意义,0.4179687308610037,0.42417208668810497,0.41760320462890843,0.22386178458674488,343.3363027572632
app_nonpay_14d_coupon_accept_share,非还款日｜券点击对点击加关闭比,coupon_confirm/(coupon_confirm+coupon_back),S04｜event_track_record（App埋点）；S01｜order_loan_f_v2_copy（整笔订单）；S03｜repayment_record_copy（正向入账）,"近14个自然日：start=max(可观察起点,DATE(T0)-(14-1)日)，create_time<T0；排除Pknown发生支付的整个自然日",比例,float32,分母==0为NaN,behavior_features()；T0部分当天仍按1个可观察自然日计，不是24小时标准化,V2-LC-0955,非还款日行为,T0固定时点；提单/App<T0，放款/整笔结清≤T0；支付<T0，已确认整笔同秒结清订单的已知同秒支付可=T0；当前条件为T0已知值。来源可得时间仍待上线核验。,已入模,保留字段；零增益不等于没有业务意义,0.920827637568043,0.914528881259218,0.9398019361299655,0.00955894583971034,15.568599700927734
app_nonpay_30d_eligible_days,非还款日｜可观察且未排除日期数,"max(0,DATE(T0)-start+1-排除还款日数)",S04｜event_track_record（App埋点）；S01｜order_loan_f_v2_copy（整笔订单）；S03｜repayment_record_copy（正向入账）,"近30个自然日：start=max(可观察起点,DATE(T0)-(30-1)日)，create_time<T0；排除Pknown发生支付的整个自然日",自然日,float32,无日期为0,behavior_features()；T0部分当天仍按1个可观察自然日计，不是24小时标准化,V2-LC-0956,非还款日行为,T0固定时点；提单/App<T0，放款/整笔结清≤T0；支付<T0，已确认整笔同秒结清订单的已知同秒支付可=T0；当前条件为T0已知值。来源可得时间仍待上线核验。,已入模,保留字段；零增益不等于没有业务意义,0.0,0.0,0.0,0.041350606078767345,64.30610179901123
app_nonpay_30d_empty_eligible,非还款日｜无可观察日期标记,INT(eligible_days==0),S04｜event_track_record（App埋点）；S01｜order_loan_f_v2_copy（整笔订单）；S03｜repayment_record_copy（正向入账）,"近30个自然日：start=max(可观察起点,DATE(T0)-(30-1)日)，create_time<T0；排除Pknown发生支付的整个自然日",0/1,float32,无日期为1,behavior_features()；T0部分当天仍按1个可观察自然日计，不是24小时标准化,V2-LC-0957,非还款日行为,T0固定时点；提单/App<T0，放款/整笔结清≤T0；支付<T0，已确认整笔同秒结清订单的已知同秒支付可=T0；当前条件为T0已知值。来源可得时间仍待上线核验。,已入模,保留字段；零增益不等于没有业务意义,0.0,0.0,0.0,0.0,0.0
app_nonpay_30d_active_days,非还款日｜有埋点的日期数,COUNT(窗口内event_count>0的日期),S04｜event_track_record（App埋点）；S01｜order_loan_f_v2_copy（整笔订单）；S03｜repayment_record_copy（正向入账）,"近30个自然日：start=max(可观察起点,DATE(T0)-(30-1)日)，create_time<T0；排除Pknown发生支付的整个自然日",自然日,float32,无活跃或无可观察日期为0,behavior_features()；T0部分当天仍按1个可观察自然日计，不是24小时标准化,V2-LC-0958,非还款日行为,T0固定时点；提单/App<T0，放款/整笔结清≤T0；支付<T0，已确认整笔同秒结清订单的已知同秒支付可=T0；当前条件为T0已知值。来源可得时间仍待上线核验。,已入模,保留字段；零增益不等于没有业务意义,0.0,0.0,0.0,0.04334144078728132,70.00519943237305
app_nonpay_30d_active_day_share,非还款日｜活跃日期占比,active_days/eligible_days,S04｜event_track_record（App埋点）；S01｜order_loan_f_v2_copy（整笔订单）；S03｜repayment_record_copy（正向入账）,"近30个自然日：start=max(可观察起点,DATE(T0)-(30-1)日)，create_time<T0；排除Pknown发生支付的整个自然日",比例,float32,eligible_days==0为NaN,behavior_features()；T0部分当天仍按1个可观察自然日计，不是24小时标准化,V2-LC-0959,非还款日行为,T0固定时点；提单/App<T0，放款/整笔结清≤T0；支付<T0，已确认整笔同秒结清订单的已知同秒支付可=T0；当前条件为T0已知值。来源可得时间仍待上线核验。,已入模,保留字段；零增益不等于没有业务意义,0.0013375861714168124,0.0016360808207806442,0.0007789028596862134,0.008921313580851159,218.01509761810303
app_nonpay_30d_events,非还款日｜活跃埋点条数,COUNT(e.user_id)；按窗口允许日期累加,S04｜event_track_record（App埋点）；S03｜repayment_record_copy（正向入账）,"近30个自然日：start=max(可观察起点,DATE(T0)-(30-1)日)，create_time<T0；排除Pknown发生支付的整个自然日",条,float32,eligible_days==0为NaN；有可观察日期而无行为为0,behavior_features()；次数不是人数，时长不去除重叠,V2-LC-0960,非还款日行为,T0固定时点；提单/App<T0，放款/整笔结清≤T0；支付<T0，已确认整笔同秒结清订单的已知同秒支付可=T0；当前条件为T0已知值。来源可得时间仍待上线核验。,已入模,保留字段；零增益不等于没有业务意义,0.0013375861714168124,0.0016360808207806442,0.0007789028596862134,0.015697905278520122,78.605299949646
app_nonpay_30d_newpage,非还款日｜进入提单页次数,"SUM(INT(e.event_type='page_view_in' AND e.props_id IN ('Loan_newpage','Loan_newpage_select')))；按窗口允许日期累加",S04｜event_track_record（App埋点）；S03｜repayment_record_copy（正向入账）,"近30个自然日：start=max(可观察起点,DATE(T0)-(30-1)日)，create_time<T0；排除Pknown发生支付的整个自然日",次,float32,eligible_days==0为NaN；有可观察日期而无行为为0,behavior_features()；次数不是人数，时长不去除重叠,V2-LC-0961,非还款日行为,T0固定时点；提单/App<T0，放款/整笔结清≤T0；支付<T0，已确认整笔同秒结清订单的已知同秒支付可=T0；当前条件为T0已知值。来源可得时间仍待上线核验。,已入模,保留字段；零增益不等于没有业务意义,0.0013375861714168124,0.0016360808207806442,0.0007789028596862134,0.08096964396881413,90.48189926147461
app_nonpay_30d_amount,非还款日｜切换借款金额次数,"SUM(INT(e.props_id IN ('amount_modification','loan_form_loan_amount_selectionn_new','loan_form_loan_amount_selectionn_new_select')))；按窗口允许日期累加",S04｜event_track_record（App埋点）；S03｜repayment_record_copy（正向入账）,"近30个自然日：start=max(可观察起点,DATE(T0)-(30-1)日)，create_time<T0；排除Pknown发生支付的整个自然日",次,float32,eligible_days==0为NaN；有可观察日期而无行为为0,behavior_features()；次数不是人数，时长不去除重叠,V2-LC-0962,非还款日行为,T0固定时点；提单/App<T0，放款/整笔结清≤T0；支付<T0，已确认整笔同秒结清订单的已知同秒支付可=T0；当前条件为T0已知值。来源可得时间仍待上线核验。,已入模,保留字段；零增益不等于没有业务意义,0.0013375861714168124,0.0016360808207806442,0.0007789028596862134,0.2359262570375292,46.44810104370117
app_nonpay_30d_contract,非还款日｜查看借款合同次数,"SUM(INT(e.props_id IN ('Loan_contract_newdetails','Loan_contract_newdetails_select')))；按窗口允许日期累加",S04｜event_track_record（App埋点）；S03｜repayment_record_copy（正向入账）,"近30个自然日：start=max(可观察起点,DATE(T0)-(30-1)日)，create_time<T0；排除Pknown发生支付的整个自然日",次,float32,eligible_days==0为NaN；有可观察日期而无行为为0,behavior_features()；次数不是人数，时长不去除重叠,V2-LC-0963,非还款日行为,T0固定时点；提单/App<T0，放款/整笔结清≤T0；支付<T0，已确认整笔同秒结清订单的已知同秒支付可=T0；当前条件为T0已知值。来源可得时间仍待上线核验。,已入模,保留字段；零增益不等于没有业务意义,0.0013375861714168124,0.0016360808207806442,0.0007789028596862134,0.0006369096196057226,0.0
app_nonpay_30d_term,非还款日｜切换借款期次次数,"SUM(INT(e.props_id IN ('loan_form_term_selection_new','loan_form_term_selection_new_select')))；按窗口允许日期累加",S04｜event_track_record（App埋点）；S03｜repayment_record_copy（正向入账）,"近30个自然日：start=max(可观察起点,DATE(T0)-(30-1)日)，create_time<T0；排除Pknown发生支付的整个自然日",次,float32,eligible_days==0为NaN；有可观察日期而无行为为0,behavior_features()；次数不是人数，时长不去除重叠,V2-LC-0964,非还款日行为,T0固定时点；提单/App<T0，放款/整笔结清≤T0；支付<T0，已确认整笔同秒结清订单的已知同秒支付可=T0；当前条件为T0已知值。来源可得时间仍待上线核验。,已入模,保留字段；零增益不等于没有业务意义,0.0013375861714168124,0.0016360808207806442,0.0007789028596862134,0.06851836426692624,0.0
app_nonpay_30d_confirm,非还款日｜确认提单埋点次数,"SUM(INT(e.props_id IN ('Loan_newconfirm','Loan_newconfirm_select')))；按窗口允许日期累加",S04｜event_track_record（App埋点）；S03｜repayment_record_copy（正向入账）,"近30个自然日：start=max(可观察起点,DATE(T0)-(30-1)日)，create_time<T0；排除Pknown发生支付的整个自然日",次,float32,eligible_days==0为NaN；有可观察日期而无行为为0,behavior_features()；次数不是人数，时长不去除重叠,V2-LC-0965,非还款日行为,T0固定时点；提单/App<T0，放款/整笔结清≤T0；支付<T0，已确认整笔同秒结清订单的已知同秒支付可=T0；当前条件为T0已知值。来源可得时间仍待上线核验。,已入模,保留字段；零增益不等于没有业务意义,0.0013375861714168124,0.0016360808207806442,0.0007789028596862134,0.0017025235417449567,26.061800003051758
app_nonpay_30d_plan,非还款日｜查看还款计划次数,"SUM(INT(e.props_id IN ('Loan_plan_newdetails','Loan_plan_newdetails_select')))；按窗口允许日期累加",S04｜event_track_record（App埋点）；S03｜repayment_record_copy（正向入账）,"近30个自然日：start=max(可观察起点,DATE(T0)-(30-1)日)，create_time<T0；排除Pknown发生支付的整个自然日",次,float32,eligible_days==0为NaN；有可观察日期而无行为为0,behavior_features()；次数不是人数，时长不去除重叠,V2-LC-0966,非还款日行为,T0固定时点；提单/App<T0，放款/整笔结清≤T0；支付<T0，已确认整笔同秒结清订单的已知同秒支付可=T0；当前条件为T0已知值。来源可得时间仍待上线核验。,已入模,保留字段；零增益不等于没有业务意义,0.0013375861714168124,0.0016360808207806442,0.0007789028596862134,0.07568430090567899,129.90799808502197
app_nonpay_30d_purpose,非还款日｜选择借款用途次数,"SUM(INT(e.props_id IN ('Loan_purpose_newdetails','Loan_purpose_newdetails_select')))；按窗口允许日期累加",S04｜event_track_record（App埋点）；S03｜repayment_record_copy（正向入账）,"近30个自然日：start=max(可观察起点,DATE(T0)-(30-1)日)，create_time<T0；排除Pknown发生支付的整个自然日",次,float32,eligible_days==0为NaN；有可观察日期而无行为为0,behavior_features()；次数不是人数，时长不去除重叠,V2-LC-0967,非还款日行为,T0固定时点；提单/App<T0，放款/整笔结清≤T0；支付<T0，已确认整笔同秒结清订单的已知同秒支付可=T0；当前条件为T0已知值。来源可得时间仍待上线核验。,已入模,保留字段；零增益不等于没有业务意义,0.0013375861714168124,0.0016360808207806442,0.0007789028596862134,0.0007240864248407375,33.29419994354248
app_nonpay_30d_coupon_back,非还款日｜关闭优惠券拦截次数,"SUM(INT(e.props_id IN ('Order_coupons_back','Order_coupons_back_select')))；按窗口允许日期累加",S04｜event_track_record（App埋点）；S03｜repayment_record_copy（正向入账）,"近30个自然日：start=max(可观察起点,DATE(T0)-(30-1)日)，create_time<T0；排除Pknown发生支付的整个自然日",次,float32,eligible_days==0为NaN；有可观察日期而无行为为0,behavior_features()；次数不是人数，时长不去除重叠,V2-LC-0968,非还款日行为,T0固定时点；提单/App<T0，放款/整笔结清≤T0；支付<T0，已确认整笔同秒结清订单的已知同秒支付可=T0；当前条件为T0已知值。来源可得时间仍待上线核验。,已入模,保留字段；零增益不等于没有业务意义,0.0013375861714168124,0.0016360808207806442,0.0007789028596862134,0.0006369096196057226,0.0
app_nonpay_30d_coupon_confirm,非还款日｜点击优惠券拦截次数,"SUM(INT(e.props_id IN ('Order_coupons_confirm','Order_coupons_confirm_select')))；按窗口允许日期累加",S04｜event_track_record（App埋点）；S03｜repayment_record_copy（正向入账）,"近30个自然日：start=max(可观察起点,DATE(T0)-(30-1)日)，create_time<T0；排除Pknown发生支付的整个自然日",次,float32,eligible_days==0为NaN；有可观察日期而无行为为0,behavior_features()；次数不是人数，时长不去除重叠,V2-LC-0969,非还款日行为,T0固定时点；提单/App<T0，放款/整笔结清≤T0；支付<T0，已确认整笔同秒结清订单的已知同秒支付可=T0；当前条件为T0已知值。来源可得时间仍待上线核验。,已入模,保留字段；零增益不等于没有业务意义,0.0013375861714168124,0.0016360808207806442,0.0007789028596862134,0.0006837327642522222,0.0
app_nonpay_30d_coupon_page,非还款日｜进入优惠券挽留页次数,"SUM(INT(e.props_id IN ('Order_coupons_page','Order_coupons_page_select')))；按窗口允许日期累加",S04｜event_track_record（App埋点）；S03｜repayment_record_copy（正向入账）,"近30个自然日：start=max(可观察起点,DATE(T0)-(30-1)日)，create_time<T0；排除Pknown发生支付的整个自然日",次,float32,eligible_days==0为NaN；有可观察日期而无行为为0,behavior_features()；次数不是人数，时长不去除重叠,V2-LC-0970,非还款日行为,T0固定时点；提单/App<T0，放款/整笔结清≤T0；支付<T0，已确认整笔同秒结清订单的已知同秒支付可=T0；当前条件为T0已知值。来源可得时间仍待上线核验。,已入模,保留字段；零增益不等于没有业务意义,0.0013375861714168124,0.0016360808207806442,0.0007789028596862134,0.0006402425987913952,0.0
app_nonpay_30d_repayment_page,非还款日｜名称含repay的辅助页面次数,"SUM(INT(lower(COALESCE(e.props_id,'')||' '||COALESCE(e.page_name,'')) LIKE '%repay%'))；按窗口允许日期累加",S04｜event_track_record（App埋点）；S03｜repayment_record_copy（正向入账）,"近30个自然日：start=max(可观察起点,DATE(T0)-(30-1)日)，create_time<T0；排除Pknown发生支付的整个自然日",次,float32,eligible_days==0为NaN；有可观察日期而无行为为0,behavior_features()；次数不是人数，时长不去除重叠,V2-LC-0971,非还款日行为,T0固定时点；提单/App<T0，放款/整笔结清≤T0；支付<T0，已确认整笔同秒结清订单的已知同秒支付可=T0；当前条件为T0已知值。来源可得时间仍待上线核验。,已入模,保留字段；零增益不等于没有业务意义,0.0013375861714168124,0.0016360808207806442,0.0007789028596862134,0.0006369096196057226,11.785200119018555
app_nonpay_30d_duration,非还款日｜已结束页面累计停留,"SUM(min((event_end_time-event_start_time)/1000,3600))；仅page_view_out、end≥start且end≤截断时刻；按窗口允许日期累加",S04｜event_track_record（App埋点）；S03｜repayment_record_copy（正向入账）,"近30个自然日：start=max(可观察起点,DATE(T0)-(30-1)日)，create_time<T0；排除Pknown发生支付的整个自然日",秒,float32,eligible_days==0为NaN；有可观察日期而无行为为0,behavior_features()；次数不是人数，时长不去除重叠,V2-LC-0972,非还款日行为,T0固定时点；提单/App<T0，放款/整笔结清≤T0；支付<T0，已确认整笔同秒结清订单的已知同秒支付可=T0；当前条件为T0已知值。来源可得时间仍待上线核验。,已入模,保留字段；零增益不等于没有业务意义,0.0013375861714168124,0.0016360808207806442,0.0007789028596862134,0.011656059775070955,34.39389991760254
app_nonpay_30d_apply_duration,非还款日｜已结束提单页累计停留,与duration相同，另限定props_id为Loan_newpage/Loan_newpage_select；按窗口允许日期累加,S04｜event_track_record（App埋点）；S03｜repayment_record_copy（正向入账）,"近30个自然日：start=max(可观察起点,DATE(T0)-(30-1)日)，create_time<T0；排除Pknown发生支付的整个自然日",秒,float32,eligible_days==0为NaN；有可观察日期而无行为为0,behavior_features()；次数不是人数，时长不去除重叠,V2-LC-0973,非还款日行为,T0固定时点；提单/App<T0，放款/整笔结清≤T0；支付<T0，已确认整笔同秒结清订单的已知同秒支付可=T0；当前条件为T0已知值。来源可得时间仍待上线核验。,已入模,保留字段；零增益不等于没有业务意义,0.0013375861714168124,0.0016360808207806442,0.0007789028596862134,0.04090206210615181,323.87340259552
app_nonpay_30d_non_apply_duration,非还款日｜非提单页累计停留,duration-apply_duration,S04｜event_track_record（App埋点）；S01｜order_loan_f_v2_copy（整笔订单）；S03｜repayment_record_copy（正向入账）,"近30个自然日：start=max(可观察起点,DATE(T0)-(30-1)日)，create_time<T0；排除Pknown发生支付的整个自然日",秒,float32,eligible_days==0为NaN，否则无行为为0,behavior_features()；T0部分当天仍按1个可观察自然日计，不是24小时标准化,V2-LC-0974,非还款日行为,T0固定时点；提单/App<T0，放款/整笔结清≤T0；支付<T0，已确认整笔同秒结清订单的已知同秒支付可=T0；当前条件为T0已知值。来源可得时间仍待上线核验。,已入模,保留字段；零增益不等于没有业务意义,0.0013375861714168124,0.0016360808207806442,0.0007789028596862134,0.0033980317459020525,163.24899864196777
app_nonpay_30d_events_per_eligible_day,非还款日｜每可观察日活跃频次,events/eligible_days,S04｜event_track_record（App埋点）；S01｜order_loan_f_v2_copy（整笔订单）；S03｜repayment_record_copy（正向入账）,"近30个自然日：start=max(可观察起点,DATE(T0)-(30-1)日)，create_time<T0；排除Pknown发生支付的整个自然日",条/自然日,float32,eligible_days==0为NaN,behavior_features()；T0部分当天仍按1个可观察自然日计，不是24小时标准化,V2-LC-0975,非还款日行为,T0固定时点；提单/App<T0，放款/整笔结清≤T0；支付<T0，已确认整笔同秒结清订单的已知同秒支付可=T0；当前条件为T0已知值。来源可得时间仍待上线核验。,已入模,保留字段；零增益不等于没有业务意义,0.0013375861714168124,0.0016360808207806442,0.0007789028596862134,0.03421877692085733,289.4611988067627
app_nonpay_30d_duration_per_active_day,非还款日｜每活跃日累计页面停留,duration/active_days,S04｜event_track_record（App埋点）；S01｜order_loan_f_v2_copy（整笔订单）；S03｜repayment_record_copy（正向入账）,"近30个自然日：start=max(可观察起点,DATE(T0)-(30-1)日)，create_time<T0；排除Pknown发生支付的整个自然日",秒/活跃日,float32,active_days==0为NaN,behavior_features()；T0部分当天仍按1个可观察自然日计，不是24小时标准化,V2-LC-0976,非还款日行为,T0固定时点；提单/App<T0，放款/整笔结清≤T0；支付<T0，已确认整笔同秒结清订单的已知同秒支付可=T0；当前条件为T0已知值。来源可得时间仍待上线核验。,已入模,保留字段；零增益不等于没有业务意义,0.007780537876226733,0.008929938667118,0.005341048180705464,0.007136272628036108,43.51439952850342
app_nonpay_30d_apply_duration_share,非还款日｜提单页停留占比,apply_duration/duration,S04｜event_track_record（App埋点）；S01｜order_loan_f_v2_copy（整笔订单）；S03｜repayment_record_copy（正向入账）,"近30个自然日：start=max(可观察起点,DATE(T0)-(30-1)日)，create_time<T0；排除Pknown发生支付的整个自然日",比例,float32,duration==0为NaN,behavior_features()；T0部分当天仍按1个可观察自然日计，不是24小时标准化,V2-LC-0977,非还款日行为,T0固定时点；提单/App<T0，放款/整笔结清≤T0；支付<T0，已确认整笔同秒结清订单的已知同秒支付可=T0；当前条件为T0已知值。来源可得时间仍待上线核验。,已入模,保留字段；零增益不等于没有业务意义,0.009916756084057246,0.011380030142572757,0.007900300433960165,0.047467831486996,581.6476573944092
app_nonpay_30d_amount_per_newpage,非还款日｜切换金额次数对进页比,amount/newpage,S04｜event_track_record（App埋点）；S01｜order_loan_f_v2_copy（整笔订单）；S03｜repayment_record_copy（正向入账）,"近30个自然日：start=max(可观察起点,DATE(T0)-(30-1)日)，create_time<T0；排除Pknown发生支付的整个自然日",次数比,float32,newpage==0为NaN；可能>1,behavior_features()；T0部分当天仍按1个可观察自然日计，不是24小时标准化,V2-LC-0978,非还款日行为,T0固定时点；提单/App<T0，放款/整笔结清≤T0；支付<T0，已确认整笔同秒结清订单的已知同秒支付可=T0；当前条件为T0已知值。来源可得时间仍待上线核验。,已入模,保留字段；零增益不等于没有业务意义,0.10928030024644902,0.11517041836923846,0.0992544786914432,0.2037068757063235,436.33230113983154
app_nonpay_30d_plan_per_newpage,非还款日｜查看计划次数对进页比,plan/newpage,S04｜event_track_record（App埋点）；S01｜order_loan_f_v2_copy（整笔订单）；S03｜repayment_record_copy（正向入账）,"近30个自然日：start=max(可观察起点,DATE(T0)-(30-1)日)，create_time<T0；排除Pknown发生支付的整个自然日",次数比,float32,newpage==0为NaN；可能>1,behavior_features()；T0部分当天仍按1个可观察自然日计，不是24小时标准化,V2-LC-0979,非还款日行为,T0固定时点；提单/App<T0，放款/整笔结清≤T0；支付<T0，已确认整笔同秒结清订单的已知同秒支付可=T0；当前条件为T0已知值。来源可得时间仍待上线核验。,已入模,保留字段；零增益不等于没有业务意义,0.10928030024644902,0.11517041836923846,0.0992544786914432,0.06400241550080521,56.4581995010376
app_nonpay_30d_confirm_per_newpage,非还款日｜确认埋点次数对进页比,confirm/newpage,S04｜event_track_record（App埋点）；S01｜order_loan_f_v2_copy（整笔订单）；S03｜repayment_record_copy（正向入账）,"近30个自然日：start=max(可观察起点,DATE(T0)-(30-1)日)，create_time<T0；排除Pknown发生支付的整个自然日",次数比（非用户确认率）,float32,newpage==0为NaN；可能>1，不等于成功提单,behavior_features()；T0部分当天仍按1个可观察自然日计，不是24小时标准化,V2-LC-0980,非还款日行为,T0固定时点；提单/App<T0，放款/整笔结清≤T0；支付<T0，已确认整笔同秒结清订单的已知同秒支付可=T0；当前条件为T0已知值。来源可得时间仍待上线核验。,已入模,保留字段；零增益不等于没有业务意义,0.10928030024644902,0.11517041836923846,0.0992544786914432,0.12094452791024468,1423.107003211975
app_nonpay_30d_coupon_accept_share,非还款日｜券点击对点击加关闭比,coupon_confirm/(coupon_confirm+coupon_back),S04｜event_track_record（App埋点）；S01｜order_loan_f_v2_copy（整笔订单）；S03｜repayment_record_copy（正向入账）,"近30个自然日：start=max(可观察起点,DATE(T0)-(30-1)日)，create_time<T0；排除Pknown发生支付的整个自然日",比例,float32,分母==0为NaN,behavior_features()；T0部分当天仍按1个可观察自然日计，不是24小时标准化,V2-LC-0981,非还款日行为,T0固定时点；提单/App<T0，放款/整笔结清≤T0；支付<T0，已确认整笔同秒结清订单的已知同秒支付可=T0；当前条件为T0已知值。来源可得时间仍待上线核验。,已入模,保留字段；零增益不等于没有业务意义,0.8171867574069447,0.8205549779572362,0.8206297985979748,0.00033938695169921613,0.0
app_nonpay_60d_eligible_days,非还款日｜可观察且未排除日期数,"max(0,DATE(T0)-start+1-排除还款日数)",S04｜event_track_record（App埋点）；S01｜order_loan_f_v2_copy（整笔订单）；S03｜repayment_record_copy（正向入账）,"近60个自然日：start=max(可观察起点,DATE(T0)-(60-1)日)，create_time<T0；排除Pknown发生支付的整个自然日",自然日,float32,无日期为0,behavior_features()；T0部分当天仍按1个可观察自然日计，不是24小时标准化,V2-LC-0982,非还款日行为,T0固定时点；提单/App<T0，放款/整笔结清≤T0；支付<T0，已确认整笔同秒结清订单的已知同秒支付可=T0；当前条件为T0已知值。来源可得时间仍待上线核验。,已入模,保留字段；零增益不等于没有业务意义,0.0,0.0,0.0,0.03283240225272982,61.31119918823242
app_nonpay_60d_empty_eligible,非还款日｜无可观察日期标记,INT(eligible_days==0),S04｜event_track_record（App埋点）；S01｜order_loan_f_v2_copy（整笔订单）；S03｜repayment_record_copy（正向入账）,"近60个自然日：start=max(可观察起点,DATE(T0)-(60-1)日)，create_time<T0；排除Pknown发生支付的整个自然日",0/1,float32,无日期为1,behavior_features()；T0部分当天仍按1个可观察自然日计，不是24小时标准化,V2-LC-0983,非还款日行为,T0固定时点；提单/App<T0，放款/整笔结清≤T0；支付<T0，已确认整笔同秒结清订单的已知同秒支付可=T0；当前条件为T0已知值。来源可得时间仍待上线核验。,已入模,保留字段；零增益不等于没有业务意义,0.0,0.0,0.0,0.0,0.0
app_nonpay_60d_active_days,非还款日｜有埋点的日期数,COUNT(窗口内event_count>0的日期),S04｜event_track_record（App埋点）；S01｜order_loan_f_v2_copy（整笔订单）；S03｜repayment_record_copy（正向入账）,"近60个自然日：start=max(可观察起点,DATE(T0)-(60-1)日)，create_time<T0；排除Pknown发生支付的整个自然日",自然日,float32,无活跃或无可观察日期为0,behavior_features()；T0部分当天仍按1个可观察自然日计，不是24小时标准化,V2-LC-0984,非还款日行为,T0固定时点；提单/App<T0，放款/整笔结清≤T0；支付<T0，已确认整笔同秒结清订单的已知同秒支付可=T0；当前条件为T0已知值。来源可得时间仍待上线核验。,已入模,保留字段；零增益不等于没有业务意义,0.0,0.0,0.0,0.03850482025606297,48.65830039978027
app_nonpay_60d_active_day_share,非还款日｜活跃日期占比,active_days/eligible_days,S04｜event_track_record（App埋点）；S01｜order_loan_f_v2_copy（整笔订单）；S03｜repayment_record_copy（正向入账）,"近60个自然日：start=max(可观察起点,DATE(T0)-(60-1)日)，create_time<T0；排除Pknown发生支付的整个自然日",比例,float32,eligible_days==0为NaN,behavior_features()；T0部分当天仍按1个可观察自然日计，不是24小时标准化,V2-LC-0985,非还款日行为,T0固定时点；提单/App<T0，放款/整笔结清≤T0；支付<T0，已确认整笔同秒结清订单的已知同秒支付可=T0；当前条件为T0已知值。来源可得时间仍待上线核验。,已入模,保留字段；零增益不等于没有业务意义,0.0013375861714168124,0.0016360808207806442,0.0007789028596862134,0.0054038483658746484,125.34980010986328
app_nonpay_60d_events,非还款日｜活跃埋点条数,COUNT(e.user_id)；按窗口允许日期累加,S04｜event_track_record（App埋点）；S03｜repayment_record_copy（正向入账）,"近60个自然日：start=max(可观察起点,DATE(T0)-(60-1)日)，create_time<T0；排除Pknown发生支付的整个自然日",条,float32,eligible_days==0为NaN；有可观察日期而无行为为0,behavior_features()；次数不是人数，时长不去除重叠,V2-LC-0986,非还款日行为,T0固定时点；提单/App<T0，放款/整笔结清≤T0；支付<T0，已确认整笔同秒结清订单的已知同秒支付可=T0；当前条件为T0已知值。来源可得时间仍待上线核验。,已入模,保留字段；零增益不等于没有业务意义,0.0013375861714168124,0.0016360808207806442,0.0007789028596862134,0.03381677001494981,152.6103000640869
app_nonpay_60d_newpage,非还款日｜进入提单页次数,"SUM(INT(e.event_type='page_view_in' AND e.props_id IN ('Loan_newpage','Loan_newpage_select')))；按窗口允许日期累加",S04｜event_track_record（App埋点）；S03｜repayment_record_copy（正向入账）,"近60个自然日：start=max(可观察起点,DATE(T0)-(60-1)日)，create_time<T0；排除Pknown发生支付的整个自然日",次,float32,eligible_days==0为NaN；有可观察日期而无行为为0,behavior_features()；次数不是人数，时长不去除重叠,V2-LC-0987,非还款日行为,T0固定时点；提单/App<T0，放款/整笔结清≤T0；支付<T0，已确认整笔同秒结清订单的已知同秒支付可=T0；当前条件为T0已知值。来源可得时间仍待上线核验。,已入模,保留字段；零增益不等于没有业务意义,0.0013375861714168124,0.0016360808207806442,0.0007789028596862134,0.10138522998213861,385.8784999847412
app_nonpay_60d_amount,非还款日｜切换借款金额次数,"SUM(INT(e.props_id IN ('amount_modification','loan_form_loan_amount_selectionn_new','loan_form_loan_amount_selectionn_new_select')))；按窗口允许日期累加",S04｜event_track_record（App埋点）；S03｜repayment_record_copy（正向入账）,"近60个自然日：start=max(可观察起点,DATE(T0)-(60-1)日)，create_time<T0；排除Pknown发生支付的整个自然日",次,float32,eligible_days==0为NaN；有可观察日期而无行为为0,behavior_features()；次数不是人数，时长不去除重叠,V2-LC-0988,非还款日行为,T0固定时点；提单/App<T0，放款/整笔结清≤T0；支付<T0，已确认整笔同秒结清订单的已知同秒支付可=T0；当前条件为T0已知值。来源可得时间仍待上线核验。,已入模,保留字段；零增益不等于没有业务意义,0.0013375861714168124,0.0016360808207806442,0.0007789028596862134,0.2864069025633497,84.4237003326416
app_nonpay_60d_contract,非还款日｜查看借款合同次数,"SUM(INT(e.props_id IN ('Loan_contract_newdetails','Loan_contract_newdetails_select')))；按窗口允许日期累加",S04｜event_track_record（App埋点）；S03｜repayment_record_copy（正向入账）,"近60个自然日：start=max(可观察起点,DATE(T0)-(60-1)日)，create_time<T0；排除Pknown发生支付的整个自然日",次,float32,eligible_days==0为NaN；有可观察日期而无行为为0,behavior_features()；次数不是人数，时长不去除重叠,V2-LC-0989,非还款日行为,T0固定时点；提单/App<T0，放款/整笔结清≤T0；支付<T0，已确认整笔同秒结清订单的已知同秒支付可=T0；当前条件为T0已知值。来源可得时间仍待上线核验。,已入模,保留字段；零增益不等于没有业务意义,0.0013375861714168124,0.0016360808207806442,0.0007789028596862134,0.0006369096196057226,40.32400035858154
app_nonpay_60d_term,非还款日｜切换借款期次次数,"SUM(INT(e.props_id IN ('loan_form_term_selection_new','loan_form_term_selection_new_select')))；按窗口允许日期累加",S04｜event_track_record（App埋点）；S03｜repayment_record_copy（正向入账）,"近60个自然日：start=max(可观察起点,DATE(T0)-(60-1)日)，create_time<T0；排除Pknown发生支付的整个自然日",次,float32,eligible_days==0为NaN；有可观察日期而无行为为0,behavior_features()；次数不是人数，时长不去除重叠,V2-LC-0990,非还款日行为,T0固定时点；提单/App<T0，放款/整笔结清≤T0；支付<T0，已确认整笔同秒结清订单的已知同秒支付可=T0；当前条件为T0已知值。来源可得时间仍待上线核验。,已入模,保留字段；零增益不等于没有业务意义,0.0013375861714168124,0.0016360808207806442,0.0007789028596862134,0.09075519532027689,40.345601081848145
app_nonpay_60d_confirm,非还款日｜确认提单埋点次数,"SUM(INT(e.props_id IN ('Loan_newconfirm','Loan_newconfirm_select')))；按窗口允许日期累加",S04｜event_track_record（App埋点）；S03｜repayment_record_copy（正向入账）,"近60个自然日：start=max(可观察起点,DATE(T0)-(60-1)日)，create_time<T0；排除Pknown发生支付的整个自然日",次,float32,eligible_days==0为NaN；有可观察日期而无行为为0,behavior_features()；次数不是人数，时长不去除重叠,V2-LC-0991,非还款日行为,T0固定时点；提单/App<T0，放款/整笔结清≤T0；支付<T0，已确认整笔同秒结清订单的已知同秒支付可=T0；当前条件为T0已知值。来源可得时间仍待上线核验。,已入模,保留字段；零增益不等于没有业务意义,0.0013375861714168124,0.0016360808207806442,0.0007789028596862134,0.001939637979066506,182.1629991531372
app_nonpay_60d_plan,非还款日｜查看还款计划次数,"SUM(INT(e.props_id IN ('Loan_plan_newdetails','Loan_plan_newdetails_select')))；按窗口允许日期累加",S04｜event_track_record（App埋点）；S03｜repayment_record_copy（正向入账）,"近60个自然日：start=max(可观察起点,DATE(T0)-(60-1)日)，create_time<T0；排除Pknown发生支付的整个自然日",次,float32,eligible_days==0为NaN；有可观察日期而无行为为0,behavior_features()；次数不是人数，时长不去除重叠,V2-LC-0992,非还款日行为,T0固定时点；提单/App<T0，放款/整笔结清≤T0；支付<T0，已确认整笔同秒结清订单的已知同秒支付可=T0；当前条件为T0已知值。来源可得时间仍待上线核验。,已入模,保留字段；零增益不等于没有业务意义,0.0013375861714168124,0.0016360808207806442,0.0007789028596862134,0.08967444553190781,982.7256984710693
app_nonpay_60d_purpose,非还款日｜选择借款用途次数,"SUM(INT(e.props_id IN ('Loan_purpose_newdetails','Loan_purpose_newdetails_select')))；按窗口允许日期累加",S04｜event_track_record（App埋点）；S03｜repayment_record_copy（正向入账）,"近60个自然日：start=max(可观察起点,DATE(T0)-(60-1)日)，create_time<T0；排除Pknown发生支付的整个自然日",次,float32,eligible_days==0为NaN；有可观察日期而无行为为0,behavior_features()；次数不是人数，时长不去除重叠,V2-LC-0993,非还款日行为,T0固定时点；提单/App<T0，放款/整笔结清≤T0；支付<T0，已确认整笔同秒结清订单的已知同秒支付可=T0；当前条件为T0已知值。来源可得时间仍待上线核验。,已入模,保留字段；零增益不等于没有业务意义,0.0013375861714168124,0.0016360808207806442,0.0007789028596862134,0.0027894472161564933,34.15750026702881
app_nonpay_60d_coupon_back,非还款日｜关闭优惠券拦截次数,"SUM(INT(e.props_id IN ('Order_coupons_back','Order_coupons_back_select')))；按窗口允许日期累加",S04｜event_track_record（App埋点）；S03｜repayment_record_copy（正向入账）,"近60个自然日：start=max(可观察起点,DATE(T0)-(60-1)日)，create_time<T0；排除Pknown发生支付的整个自然日",次,float32,eligible_days==0为NaN；有可观察日期而无行为为0,behavior_features()；次数不是人数，时长不去除重叠,V2-LC-0994,非还款日行为,T0固定时点；提单/App<T0，放款/整笔结清≤T0；支付<T0，已确认整笔同秒结清订单的已知同秒支付可=T0；当前条件为T0已知值。来源可得时间仍待上线核验。,已入模,保留字段；零增益不等于没有业务意义,0.0013375861714168124,0.0016360808207806442,0.0007789028596862134,0.003368279185704548,0.0
app_nonpay_60d_coupon_confirm,非还款日｜点击优惠券拦截次数,"SUM(INT(e.props_id IN ('Order_coupons_confirm','Order_coupons_confirm_select')))；按窗口允许日期累加",S04｜event_track_record（App埋点）；S03｜repayment_record_copy（正向入账）,"近60个自然日：start=max(可观察起点,DATE(T0)-(60-1)日)，create_time<T0；排除Pknown发生支付的整个自然日",次,float32,eligible_days==0为NaN；有可观察日期而无行为为0,behavior_features()；次数不是人数，时长不去除重叠,V2-LC-0995,非还款日行为,T0固定时点；提单/App<T0，放款/整笔结清≤T0；支付<T0，已确认整笔同秒结清订单的已知同秒支付可=T0；当前条件为T0已知值。来源可得时间仍待上线核验。,已入模,保留字段；零增益不等于没有业务意义,0.0013375861714168124,0.0016360808207806442,0.0007789028596862134,0.0018776821689802776,0.0
app_nonpay_60d_coupon_page,非还款日｜进入优惠券挽留页次数,"SUM(INT(e.props_id IN ('Order_coupons_page','Order_coupons_page_select')))；按窗口允许日期累加",S04｜event_track_record（App埋点）；S03｜repayment_record_copy（正向入账）,"近60个自然日：start=max(可观察起点,DATE(T0)-(60-1)日)，create_time<T0；排除Pknown发生支付的整个自然日",次,float32,eligible_days==0为NaN；有可观察日期而无行为为0,behavior_features()；次数不是人数，时长不去除重叠,V2-LC-0996,非还款日行为,T0固定时点；提单/App<T0，放款/整笔结清≤T0；支付<T0，已确认整笔同秒结清订单的已知同秒支付可=T0；当前条件为T0已知值。来源可得时间仍待上线核验。,已入模,保留字段；零增益不等于没有业务意义,0.0013375861714168124,0.0016360808207806442,0.0007789028596862134,0.020573757406102084,469.5540008544922
app_nonpay_60d_repayment_page,非还款日｜名称含repay的辅助页面次数,"SUM(INT(lower(COALESCE(e.props_id,'')||' '||COALESCE(e.page_name,'')) LIKE '%repay%'))；按窗口允许日期累加",S04｜event_track_record（App埋点）；S03｜repayment_record_copy（正向入账）,"近60个自然日：start=max(可观察起点,DATE(T0)-(60-1)日)，create_time<T0；排除Pknown发生支付的整个自然日",次,float32,eligible_days==0为NaN；有可观察日期而无行为为0,behavior_features()；次数不是人数，时长不去除重叠,V2-LC-0997,非还款日行为,T0固定时点；提单/App<T0，放款/整笔结清≤T0；支付<T0，已确认整笔同秒结清订单的已知同秒支付可=T0；当前条件为T0已知值。来源可得时间仍待上线核验。,已入模,保留字段；零增益不等于没有业务意义,0.0013375861714168124,0.0016360808207806442,0.0007789028596862134,0.0006369096196057226,0.0
app_nonpay_60d_duration,非还款日｜已结束页面累计停留,"SUM(min((event_end_time-event_start_time)/1000,3600))；仅page_view_out、end≥start且end≤截断时刻；按窗口允许日期累加",S04｜event_track_record（App埋点）；S03｜repayment_record_copy（正向入账）,"近60个自然日：start=max(可观察起点,DATE(T0)-(60-1)日)，create_time<T0；排除Pknown发生支付的整个自然日",秒,float32,eligible_days==0为NaN；有可观察日期而无行为为0,behavior_features()；次数不是人数，时长不去除重叠,V2-LC-0998,非还款日行为,T0固定时点；提单/App<T0，放款/整笔结清≤T0；支付<T0，已确认整笔同秒结清订单的已知同秒支付可=T0；当前条件为T0已知值。来源可得时间仍待上线核验。,已入模,保留字段；零增益不等于没有业务意义,0.0013375861714168124,0.0016360808207806442,0.0007789028596862134,0.025410892773154864,153.4610996246338
app_nonpay_60d_apply_duration,非还款日｜已结束提单页累计停留,与duration相同，另限定props_id为Loan_newpage/Loan_newpage_select；按窗口允许日期累加,S04｜event_track_record（App埋点）；S03｜repayment_record_copy（正向入账）,"近60个自然日：start=max(可观察起点,DATE(T0)-(60-1)日)，create_time<T0；排除Pknown发生支付的整个自然日",秒,float32,eligible_days==0为NaN；有可观察日期而无行为为0,behavior_features()；次数不是人数，时长不去除重叠,V2-LC-0999,非还款日行为,T0固定时点；提单/App<T0，放款/整笔结清≤T0；支付<T0，已确认整笔同秒结清订单的已知同秒支付可=T0；当前条件为T0已知值。来源可得时间仍待上线核验。,已入模,保留字段；零增益不等于没有业务意义,0.0013375861714168124,0.0016360808207806442,0.0007789028596862134,0.05130127415765348,340.04700088500977
app_nonpay_60d_non_apply_duration,非还款日｜非提单页累计停留,duration-apply_duration,S04｜event_track_record（App埋点）；S01｜order_loan_f_v2_copy（整笔订单）；S03｜repayment_record_copy（正向入账）,"近60个自然日：start=max(可观察起点,DATE(T0)-(60-1)日)，create_time<T0；排除Pknown发生支付的整个自然日",秒,float32,eligible_days==0为NaN，否则无行为为0,behavior_features()；T0部分当天仍按1个可观察自然日计，不是24小时标准化,V2-LC-1000,非还款日行为,T0固定时点；提单/App<T0，放款/整笔结清≤T0；支付<T0，已确认整笔同秒结清订单的已知同秒支付可=T0；当前条件为T0已知值。来源可得时间仍待上线核验。,已入模,保留字段；零增益不等于没有业务意义,0.0013375861714168124,0.0016360808207806442,0.0007789028596862134,0.007458631234906378,52.187801361083984
app_nonpay_60d_events_per_eligible_day,非还款日｜每可观察日活跃频次,events/eligible_days,S04｜event_track_record（App埋点）；S01｜order_loan_f_v2_copy（整笔订单）；S03｜repayment_record_copy（正向入账）,"近60个自然日：start=max(可观察起点,DATE(T0)-(60-1)日)，create_time<T0；排除Pknown发生支付的整个自然日",条/自然日,float32,eligible_days==0为NaN,behavior_features()；T0部分当天仍按1个可观察自然日计，不是24小时标准化,V2-LC-1001,非还款日行为,T0固定时点；提单/App<T0，放款/整笔结清≤T0；支付<T0，已确认整笔同秒结清订单的已知同秒支付可=T0；当前条件为T0已知值。来源可得时间仍待上线核验。,已入模,保留字段；零增益不等于没有业务意义,0.0013375861714168124,0.0016360808207806442,0.0007789028596862134,0.02047876146934379,210.60109901428223
app_nonpay_60d_duration_per_active_day,非还款日｜每活跃日累计页面停留,duration/active_days,S04｜event_track_record（App埋点）；S01｜order_loan_f_v2_copy（整笔订单）；S03｜repayment_record_copy（正向入账）,"近60个自然日：start=max(可观察起点,DATE(T0)-(60-1)日)，create_time<T0；排除Pknown发生支付的整个自然日",秒/活跃日,float32,active_days==0为NaN,behavior_features()；T0部分当天仍按1个可观察自然日计，不是24小时标准化,V2-LC-1002,非还款日行为,T0固定时点；提单/App<T0，放款/整笔结清≤T0；支付<T0，已确认整笔同秒结清订单的已知同秒支付可=T0；当前条件为T0已知值。来源可得时间仍待上线核验。,已入模,保留字段；零增益不等于没有业务意义,0.0025428836006055884,0.002893364604237691,0.0014465338822743964,0.007717624814515369,88.19620037078857
app_nonpay_60d_apply_duration_share,非还款日｜提单页停留占比,apply_duration/duration,S04｜event_track_record（App埋点）；S01｜order_loan_f_v2_copy（整笔订单）；S03｜repayment_record_copy（正向入账）,"近60个自然日：start=max(可观察起点,DATE(T0)-(60-1)日)，create_time<T0；排除Pknown发生支付的整个自然日",比例,float32,duration==0为NaN,behavior_features()；T0部分当天仍按1个可观察自然日计，不是24小时标准化,V2-LC-1003,非还款日行为,T0固定时点；提单/App<T0，放款/整笔结清≤T0；支付<T0，已确认整笔同秒结清订单的已知同秒支付可=T0；当前条件为T0已知值。来源可得时间仍待上线核验。,已入模,保留字段；零增益不等于没有业务意义,0.0028221598341981098,0.0032238045729667867,0.0018916212306665182,0.04352194693331512,391.0519962310791
app_nonpay_60d_amount_per_newpage,非还款日｜切换金额次数对进页比,amount/newpage,S04｜event_track_record（App埋点）；S01｜order_loan_f_v2_copy（整笔订单）；S03｜repayment_record_copy（正向入账）,"近60个自然日：start=max(可观察起点,DATE(T0)-(60-1)日)，create_time<T0；排除Pknown发生支付的整个自然日",次数比,float32,newpage==0为NaN；可能>1,behavior_features()；T0部分当天仍按1个可观察自然日计，不是24小时标准化,V2-LC-1004,非还款日行为,T0固定时点；提单/App<T0，放款/整笔结清≤T0；支付<T0，已确认整笔同秒结清订单的已知同秒支付可=T0；当前条件为T0已知值。来源可得时间仍待上线核验。,已入模,保留字段；零增益不等于没有业务意义,0.026227468042469587,0.029344681125430178,0.019917658840547456,0.28240646867441394,154.8686008453369
app_nonpay_60d_plan_per_newpage,非还款日｜查看计划次数对进页比,plan/newpage,S04｜event_track_record（App埋点）；S01｜order_loan_f_v2_copy（整笔订单）；S03｜repayment_record_copy（正向入账）,"近60个自然日：start=max(可观察起点,DATE(T0)-(60-1)日)，create_time<T0；排除Pknown发生支付的整个自然日",次数比,float32,newpage==0为NaN；可能>1,behavior_features()；T0部分当天仍按1个可观察自然日计，不是24小时标准化,V2-LC-1005,非还款日行为,T0固定时点；提单/App<T0，放款/整笔结清≤T0；支付<T0，已确认整笔同秒结清订单的已知同秒支付可=T0；当前条件为T0已知值。来源可得时间仍待上线核验。,已入模,保留字段；零增益不等于没有业务意义,0.026227468042469587,0.029344681125430178,0.019917658840547456,0.06389903641323028,312.5185966491699
app_nonpay_60d_confirm_per_newpage,非还款日｜确认埋点次数对进页比,confirm/newpage,S04｜event_track_record（App埋点）；S01｜order_loan_f_v2_copy（整笔订单）；S03｜repayment_record_copy（正向入账）,"近60个自然日：start=max(可观察起点,DATE(T0)-(60-1)日)，create_time<T0；排除Pknown发生支付的整个自然日",次数比（非用户确认率）,float32,newpage==0为NaN；可能>1，不等于成功提单,behavior_features()；T0部分当天仍按1个可观察自然日计，不是24小时标准化,V2-LC-1006,非还款日行为,T0固定时点；提单/App<T0，放款/整笔结清≤T0；支付<T0，已确认整笔同秒结清订单的已知同秒支付可=T0；当前条件为T0已知值。来源可得时间仍待上线核验。,已入模,保留字段；零增益不等于没有业务意义,0.026227468042469587,0.029344681125430178,0.019917658840547456,0.1336399730758944,646.5080795288086
app_nonpay_60d_coupon_accept_share,非还款日｜券点击对点击加关闭比,coupon_confirm/(coupon_confirm+coupon_back),S04｜event_track_record（App埋点）；S01｜order_loan_f_v2_copy（整笔订单）；S03｜repayment_record_copy（正向入账）,"近60个自然日：start=max(可观察起点,DATE(T0)-(60-1)日)，create_time<T0；排除Pknown发生支付的整个自然日",比例,float32,分母==0为NaN,behavior_features()；T0部分当天仍按1个可观察自然日计，不是24小时标准化,V2-LC-1007,非还款日行为,T0固定时点；提单/App<T0，放款/整笔结清≤T0；支付<T0，已确认整笔同秒结清订单的已知同秒支付可=T0；当前条件为T0已知值。来源可得时间仍待上线核验。,已入模,保留字段；零增益不等于没有业务意义,0.7379409012293053,0.7496957534434262,0.7368421052631579,0.002037680733470718,37.95790100097656
app_nonpay_90d_eligible_days,非还款日｜可观察且未排除日期数,"max(0,DATE(T0)-start+1-排除还款日数)",S04｜event_track_record（App埋点）；S01｜order_loan_f_v2_copy（整笔订单）；S03｜repayment_record_copy（正向入账）,"近90个自然日：start=max(可观察起点,DATE(T0)-(90-1)日)，create_time<T0；排除Pknown发生支付的整个自然日",自然日,float32,无日期为0,behavior_features()；T0部分当天仍按1个可观察自然日计，不是24小时标准化,V2-LC-1008,非还款日行为,T0固定时点；提单/App<T0，放款/整笔结清≤T0；支付<T0，已确认整笔同秒结清订单的已知同秒支付可=T0；当前条件为T0已知值。来源可得时间仍待上线核验。,已入模,保留字段；零增益不等于没有业务意义,0.0,0.0,0.0,0.034712540617525954,15.874600410461426
app_nonpay_90d_empty_eligible,非还款日｜无可观察日期标记,INT(eligible_days==0),S04｜event_track_record（App埋点）；S01｜order_loan_f_v2_copy（整笔订单）；S03｜repayment_record_copy（正向入账）,"近90个自然日：start=max(可观察起点,DATE(T0)-(90-1)日)，create_time<T0；排除Pknown发生支付的整个自然日",0/1,float32,无日期为1,behavior_features()；T0部分当天仍按1个可观察自然日计，不是24小时标准化,V2-LC-1009,非还款日行为,T0固定时点；提单/App<T0，放款/整笔结清≤T0；支付<T0，已确认整笔同秒结清订单的已知同秒支付可=T0；当前条件为T0已知值。来源可得时间仍待上线核验。,已入模,保留字段；零增益不等于没有业务意义,0.0,0.0,0.0,0.0,0.0
app_nonpay_90d_active_days,非还款日｜有埋点的日期数,COUNT(窗口内event_count>0的日期),S04｜event_track_record（App埋点）；S01｜order_loan_f_v2_copy（整笔订单）；S03｜repayment_record_copy（正向入账）,"近90个自然日：start=max(可观察起点,DATE(T0)-(90-1)日)，create_time<T0；排除Pknown发生支付的整个自然日",自然日,float32,无活跃或无可观察日期为0,behavior_features()；T0部分当天仍按1个可观察自然日计，不是24小时标准化,V2-LC-1010,非还款日行为,T0固定时点；提单/App<T0，放款/整笔结清≤T0；支付<T0，已确认整笔同秒结清订单的已知同秒支付可=T0；当前条件为T0已知值。来源可得时间仍待上线核验。,已入模,保留字段；零增益不等于没有业务意义,0.0,0.0,0.0,0.03490708390027344,85.36829948425293
app_nonpay_90d_active_day_share,非还款日｜活跃日期占比,active_days/eligible_days,S04｜event_track_record（App埋点）；S01｜order_loan_f_v2_copy（整笔订单）；S03｜repayment_record_copy（正向入账）,"近90个自然日：start=max(可观察起点,DATE(T0)-(90-1)日)，create_time<T0；排除Pknown发生支付的整个自然日",比例,float32,eligible_days==0为NaN,behavior_features()；T0部分当天仍按1个可观察自然日计，不是24小时标准化,V2-LC-1011,非还款日行为,T0固定时点；提单/App<T0，放款/整笔结清≤T0；支付<T0，已确认整笔同秒结清订单的已知同秒支付可=T0；当前条件为T0已知值。来源可得时间仍待上线核验。,已入模,保留字段；零增益不等于没有业务意义,0.0013375861714168124,0.0016360808207806442,0.0007789028596862134,0.004730929621788742,90.69870090484619
app_nonpay_90d_events,非还款日｜活跃埋点条数,COUNT(e.user_id)；按窗口允许日期累加,S04｜event_track_record（App埋点）；S03｜repayment_record_copy（正向入账）,"近90个自然日：start=max(可观察起点,DATE(T0)-(90-1)日)，create_time<T0；排除Pknown发生支付的整个自然日",条,float32,eligible_days==0为NaN；有可观察日期而无行为为0,behavior_features()；次数不是人数，时长不去除重叠,V2-LC-1012,非还款日行为,T0固定时点；提单/App<T0，放款/整笔结清≤T0；支付<T0，已确认整笔同秒结清订单的已知同秒支付可=T0；当前条件为T0已知值。来源可得时间仍待上线核验。,已入模,保留字段；零增益不等于没有业务意义,0.0013375861714168124,0.0016360808207806442,0.0007789028596862134,0.04046640810081789,138.67230033874512
app_nonpay_90d_newpage,非还款日｜进入提单页次数,"SUM(INT(e.event_type='page_view_in' AND e.props_id IN ('Loan_newpage','Loan_newpage_select')))；按窗口允许日期累加",S04｜event_track_record（App埋点）；S03｜repayment_record_copy（正向入账）,"近90个自然日：start=max(可观察起点,DATE(T0)-(90-1)日)，create_time<T0；排除Pknown发生支付的整个自然日",次,float32,eligible_days==0为NaN；有可观察日期而无行为为0,behavior_features()；次数不是人数，时长不去除重叠,V2-LC-1013,非还款日行为,T0固定时点；提单/App<T0，放款/整笔结清≤T0；支付<T0，已确认整笔同秒结清订单的已知同秒支付可=T0；当前条件为T0已知值。来源可得时间仍待上线核验。,已入模,保留字段；零增益不等于没有业务意义,0.0013375861714168124,0.0016360808207806442,0.0007789028596862134,0.09978309582857559,294.4347038269043
app_nonpay_90d_amount,非还款日｜切换借款金额次数,"SUM(INT(e.props_id IN ('amount_modification','loan_form_loan_amount_selectionn_new','loan_form_loan_amount_selectionn_new_select')))；按窗口允许日期累加",S04｜event_track_record（App埋点）；S03｜repayment_record_copy（正向入账）,"近90个自然日：start=max(可观察起点,DATE(T0)-(90-1)日)，create_time<T0；排除Pknown发生支付的整个自然日",次,float32,eligible_days==0为NaN；有可观察日期而无行为为0,behavior_features()；次数不是人数，时长不去除重叠,V2-LC-1014,非还款日行为,T0固定时点；提单/App<T0，放款/整笔结清≤T0；支付<T0，已确认整笔同秒结清订单的已知同秒支付可=T0；当前条件为T0已知值。来源可得时间仍待上线核验。,已入模,保留字段；零增益不等于没有业务意义,0.0013375861714168124,0.0016360808207806442,0.0007789028596862134,0.29990110336599507,12.683300018310547
app_nonpay_90d_contract,非还款日｜查看借款合同次数,"SUM(INT(e.props_id IN ('Loan_contract_newdetails','Loan_contract_newdetails_select')))；按窗口允许日期累加",S04｜event_track_record（App埋点）；S03｜repayment_record_copy（正向入账）,"近90个自然日：start=max(可观察起点,DATE(T0)-(90-1)日)，create_time<T0；排除Pknown发生支付的整个自然日",次,float32,eligible_days==0为NaN；有可观察日期而无行为为0,behavior_features()；次数不是人数，时长不去除重叠,V2-LC-1015,非还款日行为,T0固定时点；提单/App<T0，放款/整笔结清≤T0；支付<T0，已确认整笔同秒结清订单的已知同秒支付可=T0；当前条件为T0已知值。来源可得时间仍待上线核验。,已入模,保留字段；零增益不等于没有业务意义,0.0013375861714168124,0.0016360808207806442,0.0007789028596862134,0.0006369096196057226,26.237299919128418
app_nonpay_90d_term,非还款日｜切换借款期次次数,"SUM(INT(e.props_id IN ('loan_form_term_selection_new','loan_form_term_selection_new_select')))；按窗口允许日期累加",S04｜event_track_record（App埋点）；S03｜repayment_record_copy（正向入账）,"近90个自然日：start=max(可观察起点,DATE(T0)-(90-1)日)，create_time<T0；排除Pknown发生支付的整个自然日",次,float32,eligible_days==0为NaN；有可观察日期而无行为为0,behavior_features()；次数不是人数，时长不去除重叠,V2-LC-1016,非还款日行为,T0固定时点；提单/App<T0，放款/整笔结清≤T0；支付<T0，已确认整笔同秒结清订单的已知同秒支付可=T0；当前条件为T0已知值。来源可得时间仍待上线核验。,已入模,保留字段；零增益不等于没有业务意义,0.0013375861714168124,0.0016360808207806442,0.0007789028596862134,0.08866245694407832,31.784500122070312
app_nonpay_90d_confirm,非还款日｜确认提单埋点次数,"SUM(INT(e.props_id IN ('Loan_newconfirm','Loan_newconfirm_select')))；按窗口允许日期累加",S04｜event_track_record（App埋点）；S03｜repayment_record_copy（正向入账）,"近90个自然日：start=max(可观察起点,DATE(T0)-(90-1)日)，create_time<T0；排除Pknown发生支付的整个自然日",次,float32,eligible_days==0为NaN；有可观察日期而无行为为0,behavior_features()；次数不是人数，时长不去除重叠,V2-LC-1017,非还款日行为,T0固定时点；提单/App<T0，放款/整笔结清≤T0；支付<T0，已确认整笔同秒结清订单的已知同秒支付可=T0；当前条件为T0已知值。来源可得时间仍待上线核验。,已入模,保留字段；零增益不等于没有业务意义,0.0013375861714168124,0.0016360808207806442,0.0007789028596862134,0.0014818774436681427,97.37020015716553
app_nonpay_90d_plan,非还款日｜查看还款计划次数,"SUM(INT(e.props_id IN ('Loan_plan_newdetails','Loan_plan_newdetails_select')))；按窗口允许日期累加",S04｜event_track_record（App埋点）；S03｜repayment_record_copy（正向入账）,"近90个自然日：start=max(可观察起点,DATE(T0)-(90-1)日)，create_time<T0；排除Pknown发生支付的整个自然日",次,float32,eligible_days==0为NaN；有可观察日期而无行为为0,behavior_features()；次数不是人数，时长不去除重叠,V2-LC-1018,非还款日行为,T0固定时点；提单/App<T0，放款/整笔结清≤T0；支付<T0，已确认整笔同秒结清订单的已知同秒支付可=T0；当前条件为T0已知值。来源可得时间仍待上线核验。,已入模,保留字段；零增益不等于没有业务意义,0.0013375861714168124,0.0016360808207806442,0.0007789028596862134,0.08682663508415225,517.5946998596191
app_nonpay_90d_purpose,非还款日｜选择借款用途次数,"SUM(INT(e.props_id IN ('Loan_purpose_newdetails','Loan_purpose_newdetails_select')))；按窗口允许日期累加",S04｜event_track_record（App埋点）；S03｜repayment_record_copy（正向入账）,"近90个自然日：start=max(可观察起点,DATE(T0)-(90-1)日)，create_time<T0；排除Pknown发生支付的整个自然日",次,float32,eligible_days==0为NaN；有可观察日期而无行为为0,behavior_features()；次数不是人数，时长不去除重叠,V2-LC-1019,非还款日行为,T0固定时点；提单/App<T0，放款/整笔结清≤T0；支付<T0，已确认整笔同秒结清订单的已知同秒支付可=T0；当前条件为T0已知值。来源可得时间仍待上线核验。,已入模,保留字段；零增益不等于没有业务意义,0.0013375861714168124,0.0016360808207806442,0.0007789028596862134,0.00409832766266025,43.70159912109375
app_nonpay_90d_coupon_back,非还款日｜关闭优惠券拦截次数,"SUM(INT(e.props_id IN ('Order_coupons_back','Order_coupons_back_select')))；按窗口允许日期累加",S04｜event_track_record（App埋点）；S03｜repayment_record_copy（正向入账）,"近90个自然日：start=max(可观察起点,DATE(T0)-(90-1)日)，create_time<T0；排除Pknown发生支付的整个自然日",次,float32,eligible_days==0为NaN；有可观察日期而无行为为0,behavior_features()；次数不是人数，时长不去除重叠,V2-LC-1020,非还款日行为,T0固定时点；提单/App<T0，放款/整笔结清≤T0；支付<T0，已确认整笔同秒结清订单的已知同秒支付可=T0；当前条件为T0已知值。来源可得时间仍待上线核验。,已入模,保留字段；零增益不等于没有业务意义,0.0013375861714168124,0.0016360808207806442,0.0007789028596862134,0.006641254861079849,19.04949951171875
app_nonpay_90d_coupon_confirm,非还款日｜点击优惠券拦截次数,"SUM(INT(e.props_id IN ('Order_coupons_confirm','Order_coupons_confirm_select')))；按窗口允许日期累加",S04｜event_track_record（App埋点）；S03｜repayment_record_copy（正向入账）,"近90个自然日：start=max(可观察起点,DATE(T0)-(90-1)日)，create_time<T0；排除Pknown发生支付的整个自然日",次,float32,eligible_days==0为NaN；有可观察日期而无行为为0,behavior_features()；次数不是人数，时长不去除重叠,V2-LC-1021,非还款日行为,T0固定时点；提单/App<T0，放款/整笔结清≤T0；支付<T0，已确认整笔同秒结清订单的已知同秒支付可=T0；当前条件为T0已知值。来源可得时间仍待上线核验。,已入模,保留字段；零增益不等于没有业务意义,0.0013375861714168124,0.0016360808207806442,0.0007789028596862134,0.00348573055446366,0.0
app_nonpay_90d_coupon_page,非还款日｜进入优惠券挽留页次数,"SUM(INT(e.props_id IN ('Order_coupons_page','Order_coupons_page_select')))；按窗口允许日期累加",S04｜event_track_record（App埋点）；S03｜repayment_record_copy（正向入账）,"近90个自然日：start=max(可观察起点,DATE(T0)-(90-1)日)，create_time<T0；排除Pknown发生支付的整个自然日",次,float32,eligible_days==0为NaN；有可观察日期而无行为为0,behavior_features()；次数不是人数，时长不去除重叠,V2-LC-1022,非还款日行为,T0固定时点；提单/App<T0，放款/整笔结清≤T0；支付<T0，已确认整笔同秒结清订单的已知同秒支付可=T0；当前条件为T0已知值。来源可得时间仍待上线核验。,已入模,保留字段；零增益不等于没有业务意义,0.0013375861714168124,0.0016360808207806442,0.0007789028596862134,0.02787253249506749,359.9897918701172
app_nonpay_90d_repayment_page,非还款日｜名称含repay的辅助页面次数,"SUM(INT(lower(COALESCE(e.props_id,'')||' '||COALESCE(e.page_name,'')) LIKE '%repay%'))；按窗口允许日期累加",S04｜event_track_record（App埋点）；S03｜repayment_record_copy（正向入账）,"近90个自然日：start=max(可观察起点,DATE(T0)-(90-1)日)，create_time<T0；排除Pknown发生支付的整个自然日",次,float32,eligible_days==0为NaN；有可观察日期而无行为为0,behavior_features()；次数不是人数，时长不去除重叠,V2-LC-1023,非还款日行为,T0固定时点；提单/App<T0，放款/整笔结清≤T0；支付<T0，已确认整笔同秒结清订单的已知同秒支付可=T0；当前条件为T0已知值。来源可得时间仍待上线核验。,已入模,保留字段；零增益不等于没有业务意义,0.0013375861714168124,0.0016360808207806442,0.0007789028596862134,0.0008844559022408462,15.044400215148926
app_nonpay_90d_duration,非还款日｜已结束页面累计停留,"SUM(min((event_end_time-event_start_time)/1000,3600))；仅page_view_out、end≥start且end≤截断时刻；按窗口允许日期累加",S04｜event_track_record（App埋点）；S03｜repayment_record_copy（正向入账）,"近90个自然日：start=max(可观察起点,DATE(T0)-(90-1)日)，create_time<T0；排除Pknown发生支付的整个自然日",秒,float32,eligible_days==0为NaN；有可观察日期而无行为为0,behavior_features()；次数不是人数，时长不去除重叠,V2-LC-1024,非还款日行为,T0固定时点；提单/App<T0，放款/整笔结清≤T0；支付<T0，已确认整笔同秒结清订单的已知同秒支付可=T0；当前条件为T0已知值。来源可得时间仍待上线核验。,已入模,保留字段；零增益不等于没有业务意义,0.0013375861714168124,0.0016360808207806442,0.0007789028596862134,0.02791056601707586,110.66051006317139
app_nonpay_90d_apply_duration,非还款日｜已结束提单页累计停留,与duration相同，另限定props_id为Loan_newpage/Loan_newpage_select；按窗口允许日期累加,S04｜event_track_record（App埋点）；S03｜repayment_record_copy（正向入账）,"近90个自然日：start=max(可观察起点,DATE(T0)-(90-1)日)，create_time<T0；排除Pknown发生支付的整个自然日",秒,float32,eligible_days==0为NaN；有可观察日期而无行为为0,behavior_features()；次数不是人数，时长不去除重叠,V2-LC-1025,非还款日行为,T0固定时点；提单/App<T0，放款/整笔结清≤T0；支付<T0，已确认整笔同秒结清订单的已知同秒支付可=T0；当前条件为T0已知值。来源可得时间仍待上线核验。,已入模,保留字段；零增益不等于没有业务意义,0.0013375861714168124,0.0016360808207806442,0.0007789028596862134,0.049812558544496705,149.89779949188232
app_nonpay_90d_non_apply_duration,非还款日｜非提单页累计停留,duration-apply_duration,S04｜event_track_record（App埋点）；S01｜order_loan_f_v2_copy（整笔订单）；S03｜repayment_record_copy（正向入账）,"近90个自然日：start=max(可观察起点,DATE(T0)-(90-1)日)，create_time<T0；排除Pknown发生支付的整个自然日",秒,float32,eligible_days==0为NaN，否则无行为为0,behavior_features()；T0部分当天仍按1个可观察自然日计，不是24小时标准化,V2-LC-1026,非还款日行为,T0固定时点；提单/App<T0，放款/整笔结清≤T0；支付<T0，已确认整笔同秒结清订单的已知同秒支付可=T0；当前条件为T0已知值。来源可得时间仍待上线核验。,已入模,保留字段；零增益不等于没有业务意义,0.0013375861714168124,0.0016360808207806442,0.0007789028596862134,0.011038784090309044,90.89389991760254
app_nonpay_90d_events_per_eligible_day,非还款日｜每可观察日活跃频次,events/eligible_days,S04｜event_track_record（App埋点）；S01｜order_loan_f_v2_copy（整笔订单）；S03｜repayment_record_copy（正向入账）,"近90个自然日：start=max(可观察起点,DATE(T0)-(90-1)日)，create_time<T0；排除Pknown发生支付的整个自然日",条/自然日,float32,eligible_days==0为NaN,behavior_features()；T0部分当天仍按1个可观察自然日计，不是24小时标准化,V2-LC-1027,非还款日行为,T0固定时点；提单/App<T0，放款/整笔结清≤T0；支付<T0，已确认整笔同秒结清订单的已知同秒支付可=T0；当前条件为T0已知值。来源可得时间仍待上线核验。,已入模,保留字段；零增益不等于没有业务意义,0.0013375861714168124,0.0016360808207806442,0.0007789028596862134,0.01617188892262956,66.74580001831055
app_nonpay_90d_duration_per_active_day,非还款日｜每活跃日累计页面停留,duration/active_days,S04｜event_track_record（App埋点）；S01｜order_loan_f_v2_copy（整笔订单）；S03｜repayment_record_copy（正向入账）,"近90个自然日：start=max(可观察起点,DATE(T0)-(90-1)日)，create_time<T0；排除Pknown发生支付的整个自然日",秒/活跃日,float32,active_days==0为NaN,behavior_features()；T0部分当天仍按1个可观察自然日计，不是24小时标准化,V2-LC-1028,非还款日行为,T0固定时点；提单/App<T0，放款/整笔结清≤T0；支付<T0，已确认整笔同秒结清订单的已知同秒支付可=T0；当前条件为T0已知值。来源可得时间仍待上线核验。,已入模,保留字段；零增益不等于没有业务意义,0.002155816540012445,0.0024823295211844256,0.0012239902080783353,0.007994951185189657,60.44399929046631
app_nonpay_90d_apply_duration_share,非还款日｜提单页停留占比,apply_duration/duration,S04｜event_track_record（App埋点）；S01｜order_loan_f_v2_copy（整笔订单）；S03｜repayment_record_copy（正向入账）,"近90个自然日：start=max(可观察起点,DATE(T0)-(90-1)日)，create_time<T0；排除Pknown发生支付的整个自然日",比例,float32,duration==0为NaN,behavior_features()；T0部分当天仍按1个可观察自然日计，不是24小时标准化,V2-LC-1029,非还款日行为,T0固定时点；提单/App<T0，放款/整笔结清≤T0；支付<T0，已确认整笔同秒结清订单的已知同秒支付可=T0；当前条件为T0已知值。来源可得时间仍待上线核验。,已入模,保留字段；零增益不等于没有业务意义,0.0023175027805133783,0.002691876818427267,0.001335262045176366,0.04264283222289387,165.65949821472168
app_nonpay_90d_amount_per_newpage,非还款日｜切换金额次数对进页比,amount/newpage,S04｜event_track_record（App埋点）；S01｜order_loan_f_v2_copy（整笔订单）；S03｜repayment_record_copy（正向入账）,"近90个自然日：start=max(可观察起点,DATE(T0)-(90-1)日)，create_time<T0；排除Pknown发生支付的整个自然日",次数比,float32,newpage==0为NaN；可能>1,behavior_features()；T0部分当天仍按1个可观察自然日计，不是24小时标准化,V2-LC-1030,非还款日行为,T0固定时点；提单/App<T0，放款/整笔结清≤T0；支付<T0，已确认整笔同秒结清订单的已知同秒支付可=T0；当前条件为T0已知值。来源可得时间仍待上线核验。,已入模,保留字段；零增益不等于没有业务意义,0.011994179295341967,0.013636693343649508,0.008456659619450317,0.2974110883433415,490.71720600128174
app_nonpay_90d_plan_per_newpage,非还款日｜查看计划次数对进页比,plan/newpage,S04｜event_track_record（App埋点）；S01｜order_loan_f_v2_copy（整笔订单）；S03｜repayment_record_copy（正向入账）,"近90个自然日：start=max(可观察起点,DATE(T0)-(90-1)日)，create_time<T0；排除Pknown发生支付的整个自然日",次数比,float32,newpage==0为NaN；可能>1,behavior_features()；T0部分当天仍按1个可观察自然日计，不是24小时标准化,V2-LC-1031,非还款日行为,T0固定时点；提单/App<T0，放款/整笔结清≤T0；支付<T0，已确认整笔同秒结清订单的已知同秒支付可=T0；当前条件为T0已知值。来源可得时间仍待上线核验。,已入模,保留字段；零增益不等于没有业务意义,0.011994179295341967,0.013636693343649508,0.008456659619450317,0.06025771357005665,373.32220363616943
app_nonpay_90d_confirm_per_newpage,非还款日｜确认埋点次数对进页比,confirm/newpage,S04｜event_track_record（App埋点）；S01｜order_loan_f_v2_copy（整笔订单）；S03｜repayment_record_copy（正向入账）,"近90个自然日：start=max(可观察起点,DATE(T0)-(90-1)日)，create_time<T0；排除Pknown发生支付的整个自然日",次数比（非用户确认率）,float32,newpage==0为NaN；可能>1，不等于成功提单,behavior_features()；T0部分当天仍按1个可观察自然日计，不是24小时标准化,V2-LC-1032,非还款日行为,T0固定时点；提单/App<T0，放款/整笔结清≤T0；支付<T0，已确认整笔同秒结清订单的已知同秒支付可=T0；当前条件为T0已知值。来源可得时间仍待上线核验。,已入模,保留字段；零增益不等于没有业务意义,0.011994179295341967,0.013636693343649508,0.008456659619450317,0.14264822314246314,581.4802865982056
app_nonpay_90d_coupon_accept_share,非还款日｜券点击对点击加关闭比,coupon_confirm/(coupon_confirm+coupon_back),S04｜event_track_record（App埋点）；S01｜order_loan_f_v2_copy（整笔订单）；S03｜repayment_record_copy（正向入账）,"近90个自然日：start=max(可观察起点,DATE(T0)-(90-1)日)，create_time<T0；排除Pknown发生支付的整个自然日",比例,float32,分母==0为NaN,behavior_features()；T0部分当天仍按1个可观察自然日计，不是24小时标准化,V2-LC-1033,非还款日行为,T0固定时点；提单/App<T0，放款/整笔结清≤T0；支付<T0，已确认整笔同秒结清订单的已知同秒支付可=T0；当前条件为T0已知值。来源可得时间仍待上线核验。,已入模,保留字段；零增益不等于没有业务意义,0.7021984429125081,0.7168532443563271,0.6925559140981418,0.004841854523361324,43.89099979400635
app_nonpay_lifed_eligible_days,非还款日｜可观察且未排除日期数,"max(0,DATE(T0)-start+1-排除还款日数)",S04｜event_track_record（App埋点）；S01｜order_loan_f_v2_copy（整笔订单）；S03｜repayment_record_copy（正向入账）,"从max(reg_date,2024-01-01)至T0；当天只取create_time<T0；排除Pknown发生支付的整个自然日",自然日,float32,无日期为0,behavior_features()；T0部分当天仍按1个可观察自然日计，不是24小时标准化,V2-LC-1034,非还款日行为,T0固定时点；提单/App<T0，放款/整笔结清≤T0；支付<T0，已确认整笔同秒结清订单的已知同秒支付可=T0；当前条件为T0已知值。来源可得时间仍待上线核验。,已入模,保留字段；零增益不等于没有业务意义,0.0,0.0,0.0,0.03238995190794205,17.438400268554688
app_nonpay_lifed_empty_eligible,非还款日｜无可观察日期标记,INT(eligible_days==0),S04｜event_track_record（App埋点）；S01｜order_loan_f_v2_copy（整笔订单）；S03｜repayment_record_copy（正向入账）,"从max(reg_date,2024-01-01)至T0；当天只取create_time<T0；排除Pknown发生支付的整个自然日",0/1,float32,无日期为1,behavior_features()；T0部分当天仍按1个可观察自然日计，不是24小时标准化,V2-LC-1035,非还款日行为,T0固定时点；提单/App<T0，放款/整笔结清≤T0；支付<T0，已确认整笔同秒结清订单的已知同秒支付可=T0；当前条件为T0已知值。来源可得时间仍待上线核验。,已入模,保留字段；零增益不等于没有业务意义,0.0,0.0,0.0,0.0,0.0
app_nonpay_lifed_active_days,非还款日｜有埋点的日期数,COUNT(窗口内event_count>0的日期),S04｜event_track_record（App埋点）；S01｜order_loan_f_v2_copy（整笔订单）；S03｜repayment_record_copy（正向入账）,"从max(reg_date,2024-01-01)至T0；当天只取create_time<T0；排除Pknown发生支付的整个自然日",自然日,float32,无活跃或无可观察日期为0,behavior_features()；T0部分当天仍按1个可观察自然日计，不是24小时标准化,V2-LC-1036,非还款日行为,T0固定时点；提单/App<T0，放款/整笔结清≤T0；支付<T0，已确认整笔同秒结清订单的已知同秒支付可=T0；当前条件为T0已知值。来源可得时间仍待上线核验。,已入模,保留字段；零增益不等于没有业务意义,0.0,0.0,0.0,0.030748912081621844,130.1117000579834
app_nonpay_lifed_active_day_share,非还款日｜活跃日期占比,active_days/eligible_days,S04｜event_track_record（App埋点）；S01｜order_loan_f_v2_copy（整笔订单）；S03｜repayment_record_copy（正向入账）,"从max(reg_date,2024-01-01)至T0；当天只取create_time<T0；排除Pknown发生支付的整个自然日",比例,float32,eligible_days==0为NaN,behavior_features()；T0部分当天仍按1个可观察自然日计，不是24小时标准化,V2-LC-1037,非还款日行为,T0固定时点；提单/App<T0，放款/整笔结清≤T0；支付<T0，已确认整笔同秒结清订单的已知同秒支付可=T0；当前条件为T0已知值。来源可得时间仍待上线核验。,已入模,保留字段；零增益不等于没有业务意义,0.0013375861714168124,0.0016360808207806442,0.0007789028596862134,0.002260614640980506,198.74429988861084
app_nonpay_lifed_events,非还款日｜活跃埋点条数,COUNT(e.user_id)；按窗口允许日期累加,S04｜event_track_record（App埋点）；S03｜repayment_record_copy（正向入账）,"从max(reg_date,2024-01-01)至T0；当天只取create_time<T0；排除Pknown发生支付的整个自然日",条,float32,eligible_days==0为NaN；有可观察日期而无行为为0,behavior_features()；次数不是人数，时长不去除重叠,V2-LC-1038,非还款日行为,T0固定时点；提单/App<T0，放款/整笔结清≤T0；支付<T0，已确认整笔同秒结清订单的已知同秒支付可=T0；当前条件为T0已知值。来源可得时间仍待上线核验。,已入模,保留字段；零增益不等于没有业务意义,0.0013375861714168124,0.0016360808207806442,0.0007789028596862134,0.043514612953538756,485.50990200042725
app_nonpay_lifed_newpage,非还款日｜进入提单页次数,"SUM(INT(e.event_type='page_view_in' AND e.props_id IN ('Loan_newpage','Loan_newpage_select')))；按窗口允许日期累加",S04｜event_track_record（App埋点）；S03｜repayment_record_copy（正向入账）,"从max(reg_date,2024-01-01)至T0；当天只取create_time<T0；排除Pknown发生支付的整个自然日",次,float32,eligible_days==0为NaN；有可观察日期而无行为为0,behavior_features()；次数不是人数，时长不去除重叠,V2-LC-1039,非还款日行为,T0固定时点；提单/App<T0，放款/整笔结清≤T0；支付<T0，已确认整笔同秒结清订单的已知同秒支付可=T0；当前条件为T0已知值。来源可得时间仍待上线核验。,已入模,保留字段；零增益不等于没有业务意义,0.0013375861714168124,0.0016360808207806442,0.0007789028596862134,0.0975200080147405,140.8852014541626
app_nonpay_lifed_amount,非还款日｜切换借款金额次数,"SUM(INT(e.props_id IN ('amount_modification','loan_form_loan_amount_selectionn_new','loan_form_loan_amount_selectionn_new_select')))；按窗口允许日期累加",S04｜event_track_record（App埋点）；S03｜repayment_record_copy（正向入账）,"从max(reg_date,2024-01-01)至T0；当天只取create_time<T0；排除Pknown发生支付的整个自然日",次,float32,eligible_days==0为NaN；有可观察日期而无行为为0,behavior_features()；次数不是人数，时长不去除重叠,V2-LC-1040,非还款日行为,T0固定时点；提单/App<T0，放款/整笔结清≤T0；支付<T0，已确认整笔同秒结清订单的已知同秒支付可=T0；当前条件为T0已知值。来源可得时间仍待上线核验。,已入模,保留字段；零增益不等于没有业务意义,0.0013375861714168124,0.0016360808207806442,0.0007789028596862134,0.30328493849742,423.6347932815552
app_nonpay_lifed_contract,非还款日｜查看借款合同次数,"SUM(INT(e.props_id IN ('Loan_contract_newdetails','Loan_contract_newdetails_select')))；按窗口允许日期累加",S04｜event_track_record（App埋点）；S03｜repayment_record_copy（正向入账）,"从max(reg_date,2024-01-01)至T0；当天只取create_time<T0；排除Pknown发生支付的整个自然日",次,float32,eligible_days==0为NaN；有可观察日期而无行为为0,behavior_features()；次数不是人数，时长不去除重叠,V2-LC-1041,非还款日行为,T0固定时点；提单/App<T0，放款/整笔结清≤T0；支付<T0，已确认整笔同秒结清订单的已知同秒支付可=T0；当前条件为T0已知值。来源可得时间仍待上线核验。,已入模,保留字段；零增益不等于没有业务意义,0.0013375861714168124,0.0016360808207806442,0.0007789028596862134,0.0010905242853353554,14.030099868774414
app_nonpay_lifed_term,非还款日｜切换借款期次次数,"SUM(INT(e.props_id IN ('loan_form_term_selection_new','loan_form_term_selection_new_select')))；按窗口允许日期累加",S04｜event_track_record（App埋点）；S03｜repayment_record_copy（正向入账）,"从max(reg_date,2024-01-01)至T0；当天只取create_time<T0；排除Pknown发生支付的整个自然日",次,float32,eligible_days==0为NaN；有可观察日期而无行为为0,behavior_features()；次数不是人数，时长不去除重叠,V2-LC-1042,非还款日行为,T0固定时点；提单/App<T0，放款/整笔结清≤T0；支付<T0，已确认整笔同秒结清订单的已知同秒支付可=T0；当前条件为T0已知值。来源可得时间仍待上线核验。,已入模,保留字段；零增益不等于没有业务意义,0.0013375861714168124,0.0016360808207806442,0.0007789028596862134,0.0955301960533754,132.16909790039062
app_nonpay_lifed_confirm,非还款日｜确认提单埋点次数,"SUM(INT(e.props_id IN ('Loan_newconfirm','Loan_newconfirm_select')))；按窗口允许日期累加",S04｜event_track_record（App埋点）；S03｜repayment_record_copy（正向入账）,"从max(reg_date,2024-01-01)至T0；当天只取create_time<T0；排除Pknown发生支付的整个自然日",次,float32,eligible_days==0为NaN；有可观察日期而无行为为0,behavior_features()；次数不是人数，时长不去除重叠,V2-LC-1043,非还款日行为,T0固定时点；提单/App<T0，放款/整笔结清≤T0；支付<T0，已确认整笔同秒结清订单的已知同秒支付可=T0；当前条件为T0已知值。来源可得时间仍待上线核验。,已入模,保留字段；零增益不等于没有业务意义,0.0013375861714168124,0.0016360808207806442,0.0007789028596862134,0.0017208995293375058,0.0
app_nonpay_lifed_plan,非还款日｜查看还款计划次数,"SUM(INT(e.props_id IN ('Loan_plan_newdetails','Loan_plan_newdetails_select')))；按窗口允许日期累加",S04｜event_track_record（App埋点）；S03｜repayment_record_copy（正向入账）,"从max(reg_date,2024-01-01)至T0；当天只取create_time<T0；排除Pknown发生支付的整个自然日",次,float32,eligible_days==0为NaN；有可观察日期而无行为为0,behavior_features()；次数不是人数，时长不去除重叠,V2-LC-1044,非还款日行为,T0固定时点；提单/App<T0，放款/整笔结清≤T0；支付<T0，已确认整笔同秒结清订单的已知同秒支付可=T0；当前条件为T0已知值。来源可得时间仍待上线核验。,已入模,保留字段；零增益不等于没有业务意义,0.0013375861714168124,0.0016360808207806442,0.0007789028596862134,0.08616084327400167,1757.1920804977417
app_nonpay_lifed_purpose,非还款日｜选择借款用途次数,"SUM(INT(e.props_id IN ('Loan_purpose_newdetails','Loan_purpose_newdetails_select')))；按窗口允许日期累加",S04｜event_track_record（App埋点）；S03｜repayment_record_copy（正向入账）,"从max(reg_date,2024-01-01)至T0；当天只取create_time<T0；排除Pknown发生支付的整个自然日",次,float32,eligible_days==0为NaN；有可观察日期而无行为为0,behavior_features()；次数不是人数，时长不去除重叠,V2-LC-1045,非还款日行为,T0固定时点；提单/App<T0，放款/整笔结清≤T0；支付<T0，已确认整笔同秒结清订单的已知同秒支付可=T0；当前条件为T0已知值。来源可得时间仍待上线核验。,已入模,保留字段；零增益不等于没有业务意义,0.0013375861714168124,0.0016360808207806442,0.0007789028596862134,0.010883906242639388,29.746399879455566
app_nonpay_lifed_coupon_back,非还款日｜关闭优惠券拦截次数,"SUM(INT(e.props_id IN ('Order_coupons_back','Order_coupons_back_select')))；按窗口允许日期累加",S04｜event_track_record（App埋点）；S03｜repayment_record_copy（正向入账）,"从max(reg_date,2024-01-01)至T0；当天只取create_time<T0；排除Pknown发生支付的整个自然日",次,float32,eligible_days==0为NaN；有可观察日期而无行为为0,behavior_features()；次数不是人数，时长不去除重叠,V2-LC-1046,非还款日行为,T0固定时点；提单/App<T0，放款/整笔结清≤T0；支付<T0，已确认整笔同秒结清订单的已知同秒支付可=T0；当前条件为T0已知值。来源可得时间仍待上线核验。,已入模,保留字段；零增益不等于没有业务意义,0.0013375861714168124,0.0016360808207806442,0.0007789028596862134,0.014705407927358373,14.083000183105469
app_nonpay_lifed_coupon_confirm,非还款日｜点击优惠券拦截次数,"SUM(INT(e.props_id IN ('Order_coupons_confirm','Order_coupons_confirm_select')))；按窗口允许日期累加",S04｜event_track_record（App埋点）；S03｜repayment_record_copy（正向入账）,"从max(reg_date,2024-01-01)至T0；当天只取create_time<T0；排除Pknown发生支付的整个自然日",次,float32,eligible_days==0为NaN；有可观察日期而无行为为0,behavior_features()；次数不是人数，时长不去除重叠,V2-LC-1047,非还款日行为,T0固定时点；提单/App<T0，放款/整笔结清≤T0；支付<T0，已确认整笔同秒结清订单的已知同秒支付可=T0；当前条件为T0已知值。来源可得时间仍待上线核验。,已入模,保留字段；零增益不等于没有业务意义,0.0013375861714168124,0.0016360808207806442,0.0007789028596862134,0.007224924083051484,0.0
app_nonpay_lifed_coupon_page,非还款日｜进入优惠券挽留页次数,"SUM(INT(e.props_id IN ('Order_coupons_page','Order_coupons_page_select')))；按窗口允许日期累加",S04｜event_track_record（App埋点）；S03｜repayment_record_copy（正向入账）,"从max(reg_date,2024-01-01)至T0；当天只取create_time<T0；排除Pknown发生支付的整个自然日",次,float32,eligible_days==0为NaN；有可观察日期而无行为为0,behavior_features()；次数不是人数，时长不去除重叠,V2-LC-1048,非还款日行为,T0固定时点；提单/App<T0，放款/整笔结清≤T0；支付<T0，已确认整笔同秒结清订单的已知同秒支付可=T0；当前条件为T0已知值。来源可得时间仍待上线核验。,已入模,保留字段；零增益不等于没有业务意义,0.0013375861714168124,0.0016360808207806442,0.0007789028596862134,0.04265515730774623,229.59760189056396
app_nonpay_lifed_repayment_page,非还款日｜名称含repay的辅助页面次数,"SUM(INT(lower(COALESCE(e.props_id,'')||' '||COALESCE(e.page_name,'')) LIKE '%repay%'))；按窗口允许日期累加",S04｜event_track_record（App埋点）；S03｜repayment_record_copy（正向入账）,"从max(reg_date,2024-01-01)至T0；当天只取create_time<T0；排除Pknown发生支付的整个自然日",次,float32,eligible_days==0为NaN；有可观察日期而无行为为0,behavior_features()；次数不是人数，时长不去除重叠,V2-LC-1049,非还款日行为,T0固定时点；提单/App<T0，放款/整笔结清≤T0；支付<T0，已确认整笔同秒结清订单的已知同秒支付可=T0；当前条件为T0已知值。来源可得时间仍待上线核验。,已入模,保留字段；零增益不等于没有业务意义,0.0013375861714168124,0.0016360808207806442,0.0007789028596862134,0.0015381402313356823,9.039779663085938
app_nonpay_lifed_duration,非还款日｜已结束页面累计停留,"SUM(min((event_end_time-event_start_time)/1000,3600))；仅page_view_out、end≥start且end≤截断时刻；按窗口允许日期累加",S04｜event_track_record（App埋点）；S03｜repayment_record_copy（正向入账）,"从max(reg_date,2024-01-01)至T0；当天只取create_time<T0；排除Pknown发生支付的整个自然日",秒,float32,eligible_days==0为NaN；有可观察日期而无行为为0,behavior_features()；次数不是人数，时长不去除重叠,V2-LC-1050,非还款日行为,T0固定时点；提单/App<T0，放款/整笔结清≤T0；支付<T0，已确认整笔同秒结清订单的已知同秒支付可=T0；当前条件为T0已知值。来源可得时间仍待上线核验。,已入模,保留字段；零增益不等于没有业务意义,0.0013375861714168124,0.0016360808207806442,0.0007789028596862134,0.02377513720347021,212.37250137329102
app_nonpay_lifed_apply_duration,非还款日｜已结束提单页累计停留,与duration相同，另限定props_id为Loan_newpage/Loan_newpage_select；按窗口允许日期累加,S04｜event_track_record（App埋点）；S03｜repayment_record_copy（正向入账）,"从max(reg_date,2024-01-01)至T0；当天只取create_time<T0；排除Pknown发生支付的整个自然日",秒,float32,eligible_days==0为NaN；有可观察日期而无行为为0,behavior_features()；次数不是人数，时长不去除重叠,V2-LC-1051,非还款日行为,T0固定时点；提单/App<T0，放款/整笔结清≤T0；支付<T0，已确认整笔同秒结清订单的已知同秒支付可=T0；当前条件为T0已知值。来源可得时间仍待上线核验。,已入模,保留字段；零增益不等于没有业务意义,0.0013375861714168124,0.0016360808207806442,0.0007789028596862134,0.051709651115590075,176.33989906311035
app_nonpay_lifed_non_apply_duration,非还款日｜非提单页累计停留,duration-apply_duration,S04｜event_track_record（App埋点）；S01｜order_loan_f_v2_copy（整笔订单）；S03｜repayment_record_copy（正向入账）,"从max(reg_date,2024-01-01)至T0；当天只取create_time<T0；排除Pknown发生支付的整个自然日",秒,float32,eligible_days==0为NaN，否则无行为为0,behavior_features()；T0部分当天仍按1个可观察自然日计，不是24小时标准化,V2-LC-1052,非还款日行为,T0固定时点；提单/App<T0，放款/整笔结清≤T0；支付<T0，已确认整笔同秒结清订单的已知同秒支付可=T0；当前条件为T0已知值。来源可得时间仍待上线核验。,已入模,保留字段；零增益不等于没有业务意义,0.0013375861714168124,0.0016360808207806442,0.0007789028596862134,0.011964694326859822,198.58080005645752
app_nonpay_lifed_events_per_eligible_day,非还款日｜每可观察日活跃频次,events/eligible_days,S04｜event_track_record（App埋点）；S01｜order_loan_f_v2_copy（整笔订单）；S03｜repayment_record_copy（正向入账）,"从max(reg_date,2024-01-01)至T0；当天只取create_time<T0；排除Pknown发生支付的整个自然日",条/自然日,float32,eligible_days==0为NaN,behavior_features()；T0部分当天仍按1个可观察自然日计，不是24小时标准化,V2-LC-1053,非还款日行为,T0固定时点；提单/App<T0，放款/整笔结清≤T0；支付<T0，已确认整笔同秒结清订单的已知同秒支付可=T0；当前条件为T0已知值。来源可得时间仍待上线核验。,已入模,保留字段；零增益不等于没有业务意义,0.0013375861714168124,0.0016360808207806442,0.0007789028596862134,0.014057824035689663,216.72470092773438
app_nonpay_lifed_duration_per_active_day,非还款日｜每活跃日累计页面停留,duration/active_days,S04｜event_track_record（App埋点）；S01｜order_loan_f_v2_copy（整笔订单）；S03｜repayment_record_copy（正向入账）,"从max(reg_date,2024-01-01)至T0；当天只取create_time<T0；排除Pknown发生支付的整个自然日",秒/活跃日,float32,active_days==0为NaN,behavior_features()；T0部分当天仍按1个可观察自然日计，不是24小时标准化,V2-LC-1054,非还款日行为,T0固定时点；提单/App<T0，放款/整笔结清≤T0；支付<T0，已确认整笔同秒结清订单的已知同秒支付可=T0；当前条件为T0已知值。来源可得时间仍待上线核验。,已入模,保留字段；零增益不等于没有业务意义,0.0017099544828735075,0.0020874134609959946,0.0008901746967842439,0.0112584773425685,174.86139965057373
app_nonpay_lifed_apply_duration_share,非还款日｜提单页停留占比,apply_duration/duration,S04｜event_track_record（App埋点）；S01｜order_loan_f_v2_copy（整笔订单）；S03｜repayment_record_copy（正向入账）,"从max(reg_date,2024-01-01)至T0；当天只取create_time<T0；排除Pknown发生支付的整个自然日",比例,float32,duration==0为NaN,behavior_features()；T0部分当天仍按1个可观察自然日计，不是24小时标准化,V2-LC-1055,非还款日行为,T0固定时点；提单/App<T0，放款/整笔结清≤T0；支付<T0，已确认整笔同秒结清订单的已知同秒支付可=T0；当前条件为T0已知值。来源可得时间仍待上线核验。,已入模,保留字段；零增益不等于没有业务意义,0.0018177453098741298,0.0022405441782119167,0.0008901746967842439,0.053830388720180936,96.82789993286133
app_nonpay_lifed_amount_per_newpage,非还款日｜切换金额次数对进页比,amount/newpage,S04｜event_track_record（App埋点）；S01｜order_loan_f_v2_copy（整笔订单）；S03｜repayment_record_copy（正向入账）,"从max(reg_date,2024-01-01)至T0；当天只取create_time<T0；排除Pknown发生支付的整个自然日",次数比,float32,newpage==0为NaN；可能>1,behavior_features()；T0部分当天仍按1个可观察自然日计，不是24小时标准化,V2-LC-1056,非还款日行为,T0固定时点；提单/App<T0，放款/整笔结清≤T0；支付<T0，已确认整笔同秒结清订单的已知同秒支付可=T0；当前条件为T0已知值。来源可得时间仍待上线核验。,已入模,保留字段；零增益不等于没有业务意义,0.005355244268712733,0.006036574062880308,0.0037832424613330365,0.30488554737566015,156.8160982131958
app_nonpay_lifed_plan_per_newpage,非还款日｜查看计划次数对进页比,plan/newpage,S04｜event_track_record（App埋点）；S01｜order_loan_f_v2_copy（整笔订单）；S03｜repayment_record_copy（正向入账）,"从max(reg_date,2024-01-01)至T0；当天只取create_time<T0；排除Pknown发生支付的整个自然日",次数比,float32,newpage==0为NaN；可能>1,behavior_features()；T0部分当天仍按1个可观察自然日计，不是24小时标准化,V2-LC-1057,非还款日行为,T0固定时点；提单/App<T0，放款/整笔结清≤T0；支付<T0，已确认整笔同秒结清订单的已知同秒支付可=T0；当前条件为T0已知值。来源可得时间仍待上线核验。,已入模,保留字段；零增益不等于没有业务意义,0.005355244268712733,0.006036574062880308,0.0037832424613330365,0.05625471714714107,322.77569675445557
app_nonpay_lifed_confirm_per_newpage,非还款日｜确认埋点次数对进页比,confirm/newpage,S04｜event_track_record（App埋点）；S01｜order_loan_f_v2_copy（整笔订单）；S03｜repayment_record_copy（正向入账）,"从max(reg_date,2024-01-01)至T0；当天只取create_time<T0；排除Pknown发生支付的整个自然日",次数比（非用户确认率）,float32,newpage==0为NaN；可能>1，不等于成功提单,behavior_features()；T0部分当天仍按1个可观察自然日计，不是24小时标准化,V2-LC-1058,非还款日行为,T0固定时点；提单/App<T0，放款/整笔结清≤T0；支付<T0，已确认整笔同秒结清订单的已知同秒支付可=T0；当前条件为T0已知值。来源可得时间仍待上线核验。,已入模,保留字段；零增益不等于没有业务意义,0.005355244268712733,0.006036574062880308,0.0037832424613330365,0.148387990309349,689.9874019622803
app_nonpay_lifed_coupon_accept_share,非还款日｜券点击对点击加关闭比,coupon_confirm/(coupon_confirm+coupon_back),S04｜event_track_record（App埋点）；S01｜order_loan_f_v2_copy（整笔订单）；S03｜repayment_record_copy（正向入账）,"从max(reg_date,2024-01-01)至T0；当天只取create_time<T0；排除Pknown发生支付的整个自然日",比例,float32,分母==0为NaN,behavior_features()；T0部分当天仍按1个可观察自然日计，不是24小时标准化,V2-LC-1059,非还款日行为,T0固定时点；提单/App<T0，放款/整笔结清≤T0；支付<T0，已确认整笔同秒结清订单的已知同秒支付可=T0；当前条件为T0已知值。来源可得时间仍待上线核验。,已入模,保留字段；零增益不等于没有业务意义,0.627460203136713,0.6492420029497812,0.6032046289084233,0.012693256509629103,82.71539878845215
app_nonpay_events_7d_delta_prior7,非还款日｜活跃埋点条数与前7日差,NOW7-PREV7,S04｜event_track_record（App埋点）；S03｜repayment_record_copy（正向入账）,NOW7：T0日前6日及T0截断日；PREV7：T0日前13日到前7日；应用相同日期排除,条,float32,NOW7缺失则NaN；PREV7无记录累加0；早期历史不足不补齐前窗，需结合观察日数,behavior_features(),V2-LC-1060,非还款日行为,T0固定时点；提单/App<T0，放款/整笔结清≤T0；支付<T0，已确认整笔同秒结清订单的已知同秒支付可=T0；当前条件为T0已知值。来源可得时间仍待上线核验。,已入模,保留字段；零增益不等于没有业务意义,0.001381682418826158,0.001692497400807563,0.0007789028596862134,0.03495179331298293,186.72950267791748
app_nonpay_events_7d_ratio_prior7,非还款日｜活跃埋点条数与前7日比,NOW7/PREV7,S04｜event_track_record（App埋点）；S03｜repayment_record_copy（正向入账）,NOW7：T0日前6日及T0截断日；PREV7：T0日前13日到前7日；应用相同日期排除,比值,float32,PREV7≤0或缺失为NaN；早期历史不足不补齐前窗，需结合观察日数,behavior_features(),V2-LC-1061,非还款日行为,T0固定时点；提单/App<T0，放款/整笔结清≤T0；支付<T0，已确认整笔同秒结清订单的已知同秒支付可=T0；当前条件为T0已知值。来源可得时间仍待上线核验。,已入模,保留字段；零增益不等于没有业务意义,0.27380829891376246,0.2851132764331826,0.2572604873706465,0.03661968258134896,198.16656112670898
app_nonpay_newpage_7d_delta_prior7,非还款日｜进入提单页次数与前7日差,NOW7-PREV7,S04｜event_track_record（App埋点）；S03｜repayment_record_copy（正向入账）,NOW7：T0日前6日及T0截断日；PREV7：T0日前13日到前7日；应用相同日期排除,次,float32,NOW7缺失则NaN；PREV7无记录累加0；早期历史不足不补齐前窗，需结合观察日数,behavior_features(),V2-LC-1062,非还款日行为,T0固定时点；提单/App<T0，放款/整笔结清≤T0；支付<T0，已确认整笔同秒结清订单的已知同秒支付可=T0；当前条件为T0已知值。来源可得时间仍待上线核验。,已入模,保留字段；零增益不等于没有业务意义,0.001381682418826158,0.001692497400807563,0.0007789028596862134,0.01790666397187452,15.045700073242188
app_nonpay_newpage_7d_ratio_prior7,非还款日｜进入提单页次数与前7日比,NOW7/PREV7,S04｜event_track_record（App埋点）；S03｜repayment_record_copy（正向入账）,NOW7：T0日前6日及T0截断日；PREV7：T0日前13日到前7日；应用相同日期排除,比值,float32,PREV7≤0或缺失为NaN；早期历史不足不补齐前窗，需结合观察日数,behavior_features(),V2-LC-1063,非还款日行为,T0固定时点；提单/App<T0，放款/整笔结清≤T0；支付<T0，已确认整笔同秒结清订单的已知同秒支付可=T0；当前条件为T0已知值。来源可得时间仍待上线核验。,已入模,保留字段；零增益不等于没有业务意义,0.6198511506670782,0.6190107755667852,0.6129965505730499,0.0476106518589131,82.06540012359619
app_nonpay_amount_7d_delta_prior7,非还款日｜切换借款金额次数与前7日差,NOW7-PREV7,S04｜event_track_record（App埋点）；S03｜repayment_record_copy（正向入账）,NOW7：T0日前6日及T0截断日；PREV7：T0日前13日到前7日；应用相同日期排除,次,float32,NOW7缺失则NaN；PREV7无记录累加0；早期历史不足不补齐前窗，需结合观察日数,behavior_features(),V2-LC-1064,非还款日行为,T0固定时点；提单/App<T0，放款/整笔结清≤T0；支付<T0，已确认整笔同秒结清订单的已知同秒支付可=T0；当前条件为T0已知值。来源可得时间仍待上线核验。,已入模,保留字段；零增益不等于没有业务意义,0.001381682418826158,0.001692497400807563,0.0007789028596862134,0.02232339254128279,23.203800201416016
app_nonpay_amount_7d_ratio_prior7,非还款日｜切换借款金额次数与前7日比,NOW7/PREV7,S04｜event_track_record（App埋点）；S03｜repayment_record_copy（正向入账）,NOW7：T0日前6日及T0截断日；PREV7：T0日前13日到前7日；应用相同日期排除,比值,float32,PREV7≤0或缺失为NaN；早期历史不足不补齐前窗，需结合观察日数,behavior_features(),V2-LC-1065,非还款日行为,T0固定时点；提单/App<T0，放款/整笔结清≤T0；支付<T0，已确认整笔同秒结清订单的已知同秒支付可=T0；当前条件为T0已知值。来源可得时间仍待上线核验。,已入模,保留字段；零增益不等于没有业务意义,0.8603961802850577,0.8777613901045319,0.817625458996328,0.031959949920784145,42.17439937591553
app_nonpay_plan_7d_delta_prior7,非还款日｜查看还款计划次数与前7日差,NOW7-PREV7,S04｜event_track_record（App埋点）；S03｜repayment_record_copy（正向入账）,NOW7：T0日前6日及T0截断日；PREV7：T0日前13日到前7日；应用相同日期排除,次,float32,NOW7缺失则NaN；PREV7无记录累加0；早期历史不足不补齐前窗，需结合观察日数,behavior_features(),V2-LC-1066,非还款日行为,T0固定时点；提单/App<T0，放款/整笔结清≤T0；支付<T0，已确认整笔同秒结清订单的已知同秒支付可=T0；当前条件为T0已知值。来源可得时间仍待上线核验。,已入模,保留字段；零增益不等于没有业务意义,0.001381682418826158,0.001692497400807563,0.0007789028596862134,0.015444366340762692,32.01230049133301
app_nonpay_plan_7d_ratio_prior7,非还款日｜查看还款计划次数与前7日比,NOW7/PREV7,S04｜event_track_record（App埋点）；S03｜repayment_record_copy（正向入账）,NOW7：T0日前6日及T0截断日；PREV7：T0日前13日到前7日；应用相同日期排除,比值,float32,PREV7≤0或缺失为NaN；早期历史不足不补齐前窗，需结合观察日数,behavior_features(),V2-LC-1067,非还款日行为,T0固定时点；提单/App<T0，放款/整笔结清≤T0；支付<T0，已确认整笔同秒结清订单的已知同秒支付可=T0；当前条件为T0已知值。来源可得时间仍待上线核验。,已入模,保留字段；零增益不等于没有业务意义,0.792845628836986,0.7948128984420965,0.788360965839546,0.004338918484442154,0.0
app_nonpay_term_7d_delta_prior7,非还款日｜切换借款期次次数与前7日差,NOW7-PREV7,S04｜event_track_record（App埋点）；S03｜repayment_record_copy（正向入账）,NOW7：T0日前6日及T0截断日；PREV7：T0日前13日到前7日；应用相同日期排除,次,float32,NOW7缺失则NaN；PREV7无记录累加0；早期历史不足不补齐前窗，需结合观察日数,behavior_features(),V2-LC-1068,非还款日行为,T0固定时点；提单/App<T0，放款/整笔结清≤T0；支付<T0，已确认整笔同秒结清订单的已知同秒支付可=T0；当前条件为T0已知值。来源可得时间仍待上线核验。,已入模,保留字段；零增益不等于没有业务意义,0.001381682418826158,0.001692497400807563,0.0007789028596862134,0.0008958558203605658,0.0
app_nonpay_term_7d_ratio_prior7,非还款日｜切换借款期次次数与前7日比,NOW7/PREV7,S04｜event_track_record（App埋点）；S03｜repayment_record_copy（正向入账）,NOW7：T0日前6日及T0截断日；PREV7：T0日前13日到前7日；应用相同日期排除,比值,float32,PREV7≤0或缺失为NaN；早期历史不足不补齐前窗，需结合观察日数,behavior_features(),V2-LC-1069,非还款日行为,T0固定时点；提单/App<T0，放款/整笔结清≤T0；支付<T0，已确认整笔同秒结清订单的已知同秒支付可=T0；当前条件为T0已知值。来源可得时间仍待上线核验。,已入模,保留字段；零增益不等于没有业务意义,0.9030960465264406,0.901480532250135,0.8946255702681651,0.0017528365377784706,0.0
app_nonpay_confirm_7d_delta_prior7,非还款日｜确认提单埋点次数与前7日差,NOW7-PREV7,S04｜event_track_record（App埋点）；S03｜repayment_record_copy（正向入账）,NOW7：T0日前6日及T0截断日；PREV7：T0日前13日到前7日；应用相同日期排除,次,float32,NOW7缺失则NaN；PREV7无记录累加0；早期历史不足不补齐前窗，需结合观察日数,behavior_features(),V2-LC-1070,非还款日行为,T0固定时点；提单/App<T0，放款/整笔结清≤T0；支付<T0，已确认整笔同秒结清订单的已知同秒支付可=T0；当前条件为T0已知值。来源可得时间仍待上线核验。,已入模,保留字段；零增益不等于没有业务意义,0.001381682418826158,0.001692497400807563,0.0007789028596862134,0.06499308367885229,30.76569938659668
app_nonpay_confirm_7d_ratio_prior7,非还款日｜确认提单埋点次数与前7日比,NOW7/PREV7,S04｜event_track_record（App埋点）；S03｜repayment_record_copy（正向入账）,NOW7：T0日前6日及T0截断日；PREV7：T0日前13日到前7日；应用相同日期排除,比值,float32,PREV7≤0或缺失为NaN；早期历史不足不补齐前窗，需结合观察日数,behavior_features(),V2-LC-1071,非还款日行为,T0固定时点；提单/App<T0，放款/整笔结清≤T0；支付<T0，已确认整笔同秒结清订单的已知同秒支付可=T0；当前条件为T0已知值。来源可得时间仍待上线核验。,已入模,保留字段；零增益不等于没有业务意义,0.6938201559047326,0.6710268623516042,0.75876265717147,0.03799615121585951,94.41200065612793
app_nonpay_duration_7d_delta_prior7,非还款日｜已结束页面累计停留与前7日差,NOW7-PREV7,S04｜event_track_record（App埋点）；S03｜repayment_record_copy（正向入账）,NOW7：T0日前6日及T0截断日；PREV7：T0日前13日到前7日；应用相同日期排除,秒,float32,NOW7缺失则NaN；PREV7无记录累加0；早期历史不足不补齐前窗，需结合观察日数,behavior_features(),V2-LC-1072,非还款日行为,T0固定时点；提单/App<T0，放款/整笔结清≤T0；支付<T0，已确认整笔同秒结清订单的已知同秒支付可=T0；当前条件为T0已知值。来源可得时间仍待上线核验。,已入模,保留字段；零增益不等于没有业务意义,0.001381682418826158,0.001692497400807563,0.0007789028596862134,0.03567043979331534,158.20800018310547
app_nonpay_duration_7d_ratio_prior7,非还款日｜已结束页面累计停留与前7日比,NOW7/PREV7,S04｜event_track_record（App埋点）；S03｜repayment_record_copy（正向入账）,NOW7：T0日前6日及T0截断日；PREV7：T0日前13日到前7日；应用相同日期排除,比值,float32,PREV7≤0或缺失为NaN；早期历史不足不补齐前窗，需结合观察日数,behavior_features(),V2-LC-1073,非还款日行为,T0固定时点；提单/App<T0，放款/整笔结清≤T0；支付<T0，已确认整笔同秒结清订单的已知同秒支付可=T0；当前条件为T0已知值。来源可得时间仍待上线核验。,已入模,保留字段；零增益不等于没有业务意义,0.29854139412735975,0.3113711646799971,0.28352064092578166,0.025998019640366653,288.6290988922119
app_nonpay_events_3d_perday_vs14d,非还款日｜活跃埋点条数近3日与近14日日均差,app_nonpay_3d_events/app_nonpay_3d_eligible_days - app_nonpay_14d_events/app_nonpay_14d_eligible_days,S04｜event_track_record（App埋点）；S03｜repayment_record_copy（正向入账）,近3 / 14个自然日，均含T0截断日,条/自然日,float32,任一eligible_days==0为NaN,behavior_features()；两个窗口相互包含,V2-LC-1074,非还款日行为,T0固定时点；提单/App<T0，放款/整笔结清≤T0；支付<T0，已确认整笔同秒结清订单的已知同秒支付可=T0；当前条件为T0已知值。来源可得时间仍待上线核验。,已入模,保留字段；零增益不等于没有业务意义,0.00796672203195508,0.007946678272363129,0.008345387782352286,0.03549776354358442,134.25589847564697
app_nonpay_newpage_3d_perday_vs14d,非还款日｜进入提单页次数近3日与近14日日均差,app_nonpay_3d_newpage/app_nonpay_3d_eligible_days - app_nonpay_14d_newpage/app_nonpay_14d_eligible_days,S04｜event_track_record（App埋点）；S03｜repayment_record_copy（正向入账）,近3 / 14个自然日，均含T0截断日,次/自然日,float32,任一eligible_days==0为NaN,behavior_features()；两个窗口相互包含,V2-LC-1075,非还款日行为,T0固定时点；提单/App<T0，放款/整笔结清≤T0；支付<T0，已确认整笔同秒结清订单的已知同秒支付可=T0；当前条件为T0已知值。来源可得时间仍待上线核验。,已入模,保留字段；零增益不等于没有业务意义,0.00796672203195508,0.007946678272363129,0.008345387782352286,0.028836286251151172,94.25389957427979
app_nonpay_amount_3d_perday_vs14d,非还款日｜切换借款金额次数近3日与近14日日均差,app_nonpay_3d_amount/app_nonpay_3d_eligible_days - app_nonpay_14d_amount/app_nonpay_14d_eligible_days,S04｜event_track_record（App埋点）；S03｜repayment_record_copy（正向入账）,近3 / 14个自然日，均含T0截断日,次/自然日,float32,任一eligible_days==0为NaN,behavior_features()；两个窗口相互包含,V2-LC-1076,非还款日行为,T0固定时点；提单/App<T0，放款/整笔结清≤T0；支付<T0，已确认整笔同秒结清订单的已知同秒支付可=T0；当前条件为T0已知值。来源可得时间仍待上线核验。,已入模,保留字段；零增益不等于没有业务意义,0.00796672203195508,0.007946678272363129,0.008345387782352286,0.04185195336614401,39.463600158691406
app_nonpay_plan_3d_perday_vs14d,非还款日｜查看还款计划次数近3日与近14日日均差,app_nonpay_3d_plan/app_nonpay_3d_eligible_days - app_nonpay_14d_plan/app_nonpay_14d_eligible_days,S04｜event_track_record（App埋点）；S03｜repayment_record_copy（正向入账）,近3 / 14个自然日，均含T0截断日,次/自然日,float32,任一eligible_days==0为NaN,behavior_features()；两个窗口相互包含,V2-LC-1077,非还款日行为,T0固定时点；提单/App<T0，放款/整笔结清≤T0；支付<T0，已确认整笔同秒结清订单的已知同秒支付可=T0；当前条件为T0已知值。来源可得时间仍待上线核验。,已入模,保留字段；零增益不等于没有业务意义,0.00796672203195508,0.007946678272363129,0.008345387782352286,0.00832246485616912,102.75756072998047
app_nonpay_duration_3d_perday_vs14d,非还款日｜已结束页面累计停留近3日与近14日日均差,app_nonpay_3d_duration/app_nonpay_3d_eligible_days - app_nonpay_14d_duration/app_nonpay_14d_eligible_days,S04｜event_track_record（App埋点）；S03｜repayment_record_copy（正向入账）,近3 / 14个自然日，均含T0截断日,秒/自然日,float32,任一eligible_days==0为NaN,behavior_features()；两个窗口相互包含,V2-LC-1078,非还款日行为,T0固定时点；提单/App<T0，放款/整笔结清≤T0；支付<T0，已确认整笔同秒结清订单的已知同秒支付可=T0；当前条件为T0已知值。来源可得时间仍待上线核验。,已入模,保留字段；零增益不等于没有业务意义,0.00796672203195508,0.007946678272363129,0.008345387782352286,0.03618655858064503,125.98020076751709
app_nonpay_events_share_7d,近7自然日非还款日活跃埋点条数占比,app_nonpay_7d_events/app_all_7d_events,S04｜event_track_record（App埋点）；S01｜order_loan_f_v2_copy（整笔订单）；S03｜repayment_record_copy（正向入账）,同口径近7自然日，含T0截断日,比例,float32,全量行为≤0或非还款窗口无可观察日为NaN,behavior_features(),V2-LC-1079,非还款日行为,T0固定时点；提单/App<T0，放款/整笔结清≤T0；支付<T0，已确认整笔同秒结清订单的已知同秒支付可=T0；当前条件为T0已知值。来源可得时间仍待上线核验。,已入模,保留字段；零增益不等于没有业务意义,0.030901670267860205,0.03533289811971598,0.026593969066429288,0.018130160808339166,289.49699878692627
app_nonpay_newpage_share_7d,近7自然日非还款日进入提单页次数占比,app_nonpay_7d_newpage/app_all_7d_newpage,S04｜event_track_record（App埋点）；S01｜order_loan_f_v2_copy（整笔订单）；S03｜repayment_record_copy（正向入账）,同口径近7自然日，含T0截断日,比例,float32,全量行为≤0或非还款窗口无可观察日为NaN,behavior_features(),V2-LC-1080,非还款日行为,T0固定时点；提单/App<T0，放款/整笔结清≤T0；支付<T0，已确认整笔同秒结清订单的已知同秒支付可=T0；当前条件为T0已知值。来源可得时间仍待上线核验。,已入模,保留字段；零增益不等于没有业务意义,0.5297870151250129,0.5551955640449076,0.49872037387337265,0.06361449269287148,165.25109958648682
app_nonpay_amount_share_7d,近7自然日非还款日切换借款金额次数占比,app_nonpay_7d_amount/app_all_7d_amount,S04｜event_track_record（App埋点）；S01｜order_loan_f_v2_copy（整笔订单）；S03｜repayment_record_copy（正向入账）,同口径近7自然日，含T0截断日,比例,float32,全量行为≤0或非还款窗口无可观察日为NaN,behavior_features(),V2-LC-1081,非还款日行为,T0固定时点；提单/App<T0，放款/整笔结清≤T0；支付<T0，已确认整笔同秒结清订单的已知同秒支付可=T0；当前条件为T0已知值。来源可得时间仍待上线核验。,已入模,保留字段；零增益不等于没有业务意义,0.8198178335023689,0.8436777162568405,0.773561811505508,0.03680523310208422,190.07249641418457
app_nonpay_plan_share_7d,近7自然日非还款日查看还款计划次数占比,app_nonpay_7d_plan/app_all_7d_plan,S04｜event_track_record（App埋点）；S01｜order_loan_f_v2_copy（整笔订单）；S03｜repayment_record_copy（正向入账）,同口径近7自然日，含T0截断日,比例,float32,全量行为≤0或非还款窗口无可观察日为NaN,behavior_features(),V2-LC-1082,非还款日行为,T0固定时点；提单/App<T0，放款/整笔结清≤T0；支付<T0，已确认整笔同秒结清订单的已知同秒支付可=T0；当前条件为T0已知值。来源可得时间仍待上线核验。,已入模,保留字段；零增益不等于没有业务意义,0.7745652844942895,0.7913150704804275,0.7526427061310782,0.009349422878024797,99.5280990600586
app_nonpay_duration_share_7d,近7自然日非还款日已结束页面累计停留占比,app_nonpay_7d_duration/app_all_7d_duration,S04｜event_track_record（App埋点）；S01｜order_loan_f_v2_copy（整笔订单）；S03｜repayment_record_copy（正向入账）,同口径近7自然日，含T0截断日,比例,float32,全量行为≤0或非还款窗口无可观察日为NaN,behavior_features(),V2-LC-1083,非还款日行为,T0固定时点；提单/App<T0，放款/整笔结清≤T0；支付<T0，已确认整笔同秒结清订单的已知同秒支付可=T0；当前条件为T0已知值。来源可得时间仍待上线核验。,已入模,保留字段；零增益不等于没有业务意义,0.03809915776167448,0.043384350040700535,0.033381551129409145,0.012273015383397938,370.72259998321533
app_nonpay_events_share_30d,近30自然日非还款日活跃埋点条数占比,app_nonpay_30d_events/app_all_30d_events,S04｜event_track_record（App埋点）；S01｜order_loan_f_v2_copy（整笔订单）；S03｜repayment_record_copy（正向入账）,同口径近30自然日，含T0截断日,比例,float32,全量行为≤0或非还款窗口无可观察日为NaN,behavior_features(),V2-LC-1084,非还款日行为,T0固定时点；提单/App<T0，放款/整笔结清≤T0；支付<T0，已确认整笔同秒结清订单的已知同秒支付可=T0；当前条件为T0已知值。来源可得时间仍待上线核验。,已入模,保留字段；零增益不等于没有业务意义,0.0013914815849171236,0.001676378377942729,0.0010014465338822743,0.017587650075909084,310.25679874420166
app_nonpay_newpage_share_30d,近30自然日非还款日进入提单页次数占比,app_nonpay_30d_newpage/app_all_30d_newpage,S04｜event_track_record（App埋点）；S01｜order_loan_f_v2_copy（整笔订单）；S03｜repayment_record_copy（正向入账）,同口径近30自然日，含T0截断日,比例,float32,全量行为≤0或非还款窗口无可观察日为NaN,behavior_features(),V2-LC-1085,非还款日行为,T0固定时点；提单/App<T0，放款/整笔结清≤T0；支付<T0，已确认整笔同秒结清订单的已知同秒支付可=T0；当前条件为T0已知值。来源可得时间仍待上线核验。,已入模,保留字段；零增益不等于没有业务意义,0.0060754829763987085,0.005698074582718796,0.006342494714587738,0.018380167462216775,17.098400115966797
app_nonpay_amount_share_30d,近30自然日非还款日切换借款金额次数占比,app_nonpay_30d_amount/app_all_30d_amount,S04｜event_track_record（App埋点）；S01｜order_loan_f_v2_copy（整笔订单）；S03｜repayment_record_copy（正向入账）,同口径近30自然日，含T0截断日,比例,float32,全量行为≤0或非还款窗口无可观察日为NaN,behavior_features(),V2-LC-1086,非还款日行为,T0固定时点；提单/App<T0，放款/整笔结清≤T0；支付<T0，已确认整笔同秒结清订单的已知同秒支付可=T0；当前条件为T0已知值。来源可得时间仍待上线核验。,已入模,保留字段；零增益不等于没有业务意义,0.4668371721566495,0.5196853566736784,0.32958718148436633,0.21815110449592223,193.97139835357666
app_nonpay_plan_share_30d,近30自然日非还款日查看还款计划次数占比,app_nonpay_30d_plan/app_all_30d_plan,S04｜event_track_record（App埋点）；S01｜order_loan_f_v2_copy（整笔订单）；S03｜repayment_record_copy（正向入账）,同口径近30自然日，含T0截断日,比例,float32,全量行为≤0或非还款窗口无可观察日为NaN,behavior_features(),V2-LC-1087,非还款日行为,T0固定时点；提单/App<T0，放款/整笔结清≤T0；支付<T0，已确认整笔同秒结清订单的已知同秒支付可=T0；当前条件为T0已知值。来源可得时间仍待上线核验。,已入模,保留字段；零增益不等于没有业务意义,0.3262289379173832,0.3478565729345487,0.27539779681762544,0.03156808104641702,108.79030132293701
app_nonpay_duration_share_30d,近30自然日非还款日已结束页面累计停留占比,app_nonpay_30d_duration/app_all_30d_duration,S04｜event_track_record（App埋点）；S01｜order_loan_f_v2_copy（整笔订单）；S03｜repayment_record_copy（正向入账）,同口径近30自然日，含T0截断日,比例,float32,全量行为≤0或非还款窗口无可观察日为NaN,behavior_features(),V2-LC-1088,非还款日行为,T0固定时点；提单/App<T0，放款/整笔结清≤T0；支付<T0，已确认整笔同秒结清订单的已知同秒支付可=T0；当前条件为T0已知值。来源可得时间仍待上线核验。,已入模,保留字段；零增益不等于没有业务意义,0.001435577832326469,0.0017166759351048139,0.0011127183709803048,0.013614338321144798,184.74330139160156
app_nonpay_events_share_90d,近90自然日非还款日活跃埋点条数占比,app_nonpay_90d_events/app_all_90d_events,S04｜event_track_record（App埋点）；S01｜order_loan_f_v2_copy（整笔订单）；S03｜repayment_record_copy（正向入账）,同口径近90自然日，含T0截断日,比例,float32,全量行为≤0或非还款窗口无可观察日为NaN,behavior_features(),V2-LC-1089,非还款日行为,T0固定时点；提单/App<T0，放款/整笔结清≤T0；支付<T0，已确认整笔同秒结清订单的已知同秒支付可=T0；当前条件为T0已知值。来源可得时间仍待上线核验。,已入模,保留字段；零增益不等于没有业务意义,0.0013522849205532608,0.0016360808207806442,0.0007789028596862134,0.018093330529894744,1357.3438940048218
app_nonpay_newpage_share_90d,近90自然日非还款日进入提单页次数占比,app_nonpay_90d_newpage/app_all_90d_newpage,S04｜event_track_record（App埋点）；S01｜order_loan_f_v2_copy（整笔订单）；S03｜repayment_record_copy（正向入账）,同口径近90自然日，含T0截断日,比例,float32,全量行为≤0或非还款窗口无可观察日为NaN,behavior_features(),V2-LC-1090,非还款日行为,T0固定时点；提单/App<T0，放款/整笔结清≤T0；支付<T0，已确认整笔同秒结清订单的已知同秒支付可=T0；当前条件为T0已知值。来源可得时间仍待上线核验。,已入模,保留字段；零增益不等于没有业务意义,0.002057824879102788,0.002490389032616843,0.0007789028596862134,0.02238766555296114,193.69939994812012
app_nonpay_amount_share_90d,近90自然日非还款日切换借款金额次数占比,app_nonpay_90d_amount/app_all_90d_amount,S04｜event_track_record（App埋点）；S01｜order_loan_f_v2_copy（整笔订单）；S03｜repayment_record_copy（正向入账）,同口径近90自然日，含T0截断日,比例,float32,全量行为≤0或非还款窗口无可观察日为NaN,behavior_features(),V2-LC-1091,非还款日行为,T0固定时点；提单/App<T0，放款/整笔结清≤T0；支付<T0，已确认整笔同秒结清订单的已知同秒支付可=T0；当前条件为T0已知值。来源可得时间仍待上线核验。,已入模,保留字段；零增益不等于没有业务意义,0.3978608420423422,0.45470957550553287,0.24724602203182375,0.2946095683576295,477.6905975341797
app_nonpay_plan_share_90d,近90自然日非还款日查看还款计划次数占比,app_nonpay_90d_plan/app_all_90d_plan,S04｜event_track_record（App埋点）；S01｜order_loan_f_v2_copy（整笔订单）；S03｜repayment_record_copy（正向入账）,同口径近90自然日，含T0截断日,比例,float32,全量行为≤0或非还款窗口无可观察日为NaN,behavior_features(),V2-LC-1092,非还款日行为,T0固定时点；提单/App<T0，放款/整笔结清≤T0；支付<T0，已确认整笔同秒结清订单的已知同秒支付可=T0；当前条件为T0已知值。来源可得时间仍待上线核验。,已入模,保留字段；零增益不等于没有业务意义,0.25816393024953577,0.2803420456651918,0.20674307332814065,0.04485568766982301,2238.7572107315063
app_nonpay_duration_share_90d,近90自然日非还款日已结束页面累计停留占比,app_nonpay_90d_duration/app_all_90d_duration,S04｜event_track_record（App埋点）；S01｜order_loan_f_v2_copy（整笔订单）；S03｜repayment_record_copy（正向入账）,同口径近90自然日，含T0截断日,比例,float32,全量行为≤0或非还款窗口无可观察日为NaN,behavior_features(),V2-LC-1093,非还款日行为,T0固定时点；提单/App<T0，放款/整笔结清≤T0；支付<T0，已确认整笔同秒结清订单的已知同秒支付可=T0；当前条件为T0已知值。来源可得时间仍待上线核验。,已入模,保留字段；零增益不等于没有业务意义,0.0013620840866442267,0.0016441403322130612,0.0008901746967842439,0.018450192323946405,916.8449640274048
app_t0_day_repaid_before_prediction,T0日存在已知支付标记,INT(DATE(T0) IN DATE(Pknown.payment_time)),S01｜order_loan_f_v2_copy（整笔订单）；S03｜repayment_record_copy（正向入账）,截至T0的全部可观察生命周期,0/1,float32,无已知支付返回0；T0后支付不改变此标记,直接字段：loan_features() / behavior_features() / main(),V2-LC-1094,全量App行为,T0固定时点；提单/App<T0，放款/整笔结清≤T0；支付<T0，已确认整笔同秒结清订单的已知同秒支付可=T0；当前条件为T0已知值。来源可得时间仍待上线核验。,未入模,训练风险行内全部缺失或无变化，保留开发规格但模型不使用,0.0,0.0,0.0,0.0,
current_total_term_known,当前获额订单已知期次,current_total_term if current_total_term>0 else NaN,S05｜冻结T0母表与过去月份产品画像；S02｜order_vir_f_copy（获额）,当前T0条件 / 触发订单,期,float32,非正值或缺失为NaN,直接字段：loan_features() / behavior_features() / main(),V2-LC-1095,当前产品与变额条件,T0固定时点；提单/App<T0，放款/整笔结清≤T0；支付<T0，已确认整笔同秒结清订单的已知同秒支付可=T0；当前条件为T0已知值。来源可得时间仍待上线核验。,已入模,保留字段；零增益不等于没有业务意义,0.3043327012871205,0.42312435020189076,0.26849894291754756,0.7855566859365766,0.0
current_term_to_previous,当前产品最长平均期次比,current_history_max_terms/previous_total_term,S05｜冻结T0母表与过去月份产品画像；S01｜order_loan_f_v2_copy（整笔订单）,当前T0条件 / 触发订单,倍,float32,分母非正或缺失为NaN；多产品独立max,直接字段：loan_features() / behavior_features() / main(),V2-LC-1096,当前产品与变额条件,T0固定时点；提单/App<T0，放款/整笔结清≤T0；支付<T0，已确认整笔同秒结清订单的已知同秒支付可=T0；当前条件为T0已知值。来源可得时间仍待上线核验。,已入模,保留字段；零增益不等于没有业务意义,0.00929940862032641,0.007825785600876874,0.0,0.25833532722590935,204.9335994720459
current_days_to_previous,当前产品最长平均天数比,current_history_max_loan_days/previous_loan_day,S05｜冻结T0母表与过去月份产品画像；S01｜order_loan_f_v2_copy（整笔订单）,当前T0条件 / 触发订单,倍,float32,分母非正或缺失为NaN；多产品独立max,直接字段：loan_features() / behavior_features() / main(),V2-LC-1097,当前产品与变额条件,T0固定时点；提单/App<T0，放款/整笔结清≤T0；支付<T0，已确认整笔同秒结清订单的已知同秒支付可=T0；当前条件为T0已知值。来源可得时间仍待上线核验。,已入模,保留字段；零增益不等于没有业务意义,0.00929940862032641,0.007825785600876874,0.0,0.2477054182885494,135.13338088989258
current_fee_to_previous,当前产品最低平均息费率比,current_history_min_fee_rate/previous_fee_rate,S05｜冻结T0母表与过去月份产品画像；S01｜order_loan_f_v2_copy（整笔订单）,当前T0条件 / 触发订单,倍,float32,分母非正或缺失为NaN；多产品独立min,直接字段：loan_features() / behavior_features() / main(),V2-LC-1098,当前产品与变额条件,T0固定时点；提单/App<T0，放款/整笔结清≤T0；支付<T0，已确认整笔同秒结清订单的已知同秒支付可=T0；当前条件为T0已知值。来源可得时间仍待上线核验。,已入模,保留字段；零增益不等于没有业务意义,0.00929940862032641,0.007825785600876874,0.0,2.104588369995824,245.01799774169922
current_daily_to_previous,当前产品最低平均日息比,current_history_min_daily_rate/previous_daily_rate,S05｜冻结T0母表与过去月份产品画像；S01｜order_loan_f_v2_copy（整笔订单）,当前T0条件 / 触发订单,倍,float32,分母非正或缺失为NaN；多产品独立min,直接字段：loan_features() / behavior_features() / main(),V2-LC-1099,当前产品与变额条件,T0固定时点；提单/App<T0，放款/整笔结清≤T0；支付<T0，已确认整笔同秒结清订单的已知同秒支付可=T0；当前条件为T0已知值。来源可得时间仍待上线核验。,已入模,保留字段；零增益不等于没有业务意义,0.00929940862032641,0.007825785600876874,0.0,0.9613677484420334,622.7918004989624
current_credit_change_abs_band,当前变额绝对金额档,"digitize(abs(current_credit_amt-previous_credit_amt), [500,1000,2000,3000])",S05｜冻结T0母表与过去月份产品画像；S01｜order_loan_f_v2_copy（整笔订单）；S02｜order_vir_f_copy（获额）,当前T0条件 / 触发订单,编码0/1/2/3/4,float32,变额缺失为NaN；恰好边界进入较高档,直接字段：loan_features() / behavior_features() / main(),V2-LC-1100,当前产品与变额条件,T0固定时点；提单/App<T0，放款/整笔结清≤T0；支付<T0，已确认整笔同秒结清订单的已知同秒支付可=T0；当前条件为T0已知值。来源可得时间仍待上线核验。,已入模,保留字段；零增益不等于没有业务意义,0.0033170177217918756,0.0038363274418304763,0.001335262045176366,0.013330426646038942,0.0
current_credit_change_relative_band,当前变额绝对比例档,"digitize(abs(current_credit_amt-previous_credit_amt)/previous_credit_amt, [0.1,0.25,0.5,1])",S05｜冻结T0母表与过去月份产品画像；S01｜order_loan_f_v2_copy（整笔订单）；S02｜order_vir_f_copy（获额）,当前T0条件 / 触发订单,编码0/1/2/3/4,float32,上一笔额度非正或缺失为NaN；恰好边界进入较高档,直接字段：loan_features() / behavior_features() / main(),V2-LC-1101,当前产品与变额条件,T0固定时点；提单/App<T0，放款/整笔结清≤T0；支付<T0，已确认整笔同秒结清订单的已知同秒支付可=T0；当前条件为T0已知值。来源可得时间仍待上线核验。,已入模,保留字段；零增益不等于没有业务意义,0.0033170177217918756,0.0038363274418304763,0.001335262045176366,0.01764841195690714,143.10010147094727
current_fee_rate_direction_tolerance,息费变化容差方向,"z=round(current_history_min_fee_rate-previous_fee_rate,12)；abs(z)<0.01→0，否则sign(z)",S05｜冻结T0母表与过去月份产品画像；S01｜order_loan_f_v2_copy（整笔订单）,当前T0条件 / 触发订单,-1/0/1,float32,差值缺失为NaN；绝对差恰好1pp计为变化,直接字段：loan_features() / behavior_features() / main(),V2-LC-1102,当前产品与变额条件,T0固定时点；提单/App<T0，放款/整笔结清≤T0；支付<T0，已确认整笔同秒结清订单的已知同秒支付可=T0；当前条件为T0已知值。来源可得时间仍待上线核验。,已入模,保留字段；零增益不等于没有业务意义,0.00929940862032641,0.007825785600876874,0.0,0.09125031898456369,11.545000076293945
current_daily_rate_direction_tolerance,日息变化容差方向,"z=round(current_history_min_daily_rate-previous_daily_rate,12)；abs(z)<0.0005→0，否则sign(z)",S05｜冻结T0母表与过去月份产品画像；S01｜order_loan_f_v2_copy（整笔订单）,当前T0条件 / 触发订单,-1/0/1,float32,差值缺失为NaN；绝对差恰好0.05pp计为变化,直接字段：loan_features() / behavior_features() / main(),V2-LC-1103,当前产品与变额条件,T0固定时点；提单/App<T0，放款/整笔结清≤T0；支付<T0，已确认整笔同秒结清订单的已知同秒支付可=T0；当前条件为T0已知值。来源可得时间仍待上线核验。,已入模,保留字段；零增益不等于没有业务意义,0.00929940862032641,0.007825785600876874,0.0,0.07312751430585042,15.221799850463867
