feature,definition,formula,source,window,unit,storage_type,missing_policy,logic,spec_id,family,time_policy,model_status,model_note,missing_rate,train_missing_rate,test_missing_rate,psi,gain,feature_origin
life_apply_n,历史提单次数,COUNT(H),S01｜order_loan_f_v2_copy（整笔订单）,截至T0的全部可观察生命周期,次,float32,0,直接字段：loan_features() / behavior_features() / main(),V3-F0001,借款生命周期,T0固定时点；提单/App<T0，放款/整笔结清≤T0；支付<T0，已确认整笔同秒结清订单的已知同秒支付可=T0；当前条件为T0已知值。来源可得时间仍待上线核验。,已入模,选定候选保留,0.0,0.0,0.0,0.0151706684757857,141.68059825897217,V2继承
life_funded_n,历史成功放款次数,COUNT(F),S01｜order_loan_f_v2_copy（整笔订单）,截至T0的全部可观察生命周期,次,float32,0,直接字段：loan_features() / behavior_features() / main(),V3-F0002,借款生命周期,T0固定时点；提单/App<T0，放款/整笔结清≤T0；支付<T0，已确认整笔同秒结清订单的已知同秒支付可=T0；当前条件为T0已知值。来源可得时间仍待上线核验。,已入模,选定候选保留,0.0,0.0,0.0,0.017141662179717,0.0,V2继承
life_closed_n,历史整笔结清次数,COUNT(C),S01｜order_loan_f_v2_copy（整笔订单）,截至T0的全部可观察生命周期,次,float32,0,直接字段：loan_features() / behavior_features() / main(),V3-F0003,借款生命周期,T0固定时点；提单/App<T0，放款/整笔结清≤T0；支付<T0，已确认整笔同秒结清订单的已知同秒支付可=T0；当前条件为T0已知值。来源可得时间仍待上线核验。,已入模,选定候选保留,0.0,0.0,0.0,0.0171347424515485,0.0,V2继承
life_verified_closed_n,流水结清日核验通过次数,COUNT(C[flow_settle_time非空]),S01｜order_loan_f_v2_copy（整笔订单）；S03｜repayment_record_copy（正向入账）,截至T0的全部可观察生命周期,次,float32,0,直接字段：loan_features() / behavior_features() / main(),V3-F0004,借款生命周期,T0固定时点；提单/App<T0，放款/整笔结清≤T0；支付<T0，已确认整笔同秒结清订单的已知同秒支付可=T0；当前条件为T0已知值。来源可得时间仍待上线核验。,已入模,选定候选保留,0.0,0.0,0.0,0.0171347424515485,0.0,V2继承
life_flow_closed_missing_share,流水结清日核验缺失占比,(COUNT(C)-COUNT(C[flow_settle_time非空]))/COUNT(C),S01｜order_loan_f_v2_copy（整笔订单）；S03｜repayment_record_copy（正向入账）,截至T0的全部可观察生命周期,比例,float32,C为空为NaN,直接字段：loan_features() / behavior_features() / main(),V3-F0005,借款生命周期,T0固定时点；提单/App<T0，放款/整笔结清≤T0；支付<T0，已确认整笔同秒结清订单的已知同秒支付可=T0；当前条件为T0已知值。来源可得时间仍待上线核验。,未入模,训练期全缺失或常量,0.0,0.0,0.0,0.0,0,V2继承
life_funding_rate,历史提单成功放款比,COUNT(F)/COUNT(H),S01｜order_loan_f_v2_copy（整笔订单）,截至T0的全部可观察生命周期,比例,float32,H为空为NaN,直接字段：loan_features() / behavior_features() / main(),V3-F0006,借款生命周期,T0固定时点；提单/App<T0，放款/整笔结清≤T0；支付<T0，已确认整笔同秒结清订单的已知同秒支付可=T0；当前条件为T0已知值。来源可得时间仍待上线核验。,已入模,选定候选保留,0.0,0.0,0.0,7.048479877702559e-05,4309.411636352539,V2继承
life_closed_rate,已放款订单整笔结清比,COUNT(C)/COUNT(F),S01｜order_loan_f_v2_copy（整笔订单）,截至T0的全部可观察生命周期,比例,float32,F为空为NaN,直接字段：loan_features() / behavior_features() / main(),V3-F0007,借款生命周期,T0固定时点；提单/App<T0，放款/整笔结清≤T0；支付<T0，已确认整笔同秒结清订单的已知同秒支付可=T0；当前条件为T0已知值。来源可得时间仍待上线核验。,已入模,选定候选保留,0.0,0.0,0.0,0.0,0.0,V2继承
trigger_successful_remit_rnb,触发T0结清订单的成功放款序号,T.remit_succ_rnb，必须>0,S01｜order_loan_f_v2_copy（整笔订单）,当前T0条件 / 触发订单,序号,float32,无触发订单或序号非正为NaN,直接字段：loan_features() / behavior_features() / main(),V3-F0008,借款生命周期,T0固定时点；提单/App<T0，放款/整笔结清≤T0；支付<T0，已确认整笔同秒结清订单的已知同秒支付可=T0；当前条件为T0已知值。来源可得时间仍待上线核验。,已入模,选定候选保留,0.0,0.0,0.0,0.0171543711203627,0.0,V2继承
trigger_rnb_vs_life_count,触发订单序号与累计放款次数差,trigger_successful_remit_rnb-COUNT(F),S01｜order_loan_f_v2_copy（整笔订单）,当前T0条件 / 触发订单,次,float32,序号缺失为NaN,直接字段：loan_features() / behavior_features() / main(),V3-F0009,借款生命周期,T0固定时点；提单/App<T0，放款/整笔结清≤T0；支付<T0，已确认整笔同秒结清订单的已知同秒支付可=T0；当前条件为T0已知值。来源可得时间仍待上线核验。,已入模,选定候选保留,0.0,0.0,0.0,0.0,80.0212984085083,V2继承
trigger_is_latest_funded_order,触发结清订单是否最近成功放款,INT(F非空 AND F[-1].serial_id==settled_serial_id),S01｜order_loan_f_v2_copy（整笔订单）,当前T0条件 / 触发订单,0/1,float32,F为空返回0,直接字段：loan_features() / behavior_features() / main(),V3-F0010,借款生命周期,T0固定时点；提单/App<T0，放款/整笔结清≤T0；支付<T0，已确认整笔同秒结清订单的已知同秒支付可=T0；当前条件为T0已知值。来源可得时间仍待上线核验。,已入模,选定候选保留,0.0,0.0,0.0,0.0,13.85319995880127,V2继承
loan_product_valid_n,成功放款订单有效产品编号数,COUNT(F.product_no非空),S01｜order_loan_f_v2_copy（整笔订单）,截至T0的全部可观察生命周期,个,float32,无有效编号为0,直接字段：loan_features() / behavior_features() / main(),V3-F0011,历史订单条件,T0固定时点；提单/App<T0，放款/整笔结清≤T0；支付<T0，已确认整笔同秒结清订单的已知同秒支付可=T0；当前条件为T0已知值。来源可得时间仍待上线核验。,已入模,选定候选保留,0.0,0.0,0.0,0.017141662179717,0.0,V2继承
loan_product_distinct_n,成功放款的不同产品编号数,COUNT_DISTINCT(F.product_no.dropna()),S01｜order_loan_f_v2_copy（整笔订单）,截至T0的全部可观察生命周期,个,float32,无有效编号为0,直接字段：loan_features() / behavior_features() / main(),V3-F0012,历史订单条件,T0固定时点；提单/App<T0，放款/整笔结清≤T0；支付<T0，已确认整笔同秒结清订单的已知同秒支付可=T0；当前条件为T0已知值。来源可得时间仍待上线核验。,已入模,选定候选保留,0.0,0.0,0.0,0.0390637231379225,11.835700035095217,V2继承
loan_product_switch_n,相邻有效产品切换次数,p=F.product_no.dropna()；SUM(p[1:]!=p[:-1]),S01｜order_loan_f_v2_copy（整笔订单）,截至T0的全部可观察生命周期,次,float32,少于2个有效产品为0；缺失产品被跳过,直接字段：loan_features() / behavior_features() / main(),V3-F0013,历史订单条件,T0固定时点；提单/App<T0，放款/整笔结清≤T0；支付<T0，已确认整笔同秒结清订单的已知同秒支付可=T0；当前条件为T0已知值。来源可得时间仍待上线核验。,已入模,选定候选保留,0.0,0.0,0.0,0.0368050096992856,0.0,V2继承
loan_product_switch_share,相邻有效产品切换占比,loan_product_switch_n/(loan_product_valid_n-1),S01｜order_loan_f_v2_copy（整笔订单）,截至T0的全部可观察生命周期,比例,float32,有效产品数≤1为NaN,直接字段：loan_features() / behavior_features() / main(),V3-F0014,历史订单条件,T0固定时点；提单/App<T0，放款/整笔结清≤T0；支付<T0，已确认整笔同秒结清订单的已知同秒支付可=T0；当前条件为T0已知值。来源可得时间仍待上线核验。,已入模,选定候选保留,0.38966383960724943,0.3792403104523804,0.4386335818404361,0.0505853210457758,0.0,V2继承
loan_product_last5_distinct_n,最近5个有效产品的不同编号数,COUNT_DISTINCT(F.product_no.dropna()[-5:]),S01｜order_loan_f_v2_copy（整笔订单）,截至T0的全部可观察生命周期,个,float32,无有效产品为0；这里取5个有效产品，不是5笔含缺失订单,直接字段：loan_features() / behavior_features() / main(),V3-F0015,历史订单条件,T0固定时点；提单/App<T0，放款/整笔结清≤T0；支付<T0，已确认整笔同秒结清订单的已知同秒支付可=T0；当前条件为T0已知值。来源可得时间仍待上线核验。,已入模,选定候选保留,0.0,0.0,0.0,0.0308652466152167,0.0,V2继承
life_apply_age_days,距首次提单天数,(T0-min(H.apply_time)).total_seconds()/86400,S01｜order_loan_f_v2_copy（整笔订单）,截至T0；H,经过天数,float32,集合为空为NaN,loan_features(),V3-F0016,借款生命周期,T0固定时点；提单/App<T0，放款/整笔结清≤T0；支付<T0，已确认整笔同秒结清订单的已知同秒支付可=T0；当前条件为T0已知值。来源可得时间仍待上线核验。,已入模,选定候选保留,0.0,0.0,0.0,0.0460066020253448,182.9312973022461,V2继承
life_apply_n_7d,近7个经过天数的提单次数,COUNT(H[apply_time≥T0-7×24小时]),S01｜order_loan_f_v2_copy（整笔订单）,[7×24小时前，T0]；H右界严格<T0,次,float32,无符合记录为0,loan_features(),V3-F0017,借款生命周期,T0固定时点；提单/App<T0，放款/整笔结清≤T0；支付<T0，已确认整笔同秒结清订单的已知同秒支付可=T0；当前条件为T0已知值。来源可得时间仍待上线核验。,已入模,选定候选保留,0.0,0.0,0.0,0.0417639837081973,0.0,V2继承
life_apply_n_30d,近30个经过天数的提单次数,COUNT(H[apply_time≥T0-30×24小时]),S01｜order_loan_f_v2_copy（整笔订单）,[30×24小时前，T0]；H右界严格<T0,次,float32,无符合记录为0,loan_features(),V3-F0018,借款生命周期,T0固定时点；提单/App<T0，放款/整笔结清≤T0；支付<T0，已确认整笔同秒结清订单的已知同秒支付可=T0；当前条件为T0已知值。来源可得时间仍待上线核验。,已入模,选定候选保留,0.0,0.0,0.0,0.054199802344419,1989.3777017593384,V2继承
life_apply_n_90d,近90个经过天数的提单次数,COUNT(H[apply_time≥T0-90×24小时]),S01｜order_loan_f_v2_copy（整笔订单）,[90×24小时前，T0]；H右界严格<T0,次,float32,无符合记录为0,loan_features(),V3-F0019,借款生命周期,T0固定时点；提单/App<T0，放款/整笔结清≤T0；支付<T0，已确认整笔同秒结清订单的已知同秒支付可=T0；当前条件为T0已知值。来源可得时间仍待上线核验。,已入模,选定候选保留,0.0,0.0,0.0,0.0249389835059339,866.5938024520874,V2继承
life_apply_n_180d,近180个经过天数的提单次数,COUNT(H[apply_time≥T0-180×24小时]),S01｜order_loan_f_v2_copy（整笔订单）,[180×24小时前，T0]；H右界严格<T0,次,float32,无符合记录为0,loan_features(),V3-F0020,借款生命周期,T0固定时点；提单/App<T0，放款/整笔结清≤T0；支付<T0，已确认整笔同秒结清订单的已知同秒支付可=T0；当前条件为T0已知值。来源可得时间仍待上线核验。,已入模,选定候选保留,0.0,0.0,0.0,0.0192008935461451,411.2301959991455,V2继承
life_funded_age_days,距首次成功放款天数,(T0-min(F.remit_time)).total_seconds()/86400,S01｜order_loan_f_v2_copy（整笔订单）,截至T0；F,经过天数,float32,集合为空为NaN,loan_features(),V3-F0021,借款生命周期,T0固定时点；提单/App<T0，放款/整笔结清≤T0；支付<T0，已确认整笔同秒结清订单的已知同秒支付可=T0；当前条件为T0已知值。来源可得时间仍待上线核验。,已入模,选定候选保留,0.0,0.0,0.0,0.0514762653999581,70.31740188598633,V2继承
life_funded_n_7d,近7个经过天数的成功放款次数,COUNT(F[remit_time≥T0-7×24小时]),S01｜order_loan_f_v2_copy（整笔订单）,[7×24小时前，T0]；H右界严格<T0,次,float32,无符合记录为0,loan_features(),V3-F0022,借款生命周期,T0固定时点；提单/App<T0，放款/整笔结清≤T0；支付<T0，已确认整笔同秒结清订单的已知同秒支付可=T0；当前条件为T0已知值。来源可得时间仍待上线核验。,已入模,选定候选保留,0.0,0.0,0.0,0.0488783179041936,17.572500228881836,V2继承
life_funded_n_30d,近30个经过天数的成功放款次数,COUNT(F[remit_time≥T0-30×24小时]),S01｜order_loan_f_v2_copy（整笔订单）,[30×24小时前，T0]；H右界严格<T0,次,float32,无符合记录为0,loan_features(),V3-F0023,借款生命周期,T0固定时点；提单/App<T0，放款/整笔结清≤T0；支付<T0，已确认整笔同秒结清订单的已知同秒支付可=T0；当前条件为T0已知值。来源可得时间仍待上线核验。,已入模,选定候选保留,0.0,0.0,0.0,0.0667529885238713,15.360199928283691,V2继承
life_funded_n_90d,近90个经过天数的成功放款次数,COUNT(F[remit_time≥T0-90×24小时]),S01｜order_loan_f_v2_copy（整笔订单）,[90×24小时前，T0]；H右界严格<T0,次,float32,无符合记录为0,loan_features(),V3-F0024,借款生命周期,T0固定时点；提单/App<T0，放款/整笔结清≤T0；支付<T0，已确认整笔同秒结清订单的已知同秒支付可=T0；当前条件为T0已知值。来源可得时间仍待上线核验。,已入模,选定候选保留,0.0,0.0,0.0,0.0276410737280954,0.0,V2继承
life_funded_n_180d,近180个经过天数的成功放款次数,COUNT(F[remit_time≥T0-180×24小时]),S01｜order_loan_f_v2_copy（整笔订单）,[180×24小时前，T0]；H右界严格<T0,次,float32,无符合记录为0,loan_features(),V3-F0025,借款生命周期,T0固定时点；提单/App<T0，放款/整笔结清≤T0；支付<T0，已确认整笔同秒结清订单的已知同秒支付可=T0；当前条件为T0已知值。来源可得时间仍待上线核验。,已入模,选定候选保留,0.0,0.0,0.0,0.0210836125575019,0.0,V2继承
life_closed_age_days,距首次整笔结清天数,(T0-min(C.repaid_time)).total_seconds()/86400,S01｜order_loan_f_v2_copy（整笔订单）,截至T0；C,经过天数,float32,集合为空为NaN,loan_features(),V3-F0026,借款生命周期,T0固定时点；提单/App<T0，放款/整笔结清≤T0；支付<T0，已确认整笔同秒结清订单的已知同秒支付可=T0；当前条件为T0已知值。来源可得时间仍待上线核验。,已入模,选定候选保留,0.0,0.0,0.0,0.2269685100293801,43.72749900817871,V2继承
life_closed_n_7d,近7个经过天数的整笔结清次数,COUNT(C[repaid_time≥T0-7×24小时]),S01｜order_loan_f_v2_copy（整笔订单）,[7×24小时前，T0]；H右界严格<T0,次,float32,无符合记录为0,loan_features(),V3-F0027,借款生命周期,T0固定时点；提单/App<T0，放款/整笔结清≤T0；支付<T0，已确认整笔同秒结清订单的已知同秒支付可=T0；当前条件为T0已知值。来源可得时间仍待上线核验。,已入模,选定候选保留,0.0,0.0,0.0,0.0104538329302092,0.0,V2继承
life_closed_n_30d,近30个经过天数的整笔结清次数,COUNT(C[repaid_time≥T0-30×24小时]),S01｜order_loan_f_v2_copy（整笔订单）,[30×24小时前，T0]；H右界严格<T0,次,float32,无符合记录为0,loan_features(),V3-F0028,借款生命周期,T0固定时点；提单/App<T0，放款/整笔结清≤T0；支付<T0，已确认整笔同秒结清订单的已知同秒支付可=T0；当前条件为T0已知值。来源可得时间仍待上线核验。,已入模,选定候选保留,0.0,0.0,0.0,0.0331787420518949,18.277099609375,V2继承
life_closed_n_90d,近90个经过天数的整笔结清次数,COUNT(C[repaid_time≥T0-90×24小时]),S01｜order_loan_f_v2_copy（整笔订单）,[90×24小时前，T0]；H右界严格<T0,次,float32,无符合记录为0,loan_features(),V3-F0029,借款生命周期,T0固定时点；提单/App<T0，放款/整笔结清≤T0；支付<T0，已确认整笔同秒结清订单的已知同秒支付可=T0；当前条件为T0已知值。来源可得时间仍待上线核验。,已入模,选定候选保留,0.0,0.0,0.0,0.0226044115992245,18.718000411987305,V2继承
life_closed_n_180d,近180个经过天数的整笔结清次数,COUNT(C[repaid_time≥T0-180×24小时]),S01｜order_loan_f_v2_copy（整笔订单）,[180×24小时前，T0]；H右界严格<T0,次,float32,无符合记录为0,loan_features(),V3-F0030,借款生命周期,T0固定时点；提单/App<T0，放款/整笔结清≤T0；支付<T0，已确认整笔同秒结清订单的已知同秒支付可=T0；当前条件为T0已知值。来源可得时间仍待上线核验。,已入模,选定候选保留,0.0,0.0,0.0,0.0203755932881111,22.726299285888672,V2继承
loan_apply_amt_valid_n,历史成功放款订单提单金额｜有效值数,x = F.apply_amt；COUNT(finite(x)),S01｜order_loan_f_v2_copy（整笔订单）；S02｜order_vir_f_copy（获额）,F：全部历史成功放款订单；按remit_time、serial_id升序,个,float32,无有效值返回0,describe(),V3-F0031,历史订单条件,T0固定时点；提单/App<T0，放款/整笔结清≤T0；支付<T0，已确认整笔同秒结清订单的已知同秒支付可=T0；当前条件为T0已知值。来源可得时间仍待上线核验。,已入模,选定候选保留,0.0,0.0,0.0,0.017141662179717,0.0,V2继承
loan_apply_amt_mean,历史成功放款订单提单金额｜全历史均值,x = F.apply_amt；MEAN(finite(x)),S01｜order_loan_f_v2_copy（整笔订单）；S02｜order_vir_f_copy（获额）,F：全部历史成功放款订单；按remit_time、serial_id升序,MXN,float32,无有效值为NaN,describe(),V3-F0032,历史订单条件,T0固定时点；提单/App<T0，放款/整笔结清≤T0；支付<T0，已确认整笔同秒结清订单的已知同秒支付可=T0；当前条件为T0已知值。来源可得时间仍待上线核验。,已入模,选定候选保留,0.0,0.0,0.0,0.0177129341790983,0.0,V2继承
loan_apply_amt_std,历史成功放款订单提单金额｜全历史总体标准差,"x = F.apply_amt；STD(finite(x), ddof=0)",S01｜order_loan_f_v2_copy（整笔订单）；S02｜order_vir_f_copy（获额）,F：全部历史成功放款订单；按remit_time、serial_id升序,MXN,float32,无有效值为NaN；单个有效值为0,describe(),V3-F0033,历史订单条件,T0固定时点；提单/App<T0，放款/整笔结清≤T0；支付<T0，已确认整笔同秒结清订单的已知同秒支付可=T0；当前条件为T0已知值。来源可得时间仍待上线核验。,已入模,选定候选保留,0.0,0.0,0.0,0.0055561740447852,32.08699989318848,V2继承
loan_apply_amt_min,历史成功放款订单提单金额｜全历史最小值,x = F.apply_amt；MIN(finite(x)),S01｜order_loan_f_v2_copy（整笔订单）；S02｜order_vir_f_copy（获额）,F：全部历史成功放款订单；按remit_time、serial_id升序,MXN,float32,无有效值为NaN,describe(),V3-F0034,历史订单条件,T0固定时点；提单/App<T0，放款/整笔结清≤T0；支付<T0，已确认整笔同秒结清订单的已知同秒支付可=T0；当前条件为T0已知值。来源可得时间仍待上线核验。,已入模,选定候选保留,0.0,0.0,0.0,0.0394022434888206,758.1372976303101,V2继承
loan_apply_amt_max,历史成功放款订单提单金额｜全历史最大值,x = F.apply_amt；MAX(finite(x)),S01｜order_loan_f_v2_copy（整笔订单）；S02｜order_vir_f_copy（获额）,F：全部历史成功放款订单；按remit_time、serial_id升序,MXN,float32,无有效值为NaN,describe(),V3-F0035,历史订单条件,T0固定时点；提单/App<T0，放款/整笔结清≤T0；支付<T0，已确认整笔同秒结清订单的已知同秒支付可=T0；当前条件为T0已知值。来源可得时间仍待上线核验。,已入模,选定候选保留,0.0,0.0,0.0,0.0127470426222357,62.19320106506348,V2继承
loan_apply_amt_last_first_delta,历史成功放款订单提单金额｜最近减最早有效值,x = F.apply_amt；finite(x)[-1]-finite(x)[0],S01｜order_loan_f_v2_copy（整笔订单）；S02｜order_vir_f_copy（获额）,F：全部历史成功放款订单；按remit_time、serial_id升序,MXN,float32,至少2个有效值；否则NaN,describe(),V3-F0036,历史订单条件,T0固定时点；提单/App<T0，放款/整笔结清≤T0；支付<T0，已确认整笔同秒结清订单的已知同秒支付可=T0；当前条件为T0已知值。来源可得时间仍待上线核验。,已入模,选定候选保留,0.38966383960724943,0.3792403104523804,0.4386335818404361,0.0355783823971382,33.59249973297119,V2继承
loan_apply_amt_slope,历史成功放款订单提单金额｜生命周期顺序趋势,x = F.apply_amt；SUM((i-MEAN(i))*(x_i-MEAN(valid_x)))/SUM((i-MEAN(i))^2)，i为有效值在原序列中的位置,S01｜order_loan_f_v2_copy（整笔订单）；S02｜order_vir_f_copy（获额）,F：全部历史成功放款订单；按remit_time、serial_id升序,MXN／序号步,float32,至少2个有效值；否则NaN,describe(),V3-F0037,历史订单条件,T0固定时点；提单/App<T0，放款/整笔结清≤T0；支付<T0，已确认整笔同秒结清订单的已知同秒支付可=T0；当前条件为T0已知值。来源可得时间仍待上线核验。,已入模,选定候选保留,0.38966383960724943,0.3792403104523804,0.4386335818404361,0.0243561021854345,77.7943000793457,V2继承
loan_apply_amt_last3_mean,历史成功放款订单提单金额｜最近3笔有效均值,x = F.apply_amt；MEAN(finite(x[-3:])),S01｜order_loan_f_v2_copy（整笔订单）；S02｜order_vir_f_copy（获额）,F：全部历史成功放款订单；按remit_time、serial_id升序,MXN,float32,原序列最近3笔中无有效值为NaN；不跳过缺失补足3笔,describe(),V3-F0038,历史订单条件,T0固定时点；提单/App<T0，放款/整笔结清≤T0；支付<T0，已确认整笔同秒结清订单的已知同秒支付可=T0；当前条件为T0已知值。来源可得时间仍待上线核验。,已入模,选定候选保留,0.0,0.0,0.0,0.0218596266882867,30.106300354003903,V2继承
loan_apply_amt_last5_mean,历史成功放款订单提单金额｜最近5笔有效均值,x = F.apply_amt；MEAN(finite(x[-5:])),S01｜order_loan_f_v2_copy（整笔订单）；S02｜order_vir_f_copy（获额）,F：全部历史成功放款订单；按remit_time、serial_id升序,MXN,float32,原序列最近5笔中无有效值为NaN；不跳过缺失补足5笔,describe(),V3-F0039,历史订单条件,T0固定时点；提单/App<T0，放款/整笔结清≤T0；支付<T0，已确认整笔同秒结清订单的已知同秒支付可=T0；当前条件为T0已知值。来源可得时间仍待上线核验。,已入模,选定候选保留,0.0,0.0,0.0,0.0192175346776276,124.50350284576416,V2继承
loan_apply_amt_recent_lifetime_delta,历史成功放款订单提单金额｜近期相对全历史变化,x = F.apply_amt；MEAN(finite(x[-3:]))-MEAN(finite(x)),S01｜order_loan_f_v2_copy（整笔订单）；S02｜order_vir_f_copy（获额）,F：全部历史成功放款订单；按remit_time、serial_id升序,MXN,float32,任一侧无有效值为NaN,describe(),V3-F0040,历史订单条件,T0固定时点；提单/App<T0，放款/整笔结清≤T0；支付<T0，已确认整笔同秒结清订单的已知同秒支付可=T0；当前条件为T0已知值。来源可得时间仍待上线核验。,已入模,选定候选保留,0.0,0.0,0.0,0.00688955705959,38.25550079345703,V2继承
loan_apply_amt_l1,历史成功放款订单提单金额｜最近第1笔,x = F.apply_amt；x[-1],S01｜order_loan_f_v2_copy（整笔订单）；S02｜order_vir_f_copy（获额）,F：全部历史成功放款订单；按remit_time、serial_id升序,MXN,float32,不足1笔或该位置缺失为NaN；不改取第1个非空值,describe(lags=True),V3-F0041,历史订单条件,T0固定时点；提单/App<T0，放款/整笔结清≤T0；支付<T0，已确认整笔同秒结清订单的已知同秒支付可=T0；当前条件为T0已知值。来源可得时间仍待上线核验。,已入模,选定候选保留,0.0,0.0,0.0,0.025743867088559,87.74230003356934,V2继承
loan_apply_amt_l2,历史成功放款订单提单金额｜最近第2笔,x = F.apply_amt；x[-2],S01｜order_loan_f_v2_copy（整笔订单）；S02｜order_vir_f_copy（获额）,F：全部历史成功放款订单；按remit_time、serial_id升序,MXN,float32,不足2笔或该位置缺失为NaN；不改取第2个非空值,describe(lags=True),V3-F0042,历史订单条件,T0固定时点；提单/App<T0，放款/整笔结清≤T0；支付<T0，已确认整笔同秒结清订单的已知同秒支付可=T0；当前条件为T0已知值。来源可得时间仍待上线核验。,已入模,选定候选保留,0.38966383960724943,0.3792403104523804,0.4386335818404361,0.0271646141251826,51.596800804138184,V2继承
loan_apply_amt_l3,历史成功放款订单提单金额｜最近第3笔,x = F.apply_amt；x[-3],S01｜order_loan_f_v2_copy（整笔订单）；S02｜order_vir_f_copy（获额）,F：全部历史成功放款订单；按remit_time、serial_id升序,MXN,float32,不足3笔或该位置缺失为NaN；不改取第3个非空值,describe(lags=True),V3-F0043,历史订单条件,T0固定时点；提单/App<T0，放款/整笔结清≤T0；支付<T0，已确认整笔同秒结清订单的已知同秒支付可=T0；当前条件为T0已知值。来源可得时间仍待上线核验。,已入模,选定候选保留,0.5907427277938647,0.5786165042675113,0.6293535106264604,0.0189531349406667,32.24109935760498,V2继承
loan_apply_amt_l4,历史成功放款订单提单金额｜最近第4笔,x = F.apply_amt；x[-4],S01｜order_loan_f_v2_copy（整笔订单）；S02｜order_vir_f_copy（获额）,F：全部历史成功放款订单；按remit_time、serial_id升序,MXN,float32,不足4笔或该位置缺失为NaN；不改取第4个非空值,describe(lags=True),V3-F0044,历史订单条件,T0固定时点；提单/App<T0，放款/整笔结清≤T0；支付<T0，已确认整笔同秒结清订单的已知同秒支付可=T0；当前条件为T0已知值。来源可得时间仍待上线核验。,已入模,选定候选保留,0.7208070593192519,0.7113566575594188,0.7491932791810393,0.0134153965401798,0.0,V2继承
loan_apply_amt_l5,历史成功放款订单提单金额｜最近第5笔,x = F.apply_amt；x[-5],S01｜order_loan_f_v2_copy（整笔订单）；S02｜order_vir_f_copy（获额）,F：全部历史成功放款订单；按remit_time、serial_id升序,MXN,float32,不足5笔或该位置缺失为NaN；不改取第5个非空值,describe(lags=True),V3-F0045,历史订单条件,T0固定时点；提单/App<T0，放款/整笔结清≤T0；支付<T0，已确认整笔同秒结清订单的已知同秒支付可=T0；当前条件为T0已知值。来源可得时间仍待上线核验。,已入模,选定候选保留,0.806412574289928,0.7987298209982511,0.83220206965617,0.0105381256128025,0.0,V2继承
loan_apply_amt_delta12,历史成功放款订单提单金额｜最近1笔减最近2笔,x = F.apply_amt；x[-1]-x[-2],S01｜order_loan_f_v2_copy（整笔订单）；S02｜order_vir_f_copy（获额）,F：全部历史成功放款订单；按remit_time、serial_id升序,MXN,float32,不足2笔或任一值缺失为NaN,describe(),V3-F0046,历史订单条件,T0固定时点；提单/App<T0，放款/整笔结清≤T0；支付<T0，已确认整笔同秒结清订单的已知同秒支付可=T0；当前条件为T0已知值。来源可得时间仍待上线核验。,已入模,选定候选保留,0.38966383960724943,0.3792403104523804,0.4386335818404361,0.0188989693353822,64.24459838867188,V2继承
loan_apply_amt_delta23,历史成功放款订单提单金额｜最近2笔减最近3笔,x = F.apply_amt；x[-2]-x[-3],S01｜order_loan_f_v2_copy（整笔订单）；S02｜order_vir_f_copy（获额）,F：全部历史成功放款订单；按remit_time、serial_id升序,MXN,float32,不足3笔或任一值缺失为NaN,describe(),V3-F0047,历史订单条件,T0固定时点；提单/App<T0，放款/整笔结清≤T0；支付<T0，已确认整笔同秒结清订单的已知同秒支付可=T0；当前条件为T0已知值。来源可得时间仍待上线核验。,已入模,选定候选保留,0.5907427277938647,0.5786165042675113,0.6293535106264604,0.0124050674067632,82.04470157623291,V2继承
loan_remit_amt_valid_n,历史成功放款金额｜有效值数,x = F.remit_amt；COUNT(finite(x)),S01｜order_loan_f_v2_copy（整笔订单）,F：全部历史成功放款订单；按remit_time、serial_id升序,个,float32,无有效值返回0,describe(),V3-F0048,历史订单条件,T0固定时点；提单/App<T0，放款/整笔结清≤T0；支付<T0，已确认整笔同秒结清订单的已知同秒支付可=T0；当前条件为T0已知值。来源可得时间仍待上线核验。,已入模,选定候选保留,0.0,0.0,0.0,0.017141662179717,0.0,V2继承
loan_remit_amt_mean,历史成功放款金额｜全历史均值,x = F.remit_amt；MEAN(finite(x)),S01｜order_loan_f_v2_copy（整笔订单）,F：全部历史成功放款订单；按remit_time、serial_id升序,MXN,float32,无有效值为NaN,describe(),V3-F0049,历史订单条件,T0固定时点；提单/App<T0，放款/整笔结清≤T0；支付<T0，已确认整笔同秒结清订单的已知同秒支付可=T0；当前条件为T0已知值。来源可得时间仍待上线核验。,已入模,选定候选保留,0.0,0.0,0.0,0.0234555426238341,47.3321008682251,V2继承
loan_remit_amt_std,历史成功放款金额｜全历史总体标准差,"x = F.remit_amt；STD(finite(x), ddof=0)",S01｜order_loan_f_v2_copy（整笔订单）,F：全部历史成功放款订单；按remit_time、serial_id升序,MXN,float32,无有效值为NaN；单个有效值为0,describe(),V3-F0050,历史订单条件,T0固定时点；提单/App<T0，放款/整笔结清≤T0；支付<T0，已确认整笔同秒结清订单的已知同秒支付可=T0；当前条件为T0已知值。来源可得时间仍待上线核验。,已入模,选定候选保留,0.0,0.0,0.0,0.0055177432038783,56.45009803771973,V2继承
loan_remit_amt_min,历史成功放款金额｜全历史最小值,x = F.remit_amt；MIN(finite(x)),S01｜order_loan_f_v2_copy（整笔订单）,F：全部历史成功放款订单；按remit_time、serial_id升序,MXN,float32,无有效值为NaN,describe(),V3-F0051,历史订单条件,T0固定时点；提单/App<T0，放款/整笔结清≤T0；支付<T0，已确认整笔同秒结清订单的已知同秒支付可=T0；当前条件为T0已知值。来源可得时间仍待上线核验。,已入模,选定候选保留,0.0,0.0,0.0,0.0381494407484541,1580.6824016571045,V2继承
loan_remit_amt_max,历史成功放款金额｜全历史最大值,x = F.remit_amt；MAX(finite(x)),S01｜order_loan_f_v2_copy（整笔订单）,F：全部历史成功放款订单；按remit_time、serial_id升序,MXN,float32,无有效值为NaN,describe(),V3-F0052,历史订单条件,T0固定时点；提单/App<T0，放款/整笔结清≤T0；支付<T0，已确认整笔同秒结清订单的已知同秒支付可=T0；当前条件为T0已知值。来源可得时间仍待上线核验。,已入模,选定候选保留,0.0,0.0,0.0,0.0152265043200399,52.375999450683594,V2继承
loan_remit_amt_last_first_delta,历史成功放款金额｜最近减最早有效值,x = F.remit_amt；finite(x)[-1]-finite(x)[0],S01｜order_loan_f_v2_copy（整笔订单）,F：全部历史成功放款订单；按remit_time、serial_id升序,MXN,float32,至少2个有效值；否则NaN,describe(),V3-F0053,历史订单条件,T0固定时点；提单/App<T0，放款/整笔结清≤T0；支付<T0，已确认整笔同秒结清订单的已知同秒支付可=T0；当前条件为T0已知值。来源可得时间仍待上线核验。,已入模,选定候选保留,0.38966383960724943,0.3792403104523804,0.4386335818404361,0.032770991049428,68.52450180053711,V2继承
loan_remit_amt_slope,历史成功放款金额｜生命周期顺序趋势,x = F.remit_amt；SUM((i-MEAN(i))*(x_i-MEAN(valid_x)))/SUM((i-MEAN(i))^2)，i为有效值在原序列中的位置,S01｜order_loan_f_v2_copy（整笔订单）,F：全部历史成功放款订单；按remit_time、serial_id升序,MXN／序号步,float32,至少2个有效值；否则NaN,describe(),V3-F0054,历史订单条件,T0固定时点；提单/App<T0，放款/整笔结清≤T0；支付<T0，已确认整笔同秒结清订单的已知同秒支付可=T0；当前条件为T0已知值。来源可得时间仍待上线核验。,已入模,选定候选保留,0.38966383960724943,0.3792403104523804,0.4386335818404361,0.0239741947907714,64.54219913482666,V2继承
loan_remit_amt_last3_mean,历史成功放款金额｜最近3笔有效均值,x = F.remit_amt；MEAN(finite(x[-3:])),S01｜order_loan_f_v2_copy（整笔订单）,F：全部历史成功放款订单；按remit_time、serial_id升序,MXN,float32,原序列最近3笔中无有效值为NaN；不跳过缺失补足3笔,describe(),V3-F0055,历史订单条件,T0固定时点；提单/App<T0，放款/整笔结清≤T0；支付<T0，已确认整笔同秒结清订单的已知同秒支付可=T0；当前条件为T0已知值。来源可得时间仍待上线核验。,已入模,选定候选保留,0.0,0.0,0.0,0.0283746493652924,73.71889972686768,V2继承
loan_remit_amt_last5_mean,历史成功放款金额｜最近5笔有效均值,x = F.remit_amt；MEAN(finite(x[-5:])),S01｜order_loan_f_v2_copy（整笔订单）,F：全部历史成功放款订单；按remit_time、serial_id升序,MXN,float32,原序列最近5笔中无有效值为NaN；不跳过缺失补足5笔,describe(),V3-F0056,历史订单条件,T0固定时点；提单/App<T0，放款/整笔结清≤T0；支付<T0，已确认整笔同秒结清订单的已知同秒支付可=T0；当前条件为T0已知值。来源可得时间仍待上线核验。,已入模,选定候选保留,0.0,0.0,0.0,0.027042581859026,0.0,V2继承
loan_remit_amt_recent_lifetime_delta,历史成功放款金额｜近期相对全历史变化,x = F.remit_amt；MEAN(finite(x[-3:]))-MEAN(finite(x)),S01｜order_loan_f_v2_copy（整笔订单）,F：全部历史成功放款订单；按remit_time、serial_id升序,MXN,float32,任一侧无有效值为NaN,describe(),V3-F0057,历史订单条件,T0固定时点；提单/App<T0，放款/整笔结清≤T0；支付<T0，已确认整笔同秒结清订单的已知同秒支付可=T0；当前条件为T0已知值。来源可得时间仍待上线核验。,已入模,选定候选保留,0.0,0.0,0.0,0.0069610703804657,0.0,V2继承
loan_remit_amt_l1,历史成功放款金额｜最近第1笔,x = F.remit_amt；x[-1],S01｜order_loan_f_v2_copy（整笔订单）,F：全部历史成功放款订单；按remit_time、serial_id升序,MXN,float32,不足1笔或该位置缺失为NaN；不改取第1个非空值,describe(lags=True),V3-F0058,历史订单条件,T0固定时点；提单/App<T0，放款/整笔结清≤T0；支付<T0，已确认整笔同秒结清订单的已知同秒支付可=T0；当前条件为T0已知值。来源可得时间仍待上线核验。,已入模,选定候选保留,0.0,0.0,0.0,0.0252510815071358,0.0,V2继承
loan_remit_amt_l2,历史成功放款金额｜最近第2笔,x = F.remit_amt；x[-2],S01｜order_loan_f_v2_copy（整笔订单）,F：全部历史成功放款订单；按remit_time、serial_id升序,MXN,float32,不足2笔或该位置缺失为NaN；不改取第2个非空值,describe(lags=True),V3-F0059,历史订单条件,T0固定时点；提单/App<T0，放款/整笔结清≤T0；支付<T0，已确认整笔同秒结清订单的已知同秒支付可=T0；当前条件为T0已知值。来源可得时间仍待上线核验。,已入模,选定候选保留,0.38966383960724943,0.3792403104523804,0.4386335818404361,0.0287714912941774,0.0,V2继承
loan_remit_amt_l3,历史成功放款金额｜最近第3笔,x = F.remit_amt；x[-3],S01｜order_loan_f_v2_copy（整笔订单）,F：全部历史成功放款订单；按remit_time、serial_id升序,MXN,float32,不足3笔或该位置缺失为NaN；不改取第3个非空值,describe(lags=True),V3-F0060,历史订单条件,T0固定时点；提单/App<T0，放款/整笔结清≤T0；支付<T0，已确认整笔同秒结清订单的已知同秒支付可=T0；当前条件为T0已知值。来源可得时间仍待上线核验。,已入模,选定候选保留,0.5907427277938647,0.5786165042675113,0.6293535106264604,0.0178029461281547,0.0,V2继承
loan_remit_amt_l4,历史成功放款金额｜最近第4笔,x = F.remit_amt；x[-4],S01｜order_loan_f_v2_copy（整笔订单）,F：全部历史成功放款订单；按remit_time、serial_id升序,MXN,float32,不足4笔或该位置缺失为NaN；不改取第4个非空值,describe(lags=True),V3-F0061,历史订单条件,T0固定时点；提单/App<T0，放款/整笔结清≤T0；支付<T0，已确认整笔同秒结清订单的已知同秒支付可=T0；当前条件为T0已知值。来源可得时间仍待上线核验。,已入模,选定候选保留,0.7208070593192519,0.7113566575594188,0.7491932791810393,0.0126671638917553,16.13759994506836,V2继承
loan_remit_amt_l5,历史成功放款金额｜最近第5笔,x = F.remit_amt；x[-5],S01｜order_loan_f_v2_copy（整笔订单）,F：全部历史成功放款订单；按remit_time、serial_id升序,MXN,float32,不足5笔或该位置缺失为NaN；不改取第5个非空值,describe(lags=True),V3-F0062,历史订单条件,T0固定时点；提单/App<T0，放款/整笔结清≤T0；支付<T0，已确认整笔同秒结清订单的已知同秒支付可=T0；当前条件为T0已知值。来源可得时间仍待上线核验。,已入模,选定候选保留,0.806412574289928,0.7987298209982511,0.83220206965617,0.0088509177794546,29.6929988861084,V2继承
loan_remit_amt_delta12,历史成功放款金额｜最近1笔减最近2笔,x = F.remit_amt；x[-1]-x[-2],S01｜order_loan_f_v2_copy（整笔订单）,F：全部历史成功放款订单；按remit_time、serial_id升序,MXN,float32,不足2笔或任一值缺失为NaN,describe(),V3-F0063,历史订单条件,T0固定时点；提单/App<T0，放款/整笔结清≤T0；支付<T0，已确认整笔同秒结清订单的已知同秒支付可=T0；当前条件为T0已知值。来源可得时间仍待上线核验。,已入模,选定候选保留,0.38966383960724943,0.3792403104523804,0.4386335818404361,0.0193041262460319,0.0,V2继承
loan_remit_amt_delta23,历史成功放款金额｜最近2笔减最近3笔,x = F.remit_amt；x[-2]-x[-3],S01｜order_loan_f_v2_copy（整笔订单）,F：全部历史成功放款订单；按remit_time、serial_id升序,MXN,float32,不足3笔或任一值缺失为NaN,describe(),V3-F0064,历史订单条件,T0固定时点；提单/App<T0，放款/整笔结清≤T0；支付<T0，已确认整笔同秒结清订单的已知同秒支付可=T0；当前条件为T0已知值。来源可得时间仍待上线核验。,已入模,选定候选保留,0.5907427277938647,0.5786165042675113,0.6293535106264604,0.0124776094367856,60.60460090637207,V2继承
loan_credit_amt_valid_n,历史成功放款订单对应获额额度｜有效值数,x = F.credit_amt（同serial获额时间≤该笔apply_time的最近通过记录）；COUNT(finite(x)),S01｜order_loan_f_v2_copy（整笔订单）；S02｜order_vir_f_copy（获额）,F：全部历史成功放款订单；按remit_time、serial_id升序,个,float32,无有效值返回0,describe(),V3-F0065,历史订单条件,T0固定时点；提单/App<T0，放款/整笔结清≤T0；支付<T0，已确认整笔同秒结清订单的已知同秒支付可=T0；当前条件为T0已知值。来源可得时间仍待上线核验。,已入模,选定候选保留,0.0,0.0,0.0,0.0228282114256352,0.0,V2继承
loan_credit_amt_mean,历史成功放款订单对应获额额度｜全历史均值,x = F.credit_amt（同serial获额时间≤该笔apply_time的最近通过记录）；MEAN(finite(x)),S01｜order_loan_f_v2_copy（整笔订单）；S02｜order_vir_f_copy（获额）,F：全部历史成功放款订单；按remit_time、serial_id升序,MXN,float32,无有效值为NaN,describe(),V3-F0066,历史订单条件,T0固定时点；提单/App<T0，放款/整笔结清≤T0；支付<T0，已确认整笔同秒结清订单的已知同秒支付可=T0；当前条件为T0已知值。来源可得时间仍待上线核验。,已入模,选定候选保留,0.0017834482285557498,0.0026918768184272,0.000222543674196,0.0249003772689922,206.31910228729248,V2继承
loan_credit_amt_std,历史成功放款订单对应获额额度｜全历史总体标准差,"x = F.credit_amt（同serial获额时间≤该笔apply_time的最近通过记录）；STD(finite(x), ddof=0)",S01｜order_loan_f_v2_copy（整笔订单）；S02｜order_vir_f_copy（获额）,F：全部历史成功放款订单；按remit_time、serial_id升序,MXN,float32,无有效值为NaN；单个有效值为0,describe(),V3-F0067,历史订单条件,T0固定时点；提单/App<T0，放款/整笔结清≤T0；支付<T0，已确认整笔同秒结清订单的已知同秒支付可=T0；当前条件为T0已知值。来源可得时间仍待上线核验。,已入模,选定候选保留,0.0017834482285557498,0.0026918768184272,0.000222543674196,0.0110708653856098,11.285400390625,V2继承
loan_credit_amt_min,历史成功放款订单对应获额额度｜全历史最小值,x = F.credit_amt（同serial获额时间≤该笔apply_time的最近通过记录）；MIN(finite(x)),S01｜order_loan_f_v2_copy（整笔订单）；S02｜order_vir_f_copy（获额）,F：全部历史成功放款订单；按remit_time、serial_id升序,MXN,float32,无有效值为NaN,describe(),V3-F0068,历史订单条件,T0固定时点；提单/App<T0，放款/整笔结清≤T0；支付<T0，已确认整笔同秒结清订单的已知同秒支付可=T0；当前条件为T0已知值。来源可得时间仍待上线核验。,已入模,选定候选保留,0.0017834482285557498,0.0026918768184272,0.000222543674196,0.0415844490192097,2436.691794395447,V2继承
loan_credit_amt_max,历史成功放款订单对应获额额度｜全历史最大值,x = F.credit_amt（同serial获额时间≤该笔apply_time的最近通过记录）；MAX(finite(x)),S01｜order_loan_f_v2_copy（整笔订单）；S02｜order_vir_f_copy（获额）,F：全部历史成功放款订单；按remit_time、serial_id升序,MXN,float32,无有效值为NaN,describe(),V3-F0069,历史订单条件,T0固定时点；提单/App<T0，放款/整笔结清≤T0；支付<T0，已确认整笔同秒结清订单的已知同秒支付可=T0；当前条件为T0已知值。来源可得时间仍待上线核验。,已入模,选定候选保留,0.0017834482285557498,0.0026918768184272,0.000222543674196,0.0264558525817169,42.5831995010376,V2继承
loan_credit_amt_last_first_delta,历史成功放款订单对应获额额度｜最近减最早有效值,x = F.credit_amt（同serial获额时间≤该笔apply_time的最近通过记录）；finite(x)[-1]-finite(x)[0],S01｜order_loan_f_v2_copy（整笔订单）；S02｜order_vir_f_copy（获额）,F：全部历史成功放款订单；按remit_time、serial_id升序,MXN,float32,至少2个有效值；否则NaN,describe(),V3-F0070,历史订单条件,T0固定时点；提单/App<T0，放款/整笔结清≤T0；支付<T0，已确认整笔同秒结清订单的已知同秒支付可=T0；当前条件为T0已知值。来源可得时间仍待上线核验。,已入模,选定候选保留,0.392500698190584,0.3825044125825092,0.4398575720485145,0.0385972816874917,22.801700592041016,V2继承
loan_credit_amt_slope,历史成功放款订单对应获额额度｜生命周期顺序趋势,x = F.credit_amt（同serial获额时间≤该笔apply_time的最近通过记录）；SUM((i-MEAN(i))*(x_i-MEAN(valid_x)))/SUM((i-MEAN(i))^2)，i为有效值在原序列中的位置,S01｜order_loan_f_v2_copy（整笔订单）；S02｜order_vir_f_copy（获额）,F：全部历史成功放款订单；按remit_time、serial_id升序,MXN／序号步,float32,至少2个有效值；否则NaN,describe(),V3-F0071,历史订单条件,T0固定时点；提单/App<T0，放款/整笔结清≤T0；支付<T0，已确认整笔同秒结清订单的已知同秒支付可=T0；当前条件为T0已知值。来源可得时间仍待上线核验。,已入模,选定候选保留,0.392500698190584,0.3825044125825092,0.4398575720485145,0.0306136906862559,72.22770023345947,V2继承
loan_credit_amt_last3_mean,历史成功放款订单对应获额额度｜最近3笔有效均值,x = F.credit_amt（同serial获额时间≤该笔apply_time的最近通过记录）；MEAN(finite(x[-3:])),S01｜order_loan_f_v2_copy（整笔订单）；S02｜order_vir_f_copy（获额）,F：全部历史成功放款订单；按remit_time、serial_id升序,MXN,float32,原序列最近3笔中无有效值为NaN；不跳过缺失补足3笔,describe(),V3-F0072,历史订单条件,T0固定时点；提单/App<T0，放款/整笔结清≤T0；支付<T0，已确认整笔同秒结清订单的已知同秒支付可=T0；当前条件为T0已知值。来源可得时间仍待上线核验。,已入模,选定候选保留,0.0017834482285557498,0.0026918768184272,0.000222543674196,0.0299136622422334,269.26499938964844,V2继承
loan_credit_amt_last5_mean,历史成功放款订单对应获额额度｜最近5笔有效均值,x = F.credit_amt（同serial获额时间≤该笔apply_time的最近通过记录）；MEAN(finite(x[-5:])),S01｜order_loan_f_v2_copy（整笔订单）；S02｜order_vir_f_copy（获额）,F：全部历史成功放款订单；按remit_time、serial_id升序,MXN,float32,原序列最近5笔中无有效值为NaN；不跳过缺失补足5笔,describe(),V3-F0073,历史订单条件,T0固定时点；提单/App<T0，放款/整笔结清≤T0；支付<T0，已确认整笔同秒结清订单的已知同秒支付可=T0；当前条件为T0已知值。来源可得时间仍待上线核验。,已入模,选定候选保留,0.0017834482285557498,0.0026918768184272,0.000222543674196,0.0255671903127301,96.3927001953125,V2继承
loan_credit_amt_recent_lifetime_delta,历史成功放款订单对应获额额度｜近期相对全历史变化,x = F.credit_amt（同serial获额时间≤该笔apply_time的最近通过记录）；MEAN(finite(x[-3:]))-MEAN(finite(x)),S01｜order_loan_f_v2_copy（整笔订单）；S02｜order_vir_f_copy（获额）,F：全部历史成功放款订单；按remit_time、serial_id升序,MXN,float32,任一侧无有效值为NaN,describe(),V3-F0074,历史订单条件,T0固定时点；提单/App<T0，放款/整笔结清≤T0；支付<T0，已确认整笔同秒结清订单的已知同秒支付可=T0；当前条件为T0已知值。来源可得时间仍待上线核验。,已入模,选定候选保留,0.0017834482285557498,0.0026918768184272,0.000222543674196,0.0129132202498629,15.210399627685549,V2继承
loan_credit_amt_l1,历史成功放款订单对应获额额度｜最近第1笔,x = F.credit_amt（同serial获额时间≤该笔apply_time的最近通过记录）；x[-1],S01｜order_loan_f_v2_copy（整笔订单）；S02｜order_vir_f_copy（获额）,F：全部历史成功放款订单；按remit_time、serial_id升序,MXN,float32,不足1笔或该位置缺失为NaN；不改取第1个非空值,describe(lags=True),V3-F0075,历史订单条件,T0固定时点；提单/App<T0，放款/整笔结清≤T0；支付<T0，已确认整笔同秒结清订单的已知同秒支付可=T0；当前条件为T0已知值。来源可得时间仍待上线核验。,已入模,选定候选保留,0.0032876202235189787,0.0037879703732359,0.0013352620451763,0.0536379688075303,106.71420097351074,V2继承
loan_credit_amt_l2,历史成功放款订单对应获额额度｜最近第2笔,x = F.credit_amt（同serial获额时间≤该笔apply_time的最近通过记录）；x[-2],S01｜order_loan_f_v2_copy（整笔订单）；S02｜order_vir_f_copy（获额）,F：全部历史成功放款订单；按remit_time、serial_id升序,MXN,float32,不足2笔或该位置缺失为NaN；不改取第2个非空值,describe(lags=True),V3-F0076,历史订单条件,T0固定时点；提单/App<T0，放款/整笔结清≤T0；支付<T0，已确认整笔同秒结清订单的已知同秒支付可=T0；当前条件为T0已知值。来源可得时间仍待上线核验。,已入模,选定候选保留,0.3931033469051784,0.3828912691312652,0.4411928340936908,0.0320408865173689,61.61880016326904,V2继承
loan_credit_amt_l3,历史成功放款订单对应获额额度｜最近第3笔,x = F.credit_amt（同serial获额时间≤该笔apply_time的最近通过记录）；x[-3],S01｜order_loan_f_v2_copy（整笔订单）；S02｜order_vir_f_copy（获额）,F：全部历史成功放款订单；按remit_time、serial_id升序,MXN,float32,不足3笔或该位置缺失为NaN；不改取第3个非空值,describe(lags=True),V3-F0077,历史订单条件,T0固定时点；提单/App<T0，放款/整笔结清≤T0；支付<T0，已确认整笔同秒结清订单的已知同秒支付可=T0；当前条件为T0已知值。来源可得时间仍待上线核验。,已入模,选定候选保留,0.5938392642786099,0.5819531420005319,0.631690219205519,0.0197344171473616,14.218099594116213,V2继承
loan_credit_amt_l4,历史成功放款订单对应获额额度｜最近第4笔,x = F.credit_amt（同serial获额时间≤该笔apply_time的最近通过记录）；x[-4],S01｜order_loan_f_v2_copy（整笔订单）；S02｜order_vir_f_copy（获额）,F：全部历史成功放款订单；按remit_time、serial_id升序,MXN,float32,不足4笔或该位置缺失为NaN；不改取第4个非空值,describe(lags=True),V3-F0078,历史订单条件,T0固定时点；提单/App<T0，放款/整笔结清≤T0；支付<T0，已确认整笔同秒结清订单的已知同秒支付可=T0；当前条件为T0已知值。来源可得时间仍待上线核验。,已入模,选定候选保留,0.7234038383333579,0.7141533080264675,0.7511961722488039,0.0106930964221142,105.6565008163452,V2继承
loan_credit_amt_l5,历史成功放款订单对应获额额度｜最近第5笔,x = F.credit_amt（同serial获额时间≤该笔apply_time的最近通过记录）；x[-5],S01｜order_loan_f_v2_copy（整笔订单）；S02｜order_vir_f_copy（获额）,F：全部历史成功放款订单；按remit_time、serial_id升序,MXN,float32,不足5笔或该位置缺失为NaN；不改取第5个非空值,describe(lags=True),V3-F0079,历史订单条件,T0固定时点；提单/App<T0，放款/整笔结清≤T0；支付<T0，已确认整笔同秒结清订单的已知同秒支付可=T0；当前条件为T0已知值。来源可得时间仍待上线核验。,已入模,选定候选保留,0.8087104787382594,0.8013008051451921,0.8334260598642483,0.0107486522954966,0.0,V2继承
loan_credit_amt_delta12,历史成功放款订单对应获额额度｜最近1笔减最近2笔,x = F.credit_amt（同serial获额时间≤该笔apply_time的最近通过记录）；x[-1]-x[-2],S01｜order_loan_f_v2_copy（整笔订单）；S02｜order_vir_f_copy（获额）,F：全部历史成功放款订单；按remit_time、serial_id升序,MXN,float32,不足2笔或任一值缺失为NaN,describe(),V3-F0080,历史订单条件,T0固定时点；提单/App<T0，放款/整笔结清≤T0；支付<T0，已确认整笔同秒结清订单的已知同秒支付可=T0；当前条件为T0已知值。来源可得时间仍待上线核验。,已入模,选定候选保留,0.3945977197340506,0.383987362686074,0.4423055524646712,0.0228239264799403,107.01119709014893,V2继承
loan_credit_amt_delta23,历史成功放款订单对应获额额度｜最近2笔减最近3笔,x = F.credit_amt（同serial获额时间≤该笔apply_time的最近通过记录）；x[-2]-x[-3],S01｜order_loan_f_v2_copy（整笔订单）；S02｜order_vir_f_copy（获额）,F：全部历史成功放款订单；按remit_time、serial_id升序,MXN,float32,不足3笔或任一值缺失为NaN,describe(),V3-F0081,历史订单条件,T0固定时点；提单/App<T0，放款/整笔结清≤T0；支付<T0，已确认整笔同秒结清订单的已知同秒支付可=T0；当前条件为T0已知值。来源可得时间仍待上线核验。,已入模,选定候选保留,0.5947309883928877,0.5824770102436391,0.6334705685990876,0.0150340165672413,49.415900230407715,V2继承
loan_utilization_valid_n,历史成功放款订单额度使用率｜有效值数,x = F.apply_amt / F.credit_amt；两者必须>0；COUNT(finite(x)),S01｜order_loan_f_v2_copy（整笔订单）；S02｜order_vir_f_copy（获额）,F：全部历史成功放款订单；按remit_time、serial_id升序,个,float32,无有效值返回0,describe(),V3-F0082,历史订单条件,T0固定时点；提单/App<T0，放款/整笔结清≤T0；支付<T0，已确认整笔同秒结清订单的已知同秒支付可=T0；当前条件为T0已知值。来源可得时间仍待上线核验。,已入模,选定候选保留,0.0,0.0,0.0,0.0228282114256352,0.0,V2继承
loan_utilization_mean,历史成功放款订单额度使用率｜全历史均值,x = F.apply_amt / F.credit_amt；两者必须>0；MEAN(finite(x)),S01｜order_loan_f_v2_copy（整笔订单）；S02｜order_vir_f_copy（获额）,F：全部历史成功放款订单；按remit_time、serial_id升序,比例（1=100%）,float32,无有效值为NaN,describe(),V3-F0083,历史订单条件,T0固定时点；提单/App<T0，放款/整笔结清≤T0；支付<T0，已确认整笔同秒结清订单的已知同秒支付可=T0；当前条件为T0已知值。来源可得时间仍待上线核验。,已入模,选定候选保留,0.0017834482285557498,0.0026918768184272,0.000222543674196,0.0672552478681228,557.38219165802,V2继承
loan_utilization_std,历史成功放款订单额度使用率｜全历史总体标准差,"x = F.apply_amt / F.credit_amt；两者必须>0；STD(finite(x), ddof=0)",S01｜order_loan_f_v2_copy（整笔订单）；S02｜order_vir_f_copy（获额）,F：全部历史成功放款订单；按remit_time、serial_id升序,比例（1=100%）,float32,无有效值为NaN；单个有效值为0,describe(),V3-F0084,历史订单条件,T0固定时点；提单/App<T0，放款/整笔结清≤T0；支付<T0，已确认整笔同秒结清订单的已知同秒支付可=T0；当前条件为T0已知值。来源可得时间仍待上线核验。,已入模,选定候选保留,0.0017834482285557498,0.0026918768184272,0.000222543674196,0.0129923780630083,155.27929973602295,V2继承
loan_utilization_min,历史成功放款订单额度使用率｜全历史最小值,x = F.apply_amt / F.credit_amt；两者必须>0；MIN(finite(x)),S01｜order_loan_f_v2_copy（整笔订单）；S02｜order_vir_f_copy（获额）,F：全部历史成功放款订单；按remit_time、serial_id升序,比例（1=100%）,float32,无有效值为NaN,describe(),V3-F0085,历史订单条件,T0固定时点；提单/App<T0，放款/整笔结清≤T0；支付<T0，已确认整笔同秒结清订单的已知同秒支付可=T0；当前条件为T0已知值。来源可得时间仍待上线核验。,已入模,选定候选保留,0.0017834482285557498,0.0026918768184272,0.000222543674196,0.0493332496616133,424.7192058563232,V2继承
loan_utilization_max,历史成功放款订单额度使用率｜全历史最大值,x = F.apply_amt / F.credit_amt；两者必须>0；MAX(finite(x)),S01｜order_loan_f_v2_copy（整笔订单）；S02｜order_vir_f_copy（获额）,F：全部历史成功放款订单；按remit_time、serial_id升序,比例（1=100%）,float32,无有效值为NaN,describe(),V3-F0086,历史订单条件,T0固定时点；提单/App<T0，放款/整笔结清≤T0；支付<T0，已确认整笔同秒结清订单的已知同秒支付可=T0；当前条件为T0已知值。来源可得时间仍待上线核验。,已入模,选定候选保留,0.0017834482285557498,0.0026918768184272,0.000222543674196,0.1929351001878446,73.23849964141846,V2继承
loan_utilization_last_first_delta,历史成功放款订单额度使用率｜最近减最早有效值,x = F.apply_amt / F.credit_amt；两者必须>0；finite(x)[-1]-finite(x)[0],S01｜order_loan_f_v2_copy（整笔订单）；S02｜order_vir_f_copy（获额）,F：全部历史成功放款订单；按remit_time、serial_id升序,比例（1=100%）,float32,至少2个有效值；否则NaN,describe(),V3-F0087,历史订单条件,T0固定时点；提单/App<T0，放款/整笔结清≤T0；支付<T0，已确认整笔同秒结清订单的已知同秒支付可=T0；当前条件为T0已知值。来源可得时间仍待上线核验。,已入模,选定候选保留,0.3925055977736295,0.3825044125825092,0.4398575720485145,0.0781044489666511,31.294198989868164,V2继承
loan_utilization_slope,历史成功放款订单额度使用率｜生命周期顺序趋势,x = F.apply_amt / F.credit_amt；两者必须>0；SUM((i-MEAN(i))*(x_i-MEAN(valid_x)))/SUM((i-MEAN(i))^2)，i为有效值在原序列中的位置,S01｜order_loan_f_v2_copy（整笔订单）；S02｜order_vir_f_copy（获额）,F：全部历史成功放款订单；按remit_time、serial_id升序,比例（1=100%）／序号步,float32,至少2个有效值；否则NaN,describe(),V3-F0088,历史订单条件,T0固定时点；提单/App<T0，放款/整笔结清≤T0；支付<T0，已确认整笔同秒结清订单的已知同秒支付可=T0；当前条件为T0已知值。来源可得时间仍待上线核验。,已入模,选定候选保留,0.3925055977736295,0.3825044125825092,0.4398575720485145,0.0409001603763802,62.387699127197266,V2继承
loan_utilization_last3_mean,历史成功放款订单额度使用率｜最近3笔有效均值,x = F.apply_amt / F.credit_amt；两者必须>0；MEAN(finite(x[-3:])),S01｜order_loan_f_v2_copy（整笔订单）；S02｜order_vir_f_copy（获额）,F：全部历史成功放款订单；按remit_time、serial_id升序,比例（1=100%）,float32,原序列最近3笔中无有效值为NaN；不跳过缺失补足3笔,describe(),V3-F0089,历史订单条件,T0固定时点；提单/App<T0，放款/整笔结清≤T0；支付<T0，已确认整笔同秒结清订单的已知同秒支付可=T0；当前条件为T0已知值。来源可得时间仍待上线核验。,已入模,选定候选保留,0.0017834482285557498,0.0026918768184272,0.000222543674196,0.0610695863194889,891.7054967880249,V2继承
loan_utilization_last5_mean,历史成功放款订单额度使用率｜最近5笔有效均值,x = F.apply_amt / F.credit_amt；两者必须>0；MEAN(finite(x[-5:])),S01｜order_loan_f_v2_copy（整笔订单）；S02｜order_vir_f_copy（获额）,F：全部历史成功放款订单；按remit_time、serial_id升序,比例（1=100%）,float32,原序列最近5笔中无有效值为NaN；不跳过缺失补足5笔,describe(),V3-F0090,历史订单条件,T0固定时点；提单/App<T0，放款/整笔结清≤T0；支付<T0，已确认整笔同秒结清订单的已知同秒支付可=T0；当前条件为T0已知值。来源可得时间仍待上线核验。,已入模,选定候选保留,0.0017834482285557498,0.0026918768184272,0.000222543674196,0.0641439185347228,95.8027000427246,V2继承
loan_utilization_recent_lifetime_delta,历史成功放款订单额度使用率｜近期相对全历史变化,x = F.apply_amt / F.credit_amt；两者必须>0；MEAN(finite(x[-3:]))-MEAN(finite(x)),S01｜order_loan_f_v2_copy（整笔订单）；S02｜order_vir_f_copy（获额）,F：全部历史成功放款订单；按remit_time、serial_id升序,比例（1=100%）,float32,任一侧无有效值为NaN,describe(),V3-F0091,历史订单条件,T0固定时点；提单/App<T0，放款/整笔结清≤T0；支付<T0，已确认整笔同秒结清订单的已知同秒支付可=T0；当前条件为T0已知值。来源可得时间仍待上线核验。,已入模,选定候选保留,0.0017834482285557498,0.0026918768184272,0.000222543674196,0.0107272736766748,21.23839950561523,V2继承
loan_utilization_l1,历史成功放款订单额度使用率｜最近第1笔,x = F.apply_amt / F.credit_amt；两者必须>0；x[-1],S01｜order_loan_f_v2_copy（整笔订单）；S02｜order_vir_f_copy（获额）,F：全部历史成功放款订单；按remit_time、serial_id升序,比例（1=100%）,float32,不足1笔或该位置缺失为NaN；不改取第1个非空值,describe(lags=True),V3-F0092,历史订单条件,T0固定时点；提单/App<T0，放款/整笔结清≤T0；支付<T0，已确认整笔同秒结清订单的已知同秒支付可=T0；当前条件为T0已知值。来源可得时间仍待上线核验。,已入模,选定候选保留,0.0032876202235189787,0.0037879703732359,0.0013352620451763,0.0871726709372894,61.24150085449219,V2继承
loan_utilization_l2,历史成功放款订单额度使用率｜最近第2笔,x = F.apply_amt / F.credit_amt；两者必须>0；x[-2],S01｜order_loan_f_v2_copy（整笔订单）；S02｜order_vir_f_copy（获额）,F：全部历史成功放款订单；按remit_time、serial_id升序,比例（1=100%）,float32,不足2笔或该位置缺失为NaN；不改取第2个非空值,describe(lags=True),V3-F0093,历史订单条件,T0固定时点；提单/App<T0，放款/整笔结清≤T0；支付<T0，已确认整笔同秒结清订单的已知同秒支付可=T0；当前条件为T0已知值。来源可得时间仍待上线核验。,已入模,选定候选保留,0.39310824648822384,0.3828912691312652,0.4411928340936908,0.0559721555795004,119.15479946136476,V2继承
loan_utilization_l3,历史成功放款订单额度使用率｜最近第3笔,x = F.apply_amt / F.credit_amt；两者必须>0；x[-3],S01｜order_loan_f_v2_copy（整笔订单）；S02｜order_vir_f_copy（获额）,F：全部历史成功放款订单；按remit_time、serial_id升序,比例（1=100%）,float32,不足3笔或该位置缺失为NaN；不改取第3个非空值,describe(lags=True),V3-F0094,历史订单条件,T0固定时点；提单/App<T0，放款/整笔结清≤T0；支付<T0，已确认整笔同秒结清订单的已知同秒支付可=T0；当前条件为T0已知值。来源可得时间仍待上线核验。,已入模,选定候选保留,0.5938392642786099,0.5819531420005319,0.631690219205519,0.0325348795518754,29.39309883117676,V2继承
loan_utilization_l4,历史成功放款订单额度使用率｜最近第4笔,x = F.apply_amt / F.credit_amt；两者必须>0；x[-4],S01｜order_loan_f_v2_copy（整笔订单）；S02｜order_vir_f_copy（获额）,F：全部历史成功放款订单；按remit_time、serial_id升序,比例（1=100%）,float32,不足4笔或该位置缺失为NaN；不改取第4个非空值,describe(lags=True),V3-F0095,历史订单条件,T0固定时点；提单/App<T0，放款/整笔结清≤T0；支付<T0，已确认整笔同秒结清订单的已知同秒支付可=T0；当前条件为T0已知值。来源可得时间仍待上线核验。,已入模,选定候选保留,0.7234087379164034,0.7141533080264675,0.7511961722488039,0.0176784566246463,59.81139945983887,V2继承
loan_utilization_l5,历史成功放款订单额度使用率｜最近第5笔,x = F.apply_amt / F.credit_amt；两者必须>0；x[-5],S01｜order_loan_f_v2_copy（整笔订单）；S02｜order_vir_f_copy（获额）,F：全部历史成功放款订单；按remit_time、serial_id升序,比例（1=100%）,float32,不足5笔或该位置缺失为NaN；不改取第5个非空值,describe(lags=True),V3-F0096,历史订单条件,T0固定时点；提单/App<T0，放款/整笔结清≤T0；支付<T0，已确认整笔同秒结清订单的已知同秒支付可=T0；当前条件为T0已知值。来源可得时间仍待上线核验。,已入模,选定候选保留,0.8087153783213049,0.8013008051451921,0.8334260598642483,0.0133458630620656,46.084500312805176,V2继承
loan_utilization_delta12,历史成功放款订单额度使用率｜最近1笔减最近2笔,x = F.apply_amt / F.credit_amt；两者必须>0；x[-1]-x[-2],S01｜order_loan_f_v2_copy（整笔订单）；S02｜order_vir_f_copy（获额）,F：全部历史成功放款订单；按remit_time、serial_id升序,比例（1=100%）,float32,不足2笔或任一值缺失为NaN,describe(),V3-F0097,历史订单条件,T0固定时点；提单/App<T0，放款/整笔结清≤T0；支付<T0，已确认整笔同秒结清订单的已知同秒支付可=T0；当前条件为T0已知值。来源可得时间仍待上线核验。,已入模,选定候选保留,0.3946026193170961,0.383987362686074,0.4423055524646712,0.0366367816201382,58.86630058288574,V2继承
loan_utilization_delta23,历史成功放款订单额度使用率｜最近2笔减最近3笔,x = F.apply_amt / F.credit_amt；两者必须>0；x[-2]-x[-3],S01｜order_loan_f_v2_copy（整笔订单）；S02｜order_vir_f_copy（获额）,F：全部历史成功放款订单；按remit_time、serial_id升序,比例（1=100%）,float32,不足3笔或任一值缺失为NaN,describe(),V3-F0098,历史订单条件,T0固定时点；提单/App<T0，放款/整笔结清≤T0；支付<T0，已确认整笔同秒结清订单的已知同秒支付可=T0；当前条件为T0已知值。来源可得时间仍待上线核验。,已入模,选定候选保留,0.5947309883928877,0.5824770102436391,0.6334705685990876,0.0224858989810874,138.61119747161865,V2继承
loan_fee_rate_valid_n,历史成功放款订单息费率｜有效值数,x = (F.pre_amt+F.post_amt) / F.remit_amt；remit_amt>0；COUNT(finite(x)),S01｜order_loan_f_v2_copy（整笔订单）,F：全部历史成功放款订单；按remit_time、serial_id升序,个,float32,无有效值返回0,describe(),V3-F0099,历史订单条件,T0固定时点；提单/App<T0，放款/整笔结清≤T0；支付<T0，已确认整笔同秒结清订单的已知同秒支付可=T0；当前条件为T0已知值。来源可得时间仍待上线核验。,已入模,选定候选保留,0.0,0.0,0.0,0.017141662179717,0.0,V2继承
loan_fee_rate_mean,历史成功放款订单息费率｜全历史均值,x = (F.pre_amt+F.post_amt) / F.remit_amt；remit_amt>0；MEAN(finite(x)),S01｜order_loan_f_v2_copy（整笔订单）,F：全部历史成功放款订单；按remit_time、serial_id升序,比例（1=100%）,float32,无有效值为NaN,describe(),V3-F0100,历史订单条件,T0固定时点；提单/App<T0，放款/整笔结清≤T0；支付<T0，已确认整笔同秒结清订单的已知同秒支付可=T0；当前条件为T0已知值。来源可得时间仍待上线核验。,已入模,选定候选保留,0.0,0.0,0.0,1.3129685400077815,164.41649913787842,V2继承
loan_fee_rate_std,历史成功放款订单息费率｜全历史总体标准差,"x = (F.pre_amt+F.post_amt) / F.remit_amt；remit_amt>0；STD(finite(x), ddof=0)",S01｜order_loan_f_v2_copy（整笔订单）,F：全部历史成功放款订单；按remit_time、serial_id升序,比例（1=100%）,float32,无有效值为NaN；单个有效值为0,describe(),V3-F0101,历史订单条件,T0固定时点；提单/App<T0，放款/整笔结清≤T0；支付<T0，已确认整笔同秒结清订单的已知同秒支付可=T0；当前条件为T0已知值。来源可得时间仍待上线核验。,已入模,选定候选保留,0.0,0.0,0.0,0.0662605035929835,42.67600059509277,V2继承
loan_fee_rate_min,历史成功放款订单息费率｜全历史最小值,x = (F.pre_amt+F.post_amt) / F.remit_amt；remit_amt>0；MIN(finite(x)),S01｜order_loan_f_v2_copy（整笔订单）,F：全部历史成功放款订单；按remit_time、serial_id升序,比例（1=100%）,float32,无有效值为NaN,describe(),V3-F0102,历史订单条件,T0固定时点；提单/App<T0，放款/整笔结清≤T0；支付<T0，已确认整笔同秒结清订单的已知同秒支付可=T0；当前条件为T0已知值。来源可得时间仍待上线核验。,已入模,选定候选保留,0.0,0.0,0.0,1.1448615351530618,109.5029001235962,V2继承
loan_fee_rate_max,历史成功放款订单息费率｜全历史最大值,x = (F.pre_amt+F.post_amt) / F.remit_amt；remit_amt>0；MAX(finite(x)),S01｜order_loan_f_v2_copy（整笔订单）,F：全部历史成功放款订单；按remit_time、serial_id升序,比例（1=100%）,float32,无有效值为NaN,describe(),V3-F0103,历史订单条件,T0固定时点；提单/App<T0，放款/整笔结清≤T0；支付<T0，已确认整笔同秒结清订单的已知同秒支付可=T0；当前条件为T0已知值。来源可得时间仍待上线核验。,已入模,选定候选保留,0.0,0.0,0.0,1.6441692408482067,139.97809982299805,V2继承
loan_fee_rate_last_first_delta,历史成功放款订单息费率｜最近减最早有效值,x = (F.pre_amt+F.post_amt) / F.remit_amt；remit_amt>0；finite(x)[-1]-finite(x)[0],S01｜order_loan_f_v2_copy（整笔订单）,F：全部历史成功放款订单；按remit_time、serial_id升序,比例（1=100%）,float32,至少2个有效值；否则NaN,describe(),V3-F0104,历史订单条件,T0固定时点；提单/App<T0，放款/整笔结清≤T0；支付<T0，已确认整笔同秒结清订单的已知同秒支付可=T0；当前条件为T0已知值。来源可得时间仍待上线核验。,已入模,选定候选保留,0.38966383960724943,0.3792403104523804,0.4386335818404361,0.3631849643714621,165.16510105133057,V2继承
loan_fee_rate_slope,历史成功放款订单息费率｜生命周期顺序趋势,x = (F.pre_amt+F.post_amt) / F.remit_amt；remit_amt>0；SUM((i-MEAN(i))*(x_i-MEAN(valid_x)))/SUM((i-MEAN(i))^2)，i为有效值在原序列中的位置,S01｜order_loan_f_v2_copy（整笔订单）,F：全部历史成功放款订单；按remit_time、serial_id升序,比例（1=100%）／序号步,float32,至少2个有效值；否则NaN,describe(),V3-F0105,历史订单条件,T0固定时点；提单/App<T0，放款/整笔结清≤T0；支付<T0，已确认整笔同秒结清订单的已知同秒支付可=T0；当前条件为T0已知值。来源可得时间仍待上线核验。,已入模,选定候选保留,0.38966383960724943,0.3792403104523804,0.4386335818404361,0.1666408645758184,192.7676010131836,V2继承
loan_fee_rate_last3_mean,历史成功放款订单息费率｜最近3笔有效均值,x = (F.pre_amt+F.post_amt) / F.remit_amt；remit_amt>0；MEAN(finite(x[-3:])),S01｜order_loan_f_v2_copy（整笔订单）,F：全部历史成功放款订单；按remit_time、serial_id升序,比例（1=100%）,float32,原序列最近3笔中无有效值为NaN；不跳过缺失补足3笔,describe(),V3-F0106,历史订单条件,T0固定时点；提单/App<T0，放款/整笔结清≤T0；支付<T0，已确认整笔同秒结清订单的已知同秒支付可=T0；当前条件为T0已知值。来源可得时间仍待上线核验。,已入模,选定候选保留,0.0,0.0,0.0,1.1904690418562416,29.1668004989624,V2继承
loan_fee_rate_last5_mean,历史成功放款订单息费率｜最近5笔有效均值,x = (F.pre_amt+F.post_amt) / F.remit_amt；remit_amt>0；MEAN(finite(x[-5:])),S01｜order_loan_f_v2_copy（整笔订单）,F：全部历史成功放款订单；按remit_time、serial_id升序,比例（1=100%）,float32,原序列最近5笔中无有效值为NaN；不跳过缺失补足5笔,describe(),V3-F0107,历史订单条件,T0固定时点；提单/App<T0，放款/整笔结清≤T0；支付<T0，已确认整笔同秒结清订单的已知同秒支付可=T0；当前条件为T0已知值。来源可得时间仍待上线核验。,已入模,选定候选保留,0.0,0.0,0.0,1.2299625856615972,20.02090072631836,V2继承
loan_fee_rate_recent_lifetime_delta,历史成功放款订单息费率｜近期相对全历史变化,x = (F.pre_amt+F.post_amt) / F.remit_amt；remit_amt>0；MEAN(finite(x[-3:]))-MEAN(finite(x)),S01｜order_loan_f_v2_copy（整笔订单）,F：全部历史成功放款订单；按remit_time、serial_id升序,比例（1=100%）,float32,任一侧无有效值为NaN,describe(),V3-F0108,历史订单条件,T0固定时点；提单/App<T0，放款/整笔结清≤T0；支付<T0，已确认整笔同秒结清订单的已知同秒支付可=T0；当前条件为T0已知值。来源可得时间仍待上线核验。,已入模,选定候选保留,0.0,0.0,0.0,0.0102618519332851,16.875600814819336,V2继承
loan_fee_rate_l1,历史成功放款订单息费率｜最近第1笔,x = (F.pre_amt+F.post_amt) / F.remit_amt；remit_amt>0；x[-1],S01｜order_loan_f_v2_copy（整笔订单）,F：全部历史成功放款订单；按remit_time、serial_id升序,比例（1=100%）,float32,不足1笔或该位置缺失为NaN；不改取第1个非空值,describe(lags=True),V3-F0109,历史订单条件,T0固定时点；提单/App<T0，放款/整笔结清≤T0；支付<T0，已确认整笔同秒结清订单的已知同秒支付可=T0；当前条件为T0已知值。来源可得时间仍待上线核验。,已入模,选定候选保留,0.0,0.0,0.0,1.266688978369987,385.35659885406494,V2继承
loan_fee_rate_l2,历史成功放款订单息费率｜最近第2笔,x = (F.pre_amt+F.post_amt) / F.remit_amt；remit_amt>0；x[-2],S01｜order_loan_f_v2_copy（整笔订单）,F：全部历史成功放款订单；按remit_time、serial_id升序,比例（1=100%）,float32,不足2笔或该位置缺失为NaN；不改取第2个非空值,describe(lags=True),V3-F0110,历史订单条件,T0固定时点；提单/App<T0，放款/整笔结清≤T0；支付<T0，已确认整笔同秒结清订单的已知同秒支付可=T0；当前条件为T0已知值。来源可得时间仍待上线核验。,已入模,选定候选保留,0.38966383960724943,0.3792403104523804,0.4386335818404361,0.5353651309472878,107.58260250091551,V2继承
loan_fee_rate_l3,历史成功放款订单息费率｜最近第3笔,x = (F.pre_amt+F.post_amt) / F.remit_amt；remit_amt>0；x[-3],S01｜order_loan_f_v2_copy（整笔订单）,F：全部历史成功放款订单；按remit_time、serial_id升序,比例（1=100%）,float32,不足3笔或该位置缺失为NaN；不改取第3个非空值,describe(lags=True),V3-F0111,历史订单条件,T0固定时点；提单/App<T0，放款/整笔结清≤T0；支付<T0，已确认整笔同秒结清订单的已知同秒支付可=T0；当前条件为T0已知值。来源可得时间仍待上线核验。,已入模,选定候选保留,0.5907427277938647,0.5786165042675113,0.6293535106264604,0.3621272582478819,42.71549987792969,V2继承
loan_fee_rate_l4,历史成功放款订单息费率｜最近第4笔,x = (F.pre_amt+F.post_amt) / F.remit_amt；remit_amt>0；x[-4],S01｜order_loan_f_v2_copy（整笔订单）,F：全部历史成功放款订单；按remit_time、serial_id升序,比例（1=100%）,float32,不足4笔或该位置缺失为NaN；不改取第4个非空值,describe(lags=True),V3-F0112,历史订单条件,T0固定时点；提单/App<T0，放款/整笔结清≤T0；支付<T0，已确认整笔同秒结清订单的已知同秒支付可=T0；当前条件为T0已知值。来源可得时间仍待上线核验。,已入模,选定候选保留,0.7208070593192519,0.7113566575594188,0.7491932791810393,0.263397681697645,61.55219841003418,V2继承
loan_fee_rate_l5,历史成功放款订单息费率｜最近第5笔,x = (F.pre_amt+F.post_amt) / F.remit_amt；remit_amt>0；x[-5],S01｜order_loan_f_v2_copy（整笔订单）,F：全部历史成功放款订单；按remit_time、serial_id升序,比例（1=100%）,float32,不足5笔或该位置缺失为NaN；不改取第5个非空值,describe(lags=True),V3-F0113,历史订单条件,T0固定时点；提单/App<T0，放款/整笔结清≤T0；支付<T0，已确认整笔同秒结清订单的已知同秒支付可=T0；当前条件为T0已知值。来源可得时间仍待上线核验。,已入模,选定候选保留,0.806412574289928,0.7987298209982511,0.83220206965617,0.138302653414017,15.926600456237791,V2继承
loan_fee_rate_delta12,历史成功放款订单息费率｜最近1笔减最近2笔,x = (F.pre_amt+F.post_amt) / F.remit_amt；remit_amt>0；x[-1]-x[-2],S01｜order_loan_f_v2_copy（整笔订单）,F：全部历史成功放款订单；按remit_time、serial_id升序,比例（1=100%）,float32,不足2笔或任一值缺失为NaN,describe(),V3-F0114,历史订单条件,T0固定时点；提单/App<T0，放款/整笔结清≤T0；支付<T0，已确认整笔同秒结清订单的已知同秒支付可=T0；当前条件为T0已知值。来源可得时间仍待上线核验。,已入模,选定候选保留,0.38966383960724943,0.3792403104523804,0.4386335818404361,0.1240803855214576,224.62489795684817,V2继承
loan_fee_rate_delta23,历史成功放款订单息费率｜最近2笔减最近3笔,x = (F.pre_amt+F.post_amt) / F.remit_amt；remit_amt>0；x[-2]-x[-3],S01｜order_loan_f_v2_copy（整笔订单）,F：全部历史成功放款订单；按remit_time、serial_id升序,比例（1=100%）,float32,不足3笔或任一值缺失为NaN,describe(),V3-F0115,历史订单条件,T0固定时点；提单/App<T0，放款/整笔结清≤T0；支付<T0，已确认整笔同秒结清订单的已知同秒支付可=T0；当前条件为T0已知值。来源可得时间仍待上线核验。,已入模,选定候选保留,0.5907427277938647,0.5786165042675113,0.6293535106264604,0.0661446817211714,176.75769901275635,V2继承
loan_daily_rate_valid_n,历史成功放款订单日息｜有效值数,x = ((F.pre_amt+F.post_amt)/F.remit_amt) / F.loan_day；正分母；COUNT(finite(x)),S01｜order_loan_f_v2_copy（整笔订单）,F：全部历史成功放款订单；按remit_time、serial_id升序,个,float32,无有效值返回0,describe(),V3-F0116,历史订单条件,T0固定时点；提单/App<T0，放款/整笔结清≤T0；支付<T0，已确认整笔同秒结清订单的已知同秒支付可=T0；当前条件为T0已知值。来源可得时间仍待上线核验。,已入模,选定候选保留,0.0,0.0,0.0,0.017141662179717,0.0,V2继承
loan_daily_rate_mean,历史成功放款订单日息｜全历史均值,x = ((F.pre_amt+F.post_amt)/F.remit_amt) / F.loan_day；正分母；MEAN(finite(x)),S01｜order_loan_f_v2_copy（整笔订单）,F：全部历史成功放款订单；按remit_time、serial_id升序,日利率（1=100%/日）,float32,无有效值为NaN,describe(),V3-F0117,历史订单条件,T0固定时点；提单/App<T0，放款/整笔结清≤T0；支付<T0，已确认整笔同秒结清订单的已知同秒支付可=T0；当前条件为T0已知值。来源可得时间仍待上线核验。,已入模,选定候选保留,0.0,0.0,0.0,0.4709209241863618,100.21080112457275,V2继承
loan_daily_rate_std,历史成功放款订单日息｜全历史总体标准差,"x = ((F.pre_amt+F.post_amt)/F.remit_amt) / F.loan_day；正分母；STD(finite(x), ddof=0)",S01｜order_loan_f_v2_copy（整笔订单）,F：全部历史成功放款订单；按remit_time、serial_id升序,日利率（1=100%/日）,float32,无有效值为NaN；单个有效值为0,describe(),V3-F0118,历史订单条件,T0固定时点；提单/App<T0，放款/整笔结清≤T0；支付<T0，已确认整笔同秒结清订单的已知同秒支付可=T0；当前条件为T0已知值。来源可得时间仍待上线核验。,已入模,选定候选保留,0.0,0.0,0.0,0.0876881501969962,80.52560043334961,V2继承
loan_daily_rate_min,历史成功放款订单日息｜全历史最小值,x = ((F.pre_amt+F.post_amt)/F.remit_amt) / F.loan_day；正分母；MIN(finite(x)),S01｜order_loan_f_v2_copy（整笔订单）,F：全部历史成功放款订单；按remit_time、serial_id升序,日利率（1=100%/日）,float32,无有效值为NaN,describe(),V3-F0119,历史订单条件,T0固定时点；提单/App<T0，放款/整笔结清≤T0；支付<T0，已确认整笔同秒结清订单的已知同秒支付可=T0；当前条件为T0已知值。来源可得时间仍待上线核验。,已入模,选定候选保留,0.0,0.0,0.0,0.9524775740072774,84.94139862060547,V2继承
loan_daily_rate_max,历史成功放款订单日息｜全历史最大值,x = ((F.pre_amt+F.post_amt)/F.remit_amt) / F.loan_day；正分母；MAX(finite(x)),S01｜order_loan_f_v2_copy（整笔订单）,F：全部历史成功放款订单；按remit_time、serial_id升序,日利率（1=100%/日）,float32,无有效值为NaN,describe(),V3-F0120,历史订单条件,T0固定时点；提单/App<T0，放款/整笔结清≤T0；支付<T0，已确认整笔同秒结清订单的已知同秒支付可=T0；当前条件为T0已知值。来源可得时间仍待上线核验。,已入模,选定候选保留,0.0,0.0,0.0,0.9186248571255468,187.83049964904785,V2继承
loan_daily_rate_last_first_delta,历史成功放款订单日息｜最近减最早有效值,x = ((F.pre_amt+F.post_amt)/F.remit_amt) / F.loan_day；正分母；finite(x)[-1]-finite(x)[0],S01｜order_loan_f_v2_copy（整笔订单）,F：全部历史成功放款订单；按remit_time、serial_id升序,日利率（1=100%/日）,float32,至少2个有效值；否则NaN,describe(),V3-F0121,历史订单条件,T0固定时点；提单/App<T0，放款/整笔结清≤T0；支付<T0，已确认整笔同秒结清订单的已知同秒支付可=T0；当前条件为T0已知值。来源可得时间仍待上线核验。,已入模,选定候选保留,0.38966383960724943,0.3792403104523804,0.4386335818404361,0.2389878278597162,80.38360023498535,V2继承
loan_daily_rate_slope,历史成功放款订单日息｜生命周期顺序趋势,x = ((F.pre_amt+F.post_amt)/F.remit_amt) / F.loan_day；正分母；SUM((i-MEAN(i))*(x_i-MEAN(valid_x)))/SUM((i-MEAN(i))^2)，i为有效值在原序列中的位置,S01｜order_loan_f_v2_copy（整笔订单）,F：全部历史成功放款订单；按remit_time、serial_id升序,日利率（1=100%/日）／序号步,float32,至少2个有效值；否则NaN,describe(),V3-F0122,历史订单条件,T0固定时点；提单/App<T0，放款/整笔结清≤T0；支付<T0，已确认整笔同秒结清订单的已知同秒支付可=T0；当前条件为T0已知值。来源可得时间仍待上线核验。,已入模,选定候选保留,0.38966383960724943,0.3792403104523804,0.4386335818404361,0.2230739910115996,136.0182991027832,V2继承
loan_daily_rate_last3_mean,历史成功放款订单日息｜最近3笔有效均值,x = ((F.pre_amt+F.post_amt)/F.remit_amt) / F.loan_day；正分母；MEAN(finite(x[-3:])),S01｜order_loan_f_v2_copy（整笔订单）,F：全部历史成功放款订单；按remit_time、serial_id升序,日利率（1=100%/日）,float32,原序列最近3笔中无有效值为NaN；不跳过缺失补足3笔,describe(),V3-F0123,历史订单条件,T0固定时点；提单/App<T0，放款/整笔结清≤T0；支付<T0，已确认整笔同秒结清订单的已知同秒支付可=T0；当前条件为T0已知值。来源可得时间仍待上线核验。,已入模,选定候选保留,0.0,0.0,0.0,0.5171299033110505,161.59709644317627,V2继承
loan_daily_rate_last5_mean,历史成功放款订单日息｜最近5笔有效均值,x = ((F.pre_amt+F.post_amt)/F.remit_amt) / F.loan_day；正分母；MEAN(finite(x[-5:])),S01｜order_loan_f_v2_copy（整笔订单）,F：全部历史成功放款订单；按remit_time、serial_id升序,日利率（1=100%/日）,float32,原序列最近5笔中无有效值为NaN；不跳过缺失补足5笔,describe(),V3-F0124,历史订单条件,T0固定时点；提单/App<T0，放款/整笔结清≤T0；支付<T0，已确认整笔同秒结清订单的已知同秒支付可=T0；当前条件为T0已知值。来源可得时间仍待上线核验。,已入模,选定候选保留,0.0,0.0,0.0,0.4652619036820687,62.570998191833496,V2继承
loan_daily_rate_recent_lifetime_delta,历史成功放款订单日息｜近期相对全历史变化,x = ((F.pre_amt+F.post_amt)/F.remit_amt) / F.loan_day；正分母；MEAN(finite(x[-3:]))-MEAN(finite(x)),S01｜order_loan_f_v2_copy（整笔订单）,F：全部历史成功放款订单；按remit_time、serial_id升序,日利率（1=100%/日）,float32,任一侧无有效值为NaN,describe(),V3-F0125,历史订单条件,T0固定时点；提单/App<T0，放款/整笔结清≤T0；支付<T0，已确认整笔同秒结清订单的已知同秒支付可=T0；当前条件为T0已知值。来源可得时间仍待上线核验。,已入模,选定候选保留,0.0,0.0,0.0,0.0119323372948985,18.102100372314453,V2继承
loan_daily_rate_l1,历史成功放款订单日息｜最近第1笔,x = ((F.pre_amt+F.post_amt)/F.remit_amt) / F.loan_day；正分母；x[-1],S01｜order_loan_f_v2_copy（整笔订单）,F：全部历史成功放款订单；按remit_time、serial_id升序,日利率（1=100%/日）,float32,不足1笔或该位置缺失为NaN；不改取第1个非空值,describe(lags=True),V3-F0126,历史订单条件,T0固定时点；提单/App<T0，放款/整笔结清≤T0；支付<T0，已确认整笔同秒结清订单的已知同秒支付可=T0；当前条件为T0已知值。来源可得时间仍待上线核验。,已入模,选定候选保留,0.0,0.0,0.0,1.365586889666268,57.730600357055664,V2继承
loan_daily_rate_l2,历史成功放款订单日息｜最近第2笔,x = ((F.pre_amt+F.post_amt)/F.remit_amt) / F.loan_day；正分母；x[-2],S01｜order_loan_f_v2_copy（整笔订单）,F：全部历史成功放款订单；按remit_time、serial_id升序,日利率（1=100%/日）,float32,不足2笔或该位置缺失为NaN；不改取第2个非空值,describe(lags=True),V3-F0127,历史订单条件,T0固定时点；提单/App<T0，放款/整笔结清≤T0；支付<T0，已确认整笔同秒结清订单的已知同秒支付可=T0；当前条件为T0已知值。来源可得时间仍待上线核验。,已入模,选定候选保留,0.38966383960724943,0.3792403104523804,0.4386335818404361,0.5275750367861315,115.89700031280518,V2继承
loan_daily_rate_l3,历史成功放款订单日息｜最近第3笔,x = ((F.pre_amt+F.post_amt)/F.remit_amt) / F.loan_day；正分母；x[-3],S01｜order_loan_f_v2_copy（整笔订单）,F：全部历史成功放款订单；按remit_time、serial_id升序,日利率（1=100%/日）,float32,不足3笔或该位置缺失为NaN；不改取第3个非空值,describe(lags=True),V3-F0128,历史订单条件,T0固定时点；提单/App<T0，放款/整笔结清≤T0；支付<T0，已确认整笔同秒结清订单的已知同秒支付可=T0；当前条件为T0已知值。来源可得时间仍待上线核验。,已入模,选定候选保留,0.5907427277938647,0.5786165042675113,0.6293535106264604,0.2873981270192909,99.3976993560791,V2继承
loan_daily_rate_l4,历史成功放款订单日息｜最近第4笔,x = ((F.pre_amt+F.post_amt)/F.remit_amt) / F.loan_day；正分母；x[-4],S01｜order_loan_f_v2_copy（整笔订单）,F：全部历史成功放款订单；按remit_time、serial_id升序,日利率（1=100%/日）,float32,不足4笔或该位置缺失为NaN；不改取第4个非空值,describe(lags=True),V3-F0129,历史订单条件,T0固定时点；提单/App<T0，放款/整笔结清≤T0；支付<T0，已确认整笔同秒结清订单的已知同秒支付可=T0；当前条件为T0已知值。来源可得时间仍待上线核验。,已入模,选定候选保留,0.7208070593192519,0.7113566575594188,0.7491932791810393,0.2561055273094195,77.11170101165771,V2继承
loan_daily_rate_l5,历史成功放款订单日息｜最近第5笔,x = ((F.pre_amt+F.post_amt)/F.remit_amt) / F.loan_day；正分母；x[-5],S01｜order_loan_f_v2_copy（整笔订单）,F：全部历史成功放款订单；按remit_time、serial_id升序,日利率（1=100%/日）,float32,不足5笔或该位置缺失为NaN；不改取第5个非空值,describe(lags=True),V3-F0130,历史订单条件,T0固定时点；提单/App<T0，放款/整笔结清≤T0；支付<T0，已确认整笔同秒结清订单的已知同秒支付可=T0；当前条件为T0已知值。来源可得时间仍待上线核验。,已入模,选定候选保留,0.806412574289928,0.7987298209982511,0.83220206965617,0.1562612163883704,13.751500129699709,V2继承
loan_daily_rate_delta12,历史成功放款订单日息｜最近1笔减最近2笔,x = ((F.pre_amt+F.post_amt)/F.remit_amt) / F.loan_day；正分母；x[-1]-x[-2],S01｜order_loan_f_v2_copy（整笔订单）,F：全部历史成功放款订单；按remit_time、serial_id升序,日利率（1=100%/日）,float32,不足2笔或任一值缺失为NaN,describe(),V3-F0131,历史订单条件,T0固定时点；提单/App<T0，放款/整笔结清≤T0；支付<T0，已确认整笔同秒结清订单的已知同秒支付可=T0；当前条件为T0已知值。来源可得时间仍待上线核验。,已入模,选定候选保留,0.38966383960724943,0.3792403104523804,0.4386335818404361,0.0699861550026637,159.77560138702393,V2继承
loan_daily_rate_delta23,历史成功放款订单日息｜最近2笔减最近3笔,x = ((F.pre_amt+F.post_amt)/F.remit_amt) / F.loan_day；正分母；x[-2]-x[-3],S01｜order_loan_f_v2_copy（整笔订单）,F：全部历史成功放款订单；按remit_time、serial_id升序,日利率（1=100%/日）,float32,不足3笔或任一值缺失为NaN,describe(),V3-F0132,历史订单条件,T0固定时点；提单/App<T0，放款/整笔结清≤T0；支付<T0，已确认整笔同秒结清订单的已知同秒支付可=T0；当前条件为T0已知值。来源可得时间仍待上线核验。,已入模,选定候选保留,0.5907427277938647,0.5786165042675113,0.6293535106264604,0.0432883580174229,77.78709888458252,V2继承
loan_loan_day_valid_n,历史成功放款订单借款天数｜有效值数,x = F.loan_day；COUNT(finite(x)),S01｜order_loan_f_v2_copy（整笔订单）,F：全部历史成功放款订单；按remit_time、serial_id升序,个,float32,无有效值返回0,describe(),V3-F0133,历史订单条件,T0固定时点；提单/App<T0，放款/整笔结清≤T0；支付<T0，已确认整笔同秒结清订单的已知同秒支付可=T0；当前条件为T0已知值。来源可得时间仍待上线核验。,已入模,选定候选保留,0.0,0.0,0.0,0.017141662179717,0.0,V2继承
loan_loan_day_mean,历史成功放款订单借款天数｜全历史均值,x = F.loan_day；MEAN(finite(x)),S01｜order_loan_f_v2_copy（整笔订单）,F：全部历史成功放款订单；按remit_time、serial_id升序,天,float32,无有效值为NaN,describe(),V3-F0134,历史订单条件,T0固定时点；提单/App<T0，放款/整笔结清≤T0；支付<T0，已确认整笔同秒结清订单的已知同秒支付可=T0；当前条件为T0已知值。来源可得时间仍待上线核验。,已入模,选定候选保留,0.0,0.0,0.0,0.5509229500890489,0.0,V2继承
loan_loan_day_std,历史成功放款订单借款天数｜全历史总体标准差,"x = F.loan_day；STD(finite(x), ddof=0)",S01｜order_loan_f_v2_copy（整笔订单）,F：全部历史成功放款订单；按remit_time、serial_id升序,天,float32,无有效值为NaN；单个有效值为0,describe(),V3-F0135,历史订单条件,T0固定时点；提单/App<T0，放款/整笔结清≤T0；支付<T0，已确认整笔同秒结清订单的已知同秒支付可=T0；当前条件为T0已知值。来源可得时间仍待上线核验。,已入模,选定候选保留,0.0,0.0,0.0,0.0387194302101084,44.01399993896485,V2继承
loan_loan_day_min,历史成功放款订单借款天数｜全历史最小值,x = F.loan_day；MIN(finite(x)),S01｜order_loan_f_v2_copy（整笔订单）,F：全部历史成功放款订单；按remit_time、serial_id升序,天,float32,无有效值为NaN,describe(),V3-F0136,历史订单条件,T0固定时点；提单/App<T0，放款/整笔结清≤T0；支付<T0，已确认整笔同秒结清订单的已知同秒支付可=T0；当前条件为T0已知值。来源可得时间仍待上线核验。,已入模,选定候选保留,0.0,0.0,0.0,0.7002170389620225,15.649200439453123,V2继承
loan_loan_day_max,历史成功放款订单借款天数｜全历史最大值,x = F.loan_day；MAX(finite(x)),S01｜order_loan_f_v2_copy（整笔订单）,F：全部历史成功放款订单；按remit_time、serial_id升序,天,float32,无有效值为NaN,describe(),V3-F0137,历史订单条件,T0固定时点；提单/App<T0，放款/整笔结清≤T0；支付<T0，已确认整笔同秒结清订单的已知同秒支付可=T0；当前条件为T0已知值。来源可得时间仍待上线核验。,已入模,选定候选保留,0.0,0.0,0.0,0.7020258644561971,0.0,V2继承
loan_loan_day_last_first_delta,历史成功放款订单借款天数｜最近减最早有效值,x = F.loan_day；finite(x)[-1]-finite(x)[0],S01｜order_loan_f_v2_copy（整笔订单）,F：全部历史成功放款订单；按remit_time、serial_id升序,天,float32,至少2个有效值；否则NaN,describe(),V3-F0138,历史订单条件,T0固定时点；提单/App<T0，放款/整笔结清≤T0；支付<T0，已确认整笔同秒结清订单的已知同秒支付可=T0；当前条件为T0已知值。来源可得时间仍待上线核验。,已入模,选定候选保留,0.38966383960724943,0.3792403104523804,0.4386335818404361,0.1276486553656613,0.0,V2继承
loan_loan_day_slope,历史成功放款订单借款天数｜生命周期顺序趋势,x = F.loan_day；SUM((i-MEAN(i))*(x_i-MEAN(valid_x)))/SUM((i-MEAN(i))^2)，i为有效值在原序列中的位置,S01｜order_loan_f_v2_copy（整笔订单）,F：全部历史成功放款订单；按remit_time、serial_id升序,天／序号步,float32,至少2个有效值；否则NaN,describe(),V3-F0139,历史订单条件,T0固定时点；提单/App<T0，放款/整笔结清≤T0；支付<T0，已确认整笔同秒结清订单的已知同秒支付可=T0；当前条件为T0已知值。来源可得时间仍待上线核验。,已入模,选定候选保留,0.38966383960724943,0.3792403104523804,0.4386335818404361,0.0792485728300261,74.33340072631836,V2继承
loan_loan_day_last3_mean,历史成功放款订单借款天数｜最近3笔有效均值,x = F.loan_day；MEAN(finite(x[-3:])),S01｜order_loan_f_v2_copy（整笔订单）,F：全部历史成功放款订单；按remit_time、serial_id升序,天,float32,原序列最近3笔中无有效值为NaN；不跳过缺失补足3笔,describe(),V3-F0140,历史订单条件,T0固定时点；提单/App<T0，放款/整笔结清≤T0；支付<T0，已确认整笔同秒结清订单的已知同秒支付可=T0；当前条件为T0已知值。来源可得时间仍待上线核验。,已入模,选定候选保留,0.0,0.0,0.0,0.483899961035823,0.0,V2继承
loan_loan_day_last5_mean,历史成功放款订单借款天数｜最近5笔有效均值,x = F.loan_day；MEAN(finite(x[-5:])),S01｜order_loan_f_v2_copy（整笔订单）,F：全部历史成功放款订单；按remit_time、serial_id升序,天,float32,原序列最近5笔中无有效值为NaN；不跳过缺失补足5笔,describe(),V3-F0141,历史订单条件,T0固定时点；提单/App<T0，放款/整笔结清≤T0；支付<T0，已确认整笔同秒结清订单的已知同秒支付可=T0；当前条件为T0已知值。来源可得时间仍待上线核验。,已入模,选定候选保留,0.0,0.0,0.0,0.5449817786883918,0.0,V2继承
loan_loan_day_recent_lifetime_delta,历史成功放款订单借款天数｜近期相对全历史变化,x = F.loan_day；MEAN(finite(x[-3:]))-MEAN(finite(x)),S01｜order_loan_f_v2_copy（整笔订单）,F：全部历史成功放款订单；按remit_time、serial_id升序,天,float32,任一侧无有效值为NaN,describe(),V3-F0142,历史订单条件,T0固定时点；提单/App<T0，放款/整笔结清≤T0；支付<T0，已确认整笔同秒结清订单的已知同秒支付可=T0；当前条件为T0已知值。来源可得时间仍待上线核验。,已入模,选定候选保留,0.0,0.0,0.0,0.0092351926107018,0.0,V2继承
loan_loan_day_l1,历史成功放款订单借款天数｜最近第1笔,x = F.loan_day；x[-1],S01｜order_loan_f_v2_copy（整笔订单）,F：全部历史成功放款订单；按remit_time、serial_id升序,天,float32,不足1笔或该位置缺失为NaN；不改取第1个非空值,describe(lags=True),V3-F0143,历史订单条件,T0固定时点；提单/App<T0，放款/整笔结清≤T0；支付<T0，已确认整笔同秒结清订单的已知同秒支付可=T0；当前条件为T0已知值。来源可得时间仍待上线核验。,已入模,选定候选保留,0.0,0.0,0.0,0.5939056825526275,0.0,V2继承
loan_loan_day_l2,历史成功放款订单借款天数｜最近第2笔,x = F.loan_day；x[-2],S01｜order_loan_f_v2_copy（整笔订单）,F：全部历史成功放款订单；按remit_time、serial_id升序,天,float32,不足2笔或该位置缺失为NaN；不改取第2个非空值,describe(lags=True),V3-F0144,历史订单条件,T0固定时点；提单/App<T0，放款/整笔结清≤T0；支付<T0，已确认整笔同秒结清订单的已知同秒支付可=T0；当前条件为T0已知值。来源可得时间仍待上线核验。,已入模,选定候选保留,0.38966383960724943,0.3792403104523804,0.4386335818404361,0.2707040886246041,0.0,V2继承
loan_loan_day_l3,历史成功放款订单借款天数｜最近第3笔,x = F.loan_day；x[-3],S01｜order_loan_f_v2_copy（整笔订单）,F：全部历史成功放款订单；按remit_time、serial_id升序,天,float32,不足3笔或该位置缺失为NaN；不改取第3个非空值,describe(lags=True),V3-F0145,历史订单条件,T0固定时点；提单/App<T0，放款/整笔结清≤T0；支付<T0，已确认整笔同秒结清订单的已知同秒支付可=T0；当前条件为T0已知值。来源可得时间仍待上线核验。,已入模,选定候选保留,0.5907427277938647,0.5786165042675113,0.6293535106264604,0.1673504865917718,0.0,V2继承
loan_loan_day_l4,历史成功放款订单借款天数｜最近第4笔,x = F.loan_day；x[-4],S01｜order_loan_f_v2_copy（整笔订单）,F：全部历史成功放款订单；按remit_time、serial_id升序,天,float32,不足4笔或该位置缺失为NaN；不改取第4个非空值,describe(lags=True),V3-F0146,历史订单条件,T0固定时点；提单/App<T0，放款/整笔结清≤T0；支付<T0，已确认整笔同秒结清订单的已知同秒支付可=T0；当前条件为T0已知值。来源可得时间仍待上线核验。,已入模,选定候选保留,0.7208070593192519,0.7113566575594188,0.7491932791810393,0.1126839051528593,0.0,V2继承
loan_loan_day_l5,历史成功放款订单借款天数｜最近第5笔,x = F.loan_day；x[-5],S01｜order_loan_f_v2_copy（整笔订单）,F：全部历史成功放款订单；按remit_time、serial_id升序,天,float32,不足5笔或该位置缺失为NaN；不改取第5个非空值,describe(lags=True),V3-F0147,历史订单条件,T0固定时点；提单/App<T0，放款/整笔结清≤T0；支付<T0，已确认整笔同秒结清订单的已知同秒支付可=T0；当前条件为T0已知值。来源可得时间仍待上线核验。,已入模,选定候选保留,0.806412574289928,0.7987298209982511,0.83220206965617,0.059580337020675,0.0,V2继承
loan_loan_day_delta12,历史成功放款订单借款天数｜最近1笔减最近2笔,x = F.loan_day；x[-1]-x[-2],S01｜order_loan_f_v2_copy（整笔订单）,F：全部历史成功放款订单；按remit_time、serial_id升序,天,float32,不足2笔或任一值缺失为NaN,describe(),V3-F0148,历史订单条件,T0固定时点；提单/App<T0，放款/整笔结清≤T0；支付<T0，已确认整笔同秒结清订单的已知同秒支付可=T0；当前条件为T0已知值。来源可得时间仍待上线核验。,已入模,选定候选保留,0.38966383960724943,0.3792403104523804,0.4386335818404361,0.0300835775110001,0.0,V2继承
loan_loan_day_delta23,历史成功放款订单借款天数｜最近2笔减最近3笔,x = F.loan_day；x[-2]-x[-3],S01｜order_loan_f_v2_copy（整笔订单）,F：全部历史成功放款订单；按remit_time、serial_id升序,天,float32,不足3笔或任一值缺失为NaN,describe(),V3-F0149,历史订单条件,T0固定时点；提单/App<T0，放款/整笔结清≤T0；支付<T0，已确认整笔同秒结清订单的已知同秒支付可=T0；当前条件为T0已知值。来源可得时间仍待上线核验。,已入模,选定候选保留,0.5907427277938647,0.5786165042675113,0.6293535106264604,0.0123921468354028,0.0,V2继承
loan_total_term_valid_n,历史成功放款订单期次｜有效值数,x = F.total_term；COUNT(finite(x)),S01｜order_loan_f_v2_copy（整笔订单）,F：全部历史成功放款订单；按remit_time、serial_id升序,个,float32,无有效值返回0,describe(),V3-F0150,历史订单条件,T0固定时点；提单/App<T0，放款/整笔结清≤T0；支付<T0，已确认整笔同秒结清订单的已知同秒支付可=T0；当前条件为T0已知值。来源可得时间仍待上线核验。,已入模,选定候选保留,0.0,0.0,0.0,0.017141662179717,0.0,V2继承
loan_total_term_mean,历史成功放款订单期次｜全历史均值,x = F.total_term；MEAN(finite(x)),S01｜order_loan_f_v2_copy（整笔订单）,F：全部历史成功放款订单；按remit_time、serial_id升序,期,float32,无有效值为NaN,describe(),V3-F0151,历史订单条件,T0固定时点；提单/App<T0，放款/整笔结清≤T0；支付<T0，已确认整笔同秒结清订单的已知同秒支付可=T0；当前条件为T0已知值。来源可得时间仍待上线核验。,已入模,选定候选保留,0.0,0.0,0.0,0.5652474702745433,54.06089973449707,V2继承
loan_total_term_std,历史成功放款订单期次｜全历史总体标准差,"x = F.total_term；STD(finite(x), ddof=0)",S01｜order_loan_f_v2_copy（整笔订单）,F：全部历史成功放款订单；按remit_time、serial_id升序,期,float32,无有效值为NaN；单个有效值为0,describe(),V3-F0152,历史订单条件,T0固定时点；提单/App<T0，放款/整笔结清≤T0；支付<T0，已确认整笔同秒结清订单的已知同秒支付可=T0；当前条件为T0已知值。来源可得时间仍待上线核验。,已入模,选定候选保留,0.0,0.0,0.0,0.0366284790390029,36.583200454711914,V2继承
loan_total_term_min,历史成功放款订单期次｜全历史最小值,x = F.total_term；MIN(finite(x)),S01｜order_loan_f_v2_copy（整笔订单）,F：全部历史成功放款订单；按remit_time、serial_id升序,期,float32,无有效值为NaN,describe(),V3-F0153,历史订单条件,T0固定时点；提单/App<T0，放款/整笔结清≤T0；支付<T0，已确认整笔同秒结清订单的已知同秒支付可=T0；当前条件为T0已知值。来源可得时间仍待上线核验。,已入模,选定候选保留,0.0,0.0,0.0,0.7012880476353158,0.0,V2继承
loan_total_term_max,历史成功放款订单期次｜全历史最大值,x = F.total_term；MAX(finite(x)),S01｜order_loan_f_v2_copy（整笔订单）,F：全部历史成功放款订单；按remit_time、serial_id升序,期,float32,无有效值为NaN,describe(),V3-F0154,历史订单条件,T0固定时点；提单/App<T0，放款/整笔结清≤T0；支付<T0，已确认整笔同秒结清订单的已知同秒支付可=T0；当前条件为T0已知值。来源可得时间仍待上线核验。,已入模,选定候选保留,0.0,0.0,0.0,0.7126392997627307,27.66360092163086,V2继承
loan_total_term_last_first_delta,历史成功放款订单期次｜最近减最早有效值,x = F.total_term；finite(x)[-1]-finite(x)[0],S01｜order_loan_f_v2_copy（整笔订单）,F：全部历史成功放款订单；按remit_time、serial_id升序,期,float32,至少2个有效值；否则NaN,describe(),V3-F0155,历史订单条件,T0固定时点；提单/App<T0，放款/整笔结清≤T0；支付<T0，已确认整笔同秒结清订单的已知同秒支付可=T0；当前条件为T0已知值。来源可得时间仍待上线核验。,已入模,选定候选保留,0.38966383960724943,0.3792403104523804,0.4386335818404361,0.1306230794129362,0.0,V2继承
loan_total_term_slope,历史成功放款订单期次｜生命周期顺序趋势,x = F.total_term；SUM((i-MEAN(i))*(x_i-MEAN(valid_x)))/SUM((i-MEAN(i))^2)，i为有效值在原序列中的位置,S01｜order_loan_f_v2_copy（整笔订单）,F：全部历史成功放款订单；按remit_time、serial_id升序,期／序号步,float32,至少2个有效值；否则NaN,describe(),V3-F0156,历史订单条件,T0固定时点；提单/App<T0，放款/整笔结清≤T0；支付<T0，已确认整笔同秒结清订单的已知同秒支付可=T0；当前条件为T0已知值。来源可得时间仍待上线核验。,已入模,选定候选保留,0.38966383960724943,0.3792403104523804,0.4386335818404361,0.0820546201215655,162.45940113067627,V2继承
loan_total_term_last3_mean,历史成功放款订单期次｜最近3笔有效均值,x = F.total_term；MEAN(finite(x[-3:])),S01｜order_loan_f_v2_copy（整笔订单）,F：全部历史成功放款订单；按remit_time、serial_id升序,期,float32,原序列最近3笔中无有效值为NaN；不跳过缺失补足3笔,describe(),V3-F0157,历史订单条件,T0固定时点；提单/App<T0，放款/整笔结清≤T0；支付<T0，已确认整笔同秒结清订单的已知同秒支付可=T0；当前条件为T0已知值。来源可得时间仍待上线核验。,已入模,选定候选保留,0.0,0.0,0.0,0.491626231240366,20.151899337768555,V2继承
loan_total_term_last5_mean,历史成功放款订单期次｜最近5笔有效均值,x = F.total_term；MEAN(finite(x[-5:])),S01｜order_loan_f_v2_copy（整笔订单）,F：全部历史成功放款订单；按remit_time、serial_id升序,期,float32,原序列最近5笔中无有效值为NaN；不跳过缺失补足5笔,describe(),V3-F0158,历史订单条件,T0固定时点；提单/App<T0，放款/整笔结清≤T0；支付<T0，已确认整笔同秒结清订单的已知同秒支付可=T0；当前条件为T0已知值。来源可得时间仍待上线核验。,已入模,选定候选保留,0.0,0.0,0.0,0.5623026481136204,20.562700271606445,V2继承
loan_total_term_recent_lifetime_delta,历史成功放款订单期次｜近期相对全历史变化,x = F.total_term；MEAN(finite(x[-3:]))-MEAN(finite(x)),S01｜order_loan_f_v2_copy（整笔订单）,F：全部历史成功放款订单；按remit_time、serial_id升序,期,float32,任一侧无有效值为NaN,describe(),V3-F0159,历史订单条件,T0固定时点；提单/App<T0，放款/整笔结清≤T0；支付<T0，已确认整笔同秒结清订单的已知同秒支付可=T0；当前条件为T0已知值。来源可得时间仍待上线核验。,已入模,选定候选保留,0.0,0.0,0.0,0.0111232282932093,15.156100273132324,V2继承
loan_total_term_l1,历史成功放款订单期次｜最近第1笔,x = F.total_term；x[-1],S01｜order_loan_f_v2_copy（整笔订单）,F：全部历史成功放款订单；按remit_time、serial_id升序,期,float32,不足1笔或该位置缺失为NaN；不改取第1个非空值,describe(lags=True),V3-F0160,历史订单条件,T0固定时点；提单/App<T0，放款/整笔结清≤T0；支付<T0，已确认整笔同秒结清订单的已知同秒支付可=T0；当前条件为T0已知值。来源可得时间仍待上线核验。,已入模,选定候选保留,0.0,0.0,0.0,0.5978087805581701,19.71419906616211,V2继承
loan_total_term_l2,历史成功放款订单期次｜最近第2笔,x = F.total_term；x[-2],S01｜order_loan_f_v2_copy（整笔订单）,F：全部历史成功放款订单；按remit_time、serial_id升序,期,float32,不足2笔或该位置缺失为NaN；不改取第2个非空值,describe(lags=True),V3-F0161,历史订单条件,T0固定时点；提单/App<T0，放款/整笔结清≤T0；支付<T0，已确认整笔同秒结清订单的已知同秒支付可=T0；当前条件为T0已知值。来源可得时间仍待上线核验。,已入模,选定候选保留,0.38966383960724943,0.3792403104523804,0.4386335818404361,0.2579264958329854,0.0,V2继承
loan_total_term_l3,历史成功放款订单期次｜最近第3笔,x = F.total_term；x[-3],S01｜order_loan_f_v2_copy（整笔订单）,F：全部历史成功放款订单；按remit_time、serial_id升序,期,float32,不足3笔或该位置缺失为NaN；不改取第3个非空值,describe(lags=True),V3-F0162,历史订单条件,T0固定时点；提单/App<T0，放款/整笔结清≤T0；支付<T0，已确认整笔同秒结清订单的已知同秒支付可=T0；当前条件为T0已知值。来源可得时间仍待上线核验。,已入模,选定候选保留,0.5907427277938647,0.5786165042675113,0.6293535106264604,0.1453383754535014,0.0,V2继承
loan_total_term_l4,历史成功放款订单期次｜最近第4笔,x = F.total_term；x[-4],S01｜order_loan_f_v2_copy（整笔订单）,F：全部历史成功放款订单；按remit_time、serial_id升序,期,float32,不足4笔或该位置缺失为NaN；不改取第4个非空值,describe(lags=True),V3-F0163,历史订单条件,T0固定时点；提单/App<T0，放款/整笔结清≤T0；支付<T0，已确认整笔同秒结清订单的已知同秒支付可=T0；当前条件为T0已知值。来源可得时间仍待上线核验。,已入模,选定候选保留,0.7208070593192519,0.7113566575594188,0.7491932791810393,0.0921343602078876,0.0,V2继承
loan_total_term_l5,历史成功放款订单期次｜最近第5笔,x = F.total_term；x[-5],S01｜order_loan_f_v2_copy（整笔订单）,F：全部历史成功放款订单；按remit_time、serial_id升序,期,float32,不足5笔或该位置缺失为NaN；不改取第5个非空值,describe(lags=True),V3-F0164,历史订单条件,T0固定时点；提单/App<T0，放款/整笔结清≤T0；支付<T0，已确认整笔同秒结清订单的已知同秒支付可=T0；当前条件为T0已知值。来源可得时间仍待上线核验。,已入模,选定候选保留,0.806412574289928,0.7987298209982511,0.83220206965617,0.0436762738521328,0.0,V2继承
loan_total_term_delta12,历史成功放款订单期次｜最近1笔减最近2笔,x = F.total_term；x[-1]-x[-2],S01｜order_loan_f_v2_copy（整笔订单）,F：全部历史成功放款订单；按remit_time、serial_id升序,期,float32,不足2笔或任一值缺失为NaN,describe(),V3-F0165,历史订单条件,T0固定时点；提单/App<T0，放款/整笔结清≤T0；支付<T0，已确认整笔同秒结清订单的已知同秒支付可=T0；当前条件为T0已知值。来源可得时间仍待上线核验。,已入模,选定候选保留,0.38966383960724943,0.3792403104523804,0.4386335818404361,0.0259122624523219,0.0,V2继承
loan_total_term_delta23,历史成功放款订单期次｜最近2笔减最近3笔,x = F.total_term；x[-2]-x[-3],S01｜order_loan_f_v2_copy（整笔订单）,F：全部历史成功放款订单；按remit_time、serial_id升序,期,float32,不足3笔或任一值缺失为NaN,describe(),V3-F0166,历史订单条件,T0固定时点；提单/App<T0，放款/整笔结清≤T0；支付<T0，已确认整笔同秒结清订单的已知同秒支付可=T0；当前条件为T0已知值。来源可得时间仍待上线核验。,已入模,选定候选保留,0.5907427277938647,0.5786165042675113,0.6293535106264604,0.012247879884193,0.0,V2继承
loan_credit_change_valid_n,相邻成功放款订单的获额变化额｜有效值数,x = diff(F.credit_amt)；COUNT(finite(x)),S01｜order_loan_f_v2_copy（整笔订单）；S02｜order_vir_f_copy（获额）,F：全部历史成功放款订单；按remit_time、serial_id升序,个,float32,无有效值返回0,describe(),V3-F0167,历史订单条件,T0固定时点；提单/App<T0，放款/整笔结清≤T0；支付<T0，已确认整笔同秒结清订单的已知同秒支付可=T0；当前条件为T0已知值。来源可得时间仍待上线核验。,已入模,选定候选保留,0.0,0.0,0.0,0.0162626782966256,0.0,V2继承
loan_credit_change_mean,相邻成功放款订单的获额变化额｜全历史均值,x = diff(F.credit_amt)；MEAN(finite(x)),S01｜order_loan_f_v2_copy（整笔订单）；S02｜order_vir_f_copy（获额）,F：全部历史成功放款订单；按remit_time、serial_id升序,MXN,float32,无有效值为NaN,describe(),V3-F0168,历史订单条件,T0固定时点；提单/App<T0，放款/整笔结清≤T0；支付<T0，已确认整笔同秒结清订单的已知同秒支付可=T0；当前条件为T0已知值。来源可得时间仍待上线核验。,已入模,选定候选保留,0.3926721835971759,0.3825688886739686,0.4405252030711027,0.0290883182404004,86.02120018005371,V2继承
loan_credit_change_std,相邻成功放款订单的获额变化额｜全历史总体标准差,"x = diff(F.credit_amt)；STD(finite(x), ddof=0)",S01｜order_loan_f_v2_copy（整笔订单）；S02｜order_vir_f_copy（获额）,F：全部历史成功放款订单；按remit_time、serial_id升序,MXN,float32,无有效值为NaN；单个有效值为0,describe(),V3-F0169,历史订单条件,T0固定时点；提单/App<T0，放款/整笔结清≤T0；支付<T0，已确认整笔同秒结清订单的已知同秒支付可=T0；当前条件为T0已知值。来源可得时间仍待上线核验。,已入模,选定候选保留,0.3926721835971759,0.3825688886739686,0.4405252030711027,0.0165222852091184,79.07070064544678,V2继承
loan_credit_change_min,相邻成功放款订单的获额变化额｜全历史最小值,x = diff(F.credit_amt)；MIN(finite(x)),S01｜order_loan_f_v2_copy（整笔订单）；S02｜order_vir_f_copy（获额）,F：全部历史成功放款订单；按remit_time、serial_id升序,MXN,float32,无有效值为NaN,describe(),V3-F0170,历史订单条件,T0固定时点；提单/App<T0，放款/整笔结清≤T0；支付<T0，已确认整笔同秒结清订单的已知同秒支付可=T0；当前条件为T0已知值。来源可得时间仍待上线核验。,已入模,选定候选保留,0.3926721835971759,0.3825688886739686,0.4405252030711027,0.0315219260625798,49.02769947052002,V2继承
loan_credit_change_max,相邻成功放款订单的获额变化额｜全历史最大值,x = diff(F.credit_amt)；MAX(finite(x)),S01｜order_loan_f_v2_copy（整笔订单）；S02｜order_vir_f_copy（获额）,F：全部历史成功放款订单；按remit_time、serial_id升序,MXN,float32,无有效值为NaN,describe(),V3-F0171,历史订单条件,T0固定时点；提单/App<T0，放款/整笔结清≤T0；支付<T0，已确认整笔同秒结清订单的已知同秒支付可=T0；当前条件为T0已知值。来源可得时间仍待上线核验。,已入模,选定候选保留,0.3926721835971759,0.3825688886739686,0.4405252030711027,0.0291714088047028,91.92509937286376,V2继承
loan_credit_change_last_first_delta,相邻成功放款订单的获额变化额｜最近减最早有效值,x = diff(F.credit_amt)；finite(x)[-1]-finite(x)[0],S01｜order_loan_f_v2_copy（整笔订单）；S02｜order_vir_f_copy（获额）,F：全部历史成功放款订单；按remit_time、serial_id升序,MXN,float32,至少2个有效值；否则NaN,describe(),V3-F0172,历史订单条件,T0固定时点；提单/App<T0，放款/整笔结清≤T0；支付<T0，已确认整笔同秒结清订单的已知同秒支付可=T0；当前条件为T0已知值。来源可得时间仍待上线核验。,已入模,选定候选保留,0.5943243230001127,0.5823480580607203,0.6323578502281073,0.0145941808073117,44.79640007019043,V2继承
loan_credit_change_slope,相邻成功放款订单的获额变化额｜生命周期顺序趋势,x = diff(F.credit_amt)；SUM((i-MEAN(i))*(x_i-MEAN(valid_x)))/SUM((i-MEAN(i))^2)，i为有效值在原序列中的位置,S01｜order_loan_f_v2_copy（整笔订单）；S02｜order_vir_f_copy（获额）,F：全部历史成功放款订单；按remit_time、serial_id升序,MXN／序号步,float32,至少2个有效值；否则NaN,describe(),V3-F0173,历史订单条件,T0固定时点；提单/App<T0，放款/整笔结清≤T0；支付<T0，已确认整笔同秒结清订单的已知同秒支付可=T0；当前条件为T0已知值。来源可得时间仍待上线核验。,已入模,选定候选保留,0.5943243230001127,0.5823480580607203,0.6323578502281073,0.0149398888407362,160.6480007171631,V2继承
loan_credit_change_last3_mean,相邻成功放款订单的获额变化额｜最近3笔有效均值,x = diff(F.credit_amt)；MEAN(finite(x[-3:])),S01｜order_loan_f_v2_copy（整笔订单）；S02｜order_vir_f_copy（获额）,F：全部历史成功放款订单；按remit_time、serial_id升序,MXN,float32,原序列最近3笔中无有效值为NaN；不跳过缺失补足3笔,describe(),V3-F0174,历史订单条件,T0固定时点；提单/App<T0，放款/整笔结清≤T0；支付<T0，已确认整笔同秒结清订单的已知同秒支付可=T0；当前条件为T0已知值。来源可得时间仍待上线核验。,已入模,选定候选保留,0.3926868823463123,0.382576948185401,0.4405252030711027,0.0326314746730622,17.237499237060547,V2继承
loan_credit_change_last5_mean,相邻成功放款订单的获额变化额｜最近5笔有效均值,x = diff(F.credit_amt)；MEAN(finite(x[-5:])),S01｜order_loan_f_v2_copy（整笔订单）；S02｜order_vir_f_copy（获额）,F：全部历史成功放款订单；按remit_time、serial_id升序,MXN,float32,原序列最近5笔中无有效值为NaN；不跳过缺失补足5笔,describe(),V3-F0175,历史订单条件,T0固定时点；提单/App<T0，放款/整笔结清≤T0；支付<T0，已确认整笔同秒结清订单的已知同秒支付可=T0；当前条件为T0已知值。来源可得时间仍待上线核验。,已入模,选定候选保留,0.3926721835971759,0.3825688886739686,0.4405252030711027,0.0316356700139663,115.262300491333,V2继承
loan_credit_change_recent_lifetime_delta,相邻成功放款订单的获额变化额｜近期相对全历史变化,x = diff(F.credit_amt)；MEAN(finite(x[-3:]))-MEAN(finite(x)),S01｜order_loan_f_v2_copy（整笔订单）；S02｜order_vir_f_copy（获额）,F：全部历史成功放款订单；按remit_time、serial_id升序,MXN,float32,任一侧无有效值为NaN,describe(),V3-F0176,历史订单条件,T0固定时点；提单/App<T0，放款/整笔结清≤T0；支付<T0，已确认整笔同秒结清订单的已知同秒支付可=T0；当前条件为T0已知值。来源可得时间仍待上线核验。,已入模,选定候选保留,0.3926868823463123,0.382576948185401,0.4405252030711027,0.014978006757221,39.267499923706055,V2继承
loan_credit_change_l1,相邻成功放款订单的获额变化额｜最近第1笔,x = diff(F.credit_amt)；x[-1],S01｜order_loan_f_v2_copy（整笔订单）；S02｜order_vir_f_copy（获额）,F：全部历史成功放款订单；按remit_time、serial_id升序,MXN,float32,不足1笔或该位置缺失为NaN；不改取第1个非空值,describe(lags=True),V3-F0177,历史订单条件,T0固定时点；提单/App<T0，放款/整笔结清≤T0；支付<T0，已确认整笔同秒结清订单的已知同秒支付可=T0；当前条件为T0已知值。来源可得时间仍待上线核验。,已入模,选定候选保留,0.3945977197340506,0.383987362686074,0.4423055524646712,0.0228239264799403,0.0,V2继承
loan_credit_change_l2,相邻成功放款订单的获额变化额｜最近第2笔,x = diff(F.credit_amt)；x[-2],S01｜order_loan_f_v2_copy（整笔订单）；S02｜order_vir_f_copy（获额）,F：全部历史成功放款订单；按remit_time、serial_id升序,MXN,float32,不足2笔或该位置缺失为NaN；不改取第2个非空值,describe(lags=True),V3-F0178,历史订单条件,T0固定时点；提单/App<T0，放款/整笔结清≤T0；支付<T0，已确认整笔同秒结清订单的已知同秒支付可=T0；当前条件为T0已知值。来源可得时间仍待上线核验。,已入模,选定候选保留,0.5947309883928877,0.5824770102436391,0.6334705685990876,0.0150340165672413,0.0,V2继承
loan_credit_change_l3,相邻成功放款订单的获额变化额｜最近第3笔,x = diff(F.credit_amt)；x[-3],S01｜order_loan_f_v2_copy（整笔订单）；S02｜order_vir_f_copy（获额）,F：全部历史成功放款订单；按remit_time、serial_id升序,MXN,float32,不足3笔或该位置缺失为NaN；不改取第3个非空值,describe(lags=True),V3-F0179,历史订单条件,T0固定时点；提单/App<T0，放款/整笔结清≤T0；支付<T0，已确认整笔同秒结清订单的已知同秒支付可=T0；当前条件为T0已知值。来源可得时间仍待上线核验。,已入模,选定候选保留,0.7239917882988157,0.7144515099494668,0.7523088906197841,0.0089182191446484,44.13740062713623,V2继承
loan_credit_change_l4,相邻成功放款订单的获额变化额｜最近第4笔,x = diff(F.credit_amt)；x[-4],S01｜order_loan_f_v2_copy（整笔订单）；S02｜order_vir_f_copy（获额）,F：全部历史成功放款订单；按remit_time、serial_id升序,MXN,float32,不足4笔或该位置缺失为NaN；不改取第4个非空值,describe(lags=True),V3-F0180,历史订单条件,T0固定时点；提单/App<T0，放款/整笔结清≤T0；支付<T0，已确认整笔同秒结清订单的已知同秒支付可=T0；当前条件为T0已知值。来源可得时间仍待上线核验。,已入模,选定候选保留,0.8090632487175341,0.8015264714652998,0.8339824190497385,0.0090651162002089,241.4177017211914,V2继承
loan_credit_change_l5,相邻成功放款订单的获额变化额｜最近第5笔,x = diff(F.credit_amt)；x[-5],S01｜order_loan_f_v2_copy（整笔订单）；S02｜order_vir_f_copy（获额）,F：全部历史成功放款订单；按remit_time、serial_id升序,MXN,float32,不足5笔或该位置缺失为NaN；不改取第5个非空值,describe(lags=True),V3-F0181,历史订单条件,T0固定时点；提单/App<T0，放款/整笔结清≤T0；支付<T0，已确认整笔同秒结清订单的已知同秒支付可=T0；当前条件为T0已知值。来源可得时间仍待上线核验。,已入模,选定候选保留,0.8657171274724521,0.8597403225416476,0.8878379882051852,0.0096268180725859,72.07490062713623,V2继承
loan_credit_change_delta12,相邻成功放款订单的获额变化额｜最近1笔减最近2笔,x = diff(F.credit_amt)；x[-1]-x[-2],S01｜order_loan_f_v2_copy（整笔订单）；S02｜order_vir_f_copy（获额）,F：全部历史成功放款订单；按remit_time、serial_id升序,MXN,float32,不足2笔或任一值缺失为NaN,describe(),V3-F0182,历史订单条件,T0固定时点；提单/App<T0，放款/整笔结清≤T0；支付<T0，已确认整笔同秒结清订单的已知同秒支付可=T0；当前条件为T0已知值。来源可得时间仍待上线核验。,已入模,选定候选保留,0.5959215870729401,0.5834280325926642,0.6341381996216757,0.013932470065014,76.57859992980957,V2继承
loan_credit_change_delta23,相邻成功放款订单的获额变化额｜最近2笔减最近3笔,x = diff(F.credit_amt)；x[-2]-x[-3],S01｜order_loan_f_v2_copy（整笔订单）；S02｜order_vir_f_copy（获额）,F：全部历史成功放款订单；按remit_time、serial_id升序,MXN,float32,不足3笔或任一值缺失为NaN,describe(),V3-F0183,历史订单条件,T0固定时点；提单/App<T0，放款/整笔结清≤T0；支付<T0，已确认整笔同秒结清订单的已知同秒支付可=T0；当前条件为T0已知值。来源可得时间仍待上线核验。,已入模,选定候选保留,0.7247120270065017,0.7149109021011146,0.7534216089907645,0.0097611556399909,31.45419979095459,V2继承
loan_credit_change_ratio_valid_n,相邻成功放款订单的获额变化比例｜有效值数,x = diff(F.credit_amt) / F.credit_amt[:-1]；前笔额度>0；COUNT(finite(x)),S01｜order_loan_f_v2_copy（整笔订单）；S02｜order_vir_f_copy（获额）,F：全部历史成功放款订单；按remit_time、serial_id升序,个,float32,无有效值返回0,describe(),V3-F0184,历史订单条件,T0固定时点；提单/App<T0，放款/整笔结清≤T0；支付<T0，已确认整笔同秒结清订单的已知同秒支付可=T0；当前条件为T0已知值。来源可得时间仍待上线核验。,已入模,选定候选保留,0.0,0.0,0.0,0.0162626782966256,0.0,V2继承
loan_credit_change_ratio_mean,相邻成功放款订单的获额变化比例｜全历史均值,x = diff(F.credit_amt) / F.credit_amt[:-1]；前笔额度>0；MEAN(finite(x)),S01｜order_loan_f_v2_copy（整笔订单）；S02｜order_vir_f_copy（获额）,F：全部历史成功放款订单；按remit_time、serial_id升序,比例,float32,无有效值为NaN,describe(),V3-F0185,历史订单条件,T0固定时点；提单/App<T0，放款/整笔结清≤T0；支付<T0，已确认整笔同秒结清订单的已知同秒支付可=T0；当前条件为T0已知值。来源可得时间仍待上线核验。,已入模,选定候选保留,0.3926770831802214,0.3825688886739686,0.4405252030711027,0.0329325888540686,162.0162992477417,V2继承
loan_credit_change_ratio_std,相邻成功放款订单的获额变化比例｜全历史总体标准差,"x = diff(F.credit_amt) / F.credit_amt[:-1]；前笔额度>0；STD(finite(x), ddof=0)",S01｜order_loan_f_v2_copy（整笔订单）；S02｜order_vir_f_copy（获额）,F：全部历史成功放款订单；按remit_time、serial_id升序,比例,float32,无有效值为NaN；单个有效值为0,describe(),V3-F0186,历史订单条件,T0固定时点；提单/App<T0，放款/整笔结清≤T0；支付<T0，已确认整笔同秒结清订单的已知同秒支付可=T0；当前条件为T0已知值。来源可得时间仍待上线核验。,已入模,选定候选保留,0.3926770831802214,0.3825688886739686,0.4405252030711027,0.0169215354629343,44.662699699401855,V2继承
loan_credit_change_ratio_min,相邻成功放款订单的获额变化比例｜全历史最小值,x = diff(F.credit_amt) / F.credit_amt[:-1]；前笔额度>0；MIN(finite(x)),S01｜order_loan_f_v2_copy（整笔订单）；S02｜order_vir_f_copy（获额）,F：全部历史成功放款订单；按remit_time、serial_id升序,比例,float32,无有效值为NaN,describe(),V3-F0187,历史订单条件,T0固定时点；提单/App<T0，放款/整笔结清≤T0；支付<T0，已确认整笔同秒结清订单的已知同秒支付可=T0；当前条件为T0已知值。来源可得时间仍待上线核验。,已入模,选定候选保留,0.3926770831802214,0.3825688886739686,0.4405252030711027,0.0293823940937426,62.09460163116455,V2继承
loan_credit_change_ratio_max,相邻成功放款订单的获额变化比例｜全历史最大值,x = diff(F.credit_amt) / F.credit_amt[:-1]；前笔额度>0；MAX(finite(x)),S01｜order_loan_f_v2_copy（整笔订单）；S02｜order_vir_f_copy（获额）,F：全部历史成功放款订单；按remit_time、serial_id升序,比例,float32,无有效值为NaN,describe(),V3-F0188,历史订单条件,T0固定时点；提单/App<T0，放款/整笔结清≤T0；支付<T0，已确认整笔同秒结清订单的已知同秒支付可=T0；当前条件为T0已知值。来源可得时间仍待上线核验。,已入模,选定候选保留,0.3926770831802214,0.3825688886739686,0.4405252030711027,0.0551320394513629,146.40940284729004,V2继承
loan_credit_change_ratio_last_first_delta,相邻成功放款订单的获额变化比例｜最近减最早有效值,x = diff(F.credit_amt) / F.credit_amt[:-1]；前笔额度>0；finite(x)[-1]-finite(x)[0],S01｜order_loan_f_v2_copy（整笔订单）；S02｜order_vir_f_copy（获额）,F：全部历史成功放款订单；按remit_time、serial_id升序,比例,float32,至少2个有效值；否则NaN,describe(),V3-F0189,历史订单条件,T0固定时点；提单/App<T0，放款/整笔结清≤T0；支付<T0，已确认整笔同秒结清订单的已知同秒支付可=T0；当前条件为T0已知值。来源可得时间仍待上线核验。,已入模,选定候选保留,0.5943243230001127,0.5823480580607203,0.6323578502281073,0.0127227046213901,38.77390003204346,V2继承
loan_credit_change_ratio_slope,相邻成功放款订单的获额变化比例｜生命周期顺序趋势,x = diff(F.credit_amt) / F.credit_amt[:-1]；前笔额度>0；SUM((i-MEAN(i))*(x_i-MEAN(valid_x)))/SUM((i-MEAN(i))^2)，i为有效值在原序列中的位置,S01｜order_loan_f_v2_copy（整笔订单）；S02｜order_vir_f_copy（获额）,F：全部历史成功放款订单；按remit_time、serial_id升序,比例／序号步,float32,至少2个有效值；否则NaN,describe(),V3-F0190,历史订单条件,T0固定时点；提单/App<T0，放款/整笔结清≤T0；支付<T0，已确认整笔同秒结清订单的已知同秒支付可=T0；当前条件为T0已知值。来源可得时间仍待上线核验。,已入模,选定候选保留,0.5943243230001127,0.5823480580607203,0.6323578502281073,0.0118572296507322,56.47030067443848,V2继承
loan_credit_change_ratio_last3_mean,相邻成功放款订单的获额变化比例｜最近3笔有效均值,x = diff(F.credit_amt) / F.credit_amt[:-1]；前笔额度>0；MEAN(finite(x[-3:])),S01｜order_loan_f_v2_copy（整笔订单）；S02｜order_vir_f_copy（获额）,F：全部历史成功放款订单；按remit_time、serial_id升序,比例,float32,原序列最近3笔中无有效值为NaN；不跳过缺失补足3笔,describe(),V3-F0191,历史订单条件,T0固定时点；提单/App<T0，放款/整笔结清≤T0；支付<T0，已确认整笔同秒结清订单的已知同秒支付可=T0；当前条件为T0已知值。来源可得时间仍待上线核验。,已入模,选定候选保留,0.39269178192935783,0.382576948185401,0.4405252030711027,0.0361120862643966,92.57760047912598,V2继承
loan_credit_change_ratio_last5_mean,相邻成功放款订单的获额变化比例｜最近5笔有效均值,x = diff(F.credit_amt) / F.credit_amt[:-1]；前笔额度>0；MEAN(finite(x[-5:])),S01｜order_loan_f_v2_copy（整笔订单）；S02｜order_vir_f_copy（获额）,F：全部历史成功放款订单；按remit_time、serial_id升序,比例,float32,原序列最近5笔中无有效值为NaN；不跳过缺失补足5笔,describe(),V3-F0192,历史订单条件,T0固定时点；提单/App<T0，放款/整笔结清≤T0；支付<T0，已确认整笔同秒结清订单的已知同秒支付可=T0；当前条件为T0已知值。来源可得时间仍待上线核验。,已入模,选定候选保留,0.3926770831802214,0.3825688886739686,0.4405252030711027,0.0372626638909693,14.30239963531494,V2继承
loan_credit_change_ratio_recent_lifetime_delta,相邻成功放款订单的获额变化比例｜近期相对全历史变化,x = diff(F.credit_amt) / F.credit_amt[:-1]；前笔额度>0；MEAN(finite(x[-3:]))-MEAN(finite(x)),S01｜order_loan_f_v2_copy（整笔订单）；S02｜order_vir_f_copy（获额）,F：全部历史成功放款订单；按remit_time、serial_id升序,比例,float32,任一侧无有效值为NaN,describe(),V3-F0193,历史订单条件,T0固定时点；提单/App<T0，放款/整笔结清≤T0；支付<T0，已确认整笔同秒结清订单的已知同秒支付可=T0；当前条件为T0已知值。来源可得时间仍待上线核验。,已入模,选定候选保留,0.39269178192935783,0.382576948185401,0.4405252030711027,0.0153218053684419,37.88242053985596,V2继承
loan_credit_change_ratio_l1,相邻成功放款订单的获额变化比例｜最近第1笔,x = diff(F.credit_amt) / F.credit_amt[:-1]；前笔额度>0；x[-1],S01｜order_loan_f_v2_copy（整笔订单）；S02｜order_vir_f_copy（获额）,F：全部历史成功放款订单；按remit_time、serial_id升序,比例,float32,不足1笔或该位置缺失为NaN；不改取第1个非空值,describe(lags=True),V3-F0194,历史订单条件,T0固定时点；提单/App<T0，放款/整笔结清≤T0；支付<T0，已确认整笔同秒结清订单的已知同秒支付可=T0；当前条件为T0已知值。来源可得时间仍待上线核验。,已入模,选定候选保留,0.3946026193170961,0.383987362686074,0.4423055524646712,0.0436239466372943,79.05700302124023,V2继承
loan_credit_change_ratio_l2,相邻成功放款订单的获额变化比例｜最近第2笔,x = diff(F.credit_amt) / F.credit_amt[:-1]；前笔额度>0；x[-2],S01｜order_loan_f_v2_copy（整笔订单）；S02｜order_vir_f_copy（获额）,F：全部历史成功放款订单；按remit_time、serial_id升序,比例,float32,不足2笔或该位置缺失为NaN；不改取第2个非空值,describe(lags=True),V3-F0195,历史订单条件,T0固定时点；提单/App<T0，放款/整笔结清≤T0；支付<T0，已确认整笔同秒结清订单的已知同秒支付可=T0；当前条件为T0已知值。来源可得时间仍待上线核验。,已入模,选定候选保留,0.5947309883928877,0.5824770102436391,0.6334705685990876,0.0218251953742711,33.15920066833496,V2继承
loan_credit_change_ratio_l3,相邻成功放款订单的获额变化比例｜最近第3笔,x = diff(F.credit_amt) / F.credit_amt[:-1]；前笔额度>0；x[-3],S01｜order_loan_f_v2_copy（整笔订单）；S02｜order_vir_f_copy（获额）,F：全部历史成功放款订单；按remit_time、serial_id升序,比例,float32,不足3笔或该位置缺失为NaN；不改取第3个非空值,describe(lags=True),V3-F0196,历史订单条件,T0固定时点；提单/App<T0，放款/整笔结清≤T0；支付<T0，已确认整笔同秒结清订单的已知同秒支付可=T0；当前条件为T0已知值。来源可得时间仍待上线核验。,已入模,选定候选保留,0.7239966878818612,0.7144515099494668,0.7523088906197841,0.0166805898961177,60.89560031890869,V2继承
loan_credit_change_ratio_l4,相邻成功放款订单的获额变化比例｜最近第4笔,x = diff(F.credit_amt) / F.credit_amt[:-1]；前笔额度>0；x[-4],S01｜order_loan_f_v2_copy（整笔订单）；S02｜order_vir_f_copy（获额）,F：全部历史成功放款订单；按remit_time、serial_id升序,比例,float32,不足4笔或该位置缺失为NaN；不改取第4个非空值,describe(lags=True),V3-F0197,历史订单条件,T0固定时点；提单/App<T0，放款/整笔结清≤T0；支付<T0，已确认整笔同秒结清订单的已知同秒支付可=T0；当前条件为T0已知值。来源可得时间仍待上线核验。,已入模,选定候选保留,0.8090681483005796,0.8015264714652998,0.8339824190497385,0.0127502879018288,10.097999572753906,V2继承
loan_credit_change_ratio_l5,相邻成功放款订单的获额变化比例｜最近第5笔,x = diff(F.credit_amt) / F.credit_amt[:-1]；前笔额度>0；x[-5],S01｜order_loan_f_v2_copy（整笔订单）；S02｜order_vir_f_copy（获额）,F：全部历史成功放款订单；按remit_time、serial_id升序,比例,float32,不足5笔或该位置缺失为NaN；不改取第5个非空值,describe(lags=True),V3-F0198,历史订单条件,T0固定时点；提单/App<T0，放款/整笔结清≤T0；支付<T0，已确认整笔同秒结清订单的已知同秒支付可=T0；当前条件为T0已知值。来源可得时间仍待上线核验。,已入模,选定候选保留,0.8657220270554976,0.8597403225416476,0.8878379882051852,0.0098417496997556,63.285799980163574,V2继承
loan_credit_change_ratio_delta12,相邻成功放款订单的获额变化比例｜最近1笔减最近2笔,x = diff(F.credit_amt) / F.credit_amt[:-1]；前笔额度>0；x[-1]-x[-2],S01｜order_loan_f_v2_copy（整笔订单）；S02｜order_vir_f_copy（获额）,F：全部历史成功放款订单；按remit_time、serial_id升序,比例,float32,不足2笔或任一值缺失为NaN,describe(),V3-F0199,历史订单条件,T0固定时点；提单/App<T0，放款/整笔结清≤T0；支付<T0，已确认整笔同秒结清订单的已知同秒支付可=T0；当前条件为T0已知值。来源可得时间仍待上线核验。,已入模,选定候选保留,0.5959215870729401,0.5834280325926642,0.6341381996216757,0.0144424531505052,49.60710048675537,V2继承
loan_credit_change_ratio_delta23,相邻成功放款订单的获额变化比例｜最近2笔减最近3笔,x = diff(F.credit_amt) / F.credit_amt[:-1]；前笔额度>0；x[-2]-x[-3],S01｜order_loan_f_v2_copy（整笔订单）；S02｜order_vir_f_copy（获额）,F：全部历史成功放款订单；按remit_time、serial_id升序,比例,float32,不足3笔或任一值缺失为NaN,describe(),V3-F0200,历史订单条件,T0固定时点；提单/App<T0，放款/整笔结清≤T0；支付<T0，已确认整笔同秒结清订单的已知同秒支付可=T0；当前条件为T0已知值。来源可得时间仍待上线核验。,已入模,选定候选保留,0.7247169265895472,0.7149109021011146,0.7534216089907645,0.0094965940900374,61.47120094299317,V2继承
loan_change_up_n,获额上升｜次数,x = diff(F.credit_amt)；flag = finite(x) AND (x>0)；SUM(flag),S01｜order_loan_f_v2_copy（整笔订单）；S02｜order_vir_f_copy（获额）,F：全部历史成功放款订单；按remit_time、serial_id升序,次,float32,无符合条件值为0,rates()；阈值累计项可交叉，不是互斥分档,V3-F0201,历史订单条件,T0固定时点；提单/App<T0，放款/整笔结清≤T0；支付<T0，已确认整笔同秒结清订单的已知同秒支付可=T0；当前条件为T0已知值。来源可得时间仍待上线核验。,已入模,选定候选保留,0.0,0.0,0.0,0.0089582156389629,14.37909984588623,V2继承
loan_change_up_share,获额上升｜占比,x = diff(F.credit_amt)；flag = finite(x) AND (x>0)；SUM(flag)/COUNT(finite(x)),S01｜order_loan_f_v2_copy（整笔订单）；S02｜order_vir_f_copy（获额）,F：全部历史成功放款订单；按remit_time、serial_id升序,比例,float32,无有效x为NaN；有效x存在且无符合值为0,rates()；阈值累计项可交叉，不是互斥分档,V3-F0202,历史订单条件,T0固定时点；提单/App<T0，放款/整笔结清≤T0；支付<T0，已确认整笔同秒结清订单的已知同秒支付可=T0；当前条件为T0已知值。来源可得时间仍待上线核验。,已入模,选定候选保留,0.3926721835971759,0.3825688886739686,0.4405252030711027,0.0145082600771651,11.285300254821776,V2继承
loan_change_up_current_streak,获额上升｜当前连续次数,x = diff(F.credit_amt)；flag = finite(x) AND (x>0)；从序列末尾向前累计连续True，遇False即止,S01｜order_loan_f_v2_copy（整笔订单）；S02｜order_vir_f_copy（获额）,F：全部历史成功放款订单；按remit_time、serial_id升序,次,float32,缺失转False、中断连续；空序列为0,rates()；阈值累计项可交叉，不是互斥分档,V3-F0203,历史订单条件,T0固定时点；提单/App<T0，放款/整笔结清≤T0；支付<T0，已确认整笔同秒结清订单的已知同秒支付可=T0；当前条件为T0已知值。来源可得时间仍待上线核验。,已入模,选定候选保留,0.0,0.0,0.0,0.0033200659142577,0.0,V2继承
loan_change_up_max_streak,获额上升｜历史最长连续次数,x = diff(F.credit_amt)；flag = finite(x) AND (x>0)；序列中最长连续True长度,S01｜order_loan_f_v2_copy（整笔订单）；S02｜order_vir_f_copy（获额）,F：全部历史成功放款订单；按remit_time、serial_id升序,次,float32,缺失转False、中断连续；空序列为0,rates()；阈值累计项可交叉，不是互斥分档,V3-F0204,历史订单条件,T0固定时点；提单/App<T0，放款/整笔结清≤T0；支付<T0，已确认整笔同秒结清订单的已知同秒支付可=T0；当前条件为T0已知值。来源可得时间仍待上线核验。,已入模,选定候选保留,0.0,0.0,0.0,0.0094264481351972,0.0,V2继承
loan_change_down_n,获额下降｜次数,x = diff(F.credit_amt)；flag = finite(x) AND (x<0)；SUM(flag),S01｜order_loan_f_v2_copy（整笔订单）；S02｜order_vir_f_copy（获额）,F：全部历史成功放款订单；按remit_time、serial_id升序,次,float32,无符合条件值为0,rates()；阈值累计项可交叉，不是互斥分档,V3-F0205,历史订单条件,T0固定时点；提单/App<T0，放款/整笔结清≤T0；支付<T0，已确认整笔同秒结清订单的已知同秒支付可=T0；当前条件为T0已知值。来源可得时间仍待上线核验。,已入模,选定候选保留,0.0,0.0,0.0,0.0051436247014044,17.644699096679688,V2继承
loan_change_down_share,获额下降｜占比,x = diff(F.credit_amt)；flag = finite(x) AND (x<0)；SUM(flag)/COUNT(finite(x)),S01｜order_loan_f_v2_copy（整笔订单）；S02｜order_vir_f_copy（获额）,F：全部历史成功放款订单；按remit_time、serial_id升序,比例,float32,无有效x为NaN；有效x存在且无符合值为0,rates()；阈值累计项可交叉，不是互斥分档,V3-F0206,历史订单条件,T0固定时点；提单/App<T0，放款/整笔结清≤T0；支付<T0，已确认整笔同秒结清订单的已知同秒支付可=T0；当前条件为T0已知值。来源可得时间仍待上线核验。,已入模,选定候选保留,0.3926721835971759,0.3825688886739686,0.4405252030711027,0.0171781796033082,32.70389938354492,V2继承
loan_change_down_current_streak,获额下降｜当前连续次数,x = diff(F.credit_amt)；flag = finite(x) AND (x<0)；从序列末尾向前累计连续True，遇False即止,S01｜order_loan_f_v2_copy（整笔订单）；S02｜order_vir_f_copy（获额）,F：全部历史成功放款订单；按remit_time、serial_id升序,次,float32,缺失转False、中断连续；空序列为0,rates()；阈值累计项可交叉，不是互斥分档,V3-F0207,历史订单条件,T0固定时点；提单/App<T0，放款/整笔结清≤T0；支付<T0，已确认整笔同秒结清订单的已知同秒支付可=T0；当前条件为T0已知值。来源可得时间仍待上线核验。,已入模,选定候选保留,0.0,0.0,0.0,0.0021607465282638,0.0,V2继承
loan_change_down_max_streak,获额下降｜历史最长连续次数,x = diff(F.credit_amt)；flag = finite(x) AND (x<0)；序列中最长连续True长度,S01｜order_loan_f_v2_copy（整笔订单）；S02｜order_vir_f_copy（获额）,F：全部历史成功放款订单；按remit_time、serial_id升序,次,float32,缺失转False、中断连续；空序列为0,rates()；阈值累计项可交叉，不是互斥分档,V3-F0208,历史订单条件,T0固定时点；提单/App<T0，放款/整笔结清≤T0；支付<T0，已确认整笔同秒结清订单的已知同秒支付可=T0；当前条件为T0已知值。来源可得时间仍待上线核验。,已入模,选定候选保留,0.0,0.0,0.0,0.0050191863633404,0.0,V2继承
loan_change_same_n,获额不变｜次数,x = diff(F.credit_amt)；flag = finite(x) AND (x==0)；SUM(flag),S01｜order_loan_f_v2_copy（整笔订单）；S02｜order_vir_f_copy（获额）,F：全部历史成功放款订单；按remit_time、serial_id升序,次,float32,无符合条件值为0,rates()；阈值累计项可交叉，不是互斥分档,V3-F0209,历史订单条件,T0固定时点；提单/App<T0，放款/整笔结清≤T0；支付<T0，已确认整笔同秒结清订单的已知同秒支付可=T0；当前条件为T0已知值。来源可得时间仍待上线核验。,已入模,选定候选保留,0.0,0.0,0.0,0.0117310386209957,0.0,V2继承
loan_change_same_share,获额不变｜占比,x = diff(F.credit_amt)；flag = finite(x) AND (x==0)；SUM(flag)/COUNT(finite(x)),S01｜order_loan_f_v2_copy（整笔订单）；S02｜order_vir_f_copy（获额）,F：全部历史成功放款订单；按remit_time、serial_id升序,比例,float32,无有效x为NaN；有效x存在且无符合值为0,rates()；阈值累计项可交叉，不是互斥分档,V3-F0210,历史订单条件,T0固定时点；提单/App<T0，放款/整笔结清≤T0；支付<T0，已确认整笔同秒结清订单的已知同秒支付可=T0；当前条件为T0已知值。来源可得时间仍待上线核验。,已入模,选定候选保留,0.3926721835971759,0.3825688886739686,0.4405252030711027,0.0231994746795248,10.098699569702148,V2继承
loan_change_same_current_streak,获额不变｜当前连续次数,x = diff(F.credit_amt)；flag = finite(x) AND (x==0)；从序列末尾向前累计连续True，遇False即止,S01｜order_loan_f_v2_copy（整笔订单）；S02｜order_vir_f_copy（获额）,F：全部历史成功放款订单；按remit_time、serial_id升序,次,float32,缺失转False、中断连续；空序列为0,rates()；阈值累计项可交叉，不是互斥分档,V3-F0211,历史订单条件,T0固定时点；提单/App<T0，放款/整笔结清≤T0；支付<T0，已确认整笔同秒结清订单的已知同秒支付可=T0；当前条件为T0已知值。来源可得时间仍待上线核验。,已入模,选定候选保留,0.0,0.0,0.0,0.0,0.0,V2继承
loan_change_same_max_streak,获额不变｜历史最长连续次数,x = diff(F.credit_amt)；flag = finite(x) AND (x==0)；序列中最长连续True长度,S01｜order_loan_f_v2_copy（整笔订单）；S02｜order_vir_f_copy（获额）,F：全部历史成功放款订单；按remit_time、serial_id升序,次,float32,缺失转False、中断连续；空序列为0,rates()；阈值累计项可交叉，不是互斥分档,V3-F0212,历史订单条件,T0固定时点；提单/App<T0，放款/整笔结清≤T0；支付<T0，已确认整笔同秒结清订单的已知同秒支付可=T0；当前条件为T0已知值。来源可得时间仍待上线核验。,已入模,选定候选保留,0.0,0.0,0.0,0.0117310386209957,0.0,V2继承
repay_early_days_valid_n,历史整笔提前结清天数｜有效值数,x = C.due_date - DATE(C.flow_settle_time)；COUNT(finite(x)),S01｜order_loan_f_v2_copy（整笔订单）；S03｜repayment_record_copy（正向入账）,C：全部历史整笔已结清订单；按repaid_time、serial_id升序；流水核验失败保留缺失位置,个,float32,无有效值返回0,describe(),V3-F0213,提前还款与借还周期,T0固定时点；提单/App<T0，放款/整笔结清≤T0；支付<T0，已确认整笔同秒结清订单的已知同秒支付可=T0；当前条件为T0已知值。来源可得时间仍待上线核验。,已入模,选定候选保留,0.0,0.0,0.0,0.0171347424515485,0.0,V2继承
repay_early_days_mean,历史整笔提前结清天数｜全历史均值,x = C.due_date - DATE(C.flow_settle_time)；MEAN(finite(x)),S01｜order_loan_f_v2_copy（整笔订单）；S03｜repayment_record_copy（正向入账）,C：全部历史整笔已结清订单；按repaid_time、serial_id升序；流水核验失败保留缺失位置,自然日,float32,无有效值为NaN,describe(),V3-F0214,提前还款与借还周期,T0固定时点；提单/App<T0，放款/整笔结清≤T0；支付<T0，已确认整笔同秒结清订单的已知同秒支付可=T0；当前条件为T0已知值。来源可得时间仍待上线核验。,已入模,选定候选保留,0.0,0.0,0.0,0.0740812542916118,121.06120014190674,V2继承
repay_early_days_std,历史整笔提前结清天数｜全历史总体标准差,"x = C.due_date - DATE(C.flow_settle_time)；STD(finite(x), ddof=0)",S01｜order_loan_f_v2_copy（整笔订单）；S03｜repayment_record_copy（正向入账）,C：全部历史整笔已结清订单；按repaid_time、serial_id升序；流水核验失败保留缺失位置,自然日,float32,无有效值为NaN；单个有效值为0,describe(),V3-F0215,提前还款与借还周期,T0固定时点；提单/App<T0，放款/整笔结清≤T0；支付<T0，已确认整笔同秒结清订单的已知同秒支付可=T0；当前条件为T0已知值。来源可得时间仍待上线核验。,已入模,选定候选保留,0.0,0.0,0.0,0.0144220271829286,214.7497034072876,V2继承
repay_early_days_min,历史整笔提前结清天数｜全历史最小值,x = C.due_date - DATE(C.flow_settle_time)；MIN(finite(x)),S01｜order_loan_f_v2_copy（整笔订单）；S03｜repayment_record_copy（正向入账）,C：全部历史整笔已结清订单；按repaid_time、serial_id升序；流水核验失败保留缺失位置,自然日,float32,无有效值为NaN,describe(),V3-F0216,提前还款与借还周期,T0固定时点；提单/App<T0，放款/整笔结清≤T0；支付<T0，已确认整笔同秒结清订单的已知同秒支付可=T0；当前条件为T0已知值。来源可得时间仍待上线核验。,已入模,选定候选保留,0.0,0.0,0.0,0.0740212351409847,1170.3339023590088,V2继承
repay_early_days_max,历史整笔提前结清天数｜全历史最大值,x = C.due_date - DATE(C.flow_settle_time)；MAX(finite(x)),S01｜order_loan_f_v2_copy（整笔订单）；S03｜repayment_record_copy（正向入账）,C：全部历史整笔已结清订单；按repaid_time、serial_id升序；流水核验失败保留缺失位置,自然日,float32,无有效值为NaN,describe(),V3-F0217,提前还款与借还周期,T0固定时点；提单/App<T0，放款/整笔结清≤T0；支付<T0，已确认整笔同秒结清订单的已知同秒支付可=T0；当前条件为T0已知值。来源可得时间仍待上线核验。,已入模,选定候选保留,0.0,0.0,0.0,0.0666895126597287,206.36600017547607,V2继承
repay_early_days_last_first_delta,历史整笔提前结清天数｜最近减最早有效值,x = C.due_date - DATE(C.flow_settle_time)；finite(x)[-1]-finite(x)[0],S01｜order_loan_f_v2_copy（整笔订单）；S03｜repayment_record_copy（正向入账）,C：全部历史整笔已结清订单；按repaid_time、serial_id升序；流水核验失败保留缺失位置,自然日,float32,至少2个有效值；否则NaN,describe(),V3-F0218,提前还款与借还周期,T0固定时点；提单/App<T0，放款/整笔结清≤T0；支付<T0，已确认整笔同秒结清订单的已知同秒支付可=T0；当前条件为T0已知值。来源可得时间仍待上线核验。,已入模,选定候选保留,0.3896785383563859,0.3792564294752452,0.4386335818404361,0.0214384801167134,308.2452001571655,V2继承
repay_early_days_slope,历史整笔提前结清天数｜生命周期顺序趋势,x = C.due_date - DATE(C.flow_settle_time)；SUM((i-MEAN(i))*(x_i-MEAN(valid_x)))/SUM((i-MEAN(i))^2)，i为有效值在原序列中的位置,S01｜order_loan_f_v2_copy（整笔订单）；S03｜repayment_record_copy（正向入账）,C：全部历史整笔已结清订单；按repaid_time、serial_id升序；流水核验失败保留缺失位置,自然日／序号步,float32,至少2个有效值；否则NaN,describe(),V3-F0219,提前还款与借还周期,T0固定时点；提单/App<T0，放款/整笔结清≤T0；支付<T0，已确认整笔同秒结清订单的已知同秒支付可=T0；当前条件为T0已知值。来源可得时间仍待上线核验。,已入模,选定候选保留,0.3896785383563859,0.3792564294752452,0.4386335818404361,0.0197016440224533,351.0698013305664,V2继承
repay_early_days_last3_mean,历史整笔提前结清天数｜最近3笔有效均值,x = C.due_date - DATE(C.flow_settle_time)；MEAN(finite(x[-3:])),S01｜order_loan_f_v2_copy（整笔订单）；S03｜repayment_record_copy（正向入账）,C：全部历史整笔已结清订单；按repaid_time、serial_id升序；流水核验失败保留缺失位置,自然日,float32,原序列最近3笔中无有效值为NaN；不跳过缺失补足3笔,describe(),V3-F0220,提前还款与借还周期,T0固定时点；提单/App<T0，放款/整笔结清≤T0；支付<T0，已确认整笔同秒结清订单的已知同秒支付可=T0；当前条件为T0已知值。来源可得时间仍待上线核验。,已入模,选定候选保留,0.0,0.0,0.0,0.071630604692176,179.1897029876709,V2继承
repay_early_days_last5_mean,历史整笔提前结清天数｜最近5笔有效均值,x = C.due_date - DATE(C.flow_settle_time)；MEAN(finite(x[-5:])),S01｜order_loan_f_v2_copy（整笔订单）；S03｜repayment_record_copy（正向入账）,C：全部历史整笔已结清订单；按repaid_time、serial_id升序；流水核验失败保留缺失位置,自然日,float32,原序列最近5笔中无有效值为NaN；不跳过缺失补足5笔,describe(),V3-F0221,提前还款与借还周期,T0固定时点；提单/App<T0，放款/整笔结清≤T0；支付<T0，已确认整笔同秒结清订单的已知同秒支付可=T0；当前条件为T0已知值。来源可得时间仍待上线核验。,已入模,选定候选保留,0.0,0.0,0.0,0.0744484167230556,132.4256010055542,V2继承
repay_early_days_recent_lifetime_delta,历史整笔提前结清天数｜近期相对全历史变化,x = C.due_date - DATE(C.flow_settle_time)；MEAN(finite(x[-3:]))-MEAN(finite(x)),S01｜order_loan_f_v2_copy（整笔订单）；S03｜repayment_record_copy（正向入账）,C：全部历史整笔已结清订单；按repaid_time、serial_id升序；流水核验失败保留缺失位置,自然日,float32,任一侧无有效值为NaN,describe(),V3-F0222,提前还款与借还周期,T0固定时点；提单/App<T0，放款/整笔结清≤T0；支付<T0，已确认整笔同秒结清订单的已知同秒支付可=T0；当前条件为T0已知值。来源可得时间仍待上线核验。,已入模,选定候选保留,0.0,0.0,0.0,0.0057304352843937,69.60600090026855,V2继承
repay_early_days_l1,历史整笔提前结清天数｜最近第1笔,x = C.due_date - DATE(C.flow_settle_time)；x[-1],S01｜order_loan_f_v2_copy（整笔订单）；S03｜repayment_record_copy（正向入账）,C：全部历史整笔已结清订单；按repaid_time、serial_id升序；流水核验失败保留缺失位置,自然日,float32,不足1笔或该位置缺失为NaN；不改取第1个非空值,describe(lags=True),V3-F0223,提前还款与借还周期,T0固定时点；提单/App<T0，放款/整笔结清≤T0；支付<T0，已确认整笔同秒结清订单的已知同秒支付可=T0；当前条件为T0已知值。来源可得时间仍待上线核验。,已入模,选定候选保留,0.0,0.0,0.0,0.0781214483777224,3653.56716632843,V2继承
repay_early_days_l2,历史整笔提前结清天数｜最近第2笔,x = C.due_date - DATE(C.flow_settle_time)；x[-2],S01｜order_loan_f_v2_copy（整笔订单）；S03｜repayment_record_copy（正向入账）,C：全部历史整笔已结清订单；按repaid_time、serial_id升序；流水核验失败保留缺失位置,自然日,float32,不足2笔或该位置缺失为NaN；不改取第2个非空值,describe(lags=True),V3-F0224,提前还款与借还周期,T0固定时点；提单/App<T0，放款/整笔结清≤T0；支付<T0，已确认整笔同秒结清订单的已知同秒支付可=T0；当前条件为T0已知值。来源可得时间仍待上线核验。,已入模,选定候选保留,0.3896785383563859,0.3792564294752452,0.4386335818404361,0.0465915000561656,48.055999755859375,V2继承
repay_early_days_l3,历史整笔提前结清天数｜最近第3笔,x = C.due_date - DATE(C.flow_settle_time)；x[-3],S01｜order_loan_f_v2_copy（整笔订单）；S03｜repayment_record_copy（正向入账）,C：全部历史整笔已结清订单；按repaid_time、serial_id升序；流水核验失败保留缺失位置,自然日,float32,不足3笔或该位置缺失为NaN；不改取第3个非空值,describe(lags=True),V3-F0225,提前还款与借还周期,T0固定时点；提单/App<T0，放款/整笔结清≤T0；支付<T0，已确认整笔同秒结清订单的已知同秒支付可=T0；当前条件为T0已知值。来源可得时间仍待上线核验。,已入模,选定候选保留,0.5907427277938647,0.5786165042675113,0.6293535106264604,0.0339921100415262,49.7047004699707,V2继承
repay_early_days_l4,历史整笔提前结清天数｜最近第4笔,x = C.due_date - DATE(C.flow_settle_time)；x[-4],S01｜order_loan_f_v2_copy（整笔订单）；S03｜repayment_record_copy（正向入账）,C：全部历史整笔已结清订单；按repaid_time、serial_id升序；流水核验失败保留缺失位置,自然日,float32,不足4笔或该位置缺失为NaN；不改取第4个非空值,describe(lags=True),V3-F0226,提前还款与借还周期,T0固定时点；提单/App<T0，放款/整笔结清≤T0；支付<T0，已确认整笔同秒结清订单的已知同秒支付可=T0；当前条件为T0已知值。来源可得时间仍待上线核验。,已入模,选定候选保留,0.7208070593192519,0.7113566575594188,0.7491932791810393,0.0246073770466317,0.0,V2继承
repay_early_days_l5,历史整笔提前结清天数｜最近第5笔,x = C.due_date - DATE(C.flow_settle_time)；x[-5],S01｜order_loan_f_v2_copy（整笔订单）；S03｜repayment_record_copy（正向入账）,C：全部历史整笔已结清订单；按repaid_time、serial_id升序；流水核验失败保留缺失位置,自然日,float32,不足5笔或该位置缺失为NaN；不改取第5个非空值,describe(lags=True),V3-F0227,提前还款与借还周期,T0固定时点；提单/App<T0，放款/整笔结清≤T0；支付<T0，已确认整笔同秒结清订单的已知同秒支付可=T0；当前条件为T0已知值。来源可得时间仍待上线核验。,已入模,选定候选保留,0.8064174738729734,0.7987378805096835,0.83220206965617,0.0160057040394284,38.57339954376221,V2继承
repay_early_days_delta12,历史整笔提前结清天数｜最近1笔减最近2笔,x = C.due_date - DATE(C.flow_settle_time)；x[-1]-x[-2],S01｜order_loan_f_v2_copy（整笔订单）；S03｜repayment_record_copy（正向入账）,C：全部历史整笔已结清订单；按repaid_time、serial_id升序；流水核验失败保留缺失位置,自然日,float32,不足2笔或任一值缺失为NaN,describe(),V3-F0228,提前还款与借还周期,T0固定时点；提单/App<T0，放款/整笔结清≤T0；支付<T0，已确认整笔同秒结清订单的已知同秒支付可=T0；当前条件为T0已知值。来源可得时间仍待上线核验。,已入模,选定候选保留,0.3896785383563859,0.3792564294752452,0.4386335818404361,0.0177123428427438,645.4256963729858,V2继承
repay_early_days_delta23,历史整笔提前结清天数｜最近2笔减最近3笔,x = C.due_date - DATE(C.flow_settle_time)；x[-2]-x[-3],S01｜order_loan_f_v2_copy（整笔订单）；S03｜repayment_record_copy（正向入账）,C：全部历史整笔已结清订单；按repaid_time、serial_id升序；流水核验失败保留缺失位置,自然日,float32,不足3笔或任一值缺失为NaN,describe(),V3-F0229,提前还款与借还周期,T0固定时点；提单/App<T0，放款/整笔结清≤T0；支付<T0，已确认整笔同秒结清订单的已知同秒支付可=T0；当前条件为T0已知值。来源可得时间仍待上线核验。,已入模,选定候选保留,0.5907427277938647,0.5786165042675113,0.6293535106264604,0.0123875276143547,85.29539966583252,V2继承
repay_apply_settle_days_valid_n,历史提单至实际结清经过天数｜有效值数,x = (C.flow_settle_time-C.apply_time).total_seconds()/86400；COUNT(finite(x)),S01｜order_loan_f_v2_copy（整笔订单）；S03｜repayment_record_copy（正向入账）,C：全部历史整笔已结清订单；按repaid_time、serial_id升序；流水核验失败保留缺失位置,个,float32,无有效值返回0,describe(),V3-F0230,提前还款与借还周期,T0固定时点；提单/App<T0，放款/整笔结清≤T0；支付<T0，已确认整笔同秒结清订单的已知同秒支付可=T0；当前条件为T0已知值。来源可得时间仍待上线核验。,已入模,选定候选保留,0.0,0.0,0.0,0.0171347424515485,0.0,V2继承
repay_apply_settle_days_mean,历史提单至实际结清经过天数｜全历史均值,x = (C.flow_settle_time-C.apply_time).total_seconds()/86400；MEAN(finite(x)),S01｜order_loan_f_v2_copy（整笔订单）；S03｜repayment_record_copy（正向入账）,C：全部历史整笔已结清订单；按repaid_time、serial_id升序；流水核验失败保留缺失位置,经过天数,float32,无有效值为NaN,describe(),V3-F0231,提前还款与借还周期,T0固定时点；提单/App<T0，放款/整笔结清≤T0；支付<T0，已确认整笔同秒结清订单的已知同秒支付可=T0；当前条件为T0已知值。来源可得时间仍待上线核验。,已入模,选定候选保留,0.0,0.0,0.0,0.2667188302658109,35.015899658203125,V2继承
repay_apply_settle_days_std,历史提单至实际结清经过天数｜全历史总体标准差,"x = (C.flow_settle_time-C.apply_time).total_seconds()/86400；STD(finite(x), ddof=0)",S01｜order_loan_f_v2_copy（整笔订单）；S03｜repayment_record_copy（正向入账）,C：全部历史整笔已结清订单；按repaid_time、serial_id升序；流水核验失败保留缺失位置,经过天数,float32,无有效值为NaN；单个有效值为0,describe(),V3-F0232,提前还款与借还周期,T0固定时点；提单/App<T0，放款/整笔结清≤T0；支付<T0，已确认整笔同秒结清订单的已知同秒支付可=T0；当前条件为T0已知值。来源可得时间仍待上线核验。,已入模,选定候选保留,0.0,0.0,0.0,0.0313978185789344,407.48199939727783,V2继承
repay_apply_settle_days_min,历史提单至实际结清经过天数｜全历史最小值,x = (C.flow_settle_time-C.apply_time).total_seconds()/86400；MIN(finite(x)),S01｜order_loan_f_v2_copy（整笔订单）；S03｜repayment_record_copy（正向入账）,C：全部历史整笔已结清订单；按repaid_time、serial_id升序；流水核验失败保留缺失位置,经过天数,float32,无有效值为NaN,describe(),V3-F0233,提前还款与借还周期,T0固定时点；提单/App<T0，放款/整笔结清≤T0；支付<T0，已确认整笔同秒结清订单的已知同秒支付可=T0；当前条件为T0已知值。来源可得时间仍待上线核验。,已入模,选定候选保留,0.0,0.0,0.0,0.2534920631083454,310.30670166015625,V2继承
repay_apply_settle_days_max,历史提单至实际结清经过天数｜全历史最大值,x = (C.flow_settle_time-C.apply_time).total_seconds()/86400；MAX(finite(x)),S01｜order_loan_f_v2_copy（整笔订单）；S03｜repayment_record_copy（正向入账）,C：全部历史整笔已结清订单；按repaid_time、serial_id升序；流水核验失败保留缺失位置,经过天数,float32,无有效值为NaN,describe(),V3-F0234,提前还款与借还周期,T0固定时点；提单/App<T0，放款/整笔结清≤T0；支付<T0，已确认整笔同秒结清订单的已知同秒支付可=T0；当前条件为T0已知值。来源可得时间仍待上线核验。,已入模,选定候选保留,0.0,0.0,0.0,0.2305149204819845,196.91779899597168,V2继承
repay_apply_settle_days_last_first_delta,历史提单至实际结清经过天数｜最近减最早有效值,x = (C.flow_settle_time-C.apply_time).total_seconds()/86400；finite(x)[-1]-finite(x)[0],S01｜order_loan_f_v2_copy（整笔订单）；S03｜repayment_record_copy（正向入账）,C：全部历史整笔已结清订单；按repaid_time、serial_id升序；流水核验失败保留缺失位置,经过天数,float32,至少2个有效值；否则NaN,describe(),V3-F0235,提前还款与借还周期,T0固定时点；提单/App<T0，放款/整笔结清≤T0；支付<T0，已确认整笔同秒结清订单的已知同秒支付可=T0；当前条件为T0已知值。来源可得时间仍待上线核验。,已入模,选定候选保留,0.3896785383563859,0.3792564294752452,0.4386335818404361,0.0442543594335841,201.8480978012085,V2继承
repay_apply_settle_days_slope,历史提单至实际结清经过天数｜生命周期顺序趋势,x = (C.flow_settle_time-C.apply_time).total_seconds()/86400；SUM((i-MEAN(i))*(x_i-MEAN(valid_x)))/SUM((i-MEAN(i))^2)，i为有效值在原序列中的位置,S01｜order_loan_f_v2_copy（整笔订单）；S03｜repayment_record_copy（正向入账）,C：全部历史整笔已结清订单；按repaid_time、serial_id升序；流水核验失败保留缺失位置,经过天数／序号步,float32,至少2个有效值；否则NaN,describe(),V3-F0236,提前还款与借还周期,T0固定时点；提单/App<T0，放款/整笔结清≤T0；支付<T0，已确认整笔同秒结清订单的已知同秒支付可=T0；当前条件为T0已知值。来源可得时间仍待上线核验。,已入模,选定候选保留,0.3896785383563859,0.3792564294752452,0.4386335818404361,0.0414879453266009,811.6933040618896,V2继承
repay_apply_settle_days_last3_mean,历史提单至实际结清经过天数｜最近3笔有效均值,x = (C.flow_settle_time-C.apply_time).total_seconds()/86400；MEAN(finite(x[-3:])),S01｜order_loan_f_v2_copy（整笔订单）；S03｜repayment_record_copy（正向入账）,C：全部历史整笔已结清订单；按repaid_time、serial_id升序；流水核验失败保留缺失位置,经过天数,float32,原序列最近3笔中无有效值为NaN；不跳过缺失补足3笔,describe(),V3-F0237,提前还款与借还周期,T0固定时点；提单/App<T0，放款/整笔结清≤T0；支付<T0，已确认整笔同秒结清订单的已知同秒支付可=T0；当前条件为T0已知值。来源可得时间仍待上线核验。,已入模,选定候选保留,0.0,0.0,0.0,0.231926119212966,27.917699813842773,V2继承
repay_apply_settle_days_last5_mean,历史提单至实际结清经过天数｜最近5笔有效均值,x = (C.flow_settle_time-C.apply_time).total_seconds()/86400；MEAN(finite(x[-5:])),S01｜order_loan_f_v2_copy（整笔订单）；S03｜repayment_record_copy（正向入账）,C：全部历史整笔已结清订单；按repaid_time、serial_id升序；流水核验失败保留缺失位置,经过天数,float32,原序列最近5笔中无有效值为NaN；不跳过缺失补足5笔,describe(),V3-F0238,提前还款与借还周期,T0固定时点；提单/App<T0，放款/整笔结清≤T0；支付<T0，已确认整笔同秒结清订单的已知同秒支付可=T0；当前条件为T0已知值。来源可得时间仍待上线核验。,已入模,选定候选保留,0.0,0.0,0.0,0.2513839956243955,277.1121997833252,V2继承
repay_apply_settle_days_recent_lifetime_delta,历史提单至实际结清经过天数｜近期相对全历史变化,x = (C.flow_settle_time-C.apply_time).total_seconds()/86400；MEAN(finite(x[-3:]))-MEAN(finite(x)),S01｜order_loan_f_v2_copy（整笔订单）；S03｜repayment_record_copy（正向入账）,C：全部历史整笔已结清订单；按repaid_time、serial_id升序；流水核验失败保留缺失位置,经过天数,float32,任一侧无有效值为NaN,describe(),V3-F0239,提前还款与借还周期,T0固定时点；提单/App<T0，放款/整笔结清≤T0；支付<T0，已确认整笔同秒结清订单的已知同秒支付可=T0；当前条件为T0已知值。来源可得时间仍待上线核验。,已入模,选定候选保留,0.0,0.0,0.0,0.0040909328083285,70.29220008850098,V2继承
repay_apply_settle_days_l1,历史提单至实际结清经过天数｜最近第1笔,x = (C.flow_settle_time-C.apply_time).total_seconds()/86400；x[-1],S01｜order_loan_f_v2_copy（整笔订单）；S03｜repayment_record_copy（正向入账）,C：全部历史整笔已结清订单；按repaid_time、serial_id升序；流水核验失败保留缺失位置,经过天数,float32,不足1笔或该位置缺失为NaN；不改取第1个非空值,describe(lags=True),V3-F0240,提前还款与借还周期,T0固定时点；提单/App<T0，放款/整笔结清≤T0；支付<T0，已确认整笔同秒结清订单的已知同秒支付可=T0；当前条件为T0已知值。来源可得时间仍待上线核验。,已入模,选定候选保留,0.0,0.0,0.0,0.1900418643730688,571.5386018753052,V2继承
repay_apply_settle_days_l2,历史提单至实际结清经过天数｜最近第2笔,x = (C.flow_settle_time-C.apply_time).total_seconds()/86400；x[-2],S01｜order_loan_f_v2_copy（整笔订单）；S03｜repayment_record_copy（正向入账）,C：全部历史整笔已结清订单；按repaid_time、serial_id升序；流水核验失败保留缺失位置,经过天数,float32,不足2笔或该位置缺失为NaN；不改取第2个非空值,describe(lags=True),V3-F0241,提前还款与借还周期,T0固定时点；提单/App<T0，放款/整笔结清≤T0；支付<T0，已确认整笔同秒结清订单的已知同秒支付可=T0；当前条件为T0已知值。来源可得时间仍待上线核验。,已入模,选定候选保留,0.3896785383563859,0.3792564294752452,0.4386335818404361,0.1121152411786203,85.66909885406494,V2继承
repay_apply_settle_days_l3,历史提单至实际结清经过天数｜最近第3笔,x = (C.flow_settle_time-C.apply_time).total_seconds()/86400；x[-3],S01｜order_loan_f_v2_copy（整笔订单）；S03｜repayment_record_copy（正向入账）,C：全部历史整笔已结清订单；按repaid_time、serial_id升序；流水核验失败保留缺失位置,经过天数,float32,不足3笔或该位置缺失为NaN；不改取第3个非空值,describe(lags=True),V3-F0242,提前还款与借还周期,T0固定时点；提单/App<T0，放款/整笔结清≤T0；支付<T0，已确认整笔同秒结清订单的已知同秒支付可=T0；当前条件为T0已知值。来源可得时间仍待上线核验。,已入模,选定候选保留,0.5907427277938647,0.5786165042675113,0.6293535106264604,0.0720698592928182,84.53919887542725,V2继承
repay_apply_settle_days_l4,历史提单至实际结清经过天数｜最近第4笔,x = (C.flow_settle_time-C.apply_time).total_seconds()/86400；x[-4],S01｜order_loan_f_v2_copy（整笔订单）；S03｜repayment_record_copy（正向入账）,C：全部历史整笔已结清订单；按repaid_time、serial_id升序；流水核验失败保留缺失位置,经过天数,float32,不足4笔或该位置缺失为NaN；不改取第4个非空值,describe(lags=True),V3-F0243,提前还款与借还周期,T0固定时点；提单/App<T0，放款/整笔结清≤T0；支付<T0，已确认整笔同秒结清订单的已知同秒支付可=T0；当前条件为T0已知值。来源可得时间仍待上线核验。,已入模,选定候选保留,0.7208070593192519,0.7113566575594188,0.7491932791810393,0.0426061286054424,141.84930038452148,V2继承
repay_apply_settle_days_l5,历史提单至实际结清经过天数｜最近第5笔,x = (C.flow_settle_time-C.apply_time).total_seconds()/86400；x[-5],S01｜order_loan_f_v2_copy（整笔订单）；S03｜repayment_record_copy（正向入账）,C：全部历史整笔已结清订单；按repaid_time、serial_id升序；流水核验失败保留缺失位置,经过天数,float32,不足5笔或该位置缺失为NaN；不改取第5个非空值,describe(lags=True),V3-F0244,提前还款与借还周期,T0固定时点；提单/App<T0，放款/整笔结清≤T0；支付<T0，已确认整笔同秒结清订单的已知同秒支付可=T0；当前条件为T0已知值。来源可得时间仍待上线核验。,已入模,选定候选保留,0.8064174738729734,0.7987378805096835,0.83220206965617,0.0227936960995548,68.58039951324463,V2继承
repay_apply_settle_days_delta12,历史提单至实际结清经过天数｜最近1笔减最近2笔,x = (C.flow_settle_time-C.apply_time).total_seconds()/86400；x[-1]-x[-2],S01｜order_loan_f_v2_copy（整笔订单）；S03｜repayment_record_copy（正向入账）,C：全部历史整笔已结清订单；按repaid_time、serial_id升序；流水核验失败保留缺失位置,经过天数,float32,不足2笔或任一值缺失为NaN,describe(),V3-F0245,提前还款与借还周期,T0固定时点；提单/App<T0，放款/整笔结清≤T0；支付<T0，已确认整笔同秒结清订单的已知同秒支付可=T0；当前条件为T0已知值。来源可得时间仍待上线核验。,已入模,选定候选保留,0.3896785383563859,0.3792564294752452,0.4386335818404361,0.0375050190851468,391.96010398864746,V2继承
repay_apply_settle_days_delta23,历史提单至实际结清经过天数｜最近2笔减最近3笔,x = (C.flow_settle_time-C.apply_time).total_seconds()/86400；x[-2]-x[-3],S01｜order_loan_f_v2_copy（整笔订单）；S03｜repayment_record_copy（正向入账）,C：全部历史整笔已结清订单；按repaid_time、serial_id升序；流水核验失败保留缺失位置,经过天数,float32,不足3笔或任一值缺失为NaN,describe(),V3-F0246,提前还款与借还周期,T0固定时点；提单/App<T0，放款/整笔结清≤T0；支付<T0，已确认整笔同秒结清订单的已知同秒支付可=T0；当前条件为T0已知值。来源可得时间仍待上线核验。,已入模,选定候选保留,0.5907427277938647,0.5786165042675113,0.6293535106264604,0.0198761688834844,113.79589748382568,V2继承
repay_remit_settle_days_valid_n,历史放款至实际结清经过天数｜有效值数,x = (C.flow_settle_time-C.remit_time).total_seconds()/86400；COUNT(finite(x)),S01｜order_loan_f_v2_copy（整笔订单）；S03｜repayment_record_copy（正向入账）,C：全部历史整笔已结清订单；按repaid_time、serial_id升序；流水核验失败保留缺失位置,个,float32,无有效值返回0,describe(),V3-F0247,提前还款与借还周期,T0固定时点；提单/App<T0，放款/整笔结清≤T0；支付<T0，已确认整笔同秒结清订单的已知同秒支付可=T0；当前条件为T0已知值。来源可得时间仍待上线核验。,已入模,选定候选保留,0.0,0.0,0.0,0.0171347424515485,0.0,V2继承
repay_remit_settle_days_mean,历史放款至实际结清经过天数｜全历史均值,x = (C.flow_settle_time-C.remit_time).total_seconds()/86400；MEAN(finite(x)),S01｜order_loan_f_v2_copy（整笔订单）；S03｜repayment_record_copy（正向入账）,C：全部历史整笔已结清订单；按repaid_time、serial_id升序；流水核验失败保留缺失位置,经过天数,float32,无有效值为NaN,describe(),V3-F0248,提前还款与借还周期,T0固定时点；提单/App<T0，放款/整笔结清≤T0；支付<T0，已确认整笔同秒结清订单的已知同秒支付可=T0；当前条件为T0已知值。来源可得时间仍待上线核验。,已入模,选定候选保留,0.0,0.0,0.0,0.2670202712946243,13.986000061035156,V2继承
repay_remit_settle_days_std,历史放款至实际结清经过天数｜全历史总体标准差,"x = (C.flow_settle_time-C.remit_time).total_seconds()/86400；STD(finite(x), ddof=0)",S01｜order_loan_f_v2_copy（整笔订单）；S03｜repayment_record_copy（正向入账）,C：全部历史整笔已结清订单；按repaid_time、serial_id升序；流水核验失败保留缺失位置,经过天数,float32,无有效值为NaN；单个有效值为0,describe(),V3-F0249,提前还款与借还周期,T0固定时点；提单/App<T0，放款/整笔结清≤T0；支付<T0，已确认整笔同秒结清订单的已知同秒支付可=T0；当前条件为T0已知值。来源可得时间仍待上线核验。,已入模,选定候选保留,0.0,0.0,0.0,0.0313837991264911,313.28690338134766,V2继承
repay_remit_settle_days_min,历史放款至实际结清经过天数｜全历史最小值,x = (C.flow_settle_time-C.remit_time).total_seconds()/86400；MIN(finite(x)),S01｜order_loan_f_v2_copy（整笔订单）；S03｜repayment_record_copy（正向入账）,C：全部历史整笔已结清订单；按repaid_time、serial_id升序；流水核验失败保留缺失位置,经过天数,float32,无有效值为NaN,describe(),V3-F0250,提前还款与借还周期,T0固定时点；提单/App<T0，放款/整笔结清≤T0；支付<T0，已确认整笔同秒结清订单的已知同秒支付可=T0；当前条件为T0已知值。来源可得时间仍待上线核验。,已入模,选定候选保留,0.0,0.0,0.0,0.253163348291982,290.86749935150146,V2继承
repay_remit_settle_days_max,历史放款至实际结清经过天数｜全历史最大值,x = (C.flow_settle_time-C.remit_time).total_seconds()/86400；MAX(finite(x)),S01｜order_loan_f_v2_copy（整笔订单）；S03｜repayment_record_copy（正向入账）,C：全部历史整笔已结清订单；按repaid_time、serial_id升序；流水核验失败保留缺失位置,经过天数,float32,无有效值为NaN,describe(),V3-F0251,提前还款与借还周期,T0固定时点；提单/App<T0，放款/整笔结清≤T0；支付<T0，已确认整笔同秒结清订单的已知同秒支付可=T0；当前条件为T0已知值。来源可得时间仍待上线核验。,已入模,选定候选保留,0.0,0.0,0.0,0.2308741041278715,83.25090026855469,V2继承
repay_remit_settle_days_last_first_delta,历史放款至实际结清经过天数｜最近减最早有效值,x = (C.flow_settle_time-C.remit_time).total_seconds()/86400；finite(x)[-1]-finite(x)[0],S01｜order_loan_f_v2_copy（整笔订单）；S03｜repayment_record_copy（正向入账）,C：全部历史整笔已结清订单；按repaid_time、serial_id升序；流水核验失败保留缺失位置,经过天数,float32,至少2个有效值；否则NaN,describe(),V3-F0252,提前还款与借还周期,T0固定时点；提单/App<T0，放款/整笔结清≤T0；支付<T0，已确认整笔同秒结清订单的已知同秒支付可=T0；当前条件为T0已知值。来源可得时间仍待上线核验。,已入模,选定候选保留,0.3896785383563859,0.3792564294752452,0.4386335818404361,0.0444453222073824,50.164998054504395,V2继承
repay_remit_settle_days_slope,历史放款至实际结清经过天数｜生命周期顺序趋势,x = (C.flow_settle_time-C.remit_time).total_seconds()/86400；SUM((i-MEAN(i))*(x_i-MEAN(valid_x)))/SUM((i-MEAN(i))^2)，i为有效值在原序列中的位置,S01｜order_loan_f_v2_copy（整笔订单）；S03｜repayment_record_copy（正向入账）,C：全部历史整笔已结清订单；按repaid_time、serial_id升序；流水核验失败保留缺失位置,经过天数／序号步,float32,至少2个有效值；否则NaN,describe(),V3-F0253,提前还款与借还周期,T0固定时点；提单/App<T0，放款/整笔结清≤T0；支付<T0，已确认整笔同秒结清订单的已知同秒支付可=T0；当前条件为T0已知值。来源可得时间仍待上线核验。,已入模,选定候选保留,0.3896785383563859,0.3792564294752452,0.4386335818404361,0.0416018639333697,423.6921968460083,V2继承
repay_remit_settle_days_last3_mean,历史放款至实际结清经过天数｜最近3笔有效均值,x = (C.flow_settle_time-C.remit_time).total_seconds()/86400；MEAN(finite(x[-3:])),S01｜order_loan_f_v2_copy（整笔订单）；S03｜repayment_record_copy（正向入账）,C：全部历史整笔已结清订单；按repaid_time、serial_id升序；流水核验失败保留缺失位置,经过天数,float32,原序列最近3笔中无有效值为NaN；不跳过缺失补足3笔,describe(),V3-F0254,提前还款与借还周期,T0固定时点；提单/App<T0，放款/整笔结清≤T0；支付<T0，已确认整笔同秒结清订单的已知同秒支付可=T0；当前条件为T0已知值。来源可得时间仍待上线核验。,已入模,选定候选保留,0.0,0.0,0.0,0.2320902348952945,119.840500831604,V2继承
repay_remit_settle_days_last5_mean,历史放款至实际结清经过天数｜最近5笔有效均值,x = (C.flow_settle_time-C.remit_time).total_seconds()/86400；MEAN(finite(x[-5:])),S01｜order_loan_f_v2_copy（整笔订单）；S03｜repayment_record_copy（正向入账）,C：全部历史整笔已结清订单；按repaid_time、serial_id升序；流水核验失败保留缺失位置,经过天数,float32,原序列最近5笔中无有效值为NaN；不跳过缺失补足5笔,describe(),V3-F0255,提前还款与借还周期,T0固定时点；提单/App<T0，放款/整笔结清≤T0；支付<T0，已确认整笔同秒结清订单的已知同秒支付可=T0；当前条件为T0已知值。来源可得时间仍待上线核验。,已入模,选定候选保留,0.0,0.0,0.0,0.2515628227154376,313.687105178833,V2继承
repay_remit_settle_days_recent_lifetime_delta,历史放款至实际结清经过天数｜近期相对全历史变化,x = (C.flow_settle_time-C.remit_time).total_seconds()/86400；MEAN(finite(x[-3:]))-MEAN(finite(x)),S01｜order_loan_f_v2_copy（整笔订单）；S03｜repayment_record_copy（正向入账）,C：全部历史整笔已结清订单；按repaid_time、serial_id升序；流水核验失败保留缺失位置,经过天数,float32,任一侧无有效值为NaN,describe(),V3-F0256,提前还款与借还周期,T0固定时点；提单/App<T0，放款/整笔结清≤T0；支付<T0，已确认整笔同秒结清订单的已知同秒支付可=T0；当前条件为T0已知值。来源可得时间仍待上线核验。,已入模,选定候选保留,0.0,0.0,0.0,0.00411426999108,0.0,V2继承
repay_remit_settle_days_l1,历史放款至实际结清经过天数｜最近第1笔,x = (C.flow_settle_time-C.remit_time).total_seconds()/86400；x[-1],S01｜order_loan_f_v2_copy（整笔订单）；S03｜repayment_record_copy（正向入账）,C：全部历史整笔已结清订单；按repaid_time、serial_id升序；流水核验失败保留缺失位置,经过天数,float32,不足1笔或该位置缺失为NaN；不改取第1个非空值,describe(lags=True),V3-F0257,提前还款与借还周期,T0固定时点；提单/App<T0，放款/整笔结清≤T0；支付<T0，已确认整笔同秒结清订单的已知同秒支付可=T0；当前条件为T0已知值。来源可得时间仍待上线核验。,已入模,选定候选保留,0.0,0.0,0.0,0.1906696736060202,1046.3435077667236,V2继承
repay_remit_settle_days_l2,历史放款至实际结清经过天数｜最近第2笔,x = (C.flow_settle_time-C.remit_time).total_seconds()/86400；x[-2],S01｜order_loan_f_v2_copy（整笔订单）；S03｜repayment_record_copy（正向入账）,C：全部历史整笔已结清订单；按repaid_time、serial_id升序；流水核验失败保留缺失位置,经过天数,float32,不足2笔或该位置缺失为NaN；不改取第2个非空值,describe(lags=True),V3-F0258,提前还款与借还周期,T0固定时点；提单/App<T0，放款/整笔结清≤T0；支付<T0，已确认整笔同秒结清订单的已知同秒支付可=T0；当前条件为T0已知值。来源可得时间仍待上线核验。,已入模,选定候选保留,0.3896785383563859,0.3792564294752452,0.4386335818404361,0.1120862486834551,86.25560092926025,V2继承
repay_remit_settle_days_l3,历史放款至实际结清经过天数｜最近第3笔,x = (C.flow_settle_time-C.remit_time).total_seconds()/86400；x[-3],S01｜order_loan_f_v2_copy（整笔订单）；S03｜repayment_record_copy（正向入账）,C：全部历史整笔已结清订单；按repaid_time、serial_id升序；流水核验失败保留缺失位置,经过天数,float32,不足3笔或该位置缺失为NaN；不改取第3个非空值,describe(lags=True),V3-F0259,提前还款与借还周期,T0固定时点；提单/App<T0，放款/整笔结清≤T0；支付<T0，已确认整笔同秒结清订单的已知同秒支付可=T0；当前条件为T0已知值。来源可得时间仍待上线核验。,已入模,选定候选保留,0.5907427277938647,0.5786165042675113,0.6293535106264604,0.0718053820237769,51.15980052947998,V2继承
repay_remit_settle_days_l4,历史放款至实际结清经过天数｜最近第4笔,x = (C.flow_settle_time-C.remit_time).total_seconds()/86400；x[-4],S01｜order_loan_f_v2_copy（整笔订单）；S03｜repayment_record_copy（正向入账）,C：全部历史整笔已结清订单；按repaid_time、serial_id升序；流水核验失败保留缺失位置,经过天数,float32,不足4笔或该位置缺失为NaN；不改取第4个非空值,describe(lags=True),V3-F0260,提前还款与借还周期,T0固定时点；提单/App<T0，放款/整笔结清≤T0；支付<T0，已确认整笔同秒结清订单的已知同秒支付可=T0；当前条件为T0已知值。来源可得时间仍待上线核验。,已入模,选定候选保留,0.7208070593192519,0.7113566575594188,0.7491932791810393,0.0429428887472773,172.3232021331787,V2继承
repay_remit_settle_days_l5,历史放款至实际结清经过天数｜最近第5笔,x = (C.flow_settle_time-C.remit_time).total_seconds()/86400；x[-5],S01｜order_loan_f_v2_copy（整笔订单）；S03｜repayment_record_copy（正向入账）,C：全部历史整笔已结清订单；按repaid_time、serial_id升序；流水核验失败保留缺失位置,经过天数,float32,不足5笔或该位置缺失为NaN；不改取第5个非空值,describe(lags=True),V3-F0261,提前还款与借还周期,T0固定时点；提单/App<T0，放款/整笔结清≤T0；支付<T0，已确认整笔同秒结清订单的已知同秒支付可=T0；当前条件为T0已知值。来源可得时间仍待上线核验。,已入模,选定候选保留,0.8064174738729734,0.7987378805096835,0.83220206965617,0.0229012732184414,25.496599197387695,V2继承
repay_remit_settle_days_delta12,历史放款至实际结清经过天数｜最近1笔减最近2笔,x = (C.flow_settle_time-C.remit_time).total_seconds()/86400；x[-1]-x[-2],S01｜order_loan_f_v2_copy（整笔订单）；S03｜repayment_record_copy（正向入账）,C：全部历史整笔已结清订单；按repaid_time、serial_id升序；流水核验失败保留缺失位置,经过天数,float32,不足2笔或任一值缺失为NaN,describe(),V3-F0262,提前还款与借还周期,T0固定时点；提单/App<T0，放款/整笔结清≤T0；支付<T0，已确认整笔同秒结清订单的已知同秒支付可=T0；当前条件为T0已知值。来源可得时间仍待上线核验。,已入模,选定候选保留,0.3896785383563859,0.3792564294752452,0.4386335818404361,0.0373552481109959,466.7923030853271,V2继承
repay_remit_settle_days_delta23,历史放款至实际结清经过天数｜最近2笔减最近3笔,x = (C.flow_settle_time-C.remit_time).total_seconds()/86400；x[-2]-x[-3],S01｜order_loan_f_v2_copy（整笔订单）；S03｜repayment_record_copy（正向入账）,C：全部历史整笔已结清订单；按repaid_time、serial_id升序；流水核验失败保留缺失位置,经过天数,float32,不足3笔或任一值缺失为NaN,describe(),V3-F0263,提前还款与借还周期,T0固定时点；提单/App<T0，放款/整笔结清≤T0；支付<T0，已确认整笔同秒结清订单的已知同秒支付可=T0；当前条件为T0已知值。来源可得时间仍待上线核验。,已入模,选定候选保留,0.5907427277938647,0.5786165042675113,0.6293535106264604,0.0199919078103025,177.5133981704712,V2继承
repay_settle_payment_n_valid_n,整笔结清前正向入账原流水条数｜有效值数,x = SUM(source_rows)，同serial有效payment_time≤整笔repaid_time且日期核验通过；COUNT(finite(x)),S01｜order_loan_f_v2_copy（整笔订单）；S03｜repayment_record_copy（正向入账）,C：全部历史整笔已结清订单；按repaid_time、serial_id升序；流水核验失败保留缺失位置,个,float32,无有效值返回0,describe(),V3-F0264,提前还款与借还周期,T0固定时点；提单/App<T0，放款/整笔结清≤T0；支付<T0，已确认整笔同秒结清订单的已知同秒支付可=T0；当前条件为T0已知值。来源可得时间仍待上线核验。,已入模,选定候选保留,0.0,0.0,0.0,0.0171347424515485,0.0,V2继承
repay_settle_payment_n_mean,整笔结清前正向入账原流水条数｜全历史均值,x = SUM(source_rows)，同serial有效payment_time≤整笔repaid_time且日期核验通过；MEAN(finite(x)),S01｜order_loan_f_v2_copy（整笔订单）；S03｜repayment_record_copy（正向入账）,C：全部历史整笔已结清订单；按repaid_time、serial_id升序；流水核验失败保留缺失位置,条,float32,无有效值为NaN,describe(),V3-F0265,提前还款与借还周期,T0固定时点；提单/App<T0，放款/整笔结清≤T0；支付<T0，已确认整笔同秒结清订单的已知同秒支付可=T0；当前条件为T0已知值。来源可得时间仍待上线核验。,已入模,选定候选保留,0.0,0.0,0.0,0.2633117207070115,302.31980419158936,V2继承
repay_settle_payment_n_std,整笔结清前正向入账原流水条数｜全历史总体标准差,"x = SUM(source_rows)，同serial有效payment_time≤整笔repaid_time且日期核验通过；STD(finite(x), ddof=0)",S01｜order_loan_f_v2_copy（整笔订单）；S03｜repayment_record_copy（正向入账）,C：全部历史整笔已结清订单；按repaid_time、serial_id升序；流水核验失败保留缺失位置,条,float32,无有效值为NaN；单个有效值为0,describe(),V3-F0266,提前还款与借还周期,T0固定时点；提单/App<T0，放款/整笔结清≤T0；支付<T0，已确认整笔同秒结清订单的已知同秒支付可=T0；当前条件为T0已知值。来源可得时间仍待上线核验。,已入模,选定候选保留,0.0,0.0,0.0,0.0054635962513775,125.55889892578124,V2继承
repay_settle_payment_n_min,整笔结清前正向入账原流水条数｜全历史最小值,x = SUM(source_rows)，同serial有效payment_time≤整笔repaid_time且日期核验通过；MIN(finite(x)),S01｜order_loan_f_v2_copy（整笔订单）；S03｜repayment_record_copy（正向入账）,C：全部历史整笔已结清订单；按repaid_time、serial_id升序；流水核验失败保留缺失位置,条,float32,无有效值为NaN,describe(),V3-F0267,提前还款与借还周期,T0固定时点；提单/App<T0，放款/整笔结清≤T0；支付<T0，已确认整笔同秒结清订单的已知同秒支付可=T0；当前条件为T0已知值。来源可得时间仍待上线核验。,已入模,选定候选保留,0.0,0.0,0.0,0.2909715884917314,37.32469940185547,V2继承
repay_settle_payment_n_max,整笔结清前正向入账原流水条数｜全历史最大值,x = SUM(source_rows)，同serial有效payment_time≤整笔repaid_time且日期核验通过；MAX(finite(x)),S01｜order_loan_f_v2_copy（整笔订单）；S03｜repayment_record_copy（正向入账）,C：全部历史整笔已结清订单；按repaid_time、serial_id升序；流水核验失败保留缺失位置,条,float32,无有效值为NaN,describe(),V3-F0268,提前还款与借还周期,T0固定时点；提单/App<T0，放款/整笔结清≤T0；支付<T0，已确认整笔同秒结清订单的已知同秒支付可=T0；当前条件为T0已知值。来源可得时间仍待上线核验。,已入模,选定候选保留,0.0,0.0,0.0,0.2311968467856179,20.709999084472656,V2继承
repay_settle_payment_n_last_first_delta,整笔结清前正向入账原流水条数｜最近减最早有效值,x = SUM(source_rows)，同serial有效payment_time≤整笔repaid_time且日期核验通过；finite(x)[-1]-finite(x)[0],S01｜order_loan_f_v2_copy（整笔订单）；S03｜repayment_record_copy（正向入账）,C：全部历史整笔已结清订单；按repaid_time、serial_id升序；流水核验失败保留缺失位置,条,float32,至少2个有效值；否则NaN,describe(),V3-F0269,提前还款与借还周期,T0固定时点；提单/App<T0，放款/整笔结清≤T0；支付<T0，已确认整笔同秒结清订单的已知同秒支付可=T0；当前条件为T0已知值。来源可得时间仍待上线核验。,已入模,选定候选保留,0.3896785383563859,0.3792564294752452,0.4386335818404361,0.0387712340621915,29.254899978637695,V2继承
repay_settle_payment_n_slope,整笔结清前正向入账原流水条数｜生命周期顺序趋势,x = SUM(source_rows)，同serial有效payment_time≤整笔repaid_time且日期核验通过；SUM((i-MEAN(i))*(x_i-MEAN(valid_x)))/SUM((i-MEAN(i))^2)，i为有效值在原序列中的位置,S01｜order_loan_f_v2_copy（整笔订单）；S03｜repayment_record_copy（正向入账）,C：全部历史整笔已结清订单；按repaid_time、serial_id升序；流水核验失败保留缺失位置,条／序号步,float32,至少2个有效值；否则NaN,describe(),V3-F0270,提前还款与借还周期,T0固定时点；提单/App<T0，放款/整笔结清≤T0；支付<T0，已确认整笔同秒结清订单的已知同秒支付可=T0；当前条件为T0已知值。来源可得时间仍待上线核验。,已入模,选定候选保留,0.3896785383563859,0.3792564294752452,0.4386335818404361,0.0300387434676747,14.15060043334961,V2继承
repay_settle_payment_n_last3_mean,整笔结清前正向入账原流水条数｜最近3笔有效均值,x = SUM(source_rows)，同serial有效payment_time≤整笔repaid_time且日期核验通过；MEAN(finite(x[-3:])),S01｜order_loan_f_v2_copy（整笔订单）；S03｜repayment_record_copy（正向入账）,C：全部历史整笔已结清订单；按repaid_time、serial_id升序；流水核验失败保留缺失位置,条,float32,原序列最近3笔中无有效值为NaN；不跳过缺失补足3笔,describe(),V3-F0271,提前还款与借还周期,T0固定时点；提单/App<T0，放款/整笔结清≤T0；支付<T0，已确认整笔同秒结清订单的已知同秒支付可=T0；当前条件为T0已知值。来源可得时间仍待上线核验。,已入模,选定候选保留,0.0,0.0,0.0,0.2381741590287661,0.0,V2继承
repay_settle_payment_n_last5_mean,整笔结清前正向入账原流水条数｜最近5笔有效均值,x = SUM(source_rows)，同serial有效payment_time≤整笔repaid_time且日期核验通过；MEAN(finite(x[-5:])),S01｜order_loan_f_v2_copy（整笔订单）；S03｜repayment_record_copy（正向入账）,C：全部历史整笔已结清订单；按repaid_time、serial_id升序；流水核验失败保留缺失位置,条,float32,原序列最近5笔中无有效值为NaN；不跳过缺失补足5笔,describe(),V3-F0272,提前还款与借还周期,T0固定时点；提单/App<T0，放款/整笔结清≤T0；支付<T0，已确认整笔同秒结清订单的已知同秒支付可=T0；当前条件为T0已知值。来源可得时间仍待上线核验。,已入模,选定候选保留,0.0,0.0,0.0,0.2565193698004876,166.32319831848145,V2继承
repay_settle_payment_n_recent_lifetime_delta,整笔结清前正向入账原流水条数｜近期相对全历史变化,x = SUM(source_rows)，同serial有效payment_time≤整笔repaid_time且日期核验通过；MEAN(finite(x[-3:]))-MEAN(finite(x)),S01｜order_loan_f_v2_copy（整笔订单）；S03｜repayment_record_copy（正向入账）,C：全部历史整笔已结清订单；按repaid_time、serial_id升序；流水核验失败保留缺失位置,条,float32,任一侧无有效值为NaN,describe(),V3-F0273,提前还款与借还周期,T0固定时点；提单/App<T0，放款/整笔结清≤T0；支付<T0，已确认整笔同秒结清订单的已知同秒支付可=T0；当前条件为T0已知值。来源可得时间仍待上线核验。,已入模,选定候选保留,0.0,0.0,0.0,0.0039865284500316,30.535600662231445,V2继承
repay_settle_payment_n_l1,整笔结清前正向入账原流水条数｜最近第1笔,x = SUM(source_rows)，同serial有效payment_time≤整笔repaid_time且日期核验通过；x[-1],S01｜order_loan_f_v2_copy（整笔订单）；S03｜repayment_record_copy（正向入账）,C：全部历史整笔已结清订单；按repaid_time、serial_id升序；流水核验失败保留缺失位置,条,float32,不足1笔或该位置缺失为NaN；不改取第1个非空值,describe(lags=True),V3-F0274,提前还款与借还周期,T0固定时点；提单/App<T0，放款/整笔结清≤T0；支付<T0，已确认整笔同秒结清订单的已知同秒支付可=T0；当前条件为T0已知值。来源可得时间仍待上线核验。,已入模,选定候选保留,0.0,0.0,0.0,0.2053008820491121,500.67809867858887,V2继承
repay_settle_payment_n_l2,整笔结清前正向入账原流水条数｜最近第2笔,x = SUM(source_rows)，同serial有效payment_time≤整笔repaid_time且日期核验通过；x[-2],S01｜order_loan_f_v2_copy（整笔订单）；S03｜repayment_record_copy（正向入账）,C：全部历史整笔已结清订单；按repaid_time、serial_id升序；流水核验失败保留缺失位置,条,float32,不足2笔或该位置缺失为NaN；不改取第2个非空值,describe(lags=True),V3-F0275,提前还款与借还周期,T0固定时点；提单/App<T0，放款/整笔结清≤T0；支付<T0，已确认整笔同秒结清订单的已知同秒支付可=T0；当前条件为T0已知值。来源可得时间仍待上线核验。,已入模,选定候选保留,0.3896785383563859,0.3792564294752452,0.4386335818404361,0.1254076537442974,0.0,V2继承
repay_settle_payment_n_l3,整笔结清前正向入账原流水条数｜最近第3笔,x = SUM(source_rows)，同serial有效payment_time≤整笔repaid_time且日期核验通过；x[-3],S01｜order_loan_f_v2_copy（整笔订单）；S03｜repayment_record_copy（正向入账）,C：全部历史整笔已结清订单；按repaid_time、serial_id升序；流水核验失败保留缺失位置,条,float32,不足3笔或该位置缺失为NaN；不改取第3个非空值,describe(lags=True),V3-F0276,提前还款与借还周期,T0固定时点；提单/App<T0，放款/整笔结清≤T0；支付<T0，已确认整笔同秒结清订单的已知同秒支付可=T0；当前条件为T0已知值。来源可得时间仍待上线核验。,已入模,选定候选保留,0.5907427277938647,0.5786165042675113,0.6293535106264604,0.077395582251191,0.0,V2继承
repay_settle_payment_n_l4,整笔结清前正向入账原流水条数｜最近第4笔,x = SUM(source_rows)，同serial有效payment_time≤整笔repaid_time且日期核验通过；x[-4],S01｜order_loan_f_v2_copy（整笔订单）；S03｜repayment_record_copy（正向入账）,C：全部历史整笔已结清订单；按repaid_time、serial_id升序；流水核验失败保留缺失位置,条,float32,不足4笔或该位置缺失为NaN；不改取第4个非空值,describe(lags=True),V3-F0277,提前还款与借还周期,T0固定时点；提单/App<T0，放款/整笔结清≤T0；支付<T0，已确认整笔同秒结清订单的已知同秒支付可=T0；当前条件为T0已知值。来源可得时间仍待上线核验。,已入模,选定候选保留,0.7208070593192519,0.7113566575594188,0.7491932791810393,0.0490949208389336,0.0,V2继承
repay_settle_payment_n_l5,整笔结清前正向入账原流水条数｜最近第5笔,x = SUM(source_rows)，同serial有效payment_time≤整笔repaid_time且日期核验通过；x[-5],S01｜order_loan_f_v2_copy（整笔订单）；S03｜repayment_record_copy（正向入账）,C：全部历史整笔已结清订单；按repaid_time、serial_id升序；流水核验失败保留缺失位置,条,float32,不足5笔或该位置缺失为NaN；不改取第5个非空值,describe(lags=True),V3-F0278,提前还款与借还周期,T0固定时点；提单/App<T0，放款/整笔结清≤T0；支付<T0，已确认整笔同秒结清订单的已知同秒支付可=T0；当前条件为T0已知值。来源可得时间仍待上线核验。,已入模,选定候选保留,0.8064174738729734,0.7987378805096835,0.83220206965617,0.0283146880133624,0.0,V2继承
repay_settle_payment_n_delta12,整笔结清前正向入账原流水条数｜最近1笔减最近2笔,x = SUM(source_rows)，同serial有效payment_time≤整笔repaid_time且日期核验通过；x[-1]-x[-2],S01｜order_loan_f_v2_copy（整笔订单）；S03｜repayment_record_copy（正向入账）,C：全部历史整笔已结清订单；按repaid_time、serial_id升序；流水核验失败保留缺失位置,条,float32,不足2笔或任一值缺失为NaN,describe(),V3-F0279,提前还款与借还周期,T0固定时点；提单/App<T0，放款/整笔结清≤T0；支付<T0，已确认整笔同秒结清订单的已知同秒支付可=T0；当前条件为T0已知值。来源可得时间仍待上线核验。,已入模,选定候选保留,0.3896785383563859,0.3792564294752452,0.4386335818404361,0.0294153546880429,490.3179922103882,V2继承
repay_settle_payment_n_delta23,整笔结清前正向入账原流水条数｜最近2笔减最近3笔,x = SUM(source_rows)，同serial有效payment_time≤整笔repaid_time且日期核验通过；x[-2]-x[-3],S01｜order_loan_f_v2_copy（整笔订单）；S03｜repayment_record_copy（正向入账）,C：全部历史整笔已结清订单；按repaid_time、serial_id升序；流水核验失败保留缺失位置,条,float32,不足3笔或任一值缺失为NaN,describe(),V3-F0280,提前还款与借还周期,T0固定时点；提单/App<T0，放款/整笔结清≤T0；支付<T0，已确认整笔同秒结清订单的已知同秒支付可=T0；当前条件为T0已知值。来源可得时间仍待上线核验。,已入模,选定候选保留,0.5907427277938647,0.5786165042675113,0.6293535106264604,0.0153261353422502,13.432499885559082,V2继承
repay_settle_payment_days_valid_n,整笔结清前实际支付日期数｜有效值数,x = COUNT_DISTINCT(payin_date)，同serial结清前有效正向入账且日期核验通过；COUNT(finite(x)),S01｜order_loan_f_v2_copy（整笔订单）；S03｜repayment_record_copy（正向入账）,C：全部历史整笔已结清订单；按repaid_time、serial_id升序；流水核验失败保留缺失位置,个,float32,无有效值返回0,describe(),V3-F0281,提前还款与借还周期,T0固定时点；提单/App<T0，放款/整笔结清≤T0；支付<T0，已确认整笔同秒结清订单的已知同秒支付可=T0；当前条件为T0已知值。来源可得时间仍待上线核验。,已入模,选定候选保留,0.0,0.0,0.0,0.0171347424515485,0.0,V2继承
repay_settle_payment_days_mean,整笔结清前实际支付日期数｜全历史均值,x = COUNT_DISTINCT(payin_date)，同serial结清前有效正向入账且日期核验通过；MEAN(finite(x)),S01｜order_loan_f_v2_copy（整笔订单）；S03｜repayment_record_copy（正向入账）,C：全部历史整笔已结清订单；按repaid_time、serial_id升序；流水核验失败保留缺失位置,自然日,float32,无有效值为NaN,describe(),V3-F0282,提前还款与借还周期,T0固定时点；提单/App<T0，放款/整笔结清≤T0；支付<T0，已确认整笔同秒结清订单的已知同秒支付可=T0；当前条件为T0已知值。来源可得时间仍待上线核验。,已入模,选定候选保留,0.0,0.0,0.0,0.2447226601041465,23.23150062561035,V2继承
repay_settle_payment_days_std,整笔结清前实际支付日期数｜全历史总体标准差,"x = COUNT_DISTINCT(payin_date)，同serial结清前有效正向入账且日期核验通过；STD(finite(x), ddof=0)",S01｜order_loan_f_v2_copy（整笔订单）；S03｜repayment_record_copy（正向入账）,C：全部历史整笔已结清订单；按repaid_time、serial_id升序；流水核验失败保留缺失位置,自然日,float32,无有效值为NaN；单个有效值为0,describe(),V3-F0283,提前还款与借还周期,T0固定时点；提单/App<T0，放款/整笔结清≤T0；支付<T0，已确认整笔同秒结清订单的已知同秒支付可=T0；当前条件为T0已知值。来源可得时间仍待上线核验。,已入模,选定候选保留,0.0,0.0,0.0,0.0040853646701359,245.7396993637085,V2继承
repay_settle_payment_days_min,整笔结清前实际支付日期数｜全历史最小值,x = COUNT_DISTINCT(payin_date)，同serial结清前有效正向入账且日期核验通过；MIN(finite(x)),S01｜order_loan_f_v2_copy（整笔订单）；S03｜repayment_record_copy（正向入账）,C：全部历史整笔已结清订单；按repaid_time、serial_id升序；流水核验失败保留缺失位置,自然日,float32,无有效值为NaN,describe(),V3-F0284,提前还款与借还周期,T0固定时点；提单/App<T0，放款/整笔结清≤T0；支付<T0，已确认整笔同秒结清订单的已知同秒支付可=T0；当前条件为T0已知值。来源可得时间仍待上线核验。,已入模,选定候选保留,0.0,0.0,0.0,0.2469265970487338,0.0,V2继承
repay_settle_payment_days_max,整笔结清前实际支付日期数｜全历史最大值,x = COUNT_DISTINCT(payin_date)，同serial结清前有效正向入账且日期核验通过；MAX(finite(x)),S01｜order_loan_f_v2_copy（整笔订单）；S03｜repayment_record_copy（正向入账）,C：全部历史整笔已结清订单；按repaid_time、serial_id升序；流水核验失败保留缺失位置,自然日,float32,无有效值为NaN,describe(),V3-F0285,提前还款与借还周期,T0固定时点；提单/App<T0，放款/整笔结清≤T0；支付<T0，已确认整笔同秒结清订单的已知同秒支付可=T0；当前条件为T0已知值。来源可得时间仍待上线核验。,已入模,选定候选保留,0.0,0.0,0.0,0.2005245076137519,0.0,V2继承
repay_settle_payment_days_last_first_delta,整笔结清前实际支付日期数｜最近减最早有效值,x = COUNT_DISTINCT(payin_date)，同serial结清前有效正向入账且日期核验通过；finite(x)[-1]-finite(x)[0],S01｜order_loan_f_v2_copy（整笔订单）；S03｜repayment_record_copy（正向入账）,C：全部历史整笔已结清订单；按repaid_time、serial_id升序；流水核验失败保留缺失位置,自然日,float32,至少2个有效值；否则NaN,describe(),V3-F0286,提前还款与借还周期,T0固定时点；提单/App<T0，放款/整笔结清≤T0；支付<T0，已确认整笔同秒结清订单的已知同秒支付可=T0；当前条件为T0已知值。来源可得时间仍待上线核验。,已入模,选定候选保留,0.3896785383563859,0.3792564294752452,0.4386335818404361,0.042241051693342,147.1150999069214,V2继承
repay_settle_payment_days_slope,整笔结清前实际支付日期数｜生命周期顺序趋势,x = COUNT_DISTINCT(payin_date)，同serial结清前有效正向入账且日期核验通过；SUM((i-MEAN(i))*(x_i-MEAN(valid_x)))/SUM((i-MEAN(i))^2)，i为有效值在原序列中的位置,S01｜order_loan_f_v2_copy（整笔订单）；S03｜repayment_record_copy（正向入账）,C：全部历史整笔已结清订单；按repaid_time、serial_id升序；流水核验失败保留缺失位置,自然日／序号步,float32,至少2个有效值；否则NaN,describe(),V3-F0287,提前还款与借还周期,T0固定时点；提单/App<T0，放款/整笔结清≤T0；支付<T0，已确认整笔同秒结清订单的已知同秒支付可=T0；当前条件为T0已知值。来源可得时间仍待上线核验。,已入模,选定候选保留,0.3896785383563859,0.3792564294752452,0.4386335818404361,0.0339802868861166,71.70480155944824,V2继承
repay_settle_payment_days_last3_mean,整笔结清前实际支付日期数｜最近3笔有效均值,x = COUNT_DISTINCT(payin_date)，同serial结清前有效正向入账且日期核验通过；MEAN(finite(x[-3:])),S01｜order_loan_f_v2_copy（整笔订单）；S03｜repayment_record_copy（正向入账）,C：全部历史整笔已结清订单；按repaid_time、serial_id升序；流水核验失败保留缺失位置,自然日,float32,原序列最近3笔中无有效值为NaN；不跳过缺失补足3笔,describe(),V3-F0288,提前还款与借还周期,T0固定时点；提单/App<T0，放款/整笔结清≤T0；支付<T0，已确认整笔同秒结清订单的已知同秒支付可=T0；当前条件为T0已知值。来源可得时间仍待上线核验。,已入模,选定候选保留,0.0,0.0,0.0,0.2118518152048549,37.48999977111816,V2继承
repay_settle_payment_days_last5_mean,整笔结清前实际支付日期数｜最近5笔有效均值,x = COUNT_DISTINCT(payin_date)，同serial结清前有效正向入账且日期核验通过；MEAN(finite(x[-5:])),S01｜order_loan_f_v2_copy（整笔订单）；S03｜repayment_record_copy（正向入账）,C：全部历史整笔已结清订单；按repaid_time、serial_id升序；流水核验失败保留缺失位置,自然日,float32,原序列最近5笔中无有效值为NaN；不跳过缺失补足5笔,describe(),V3-F0289,提前还款与借还周期,T0固定时点；提单/App<T0，放款/整笔结清≤T0；支付<T0，已确认整笔同秒结清订单的已知同秒支付可=T0；当前条件为T0已知值。来源可得时间仍待上线核验。,已入模,选定候选保留,0.0,0.0,0.0,0.2336066510893173,13.840900421142578,V2继承
repay_settle_payment_days_recent_lifetime_delta,整笔结清前实际支付日期数｜近期相对全历史变化,x = COUNT_DISTINCT(payin_date)，同serial结清前有效正向入账且日期核验通过；MEAN(finite(x[-3:]))-MEAN(finite(x)),S01｜order_loan_f_v2_copy（整笔订单）；S03｜repayment_record_copy（正向入账）,C：全部历史整笔已结清订单；按repaid_time、serial_id升序；流水核验失败保留缺失位置,自然日,float32,任一侧无有效值为NaN,describe(),V3-F0290,提前还款与借还周期,T0固定时点；提单/App<T0，放款/整笔结清≤T0；支付<T0，已确认整笔同秒结清订单的已知同秒支付可=T0；当前条件为T0已知值。来源可得时间仍待上线核验。,已入模,选定候选保留,0.0,0.0,0.0,0.0038065537799051,0.0,V2继承
repay_settle_payment_days_l1,整笔结清前实际支付日期数｜最近第1笔,x = COUNT_DISTINCT(payin_date)，同serial结清前有效正向入账且日期核验通过；x[-1],S01｜order_loan_f_v2_copy（整笔订单）；S03｜repayment_record_copy（正向入账）,C：全部历史整笔已结清订单；按repaid_time、serial_id升序；流水核验失败保留缺失位置,自然日,float32,不足1笔或该位置缺失为NaN；不改取第1个非空值,describe(lags=True),V3-F0291,提前还款与借还周期,T0固定时点；提单/App<T0，放款/整笔结清≤T0；支付<T0，已确认整笔同秒结清订单的已知同秒支付可=T0；当前条件为T0已知值。来源可得时间仍待上线核验。,已入模,选定候选保留,0.0,0.0,0.0,0.1721489344982647,259.43130588531494,V2继承
repay_settle_payment_days_l2,整笔结清前实际支付日期数｜最近第2笔,x = COUNT_DISTINCT(payin_date)，同serial结清前有效正向入账且日期核验通过；x[-2],S01｜order_loan_f_v2_copy（整笔订单）；S03｜repayment_record_copy（正向入账）,C：全部历史整笔已结清订单；按repaid_time、serial_id升序；流水核验失败保留缺失位置,自然日,float32,不足2笔或该位置缺失为NaN；不改取第2个非空值,describe(lags=True),V3-F0292,提前还款与借还周期,T0固定时点；提单/App<T0，放款/整笔结清≤T0；支付<T0，已确认整笔同秒结清订单的已知同秒支付可=T0；当前条件为T0已知值。来源可得时间仍待上线核验。,已入模,选定候选保留,0.3896785383563859,0.3792564294752452,0.4386335818404361,0.1095278555504834,0.0,V2继承
repay_settle_payment_days_l3,整笔结清前实际支付日期数｜最近第3笔,x = COUNT_DISTINCT(payin_date)，同serial结清前有效正向入账且日期核验通过；x[-3],S01｜order_loan_f_v2_copy（整笔订单）；S03｜repayment_record_copy（正向入账）,C：全部历史整笔已结清订单；按repaid_time、serial_id升序；流水核验失败保留缺失位置,自然日,float32,不足3笔或该位置缺失为NaN；不改取第3个非空值,describe(lags=True),V3-F0293,提前还款与借还周期,T0固定时点；提单/App<T0，放款/整笔结清≤T0；支付<T0，已确认整笔同秒结清订单的已知同秒支付可=T0；当前条件为T0已知值。来源可得时间仍待上线核验。,已入模,选定候选保留,0.5907427277938647,0.5786165042675113,0.6293535106264604,0.0680285033072186,0.0,V2继承
repay_settle_payment_days_l4,整笔结清前实际支付日期数｜最近第4笔,x = COUNT_DISTINCT(payin_date)，同serial结清前有效正向入账且日期核验通过；x[-4],S01｜order_loan_f_v2_copy（整笔订单）；S03｜repayment_record_copy（正向入账）,C：全部历史整笔已结清订单；按repaid_time、serial_id升序；流水核验失败保留缺失位置,自然日,float32,不足4笔或该位置缺失为NaN；不改取第4个非空值,describe(lags=True),V3-F0294,提前还款与借还周期,T0固定时点；提单/App<T0，放款/整笔结清≤T0；支付<T0，已确认整笔同秒结清订单的已知同秒支付可=T0；当前条件为T0已知值。来源可得时间仍待上线核验。,已入模,选定候选保留,0.7208070593192519,0.7113566575594188,0.7491932791810393,0.0385515426279111,15.545100212097168,V2继承
repay_settle_payment_days_l5,整笔结清前实际支付日期数｜最近第5笔,x = COUNT_DISTINCT(payin_date)，同serial结清前有效正向入账且日期核验通过；x[-5],S01｜order_loan_f_v2_copy（整笔订单）；S03｜repayment_record_copy（正向入账）,C：全部历史整笔已结清订单；按repaid_time、serial_id升序；流水核验失败保留缺失位置,自然日,float32,不足5笔或该位置缺失为NaN；不改取第5个非空值,describe(lags=True),V3-F0295,提前还款与借还周期,T0固定时点；提单/App<T0，放款/整笔结清≤T0；支付<T0，已确认整笔同秒结清订单的已知同秒支付可=T0；当前条件为T0已知值。来源可得时间仍待上线核验。,已入模,选定候选保留,0.8064174738729734,0.7987378805096835,0.83220206965617,0.0231875052781151,21.90660095214844,V2继承
repay_settle_payment_days_delta12,整笔结清前实际支付日期数｜最近1笔减最近2笔,x = COUNT_DISTINCT(payin_date)，同serial结清前有效正向入账且日期核验通过；x[-1]-x[-2],S01｜order_loan_f_v2_copy（整笔订单）；S03｜repayment_record_copy（正向入账）,C：全部历史整笔已结清订单；按repaid_time、serial_id升序；流水核验失败保留缺失位置,自然日,float32,不足2笔或任一值缺失为NaN,describe(),V3-F0296,提前还款与借还周期,T0固定时点；提单/App<T0，放款/整笔结清≤T0；支付<T0，已确认整笔同秒结清订单的已知同秒支付可=T0；当前条件为T0已知值。来源可得时间仍待上线核验。,已入模,选定候选保留,0.3896785383563859,0.3792564294752452,0.4386335818404361,0.0317356412174053,178.48119926452637,V2继承
repay_settle_payment_days_delta23,整笔结清前实际支付日期数｜最近2笔减最近3笔,x = COUNT_DISTINCT(payin_date)，同serial结清前有效正向入账且日期核验通过；x[-2]-x[-3],S01｜order_loan_f_v2_copy（整笔订单）；S03｜repayment_record_copy（正向入账）,C：全部历史整笔已结清订单；按repaid_time、serial_id升序；流水核验失败保留缺失位置,自然日,float32,不足3笔或任一值缺失为NaN,describe(),V3-F0297,提前还款与借还周期,T0固定时点；提单/App<T0，放款/整笔结清≤T0；支付<T0，已确认整笔同秒结清订单的已知同秒支付可=T0；当前条件为T0已知值。来源可得时间仍待上线核验。,已入模,选定候选保留,0.5907427277938647,0.5786165042675113,0.6293535106264604,0.0162330198693323,18.431400299072266,V2继承
repay_settle_cash_remit_ratio_valid_n,整笔结清前实收金额对放款比｜有效值数,x = SUM(结清前正向amount)/C.remit_amt；日期核验通过；COUNT(finite(x)),S01｜order_loan_f_v2_copy（整笔订单）；S03｜repayment_record_copy（正向入账）,C：全部历史整笔已结清订单；按repaid_time、serial_id升序；流水核验失败保留缺失位置,个,float32,无有效值返回0,describe(),V3-F0298,提前还款与借还周期,T0固定时点；提单/App<T0，放款/整笔结清≤T0；支付<T0，已确认整笔同秒结清订单的已知同秒支付可=T0；当前条件为T0已知值。来源可得时间仍待上线核验。,已入模,选定候选保留,0.0,0.0,0.0,0.0171347424515485,0.0,V2继承
repay_settle_cash_remit_ratio_mean,整笔结清前实收金额对放款比｜全历史均值,x = SUM(结清前正向amount)/C.remit_amt；日期核验通过；MEAN(finite(x)),S01｜order_loan_f_v2_copy（整笔订单）；S03｜repayment_record_copy（正向入账）,C：全部历史整笔已结清订单；按repaid_time、serial_id升序；流水核验失败保留缺失位置,比例（非未来最终盈利率）,float32,无有效值为NaN,describe(),V3-F0299,提前还款与借还周期,T0固定时点；提单/App<T0，放款/整笔结清≤T0；支付<T0，已确认整笔同秒结清订单的已知同秒支付可=T0；当前条件为T0已知值。来源可得时间仍待上线核验。,已入模,选定候选保留,0.0,0.0,0.0,1.078519347541321,244.98429584503177,V2继承
repay_settle_cash_remit_ratio_std,整笔结清前实收金额对放款比｜全历史总体标准差,"x = SUM(结清前正向amount)/C.remit_amt；日期核验通过；STD(finite(x), ddof=0)",S01｜order_loan_f_v2_copy（整笔订单）；S03｜repayment_record_copy（正向入账）,C：全部历史整笔已结清订单；按repaid_time、serial_id升序；流水核验失败保留缺失位置,比例（非未来最终盈利率）,float32,无有效值为NaN；单个有效值为0,describe(),V3-F0300,提前还款与借还周期,T0固定时点；提单/App<T0，放款/整笔结清≤T0；支付<T0，已确认整笔同秒结清订单的已知同秒支付可=T0；当前条件为T0已知值。来源可得时间仍待上线核验。,已入模,选定候选保留,0.0,0.0,0.0,0.020279432133843,114.4493007659912,V2继承
repay_settle_cash_remit_ratio_min,整笔结清前实收金额对放款比｜全历史最小值,x = SUM(结清前正向amount)/C.remit_amt；日期核验通过；MIN(finite(x)),S01｜order_loan_f_v2_copy（整笔订单）；S03｜repayment_record_copy（正向入账）,C：全部历史整笔已结清订单；按repaid_time、serial_id升序；流水核验失败保留缺失位置,比例（非未来最终盈利率）,float32,无有效值为NaN,describe(),V3-F0301,提前还款与借还周期,T0固定时点；提单/App<T0，放款/整笔结清≤T0；支付<T0，已确认整笔同秒结清订单的已知同秒支付可=T0；当前条件为T0已知值。来源可得时间仍待上线核验。,已入模,选定候选保留,0.0,0.0,0.0,0.7078383981938388,300.94569873809814,V2继承
repay_settle_cash_remit_ratio_max,整笔结清前实收金额对放款比｜全历史最大值,x = SUM(结清前正向amount)/C.remit_amt；日期核验通过；MAX(finite(x)),S01｜order_loan_f_v2_copy（整笔订单）；S03｜repayment_record_copy（正向入账）,C：全部历史整笔已结清订单；按repaid_time、serial_id升序；流水核验失败保留缺失位置,比例（非未来最终盈利率）,float32,无有效值为NaN,describe(),V3-F0302,提前还款与借还周期,T0固定时点；提单/App<T0，放款/整笔结清≤T0；支付<T0，已确认整笔同秒结清订单的已知同秒支付可=T0；当前条件为T0已知值。来源可得时间仍待上线核验。,已入模,选定候选保留,0.0,0.0,0.0,0.9164607424942468,180.35890007019043,V2继承
repay_settle_cash_remit_ratio_last_first_delta,整笔结清前实收金额对放款比｜最近减最早有效值,x = SUM(结清前正向amount)/C.remit_amt；日期核验通过；finite(x)[-1]-finite(x)[0],S01｜order_loan_f_v2_copy（整笔订单）；S03｜repayment_record_copy（正向入账）,C：全部历史整笔已结清订单；按repaid_time、serial_id升序；流水核验失败保留缺失位置,比例（非未来最终盈利率）,float32,至少2个有效值；否则NaN,describe(),V3-F0303,提前还款与借还周期,T0固定时点；提单/App<T0，放款/整笔结清≤T0；支付<T0，已确认整笔同秒结清订单的已知同秒支付可=T0；当前条件为T0已知值。来源可得时间仍待上线核验。,已入模,选定候选保留,0.3896785383563859,0.3792564294752452,0.4386335818404361,0.0555572227925577,110.2048978805542,V2继承
repay_settle_cash_remit_ratio_slope,整笔结清前实收金额对放款比｜生命周期顺序趋势,x = SUM(结清前正向amount)/C.remit_amt；日期核验通过；SUM((i-MEAN(i))*(x_i-MEAN(valid_x)))/SUM((i-MEAN(i))^2)，i为有效值在原序列中的位置,S01｜order_loan_f_v2_copy（整笔订单）；S03｜repayment_record_copy（正向入账）,C：全部历史整笔已结清订单；按repaid_time、serial_id升序；流水核验失败保留缺失位置,比例（非未来最终盈利率）／序号步,float32,至少2个有效值；否则NaN,describe(),V3-F0304,提前还款与借还周期,T0固定时点；提单/App<T0，放款/整笔结清≤T0；支付<T0，已确认整笔同秒结清订单的已知同秒支付可=T0；当前条件为T0已知值。来源可得时间仍待上线核验。,已入模,选定候选保留,0.3896785383563859,0.3792564294752452,0.4386335818404361,0.0755019704441501,143.91240215301514,V2继承
repay_settle_cash_remit_ratio_last3_mean,整笔结清前实收金额对放款比｜最近3笔有效均值,x = SUM(结清前正向amount)/C.remit_amt；日期核验通过；MEAN(finite(x[-3:])),S01｜order_loan_f_v2_copy（整笔订单）；S03｜repayment_record_copy（正向入账）,C：全部历史整笔已结清订单；按repaid_time、serial_id升序；流水核验失败保留缺失位置,比例（非未来最终盈利率）,float32,原序列最近3笔中无有效值为NaN；不跳过缺失补足3笔,describe(),V3-F0305,提前还款与借还周期,T0固定时点；提单/App<T0，放款/整笔结清≤T0；支付<T0，已确认整笔同秒结清订单的已知同秒支付可=T0；当前条件为T0已知值。来源可得时间仍待上线核验。,已入模,选定候选保留,0.0,0.0,0.0,0.9634703471690402,317.24020195007324,V2继承
repay_settle_cash_remit_ratio_last5_mean,整笔结清前实收金额对放款比｜最近5笔有效均值,x = SUM(结清前正向amount)/C.remit_amt；日期核验通过；MEAN(finite(x[-5:])),S01｜order_loan_f_v2_copy（整笔订单）；S03｜repayment_record_copy（正向入账）,C：全部历史整笔已结清订单；按repaid_time、serial_id升序；流水核验失败保留缺失位置,比例（非未来最终盈利率）,float32,原序列最近5笔中无有效值为NaN；不跳过缺失补足5笔,describe(),V3-F0306,提前还款与借还周期,T0固定时点；提单/App<T0，放款/整笔结清≤T0；支付<T0，已确认整笔同秒结清订单的已知同秒支付可=T0；当前条件为T0已知值。来源可得时间仍待上线核验。,已入模,选定候选保留,0.0,0.0,0.0,1.0306210394646884,93.37979984283449,V2继承
repay_settle_cash_remit_ratio_recent_lifetime_delta,整笔结清前实收金额对放款比｜近期相对全历史变化,x = SUM(结清前正向amount)/C.remit_amt；日期核验通过；MEAN(finite(x[-3:]))-MEAN(finite(x)),S01｜order_loan_f_v2_copy（整笔订单）；S03｜repayment_record_copy（正向入账）,C：全部历史整笔已结清订单；按repaid_time、serial_id升序；流水核验失败保留缺失位置,比例（非未来最终盈利率）,float32,任一侧无有效值为NaN,describe(),V3-F0307,提前还款与借还周期,T0固定时点；提单/App<T0，放款/整笔结清≤T0；支付<T0，已确认整笔同秒结清订单的已知同秒支付可=T0；当前条件为T0已知值。来源可得时间仍待上线核验。,已入模,选定候选保留,0.0,0.0,0.0,0.0053562434940932,21.4330997467041,V2继承
repay_settle_cash_remit_ratio_l1,整笔结清前实收金额对放款比｜最近第1笔,x = SUM(结清前正向amount)/C.remit_amt；日期核验通过；x[-1],S01｜order_loan_f_v2_copy（整笔订单）；S03｜repayment_record_copy（正向入账）,C：全部历史整笔已结清订单；按repaid_time、serial_id升序；流水核验失败保留缺失位置,比例（非未来最终盈利率）,float32,不足1笔或该位置缺失为NaN；不改取第1个非空值,describe(lags=True),V3-F0308,提前还款与借还周期,T0固定时点；提单/App<T0，放款/整笔结清≤T0；支付<T0，已确认整笔同秒结清订单的已知同秒支付可=T0；当前条件为T0已知值。来源可得时间仍待上线核验。,已入模,选定候选保留,0.0,0.0,0.0,0.7955688226329862,1103.76780128479,V2继承
repay_settle_cash_remit_ratio_l2,整笔结清前实收金额对放款比｜最近第2笔,x = SUM(结清前正向amount)/C.remit_amt；日期核验通过；x[-2],S01｜order_loan_f_v2_copy（整笔订单）；S03｜repayment_record_copy（正向入账）,C：全部历史整笔已结清订单；按repaid_time、serial_id升序；流水核验失败保留缺失位置,比例（非未来最终盈利率）,float32,不足2笔或该位置缺失为NaN；不改取第2个非空值,describe(lags=True),V3-F0309,提前还款与借还周期,T0固定时点；提单/App<T0，放款/整笔结清≤T0；支付<T0，已确认整笔同秒结清订单的已知同秒支付可=T0；当前条件为T0已知值。来源可得时间仍待上线核验。,已入模,选定候选保留,0.3896785383563859,0.3792564294752452,0.4386335818404361,0.4258637928755768,205.7987003326416,V2继承
repay_settle_cash_remit_ratio_l3,整笔结清前实收金额对放款比｜最近第3笔,x = SUM(结清前正向amount)/C.remit_amt；日期核验通过；x[-3],S01｜order_loan_f_v2_copy（整笔订单）；S03｜repayment_record_copy（正向入账）,C：全部历史整笔已结清订单；按repaid_time、serial_id升序；流水核验失败保留缺失位置,比例（非未来最终盈利率）,float32,不足3笔或该位置缺失为NaN；不改取第3个非空值,describe(lags=True),V3-F0310,提前还款与借还周期,T0固定时点；提单/App<T0，放款/整笔结清≤T0；支付<T0，已确认整笔同秒结清订单的已知同秒支付可=T0；当前条件为T0已知值。来源可得时间仍待上线核验。,已入模,选定候选保留,0.5907427277938647,0.5786165042675113,0.6293535106264604,0.2638799815173331,40.32820034027099,V2继承
repay_settle_cash_remit_ratio_l4,整笔结清前实收金额对放款比｜最近第4笔,x = SUM(结清前正向amount)/C.remit_amt；日期核验通过；x[-4],S01｜order_loan_f_v2_copy（整笔订单）；S03｜repayment_record_copy（正向入账）,C：全部历史整笔已结清订单；按repaid_time、serial_id升序；流水核验失败保留缺失位置,比例（非未来最终盈利率）,float32,不足4笔或该位置缺失为NaN；不改取第4个非空值,describe(lags=True),V3-F0311,提前还款与借还周期,T0固定时点；提单/App<T0，放款/整笔结清≤T0；支付<T0，已确认整笔同秒结清订单的已知同秒支付可=T0；当前条件为T0已知值。来源可得时间仍待上线核验。,已入模,选定候选保留,0.7208070593192519,0.7113566575594188,0.7491932791810393,0.1844179330661026,81.10020065307617,V2继承
repay_settle_cash_remit_ratio_l5,整笔结清前实收金额对放款比｜最近第5笔,x = SUM(结清前正向amount)/C.remit_amt；日期核验通过；x[-5],S01｜order_loan_f_v2_copy（整笔订单）；S03｜repayment_record_copy（正向入账）,C：全部历史整笔已结清订单；按repaid_time、serial_id升序；流水核验失败保留缺失位置,比例（非未来最终盈利率）,float32,不足5笔或该位置缺失为NaN；不改取第5个非空值,describe(lags=True),V3-F0312,提前还款与借还周期,T0固定时点；提单/App<T0，放款/整笔结清≤T0；支付<T0，已确认整笔同秒结清订单的已知同秒支付可=T0；当前条件为T0已知值。来源可得时间仍待上线核验。,已入模,选定候选保留,0.8064174738729734,0.7987378805096835,0.83220206965617,0.0840749887984331,69.5472993850708,V2继承
repay_settle_cash_remit_ratio_delta12,整笔结清前实收金额对放款比｜最近1笔减最近2笔,x = SUM(结清前正向amount)/C.remit_amt；日期核验通过；x[-1]-x[-2],S01｜order_loan_f_v2_copy（整笔订单）；S03｜repayment_record_copy（正向入账）,C：全部历史整笔已结清订单；按repaid_time、serial_id升序；流水核验失败保留缺失位置,比例（非未来最终盈利率）,float32,不足2笔或任一值缺失为NaN,describe(),V3-F0313,提前还款与借还周期,T0固定时点；提单/App<T0，放款/整笔结清≤T0；支付<T0，已确认整笔同秒结清订单的已知同秒支付可=T0；当前条件为T0已知值。来源可得时间仍待上线核验。,已入模,选定候选保留,0.3896785383563859,0.3792564294752452,0.4386335818404361,0.0465704075876025,43.701199531555176,V2继承
repay_settle_cash_remit_ratio_delta23,整笔结清前实收金额对放款比｜最近2笔减最近3笔,x = SUM(结清前正向amount)/C.remit_amt；日期核验通过；x[-2]-x[-3],S01｜order_loan_f_v2_copy（整笔订单）；S03｜repayment_record_copy（正向入账）,C：全部历史整笔已结清订单；按repaid_time、serial_id升序；流水核验失败保留缺失位置,比例（非未来最终盈利率）,float32,不足3笔或任一值缺失为NaN,describe(),V3-F0314,提前还款与借还周期,T0固定时点；提单/App<T0，放款/整笔结清≤T0；支付<T0，已确认整笔同秒结清订单的已知同秒支付可=T0；当前条件为T0已知值。来源可得时间仍待上线核验。,已入模,选定候选保留,0.5907427277938647,0.5786165042675113,0.6293535106264604,0.0215319418882883,12.243300437927246,V2继承
repay_late_n,逾期结清｜次数,x = C.due_date - DATE(C.flow_settle_time)；flag = finite(x) AND (x<0)；SUM(flag),S01｜order_loan_f_v2_copy（整笔订单）；S03｜repayment_record_copy（正向入账）,C：全部历史整笔已结清订单；按repaid_time、serial_id升序；流水核验失败保留缺失位置,次,float32,无符合条件值为0,rates()；阈值累计项可交叉，不是互斥分档,V3-F0315,提前还款与借还周期,T0固定时点；提单/App<T0，放款/整笔结清≤T0；支付<T0，已确认整笔同秒结清订单的已知同秒支付可=T0；当前条件为T0已知值。来源可得时间仍待上线核验。,已入模,选定候选保留,0.0,0.0,0.0,0.044949607743601,0.0,V2继承
repay_late_share,逾期结清｜占比,x = C.due_date - DATE(C.flow_settle_time)；flag = finite(x) AND (x<0)；SUM(flag)/COUNT(finite(x)),S01｜order_loan_f_v2_copy（整笔订单）；S03｜repayment_record_copy（正向入账）,C：全部历史整笔已结清订单；按repaid_time、serial_id升序；流水核验失败保留缺失位置,比例,float32,无有效x为NaN；有效x存在且无符合值为0,rates()；阈值累计项可交叉，不是互斥分档,V3-F0316,提前还款与借还周期,T0固定时点；提单/App<T0，放款/整笔结清≤T0；支付<T0，已确认整笔同秒结清订单的已知同秒支付可=T0；当前条件为T0已知值。来源可得时间仍待上线核验。,已入模,选定候选保留,0.0,0.0,0.0,0.0515709354342522,58.11910057067871,V2继承
repay_late_current_streak,逾期结清｜当前连续次数,x = C.due_date - DATE(C.flow_settle_time)；flag = finite(x) AND (x<0)；从序列末尾向前累计连续True，遇False即止,S01｜order_loan_f_v2_copy（整笔订单）；S03｜repayment_record_copy（正向入账）,C：全部历史整笔已结清订单；按repaid_time、serial_id升序；流水核验失败保留缺失位置,次,float32,缺失转False、中断连续；空序列为0,rates()；阈值累计项可交叉，不是互斥分档,V3-F0317,提前还款与借还周期,T0固定时点；提单/App<T0，放款/整笔结清≤T0；支付<T0，已确认整笔同秒结清订单的已知同秒支付可=T0；当前条件为T0已知值。来源可得时间仍待上线核验。,已入模,选定候选保留,0.0,0.0,0.0,0.0,0.0,V2继承
repay_late_max_streak,逾期结清｜历史最长连续次数,x = C.due_date - DATE(C.flow_settle_time)；flag = finite(x) AND (x<0)；序列中最长连续True长度,S01｜order_loan_f_v2_copy（整笔订单）；S03｜repayment_record_copy（正向入账）,C：全部历史整笔已结清订单；按repaid_time、serial_id升序；流水核验失败保留缺失位置,次,float32,缺失转False、中断连续；空序列为0,rates()；阈值累计项可交叉，不是互斥分档,V3-F0318,提前还款与借还周期,T0固定时点；提单/App<T0，放款/整笔结清≤T0；支付<T0，已确认整笔同秒结清订单的已知同秒支付可=T0；当前条件为T0已知值。来源可得时间仍待上线核验。,已入模,选定候选保留,0.0,0.0,0.0,0.044949607743601,0.0,V2继承
repay_ontime_n,到期日结清｜次数,x = C.due_date - DATE(C.flow_settle_time)；flag = finite(x) AND (x==0)；SUM(flag),S01｜order_loan_f_v2_copy（整笔订单）；S03｜repayment_record_copy（正向入账）,C：全部历史整笔已结清订单；按repaid_time、serial_id升序；流水核验失败保留缺失位置,次,float32,无符合条件值为0,rates()；阈值累计项可交叉，不是互斥分档,V3-F0319,提前还款与借还周期,T0固定时点；提单/App<T0，放款/整笔结清≤T0；支付<T0，已确认整笔同秒结清订单的已知同秒支付可=T0；当前条件为T0已知值。来源可得时间仍待上线核验。,已入模,选定候选保留,0.0,0.0,0.0,0.0012345178349252,134.09269618988037,V2继承
repay_ontime_share,到期日结清｜占比,x = C.due_date - DATE(C.flow_settle_time)；flag = finite(x) AND (x==0)；SUM(flag)/COUNT(finite(x)),S01｜order_loan_f_v2_copy（整笔订单）；S03｜repayment_record_copy（正向入账）,C：全部历史整笔已结清订单；按repaid_time、serial_id升序；流水核验失败保留缺失位置,比例,float32,无有效x为NaN；有效x存在且无符合值为0,rates()；阈值累计项可交叉，不是互斥分档,V3-F0320,提前还款与借还周期,T0固定时点；提单/App<T0，放款/整笔结清≤T0；支付<T0，已确认整笔同秒结清订单的已知同秒支付可=T0；当前条件为T0已知值。来源可得时间仍待上线核验。,已入模,选定候选保留,0.0,0.0,0.0,0.0050501742404562,83.7662992477417,V2继承
repay_ontime_current_streak,到期日结清｜当前连续次数,x = C.due_date - DATE(C.flow_settle_time)；flag = finite(x) AND (x==0)；从序列末尾向前累计连续True，遇False即止,S01｜order_loan_f_v2_copy（整笔订单）；S03｜repayment_record_copy（正向入账）,C：全部历史整笔已结清订单；按repaid_time、serial_id升序；流水核验失败保留缺失位置,次,float32,缺失转False、中断连续；空序列为0,rates()；阈值累计项可交叉，不是互斥分档,V3-F0321,提前还款与借还周期,T0固定时点；提单/App<T0，放款/整笔结清≤T0；支付<T0，已确认整笔同秒结清订单的已知同秒支付可=T0；当前条件为T0已知值。来源可得时间仍待上线核验。,已入模,选定候选保留,0.0,0.0,0.0,0.0026910317614266,61.93980121612549,V2继承
repay_ontime_max_streak,到期日结清｜历史最长连续次数,x = C.due_date - DATE(C.flow_settle_time)；flag = finite(x) AND (x==0)；序列中最长连续True长度,S01｜order_loan_f_v2_copy（整笔订单）；S03｜repayment_record_copy（正向入账）,C：全部历史整笔已结清订单；按repaid_time、serial_id升序；流水核验失败保留缺失位置,次,float32,缺失转False、中断连续；空序列为0,rates()；阈值累计项可交叉，不是互斥分档,V3-F0322,提前还款与借还周期,T0固定时点；提单/App<T0，放款/整笔结清≤T0；支付<T0，已确认整笔同秒结清订单的已知同秒支付可=T0；当前条件为T0已知值。来源可得时间仍待上线核验。,已入模,选定候选保留,0.0,0.0,0.0,0.0012268378551456,74.66780090332031,V2继承
repay_early_1_2_n,提前1–2天｜次数,x = C.due_date - DATE(C.flow_settle_time)；flag = finite(x) AND (1≤x<3)；SUM(flag),S01｜order_loan_f_v2_copy（整笔订单）；S03｜repayment_record_copy（正向入账）,C：全部历史整笔已结清订单；按repaid_time、serial_id升序；流水核验失败保留缺失位置,次,float32,无符合条件值为0,rates()；阈值累计项可交叉，不是互斥分档,V3-F0323,提前还款与借还周期,T0固定时点；提单/App<T0，放款/整笔结清≤T0；支付<T0，已确认整笔同秒结清订单的已知同秒支付可=T0；当前条件为T0已知值。来源可得时间仍待上线核验。,已入模,选定候选保留,0.0,0.0,0.0,0.0089982846346881,16.002899169921875,V2继承
repay_early_1_2_share,提前1–2天｜占比,x = C.due_date - DATE(C.flow_settle_time)；flag = finite(x) AND (1≤x<3)；SUM(flag)/COUNT(finite(x)),S01｜order_loan_f_v2_copy（整笔订单）；S03｜repayment_record_copy（正向入账）,C：全部历史整笔已结清订单；按repaid_time、serial_id升序；流水核验失败保留缺失位置,比例,float32,无有效x为NaN；有效x存在且无符合值为0,rates()；阈值累计项可交叉，不是互斥分档,V3-F0324,提前还款与借还周期,T0固定时点；提单/App<T0，放款/整笔结清≤T0；支付<T0，已确认整笔同秒结清订单的已知同秒支付可=T0；当前条件为T0已知值。来源可得时间仍待上线核验。,已入模,选定候选保留,0.0,0.0,0.0,0.0064236052935084,0.0,V2继承
repay_early_1_2_current_streak,提前1–2天｜当前连续次数,x = C.due_date - DATE(C.flow_settle_time)；flag = finite(x) AND (1≤x<3)；从序列末尾向前累计连续True，遇False即止,S01｜order_loan_f_v2_copy（整笔订单）；S03｜repayment_record_copy（正向入账）,C：全部历史整笔已结清订单；按repaid_time、serial_id升序；流水核验失败保留缺失位置,次,float32,缺失转False、中断连续；空序列为0,rates()；阈值累计项可交叉，不是互斥分档,V3-F0325,提前还款与借还周期,T0固定时点；提单/App<T0，放款/整笔结清≤T0；支付<T0，已确认整笔同秒结清订单的已知同秒支付可=T0；当前条件为T0已知值。来源可得时间仍待上线核验。,已入模,选定候选保留,0.0,0.0,0.0,0.0015668288600187,88.06609916687012,V2继承
repay_early_1_2_max_streak,提前1–2天｜历史最长连续次数,x = C.due_date - DATE(C.flow_settle_time)；flag = finite(x) AND (1≤x<3)；序列中最长连续True长度,S01｜order_loan_f_v2_copy（整笔订单）；S03｜repayment_record_copy（正向入账）,C：全部历史整笔已结清订单；按repaid_time、serial_id升序；流水核验失败保留缺失位置,次,float32,缺失转False、中断连续；空序列为0,rates()；阈值累计项可交叉，不是互斥分档,V3-F0326,提前还款与借还周期,T0固定时点；提单/App<T0，放款/整笔结清≤T0；支付<T0，已确认整笔同秒结清订单的已知同秒支付可=T0；当前条件为T0已知值。来源可得时间仍待上线核验。,已入模,选定候选保留,0.0,0.0,0.0,0.0068645940933491,0.0,V2继承
repay_early_3_6_n,提前3–6天｜次数,x = C.due_date - DATE(C.flow_settle_time)；flag = finite(x) AND (3≤x<7)；SUM(flag),S01｜order_loan_f_v2_copy（整笔订单）；S03｜repayment_record_copy（正向入账）,C：全部历史整笔已结清订单；按repaid_time、serial_id升序；流水核验失败保留缺失位置,次,float32,无符合条件值为0,rates()；阈值累计项可交叉，不是互斥分档,V3-F0327,提前还款与借还周期,T0固定时点；提单/App<T0，放款/整笔结清≤T0；支付<T0，已确认整笔同秒结清订单的已知同秒支付可=T0；当前条件为T0已知值。来源可得时间仍待上线核验。,已入模,选定候选保留,0.0,0.0,0.0,0.0082430513267683,0.0,V2继承
repay_early_3_6_share,提前3–6天｜占比,x = C.due_date - DATE(C.flow_settle_time)；flag = finite(x) AND (3≤x<7)；SUM(flag)/COUNT(finite(x)),S01｜order_loan_f_v2_copy（整笔订单）；S03｜repayment_record_copy（正向入账）,C：全部历史整笔已结清订单；按repaid_time、serial_id升序；流水核验失败保留缺失位置,比例,float32,无有效x为NaN；有效x存在且无符合值为0,rates()；阈值累计项可交叉，不是互斥分档,V3-F0328,提前还款与借还周期,T0固定时点；提单/App<T0，放款/整笔结清≤T0；支付<T0，已确认整笔同秒结清订单的已知同秒支付可=T0；当前条件为T0已知值。来源可得时间仍待上线核验。,已入模,选定候选保留,0.0,0.0,0.0,0.0087834601232227,175.25370025634766,V2继承
repay_early_3_6_current_streak,提前3–6天｜当前连续次数,x = C.due_date - DATE(C.flow_settle_time)；flag = finite(x) AND (3≤x<7)；从序列末尾向前累计连续True，遇False即止,S01｜order_loan_f_v2_copy（整笔订单）；S03｜repayment_record_copy（正向入账）,C：全部历史整笔已结清订单；按repaid_time、serial_id升序；流水核验失败保留缺失位置,次,float32,缺失转False、中断连续；空序列为0,rates()；阈值累计项可交叉，不是互斥分档,V3-F0329,提前还款与借还周期,T0固定时点；提单/App<T0，放款/整笔结清≤T0；支付<T0，已确认整笔同秒结清订单的已知同秒支付可=T0；当前条件为T0已知值。来源可得时间仍待上线核验。,已入模,选定候选保留,0.0,0.0,0.0,0.0031504048697016,75.74579811096191,V2继承
repay_early_3_6_max_streak,提前3–6天｜历史最长连续次数,x = C.due_date - DATE(C.flow_settle_time)；flag = finite(x) AND (3≤x<7)；序列中最长连续True长度,S01｜order_loan_f_v2_copy（整笔订单）；S03｜repayment_record_copy（正向入账）,C：全部历史整笔已结清订单；按repaid_time、serial_id升序；流水核验失败保留缺失位置,次,float32,缺失转False、中断连续；空序列为0,rates()；阈值累计项可交叉，不是互斥分档,V3-F0330,提前还款与借还周期,T0固定时点；提单/App<T0，放款/整笔结清≤T0；支付<T0，已确认整笔同秒结清订单的已知同秒支付可=T0；当前条件为T0已知值。来源可得时间仍待上线核验。,已入模,选定候选保留,0.0,0.0,0.0,0.0082430513267683,0.0,V2继承
repay_early_7_9_n,提前7–9天｜次数,x = C.due_date - DATE(C.flow_settle_time)；flag = finite(x) AND (7≤x<10)；SUM(flag),S01｜order_loan_f_v2_copy（整笔订单）；S03｜repayment_record_copy（正向入账）,C：全部历史整笔已结清订单；按repaid_time、serial_id升序；流水核验失败保留缺失位置,次,float32,无符合条件值为0,rates()；阈值累计项可交叉，不是互斥分档,V3-F0331,提前还款与借还周期,T0固定时点；提单/App<T0，放款/整笔结清≤T0；支付<T0，已确认整笔同秒结清订单的已知同秒支付可=T0；当前条件为T0已知值。来源可得时间仍待上线核验。,已入模,选定候选保留,0.0,0.0,0.0,0.0669037185399707,0.0,V2继承
repay_early_7_9_share,提前7–9天｜占比,x = C.due_date - DATE(C.flow_settle_time)；flag = finite(x) AND (7≤x<10)；SUM(flag)/COUNT(finite(x)),S01｜order_loan_f_v2_copy（整笔订单）；S03｜repayment_record_copy（正向入账）,C：全部历史整笔已结清订单；按repaid_time、serial_id升序；流水核验失败保留缺失位置,比例,float32,无有效x为NaN；有效x存在且无符合值为0,rates()；阈值累计项可交叉，不是互斥分档,V3-F0332,提前还款与借还周期,T0固定时点；提单/App<T0，放款/整笔结清≤T0；支付<T0，已确认整笔同秒结清订单的已知同秒支付可=T0；当前条件为T0已知值。来源可得时间仍待上线核验。,已入模,选定候选保留,0.0,0.0,0.0,0.0519968868419792,61.94729995727539,V2继承
repay_early_7_9_current_streak,提前7–9天｜当前连续次数,x = C.due_date - DATE(C.flow_settle_time)；flag = finite(x) AND (7≤x<10)；从序列末尾向前累计连续True，遇False即止,S01｜order_loan_f_v2_copy（整笔订单）；S03｜repayment_record_copy（正向入账）,C：全部历史整笔已结清订单；按repaid_time、serial_id升序；流水核验失败保留缺失位置,次,float32,缺失转False、中断连续；空序列为0,rates()；阈值累计项可交叉，不是互斥分档,V3-F0333,提前还款与借还周期,T0固定时点；提单/App<T0，放款/整笔结清≤T0；支付<T0，已确认整笔同秒结清订单的已知同秒支付可=T0；当前条件为T0已知值。来源可得时间仍待上线核验。,已入模,选定候选保留,0.0,0.0,0.0,0.034969365605806,67.8636999130249,V2继承
repay_early_7_9_max_streak,提前7–9天｜历史最长连续次数,x = C.due_date - DATE(C.flow_settle_time)；flag = finite(x) AND (7≤x<10)；序列中最长连续True长度,S01｜order_loan_f_v2_copy（整笔订单）；S03｜repayment_record_copy（正向入账）,C：全部历史整笔已结清订单；按repaid_time、serial_id升序；流水核验失败保留缺失位置,次,float32,缺失转False、中断连续；空序列为0,rates()；阈值累计项可交叉，不是互斥分档,V3-F0334,提前还款与借还周期,T0固定时点；提单/App<T0，放款/整笔结清≤T0；支付<T0，已确认整笔同秒结清订单的已知同秒支付可=T0；当前条件为T0已知值。来源可得时间仍待上线核验。,已入模,选定候选保留,0.0,0.0,0.0,0.0527993627778729,0.0,V2继承
repay_early_10_13_n,提前10–13天｜次数,x = C.due_date - DATE(C.flow_settle_time)；flag = finite(x) AND (10≤x<14)；SUM(flag),S01｜order_loan_f_v2_copy（整笔订单）；S03｜repayment_record_copy（正向入账）,C：全部历史整笔已结清订单；按repaid_time、serial_id升序；流水核验失败保留缺失位置,次,float32,无符合条件值为0,rates()；阈值累计项可交叉，不是互斥分档,V3-F0335,提前还款与借还周期,T0固定时点；提单/App<T0，放款/整笔结清≤T0；支付<T0，已确认整笔同秒结清订单的已知同秒支付可=T0；当前条件为T0已知值。来源可得时间仍待上线核验。,已入模,选定候选保留,0.0,0.0,0.0,5.371912290204545e-05,0.0,V2继承
repay_early_10_13_share,提前10–13天｜占比,x = C.due_date - DATE(C.flow_settle_time)；flag = finite(x) AND (10≤x<14)；SUM(flag)/COUNT(finite(x)),S01｜order_loan_f_v2_copy（整笔订单）；S03｜repayment_record_copy（正向入账）,C：全部历史整笔已结清订单；按repaid_time、serial_id升序；流水核验失败保留缺失位置,比例,float32,无有效x为NaN；有效x存在且无符合值为0,rates()；阈值累计项可交叉，不是互斥分档,V3-F0336,提前还款与借还周期,T0固定时点；提单/App<T0，放款/整笔结清≤T0；支付<T0，已确认整笔同秒结清订单的已知同秒支付可=T0；当前条件为T0已知值。来源可得时间仍待上线核验。,已入模,选定候选保留,0.0,0.0,0.0,0.0020590737049659,141.64940071105957,V2继承
repay_early_10_13_current_streak,提前10–13天｜当前连续次数,x = C.due_date - DATE(C.flow_settle_time)；flag = finite(x) AND (10≤x<14)；从序列末尾向前累计连续True，遇False即止,S01｜order_loan_f_v2_copy（整笔订单）；S03｜repayment_record_copy（正向入账）,C：全部历史整笔已结清订单；按repaid_time、serial_id升序；流水核验失败保留缺失位置,次,float32,缺失转False、中断连续；空序列为0,rates()；阈值累计项可交叉，不是互斥分档,V3-F0337,提前还款与借还周期,T0固定时点；提单/App<T0，放款/整笔结清≤T0；支付<T0，已确认整笔同秒结清订单的已知同秒支付可=T0；当前条件为T0已知值。来源可得时间仍待上线核验。,已入模,选定候选保留,0.0,0.0,0.0,0.0,43.34370040893555,V2继承
repay_early_10_13_max_streak,提前10–13天｜历史最长连续次数,x = C.due_date - DATE(C.flow_settle_time)；flag = finite(x) AND (10≤x<14)；序列中最长连续True长度,S01｜order_loan_f_v2_copy（整笔订单）；S03｜repayment_record_copy（正向入账）,C：全部历史整笔已结清订单；按repaid_time、serial_id升序；流水核验失败保留缺失位置,次,float32,缺失转False、中断连续；空序列为0,rates()；阈值累计项可交叉，不是互斥分档,V3-F0338,提前还款与借还周期,T0固定时点；提单/App<T0，放款/整笔结清≤T0；支付<T0，已确认整笔同秒结清订单的已知同秒支付可=T0；当前条件为T0已知值。来源可得时间仍待上线核验。,已入模,选定候选保留,0.0,0.0,0.0,5.371912290204545e-05,0.0,V2继承
repay_early_ge14_n,提前≥14天｜次数,x = C.due_date - DATE(C.flow_settle_time)；flag = finite(x) AND (x≥14)；SUM(flag),S01｜order_loan_f_v2_copy（整笔订单）；S03｜repayment_record_copy（正向入账）,C：全部历史整笔已结清订单；按repaid_time、serial_id升序；流水核验失败保留缺失位置,次,float32,无符合条件值为0,rates()；阈值累计项可交叉，不是互斥分档,V3-F0339,提前还款与借还周期,T0固定时点；提单/App<T0，放款/整笔结清≤T0；支付<T0，已确认整笔同秒结清订单的已知同秒支付可=T0；当前条件为T0已知值。来源可得时间仍待上线核验。,已入模,选定候选保留,0.0,0.0,0.0,0.0003163159322764,0.0,V2继承
repay_early_ge14_share,提前≥14天｜占比,x = C.due_date - DATE(C.flow_settle_time)；flag = finite(x) AND (x≥14)；SUM(flag)/COUNT(finite(x)),S01｜order_loan_f_v2_copy（整笔订单）；S03｜repayment_record_copy（正向入账）,C：全部历史整笔已结清订单；按repaid_time、serial_id升序；流水核验失败保留缺失位置,比例,float32,无有效x为NaN；有效x存在且无符合值为0,rates()；阈值累计项可交叉，不是互斥分档,V3-F0340,提前还款与借还周期,T0固定时点；提单/App<T0，放款/整笔结清≤T0；支付<T0，已确认整笔同秒结清订单的已知同秒支付可=T0；当前条件为T0已知值。来源可得时间仍待上线核验。,已入模,选定候选保留,0.0,0.0,0.0,0.0056766413361318,48.24239921569824,V2继承
repay_early_ge14_current_streak,提前≥14天｜当前连续次数,x = C.due_date - DATE(C.flow_settle_time)；flag = finite(x) AND (x≥14)；从序列末尾向前累计连续True，遇False即止,S01｜order_loan_f_v2_copy（整笔订单）；S03｜repayment_record_copy（正向入账）,C：全部历史整笔已结清订单；按repaid_time、serial_id升序；流水核验失败保留缺失位置,次,float32,缺失转False、中断连续；空序列为0,rates()；阈值累计项可交叉，不是互斥分档,V3-F0341,提前还款与借还周期,T0固定时点；提单/App<T0，放款/整笔结清≤T0；支付<T0，已确认整笔同秒结清订单的已知同秒支付可=T0；当前条件为T0已知值。来源可得时间仍待上线核验。,已入模,选定候选保留,0.0,0.0,0.0,0.0019215332959125,0.0,V2继承
repay_early_ge14_max_streak,提前≥14天｜历史最长连续次数,x = C.due_date - DATE(C.flow_settle_time)；flag = finite(x) AND (x≥14)；序列中最长连续True长度,S01｜order_loan_f_v2_copy（整笔订单）；S03｜repayment_record_copy（正向入账）,C：全部历史整笔已结清订单；按repaid_time、serial_id升序；流水核验失败保留缺失位置,次,float32,缺失转False、中断连续；空序列为0,rates()；阈值累计项可交叉，不是互斥分档,V3-F0342,提前还款与借还周期,T0固定时点；提单/App<T0，放款/整笔结清≤T0；支付<T0，已确认整笔同秒结清订单的已知同秒支付可=T0；当前条件为T0已知值。来源可得时间仍待上线核验。,已入模,选定候选保留,0.0,0.0,0.0,0.0003163159322764,0.0,V2继承
repay_early_ge3_n,提前≥3天｜次数,x = C.due_date - DATE(C.flow_settle_time)；flag = finite(x) AND (x≥3)；SUM(flag),S01｜order_loan_f_v2_copy（整笔订单）；S03｜repayment_record_copy（正向入账）,C：全部历史整笔已结清订单；按repaid_time、serial_id升序；流水核验失败保留缺失位置,次,float32,无符合条件值为0,rates()；阈值累计项可交叉，不是互斥分档,V3-F0343,提前还款与借还周期,T0固定时点；提单/App<T0，放款/整笔结清≤T0；支付<T0，已确认整笔同秒结清订单的已知同秒支付可=T0；当前条件为T0已知值。来源可得时间仍待上线核验。,已入模,选定候选保留,0.0,0.0,0.0,0.0410565663572921,41.82379913330078,V2继承
repay_early_ge3_share,提前≥3天｜占比,x = C.due_date - DATE(C.flow_settle_time)；flag = finite(x) AND (x≥3)；SUM(flag)/COUNT(finite(x)),S01｜order_loan_f_v2_copy（整笔订单）；S03｜repayment_record_copy（正向入账）,C：全部历史整笔已结清订单；按repaid_time、serial_id升序；流水核验失败保留缺失位置,比例,float32,无有效x为NaN；有效x存在且无符合值为0,rates()；阈值累计项可交叉，不是互斥分档,V3-F0344,提前还款与借还周期,T0固定时点；提单/App<T0，放款/整笔结清≤T0；支付<T0，已确认整笔同秒结清订单的已知同秒支付可=T0；当前条件为T0已知值。来源可得时间仍待上线核验。,已入模,选定候选保留,0.0,0.0,0.0,0.0239842473872636,190.996901512146,V2继承
repay_early_ge3_current_streak,提前≥3天｜当前连续次数,x = C.due_date - DATE(C.flow_settle_time)；flag = finite(x) AND (x≥3)；从序列末尾向前累计连续True，遇False即止,S01｜order_loan_f_v2_copy（整笔订单）；S03｜repayment_record_copy（正向入账）,C：全部历史整笔已结清订单；按repaid_time、serial_id升序；流水核验失败保留缺失位置,次,float32,缺失转False、中断连续；空序列为0,rates()；阈值累计项可交叉，不是互斥分档,V3-F0345,提前还款与借还周期,T0固定时点；提单/App<T0，放款/整笔结清≤T0；支付<T0，已确认整笔同秒结清订单的已知同秒支付可=T0；当前条件为T0已知值。来源可得时间仍待上线核验。,已入模,选定候选保留,0.0,0.0,0.0,0.028640508426297,4798.580978393555,V2继承
repay_early_ge3_max_streak,提前≥3天｜历史最长连续次数,x = C.due_date - DATE(C.flow_settle_time)；flag = finite(x) AND (x≥3)；序列中最长连续True长度,S01｜order_loan_f_v2_copy（整笔订单）；S03｜repayment_record_copy（正向入账）,C：全部历史整笔已结清订单；按repaid_time、serial_id升序；流水核验失败保留缺失位置,次,float32,缺失转False、中断连续；空序列为0,rates()；阈值累计项可交叉，不是互斥分档,V3-F0346,提前还款与借还周期,T0固定时点；提单/App<T0，放款/整笔结清≤T0；支付<T0，已确认整笔同秒结清订单的已知同秒支付可=T0；当前条件为T0已知值。来源可得时间仍待上线核验。,已入模,选定候选保留,0.0,0.0,0.0,0.0447248093967613,14.111900329589844,V2继承
repay_early_ge7_n,提前≥7天｜次数,x = C.due_date - DATE(C.flow_settle_time)；flag = finite(x) AND (x≥7)；SUM(flag),S01｜order_loan_f_v2_copy（整笔订单）；S03｜repayment_record_copy（正向入账）,C：全部历史整笔已结清订单；按repaid_time、serial_id升序；流水核验失败保留缺失位置,次,float32,无符合条件值为0,rates()；阈值累计项可交叉，不是互斥分档,V3-F0347,提前还款与借还周期,T0固定时点；提单/App<T0，放款/整笔结清≤T0；支付<T0，已确认整笔同秒结清订单的已知同秒支付可=T0；当前条件为T0已知值。来源可得时间仍待上线核验。,已入模,选定候选保留,0.0,0.0,0.0,0.0295122991818554,0.0,V2继承
repay_early_ge7_share,提前≥7天｜占比,x = C.due_date - DATE(C.flow_settle_time)；flag = finite(x) AND (x≥7)；SUM(flag)/COUNT(finite(x)),S01｜order_loan_f_v2_copy（整笔订单）；S03｜repayment_record_copy（正向入账）,C：全部历史整笔已结清订单；按repaid_time、serial_id升序；流水核验失败保留缺失位置,比例,float32,无有效x为NaN；有效x存在且无符合值为0,rates()；阈值累计项可交叉，不是互斥分档,V3-F0348,提前还款与借还周期,T0固定时点；提单/App<T0，放款/整笔结清≤T0；支付<T0，已确认整笔同秒结清订单的已知同秒支付可=T0；当前条件为T0已知值。来源可得时间仍待上线核验。,已入模,选定候选保留,0.0,0.0,0.0,0.0186239203623015,174.12879943847656,V2继承
repay_early_ge7_current_streak,提前≥7天｜当前连续次数,x = C.due_date - DATE(C.flow_settle_time)；flag = finite(x) AND (x≥7)；从序列末尾向前累计连续True，遇False即止,S01｜order_loan_f_v2_copy（整笔订单）；S03｜repayment_record_copy（正向入账）,C：全部历史整笔已结清订单；按repaid_time、serial_id升序；流水核验失败保留缺失位置,次,float32,缺失转False、中断连续；空序列为0,rates()；阈值累计项可交叉，不是互斥分档,V3-F0349,提前还款与借还周期,T0固定时点；提单/App<T0，放款/整笔结清≤T0；支付<T0，已确认整笔同秒结清订单的已知同秒支付可=T0；当前条件为T0已知值。来源可得时间仍待上线核验。,已入模,选定候选保留,0.0,0.0,0.0,0.0150246480167656,102.72030067443848,V2继承
repay_early_ge7_max_streak,提前≥7天｜历史最长连续次数,x = C.due_date - DATE(C.flow_settle_time)；flag = finite(x) AND (x≥7)；序列中最长连续True长度,S01｜order_loan_f_v2_copy（整笔订单）；S03｜repayment_record_copy（正向入账）,C：全部历史整笔已结清订单；按repaid_time、serial_id升序；流水核验失败保留缺失位置,次,float32,缺失转False、中断连续；空序列为0,rates()；阈值累计项可交叉，不是互斥分档,V3-F0350,提前还款与借还周期,T0固定时点；提单/App<T0，放款/整笔结清≤T0；支付<T0，已确认整笔同秒结清订单的已知同秒支付可=T0；当前条件为T0已知值。来源可得时间仍待上线核验。,已入模,选定候选保留,0.0,0.0,0.0,0.0310940125999393,46.38520050048828,V2继承
repay_early_ge10_n,提前≥10天｜次数,x = C.due_date - DATE(C.flow_settle_time)；flag = finite(x) AND (x≥10)；SUM(flag),S01｜order_loan_f_v2_copy（整笔订单）；S03｜repayment_record_copy（正向入账）,C：全部历史整笔已结清订单；按repaid_time、serial_id升序；流水核验失败保留缺失位置,次,float32,无符合条件值为0,rates()；阈值累计项可交叉，不是互斥分档,V3-F0351,提前还款与借还周期,T0固定时点；提单/App<T0，放款/整笔结清≤T0；支付<T0，已确认整笔同秒结清订单的已知同秒支付可=T0；当前条件为T0已知值。来源可得时间仍待上线核验。,已入模,选定候选保留,0.0,0.0,0.0,0.0008264155560356,18.18079948425293,V2继承
repay_early_ge10_share,提前≥10天｜占比,x = C.due_date - DATE(C.flow_settle_time)；flag = finite(x) AND (x≥10)；SUM(flag)/COUNT(finite(x)),S01｜order_loan_f_v2_copy（整笔订单）；S03｜repayment_record_copy（正向入账）,C：全部历史整笔已结清订单；按repaid_time、serial_id升序；流水核验失败保留缺失位置,比例,float32,无有效x为NaN；有效x存在且无符合值为0,rates()；阈值累计项可交叉，不是互斥分档,V3-F0352,提前还款与借还周期,T0固定时点；提单/App<T0，放款/整笔结清≤T0；支付<T0，已确认整笔同秒结清订单的已知同秒支付可=T0；当前条件为T0已知值。来源可得时间仍待上线核验。,已入模,选定候选保留,0.0,0.0,0.0,0.009158200701785,65.99969959259033,V2继承
repay_early_ge10_current_streak,提前≥10天｜当前连续次数,x = C.due_date - DATE(C.flow_settle_time)；flag = finite(x) AND (x≥10)；从序列末尾向前累计连续True，遇False即止,S01｜order_loan_f_v2_copy（整笔订单）；S03｜repayment_record_copy（正向入账）,C：全部历史整笔已结清订单；按repaid_time、serial_id升序；流水核验失败保留缺失位置,次,float32,缺失转False、中断连续；空序列为0,rates()；阈值累计项可交叉，不是互斥分档,V3-F0353,提前还款与借还周期,T0固定时点；提单/App<T0，放款/整笔结清≤T0；支付<T0，已确认整笔同秒结清订单的已知同秒支付可=T0；当前条件为T0已知值。来源可得时间仍待上线核验。,已入模,选定候选保留,0.0,0.0,0.0,0.0035793433230202,0.0,V2继承
repay_early_ge10_max_streak,提前≥10天｜历史最长连续次数,x = C.due_date - DATE(C.flow_settle_time)；flag = finite(x) AND (x≥10)；序列中最长连续True长度,S01｜order_loan_f_v2_copy（整笔订单）；S03｜repayment_record_copy（正向入账）,C：全部历史整笔已结清订单；按repaid_time、serial_id升序；流水核验失败保留缺失位置,次,float32,缺失转False、中断连续；空序列为0,rates()；阈值累计项可交叉，不是互斥分档,V3-F0354,提前还款与借还周期,T0固定时点；提单/App<T0，放款/整笔结清≤T0；支付<T0，已确认整笔同秒结清订单的已知同秒支付可=T0；当前条件为T0已知值。来源可得时间仍待上线核验。,已入模,选定候选保留,0.0,0.0,0.0,0.0009603462622161,0.0,V2继承
util_low80_n,使用率<80%｜次数,x = F.apply_amt / F.credit_amt；两者必须>0；flag = finite(x) AND (x<0.8)；SUM(flag),S01｜order_loan_f_v2_copy（整笔订单）；S02｜order_vir_f_copy（获额）,F：全部历史成功放款订单；按remit_time、serial_id升序,次,float32,无符合条件值为0,rates()；阈值累计项可交叉，不是互斥分档,V3-F0355,需求使用率与交互,T0固定时点；提单/App<T0，放款/整笔结清≤T0；支付<T0，已确认整笔同秒结清订单的已知同秒支付可=T0；当前条件为T0已知值。来源可得时间仍待上线核验。,已入模,选定候选保留,0.0,0.0,0.0,0.0232046620592562,11.970399856567385,V2继承
util_low80_share,使用率<80%｜占比,x = F.apply_amt / F.credit_amt；两者必须>0；flag = finite(x) AND (x<0.8)；SUM(flag)/COUNT(finite(x)),S01｜order_loan_f_v2_copy（整笔订单）；S02｜order_vir_f_copy（获额）,F：全部历史成功放款订单；按remit_time、serial_id升序,比例,float32,无有效x为NaN；有效x存在且无符合值为0,rates()；阈值累计项可交叉，不是互斥分档,V3-F0356,需求使用率与交互,T0固定时点；提单/App<T0，放款/整笔结清≤T0；支付<T0，已确认整笔同秒结清订单的已知同秒支付可=T0；当前条件为T0已知值。来源可得时间仍待上线核验。,已入模,选定候选保留,0.0017834482285557498,0.0026918768184272,0.000222543674196,0.0450386499574217,155.6281967163086,V2继承
util_low80_current_streak,使用率<80%｜当前连续次数,x = F.apply_amt / F.credit_amt；两者必须>0；flag = finite(x) AND (x<0.8)；从序列末尾向前累计连续True，遇False即止,S01｜order_loan_f_v2_copy（整笔订单）；S02｜order_vir_f_copy（获额）,F：全部历史成功放款订单；按remit_time、serial_id升序,次,float32,缺失转False、中断连续；空序列为0,rates()；阈值累计项可交叉，不是互斥分档,V3-F0357,需求使用率与交互,T0固定时点；提单/App<T0，放款/整笔结清≤T0；支付<T0，已确认整笔同秒结清订单的已知同秒支付可=T0；当前条件为T0已知值。来源可得时间仍待上线核验。,已入模,选定候选保留,0.0,0.0,0.0,0.0186935955799205,0.0,V2继承
util_low80_max_streak,使用率<80%｜历史最长连续次数,x = F.apply_amt / F.credit_amt；两者必须>0；flag = finite(x) AND (x<0.8)；序列中最长连续True长度,S01｜order_loan_f_v2_copy（整笔订单）；S02｜order_vir_f_copy（获额）,F：全部历史成功放款订单；按remit_time、serial_id升序,次,float32,缺失转False、中断连续；空序列为0,rates()；阈值累计项可交叉，不是互斥分档,V3-F0358,需求使用率与交互,T0固定时点；提单/App<T0，放款/整笔结清≤T0；支付<T0，已确认整笔同秒结清订单的已知同秒支付可=T0；当前条件为T0已知值。来源可得时间仍待上线核验。,已入模,选定候选保留,0.0,0.0,0.0,0.0167151026043479,0.0,V2继承
util_80_99_n,使用率80%–<99%｜次数,x = F.apply_amt / F.credit_amt；两者必须>0；flag = finite(x) AND (0.8≤x<0.99)；SUM(flag),S01｜order_loan_f_v2_copy（整笔订单）；S02｜order_vir_f_copy（获额）,F：全部历史成功放款订单；按remit_time、serial_id升序,次,float32,无符合条件值为0,rates()；阈值累计项可交叉，不是互斥分档,V3-F0359,需求使用率与交互,T0固定时点；提单/App<T0，放款/整笔结清≤T0；支付<T0，已确认整笔同秒结清订单的已知同秒支付可=T0；当前条件为T0已知值。来源可得时间仍待上线核验。,已入模,选定候选保留,0.0,0.0,0.0,0.0,0.0,V2继承
util_80_99_share,使用率80%–<99%｜占比,x = F.apply_amt / F.credit_amt；两者必须>0；flag = finite(x) AND (0.8≤x<0.99)；SUM(flag)/COUNT(finite(x)),S01｜order_loan_f_v2_copy（整笔订单）；S02｜order_vir_f_copy（获额）,F：全部历史成功放款订单；按remit_time、serial_id升序,比例,float32,无有效x为NaN；有效x存在且无符合值为0,rates()；阈值累计项可交叉，不是互斥分档,V3-F0360,需求使用率与交互,T0固定时点；提单/App<T0，放款/整笔结清≤T0；支付<T0，已确认整笔同秒结清订单的已知同秒支付可=T0；当前条件为T0已知值。来源可得时间仍待上线核验。,已入模,选定候选保留,0.0017834482285557498,0.0026918768184272,0.000222543674196,0.0061618344069889,29.48680019378662,V2继承
util_80_99_current_streak,使用率80%–<99%｜当前连续次数,x = F.apply_amt / F.credit_amt；两者必须>0；flag = finite(x) AND (0.8≤x<0.99)；从序列末尾向前累计连续True，遇False即止,S01｜order_loan_f_v2_copy（整笔订单）；S02｜order_vir_f_copy（获额）,F：全部历史成功放款订单；按remit_time、serial_id升序,次,float32,缺失转False、中断连续；空序列为0,rates()；阈值累计项可交叉，不是互斥分档,V3-F0361,需求使用率与交互,T0固定时点；提单/App<T0，放款/整笔结清≤T0；支付<T0，已确认整笔同秒结清订单的已知同秒支付可=T0；当前条件为T0已知值。来源可得时间仍待上线核验。,已入模,选定候选保留,0.0,0.0,0.0,0.0,0.0,V2继承
util_80_99_max_streak,使用率80%–<99%｜历史最长连续次数,x = F.apply_amt / F.credit_amt；两者必须>0；flag = finite(x) AND (0.8≤x<0.99)；序列中最长连续True长度,S01｜order_loan_f_v2_copy（整笔订单）；S02｜order_vir_f_copy（获额）,F：全部历史成功放款订单；按remit_time、serial_id升序,次,float32,缺失转False、中断连续；空序列为0,rates()；阈值累计项可交叉，不是互斥分档,V3-F0362,需求使用率与交互,T0固定时点；提单/App<T0，放款/整笔结清≤T0；支付<T0，已确认整笔同秒结清订单的已知同秒支付可=T0；当前条件为T0已知值。来源可得时间仍待上线核验。,已入模,选定候选保留,0.0,0.0,0.0,0.0,0.0,V2继承
util_99_100_n,使用率99%–100%｜次数,x = F.apply_amt / F.credit_amt；两者必须>0；flag = finite(x) AND (0.99≤x≤1)；SUM(flag),S01｜order_loan_f_v2_copy（整笔订单）；S02｜order_vir_f_copy（获额）,F：全部历史成功放款订单；按remit_time、serial_id升序,次,float32,无符合条件值为0,rates()；阈值累计项可交叉，不是互斥分档,V3-F0363,需求使用率与交互,T0固定时点；提单/App<T0，放款/整笔结清≤T0；支付<T0，已确认整笔同秒结清订单的已知同秒支付可=T0；当前条件为T0已知值。来源可得时间仍待上线核验。,已入模,选定候选保留,0.0,0.0,0.0,0.1111644039448482,532.68798828125,V2继承
util_99_100_share,使用率99%–100%｜占比,x = F.apply_amt / F.credit_amt；两者必须>0；flag = finite(x) AND (0.99≤x≤1)；SUM(flag)/COUNT(finite(x)),S01｜order_loan_f_v2_copy（整笔订单）；S02｜order_vir_f_copy（获额）,F：全部历史成功放款订单；按remit_time、serial_id升序,比例,float32,无有效x为NaN；有效x存在且无符合值为0,rates()；阈值累计项可交叉，不是互斥分档,V3-F0364,需求使用率与交互,T0固定时点；提单/App<T0，放款/整笔结清≤T0；支付<T0，已确认整笔同秒结清订单的已知同秒支付可=T0；当前条件为T0已知值。来源可得时间仍待上线核验。,已入模,选定候选保留,0.0017834482285557498,0.0026918768184272,0.000222543674196,0.1053478189738985,50.577199935913086,V2继承
util_99_100_current_streak,使用率99%–100%｜当前连续次数,x = F.apply_amt / F.credit_amt；两者必须>0；flag = finite(x) AND (0.99≤x≤1)；从序列末尾向前累计连续True，遇False即止,S01｜order_loan_f_v2_copy（整笔订单）；S02｜order_vir_f_copy（获额）,F：全部历史成功放款订单；按remit_time、serial_id升序,次,float32,缺失转False、中断连续；空序列为0,rates()；阈值累计项可交叉，不是互斥分档,V3-F0365,需求使用率与交互,T0固定时点；提单/App<T0，放款/整笔结清≤T0；支付<T0，已确认整笔同秒结清订单的已知同秒支付可=T0；当前条件为T0已知值。来源可得时间仍待上线核验。,已入模,选定候选保留,0.0,0.0,0.0,0.072308863129071,20.695999145507812,V2继承
util_99_100_max_streak,使用率99%–100%｜历史最长连续次数,x = F.apply_amt / F.credit_amt；两者必须>0；flag = finite(x) AND (0.99≤x≤1)；序列中最长连续True长度,S01｜order_loan_f_v2_copy（整笔订单）；S02｜order_vir_f_copy（获额）,F：全部历史成功放款订单；按remit_time、serial_id升序,次,float32,缺失转False、中断连续；空序列为0,rates()；阈值累计项可交叉，不是互斥分档,V3-F0366,需求使用率与交互,T0固定时点；提单/App<T0，放款/整笔结清≤T0；支付<T0，已确认整笔同秒结清订单的已知同秒支付可=T0；当前条件为T0已知值。来源可得时间仍待上线核验。,已入模,选定候选保留,0.0,0.0,0.0,0.1121724719636487,0.0,V2继承
util_over100_n,使用率>100%｜次数,x = F.apply_amt / F.credit_amt；两者必须>0；flag = finite(x) AND (x>1)；SUM(flag),S01｜order_loan_f_v2_copy（整笔订单）；S02｜order_vir_f_copy（获额）,F：全部历史成功放款订单；按remit_time、serial_id升序,次,float32,无符合条件值为0,rates()；阈值累计项可交叉，不是互斥分档,V3-F0367,需求使用率与交互,T0固定时点；提单/App<T0，放款/整笔结清≤T0；支付<T0，已确认整笔同秒结清订单的已知同秒支付可=T0；当前条件为T0已知值。来源可得时间仍待上线核验。,已入模,选定候选保留,0.0,0.0,0.0,0.003813696031943,140.94789695739746,V2继承
util_over100_share,使用率>100%｜占比,x = F.apply_amt / F.credit_amt；两者必须>0；flag = finite(x) AND (x>1)；SUM(flag)/COUNT(finite(x)),S01｜order_loan_f_v2_copy（整笔订单）；S02｜order_vir_f_copy（获额）,F：全部历史成功放款订单；按remit_time、serial_id升序,比例,float32,无有效x为NaN；有效x存在且无符合值为0,rates()；阈值累计项可交叉，不是互斥分档,V3-F0368,需求使用率与交互,T0固定时点；提单/App<T0，放款/整笔结清≤T0；支付<T0，已确认整笔同秒结清订单的已知同秒支付可=T0；当前条件为T0已知值。来源可得时间仍待上线核验。,已入模,选定候选保留,0.0017834482285557498,0.0026918768184272,0.000222543674196,0.0193560343478866,28.508898735046387,V2继承
util_over100_current_streak,使用率>100%｜当前连续次数,x = F.apply_amt / F.credit_amt；两者必须>0；flag = finite(x) AND (x>1)；从序列末尾向前累计连续True，遇False即止,S01｜order_loan_f_v2_copy（整笔订单）；S02｜order_vir_f_copy（获额）,F：全部历史成功放款订单；按remit_time、serial_id升序,次,float32,缺失转False、中断连续；空序列为0,rates()；阈值累计项可交叉，不是互斥分档,V3-F0369,需求使用率与交互,T0固定时点；提单/App<T0，放款/整笔结清≤T0；支付<T0，已确认整笔同秒结清订单的已知同秒支付可=T0；当前条件为T0已知值。来源可得时间仍待上线核验。,已入模,选定候选保留,0.0,0.0,0.0,0.008442778001489,0.0,V2继承
util_over100_max_streak,使用率>100%｜历史最长连续次数,x = F.apply_amt / F.credit_amt；两者必须>0；flag = finite(x) AND (x>1)；序列中最长连续True长度,S01｜order_loan_f_v2_copy（整笔订单）；S02｜order_vir_f_copy（获额）,F：全部历史成功放款订单；按remit_time、serial_id升序,次,float32,缺失转False、中断连续；空序列为0,rates()；阈值累计项可交叉，不是互斥分档,V3-F0370,需求使用率与交互,T0固定时点；提单/App<T0，放款/整笔结清≤T0；支付<T0，已确认整笔同秒结清订单的已知同秒支付可=T0；当前条件为T0已知值。来源可得时间仍待上线核验。,已入模,选定候选保留,0.0,0.0,0.0,0.0027221330147199,0.0,V2继承
util_ge95_n,使用率≥95%｜次数,x = F.apply_amt / F.credit_amt；两者必须>0；flag = finite(x) AND (x≥0.95)；SUM(flag),S01｜order_loan_f_v2_copy（整笔订单）；S02｜order_vir_f_copy（获额）,F：全部历史成功放款订单；按remit_time、serial_id升序,次,float32,无符合条件值为0,rates()；阈值累计项可交叉，不是互斥分档,V3-F0371,需求使用率与交互,T0固定时点；提单/App<T0，放款/整笔结清≤T0；支付<T0，已确认整笔同秒结清订单的已知同秒支付可=T0；当前条件为T0已知值。来源可得时间仍待上线核验。,已入模,选定候选保留,0.0,0.0,0.0,0.1336310387621282,135.71379852294922,V2继承
util_ge95_share,使用率≥95%｜占比,x = F.apply_amt / F.credit_amt；两者必须>0；flag = finite(x) AND (x≥0.95)；SUM(flag)/COUNT(finite(x)),S01｜order_loan_f_v2_copy（整笔订单）；S02｜order_vir_f_copy（获额）,F：全部历史成功放款订单；按remit_time、serial_id升序,比例,float32,无有效x为NaN；有效x存在且无符合值为0,rates()；阈值累计项可交叉，不是互斥分档,V3-F0372,需求使用率与交互,T0固定时点；提单/App<T0，放款/整笔结清≤T0；支付<T0，已确认整笔同秒结清订单的已知同秒支付可=T0；当前条件为T0已知值。来源可得时间仍待上线核验。,已入模,选定候选保留,0.0017834482285557498,0.0026918768184272,0.000222543674196,0.0726910040810782,66.01409912109375,V2继承
util_ge95_current_streak,使用率≥95%｜当前连续次数,x = F.apply_amt / F.credit_amt；两者必须>0；flag = finite(x) AND (x≥0.95)；从序列末尾向前累计连续True，遇False即止,S01｜order_loan_f_v2_copy（整笔订单）；S02｜order_vir_f_copy（获额）,F：全部历史成功放款订单；按remit_time、serial_id升序,次,float32,缺失转False、中断连续；空序列为0,rates()；阈值累计项可交叉，不是互斥分档,V3-F0373,需求使用率与交互,T0固定时点；提单/App<T0，放款/整笔结清≤T0；支付<T0，已确认整笔同秒结清订单的已知同秒支付可=T0；当前条件为T0已知值。来源可得时间仍待上线核验。,已入模,选定候选保留,0.0,0.0,0.0,0.0327198304219793,496.24589920043945,V2继承
util_ge95_max_streak,使用率≥95%｜历史最长连续次数,x = F.apply_amt / F.credit_amt；两者必须>0；flag = finite(x) AND (x≥0.95)；序列中最长连续True长度,S01｜order_loan_f_v2_copy（整笔订单）；S02｜order_vir_f_copy（获额）,F：全部历史成功放款订单；按remit_time、serial_id升序,次,float32,缺失转False、中断连续；空序列为0,rates()；阈值累计项可交叉，不是互斥分档,V3-F0374,需求使用率与交互,T0固定时点；提单/App<T0，放款/整笔结清≤T0；支付<T0，已确认整笔同秒结清订单的已知同秒支付可=T0；当前条件为T0已知值。来源可得时间仍待上线核验。,已入模,选定候选保留,0.0,0.0,0.0,0.1343674311750447,0.0,V2继承
apply_settle_days_le3_n,提单后≤3天整笔结清｜次数,x = (C.flow_settle_time-C.apply_time).total_seconds()/86400；flag = finite(x) AND (0≤x≤3)；SUM(flag),S01｜order_loan_f_v2_copy（整笔订单）；S03｜repayment_record_copy（正向入账）,C：全部历史整笔已结清订单；按repaid_time、serial_id升序；流水核验失败保留缺失位置,次,float32,无符合条件值为0,rates()；阈值累计项可交叉，不是互斥分档,V3-F0375,提前还款与借还周期,T0固定时点；提单/App<T0，放款/整笔结清≤T0；支付<T0，已确认整笔同秒结清订单的已知同秒支付可=T0；当前条件为T0已知值。来源可得时间仍待上线核验。,已入模,选定候选保留,0.0,0.0,0.0,0.0,0.0,V2继承
apply_settle_days_le3_share,提单后≤3天整笔结清｜占比,x = (C.flow_settle_time-C.apply_time).total_seconds()/86400；flag = finite(x) AND (0≤x≤3)；SUM(flag)/COUNT(finite(x)),S01｜order_loan_f_v2_copy（整笔订单）；S03｜repayment_record_copy（正向入账）,C：全部历史整笔已结清订单；按repaid_time、serial_id升序；流水核验失败保留缺失位置,比例,float32,无有效x为NaN；有效x存在且无符合值为0,rates()；阈值累计项可交叉，不是互斥分档,V3-F0376,提前还款与借还周期,T0固定时点；提单/App<T0，放款/整笔结清≤T0；支付<T0，已确认整笔同秒结清订单的已知同秒支付可=T0；当前条件为T0已知值。来源可得时间仍待上线核验。,已入模,选定候选保留,0.0,0.0,0.0,0.0,274.9986038208008,V2继承
apply_settle_days_le3_current_streak,提单后≤3天整笔结清｜当前连续次数,x = (C.flow_settle_time-C.apply_time).total_seconds()/86400；flag = finite(x) AND (0≤x≤3)；从序列末尾向前累计连续True，遇False即止,S01｜order_loan_f_v2_copy（整笔订单）；S03｜repayment_record_copy（正向入账）,C：全部历史整笔已结清订单；按repaid_time、serial_id升序；流水核验失败保留缺失位置,次,float32,缺失转False、中断连续；空序列为0,rates()；阈值累计项可交叉，不是互斥分档,V3-F0377,提前还款与借还周期,T0固定时点；提单/App<T0，放款/整笔结清≤T0；支付<T0，已确认整笔同秒结清订单的已知同秒支付可=T0；当前条件为T0已知值。来源可得时间仍待上线核验。,已入模,选定候选保留,0.0,0.0,0.0,0.0,0.0,V2继承
apply_settle_days_le3_max_streak,提单后≤3天整笔结清｜历史最长连续次数,x = (C.flow_settle_time-C.apply_time).total_seconds()/86400；flag = finite(x) AND (0≤x≤3)；序列中最长连续True长度,S01｜order_loan_f_v2_copy（整笔订单）；S03｜repayment_record_copy（正向入账）,C：全部历史整笔已结清订单；按repaid_time、serial_id升序；流水核验失败保留缺失位置,次,float32,缺失转False、中断连续；空序列为0,rates()；阈值累计项可交叉，不是互斥分档,V3-F0378,提前还款与借还周期,T0固定时点；提单/App<T0，放款/整笔结清≤T0；支付<T0，已确认整笔同秒结清订单的已知同秒支付可=T0；当前条件为T0已知值。来源可得时间仍待上线核验。,已入模,选定候选保留,0.0,0.0,0.0,0.0,0.0,V2继承
apply_settle_days_le7_n,提单后≤7天整笔结清｜次数,x = (C.flow_settle_time-C.apply_time).total_seconds()/86400；flag = finite(x) AND (0≤x≤7)；SUM(flag),S01｜order_loan_f_v2_copy（整笔订单）；S03｜repayment_record_copy（正向入账）,C：全部历史整笔已结清订单；按repaid_time、serial_id升序；流水核验失败保留缺失位置,次,float32,无符合条件值为0,rates()；阈值累计项可交叉，不是互斥分档,V3-F0379,提前还款与借还周期,T0固定时点；提单/App<T0，放款/整笔结清≤T0；支付<T0，已确认整笔同秒结清订单的已知同秒支付可=T0；当前条件为T0已知值。来源可得时间仍待上线核验。,已入模,选定候选保留,0.0,0.0,0.0,0.0932962405312838,124.73600006103516,V2继承
apply_settle_days_le7_share,提单后≤7天整笔结清｜占比,x = (C.flow_settle_time-C.apply_time).total_seconds()/86400；flag = finite(x) AND (0≤x≤7)；SUM(flag)/COUNT(finite(x)),S01｜order_loan_f_v2_copy（整笔订单）；S03｜repayment_record_copy（正向入账）,C：全部历史整笔已结清订单；按repaid_time、serial_id升序；流水核验失败保留缺失位置,比例,float32,无有效x为NaN；有效x存在且无符合值为0,rates()；阈值累计项可交叉，不是互斥分档,V3-F0380,提前还款与借还周期,T0固定时点；提单/App<T0，放款/整笔结清≤T0；支付<T0，已确认整笔同秒结清订单的已知同秒支付可=T0；当前条件为T0已知值。来源可得时间仍待上线核验。,已入模,选定候选保留,0.0,0.0,0.0,0.0875996613879601,89.97060012817383,V2继承
apply_settle_days_le7_current_streak,提单后≤7天整笔结清｜当前连续次数,x = (C.flow_settle_time-C.apply_time).total_seconds()/86400；flag = finite(x) AND (0≤x≤7)；从序列末尾向前累计连续True，遇False即止,S01｜order_loan_f_v2_copy（整笔订单）；S03｜repayment_record_copy（正向入账）,C：全部历史整笔已结清订单；按repaid_time、serial_id升序；流水核验失败保留缺失位置,次,float32,缺失转False、中断连续；空序列为0,rates()；阈值累计项可交叉，不是互斥分档,V3-F0381,提前还款与借还周期,T0固定时点；提单/App<T0，放款/整笔结清≤T0；支付<T0，已确认整笔同秒结清订单的已知同秒支付可=T0；当前条件为T0已知值。来源可得时间仍待上线核验。,已入模,选定候选保留,0.0,0.0,0.0,0.0599051458504157,34.49930000305176,V2继承
apply_settle_days_le7_max_streak,提单后≤7天整笔结清｜历史最长连续次数,x = (C.flow_settle_time-C.apply_time).total_seconds()/86400；flag = finite(x) AND (0≤x≤7)；序列中最长连续True长度,S01｜order_loan_f_v2_copy（整笔订单）；S03｜repayment_record_copy（正向入账）,C：全部历史整笔已结清订单；按repaid_time、serial_id升序；流水核验失败保留缺失位置,次,float32,缺失转False、中断连续；空序列为0,rates()；阈值累计项可交叉，不是互斥分档,V3-F0382,提前还款与借还周期,T0固定时点；提单/App<T0，放款/整笔结清≤T0；支付<T0，已确认整笔同秒结清订单的已知同秒支付可=T0；当前条件为T0已知值。来源可得时间仍待上线核验。,已入模,选定候选保留,0.0,0.0,0.0,0.0946752433375096,132.9770050048828,V2继承
apply_settle_days_le10_n,提单后≤10天整笔结清｜次数,x = (C.flow_settle_time-C.apply_time).total_seconds()/86400；flag = finite(x) AND (0≤x≤10)；SUM(flag),S01｜order_loan_f_v2_copy（整笔订单）；S03｜repayment_record_copy（正向入账）,C：全部历史整笔已结清订单；按repaid_time、serial_id升序；流水核验失败保留缺失位置,次,float32,无符合条件值为0,rates()；阈值累计项可交叉，不是互斥分档,V3-F0383,提前还款与借还周期,T0固定时点；提单/App<T0，放款/整笔结清≤T0；支付<T0，已确认整笔同秒结清订单的已知同秒支付可=T0；当前条件为T0已知值。来源可得时间仍待上线核验。,已入模,选定候选保留,0.0,0.0,0.0,0.1157430815083128,0.0,V2继承
apply_settle_days_le10_share,提单后≤10天整笔结清｜占比,x = (C.flow_settle_time-C.apply_time).total_seconds()/86400；flag = finite(x) AND (0≤x≤10)；SUM(flag)/COUNT(finite(x)),S01｜order_loan_f_v2_copy（整笔订单）；S03｜repayment_record_copy（正向入账）,C：全部历史整笔已结清订单；按repaid_time、serial_id升序；流水核验失败保留缺失位置,比例,float32,无有效x为NaN；有效x存在且无符合值为0,rates()；阈值累计项可交叉，不是互斥分档,V3-F0384,提前还款与借还周期,T0固定时点；提单/App<T0，放款/整笔结清≤T0；支付<T0，已确认整笔同秒结清订单的已知同秒支付可=T0；当前条件为T0已知值。来源可得时间仍待上线核验。,已入模,选定候选保留,0.0,0.0,0.0,0.1098243507945236,95.07749938964844,V2继承
apply_settle_days_le10_current_streak,提单后≤10天整笔结清｜当前连续次数,x = (C.flow_settle_time-C.apply_time).total_seconds()/86400；flag = finite(x) AND (0≤x≤10)；从序列末尾向前累计连续True，遇False即止,S01｜order_loan_f_v2_copy（整笔订单）；S03｜repayment_record_copy（正向入账）,C：全部历史整笔已结清订单；按repaid_time、serial_id升序；流水核验失败保留缺失位置,次,float32,缺失转False、中断连续；空序列为0,rates()；阈值累计项可交叉，不是互斥分档,V3-F0385,提前还款与借还周期,T0固定时点；提单/App<T0，放款/整笔结清≤T0；支付<T0，已确认整笔同秒结清订单的已知同秒支付可=T0；当前条件为T0已知值。来源可得时间仍待上线核验。,已入模,选定候选保留,0.0,0.0,0.0,0.0764389696337989,0.0,V2继承
apply_settle_days_le10_max_streak,提单后≤10天整笔结清｜历史最长连续次数,x = (C.flow_settle_time-C.apply_time).total_seconds()/86400；flag = finite(x) AND (0≤x≤10)；序列中最长连续True长度,S01｜order_loan_f_v2_copy（整笔订单）；S03｜repayment_record_copy（正向入账）,C：全部历史整笔已结清订单；按repaid_time、serial_id升序；流水核验失败保留缺失位置,次,float32,缺失转False、中断连续；空序列为0,rates()；阈值累计项可交叉，不是互斥分档,V3-F0386,提前还款与借还周期,T0固定时点；提单/App<T0，放款/整笔结清≤T0；支付<T0，已确认整笔同秒结清订单的已知同秒支付可=T0；当前条件为T0已知值。来源可得时间仍待上线核验。,已入模,选定候选保留,0.0,0.0,0.0,0.1191807224966184,19.592300415039062,V2继承
apply_settle_days_le14_n,提单后≤14天整笔结清｜次数,x = (C.flow_settle_time-C.apply_time).total_seconds()/86400；flag = finite(x) AND (0≤x≤14)；SUM(flag),S01｜order_loan_f_v2_copy（整笔订单）；S03｜repayment_record_copy（正向入账）,C：全部历史整笔已结清订单；按repaid_time、serial_id升序；流水核验失败保留缺失位置,次,float32,无符合条件值为0,rates()；阈值累计项可交叉，不是互斥分档,V3-F0387,提前还款与借还周期,T0固定时点；提单/App<T0，放款/整笔结清≤T0；支付<T0，已确认整笔同秒结清订单的已知同秒支付可=T0；当前条件为T0已知值。来源可得时间仍待上线核验。,已入模,选定候选保留,0.0,0.0,0.0,0.2638634923452593,312.1657028198242,V2继承
apply_settle_days_le14_share,提单后≤14天整笔结清｜占比,x = (C.flow_settle_time-C.apply_time).total_seconds()/86400；flag = finite(x) AND (0≤x≤14)；SUM(flag)/COUNT(finite(x)),S01｜order_loan_f_v2_copy（整笔订单）；S03｜repayment_record_copy（正向入账）,C：全部历史整笔已结清订单；按repaid_time、serial_id升序；流水核验失败保留缺失位置,比例,float32,无有效x为NaN；有效x存在且无符合值为0,rates()；阈值累计项可交叉，不是互斥分档,V3-F0388,提前还款与借还周期,T0固定时点；提单/App<T0，放款/整笔结清≤T0；支付<T0，已确认整笔同秒结清订单的已知同秒支付可=T0；当前条件为T0已知值。来源可得时间仍待上线核验。,已入模,选定候选保留,0.0,0.0,0.0,0.2753642493671247,215.22159576416016,V2继承
apply_settle_days_le14_current_streak,提单后≤14天整笔结清｜当前连续次数,x = (C.flow_settle_time-C.apply_time).total_seconds()/86400；flag = finite(x) AND (0≤x≤14)；从序列末尾向前累计连续True，遇False即止,S01｜order_loan_f_v2_copy（整笔订单）；S03｜repayment_record_copy（正向入账）,C：全部历史整笔已结清订单；按repaid_time、serial_id升序；流水核验失败保留缺失位置,次,float32,缺失转False、中断连续；空序列为0,rates()；阈值累计项可交叉，不是互斥分档,V3-F0389,提前还款与借还周期,T0固定时点；提单/App<T0，放款/整笔结清≤T0；支付<T0，已确认整笔同秒结清订单的已知同秒支付可=T0；当前条件为T0已知值。来源可得时间仍待上线核验。,已入模,选定候选保留,0.0,0.0,0.0,0.2037271396792102,0.0,V2继承
apply_settle_days_le14_max_streak,提单后≤14天整笔结清｜历史最长连续次数,x = (C.flow_settle_time-C.apply_time).total_seconds()/86400；flag = finite(x) AND (0≤x≤14)；序列中最长连续True长度,S01｜order_loan_f_v2_copy（整笔订单）；S03｜repayment_record_copy（正向入账）,C：全部历史整笔已结清订单；按repaid_time、serial_id升序；流水核验失败保留缺失位置,次,float32,缺失转False、中断连续；空序列为0,rates()；阈值累计项可交叉，不是互斥分档,V3-F0390,提前还款与借还周期,T0固定时点；提单/App<T0，放款/整笔结清≤T0；支付<T0，已确认整笔同秒结清订单的已知同秒支付可=T0；当前条件为T0已知值。来源可得时间仍待上线核验。,已入模,选定候选保留,0.0,0.0,0.0,0.2704024888991507,0.0,V2继承
remit_settle_days_le3_n,放款后≤3天整笔结清｜次数,x = (C.flow_settle_time-C.remit_time).total_seconds()/86400；flag = finite(x) AND (0≤x≤3)；SUM(flag),S01｜order_loan_f_v2_copy（整笔订单）；S03｜repayment_record_copy（正向入账）,C：全部历史整笔已结清订单；按repaid_time、serial_id升序；流水核验失败保留缺失位置,次,float32,无符合条件值为0,rates()；阈值累计项可交叉，不是互斥分档,V3-F0391,提前还款与借还周期,T0固定时点；提单/App<T0，放款/整笔结清≤T0；支付<T0，已确认整笔同秒结清订单的已知同秒支付可=T0；当前条件为T0已知值。来源可得时间仍待上线核验。,已入模,选定候选保留,0.0,0.0,0.0,0.0,0.0,V2继承
remit_settle_days_le3_share,放款后≤3天整笔结清｜占比,x = (C.flow_settle_time-C.remit_time).total_seconds()/86400；flag = finite(x) AND (0≤x≤3)；SUM(flag)/COUNT(finite(x)),S01｜order_loan_f_v2_copy（整笔订单）；S03｜repayment_record_copy（正向入账）,C：全部历史整笔已结清订单；按repaid_time、serial_id升序；流水核验失败保留缺失位置,比例,float32,无有效x为NaN；有效x存在且无符合值为0,rates()；阈值累计项可交叉，不是互斥分档,V3-F0392,提前还款与借还周期,T0固定时点；提单/App<T0，放款/整笔结清≤T0；支付<T0，已确认整笔同秒结清订单的已知同秒支付可=T0；当前条件为T0已知值。来源可得时间仍待上线核验。,已入模,选定候选保留,0.0,0.0,0.0,0.0,55.208099365234375,V2继承
remit_settle_days_le3_current_streak,放款后≤3天整笔结清｜当前连续次数,x = (C.flow_settle_time-C.remit_time).total_seconds()/86400；flag = finite(x) AND (0≤x≤3)；从序列末尾向前累计连续True，遇False即止,S01｜order_loan_f_v2_copy（整笔订单）；S03｜repayment_record_copy（正向入账）,C：全部历史整笔已结清订单；按repaid_time、serial_id升序；流水核验失败保留缺失位置,次,float32,缺失转False、中断连续；空序列为0,rates()；阈值累计项可交叉，不是互斥分档,V3-F0393,提前还款与借还周期,T0固定时点；提单/App<T0，放款/整笔结清≤T0；支付<T0，已确认整笔同秒结清订单的已知同秒支付可=T0；当前条件为T0已知值。来源可得时间仍待上线核验。,已入模,选定候选保留,0.0,0.0,0.0,0.0,0.0,V2继承
remit_settle_days_le3_max_streak,放款后≤3天整笔结清｜历史最长连续次数,x = (C.flow_settle_time-C.remit_time).total_seconds()/86400；flag = finite(x) AND (0≤x≤3)；序列中最长连续True长度,S01｜order_loan_f_v2_copy（整笔订单）；S03｜repayment_record_copy（正向入账）,C：全部历史整笔已结清订单；按repaid_time、serial_id升序；流水核验失败保留缺失位置,次,float32,缺失转False、中断连续；空序列为0,rates()；阈值累计项可交叉，不是互斥分档,V3-F0394,提前还款与借还周期,T0固定时点；提单/App<T0，放款/整笔结清≤T0；支付<T0，已确认整笔同秒结清订单的已知同秒支付可=T0；当前条件为T0已知值。来源可得时间仍待上线核验。,已入模,选定候选保留,0.0,0.0,0.0,0.0,0.0,V2继承
remit_settle_days_le7_n,放款后≤7天整笔结清｜次数,x = (C.flow_settle_time-C.remit_time).total_seconds()/86400；flag = finite(x) AND (0≤x≤7)；SUM(flag),S01｜order_loan_f_v2_copy（整笔订单）；S03｜repayment_record_copy（正向入账）,C：全部历史整笔已结清订单；按repaid_time、serial_id升序；流水核验失败保留缺失位置,次,float32,无符合条件值为0,rates()；阈值累计项可交叉，不是互斥分档,V3-F0395,提前还款与借还周期,T0固定时点；提单/App<T0，放款/整笔结清≤T0；支付<T0，已确认整笔同秒结清订单的已知同秒支付可=T0；当前条件为T0已知值。来源可得时间仍待上线核验。,已入模,选定候选保留,0.0,0.0,0.0,0.0930396429194212,0.0,V2继承
remit_settle_days_le7_share,放款后≤7天整笔结清｜占比,x = (C.flow_settle_time-C.remit_time).total_seconds()/86400；flag = finite(x) AND (0≤x≤7)；SUM(flag)/COUNT(finite(x)),S01｜order_loan_f_v2_copy（整笔订单）；S03｜repayment_record_copy（正向入账）,C：全部历史整笔已结清订单；按repaid_time、serial_id升序；流水核验失败保留缺失位置,比例,float32,无有效x为NaN；有效x存在且无符合值为0,rates()；阈值累计项可交叉，不是互斥分档,V3-F0396,提前还款与借还周期,T0固定时点；提单/App<T0，放款/整笔结清≤T0；支付<T0，已确认整笔同秒结清订单的已知同秒支付可=T0；当前条件为T0已知值。来源可得时间仍待上线核验。,已入模,选定候选保留,0.0,0.0,0.0,0.0872521895352003,0.0,V2继承
remit_settle_days_le7_current_streak,放款后≤7天整笔结清｜当前连续次数,x = (C.flow_settle_time-C.remit_time).total_seconds()/86400；flag = finite(x) AND (0≤x≤7)；从序列末尾向前累计连续True，遇False即止,S01｜order_loan_f_v2_copy（整笔订单）；S03｜repayment_record_copy（正向入账）,C：全部历史整笔已结清订单；按repaid_time、serial_id升序；流水核验失败保留缺失位置,次,float32,缺失转False、中断连续；空序列为0,rates()；阈值累计项可交叉，不是互斥分档,V3-F0397,提前还款与借还周期,T0固定时点；提单/App<T0，放款/整笔结清≤T0；支付<T0，已确认整笔同秒结清订单的已知同秒支付可=T0；当前条件为T0已知值。来源可得时间仍待上线核验。,已入模,选定候选保留,0.0,0.0,0.0,0.0599910288942992,14.61970043182373,V2继承
remit_settle_days_le7_max_streak,放款后≤7天整笔结清｜历史最长连续次数,x = (C.flow_settle_time-C.remit_time).total_seconds()/86400；flag = finite(x) AND (0≤x≤7)；序列中最长连续True长度,S01｜order_loan_f_v2_copy（整笔订单）；S03｜repayment_record_copy（正向入账）,C：全部历史整笔已结清订单；按repaid_time、serial_id升序；流水核验失败保留缺失位置,次,float32,缺失转False、中断连续；空序列为0,rates()；阈值累计项可交叉，不是互斥分档,V3-F0398,提前还款与借还周期,T0固定时点；提单/App<T0，放款/整笔结清≤T0；支付<T0，已确认整笔同秒结清订单的已知同秒支付可=T0；当前条件为T0已知值。来源可得时间仍待上线核验。,已入模,选定候选保留,0.0,0.0,0.0,0.0943591775403654,0.0,V2继承
remit_settle_days_le10_n,放款后≤10天整笔结清｜次数,x = (C.flow_settle_time-C.remit_time).total_seconds()/86400；flag = finite(x) AND (0≤x≤10)；SUM(flag),S01｜order_loan_f_v2_copy（整笔订单）；S03｜repayment_record_copy（正向入账）,C：全部历史整笔已结清订单；按repaid_time、serial_id升序；流水核验失败保留缺失位置,次,float32,无符合条件值为0,rates()；阈值累计项可交叉，不是互斥分档,V3-F0399,提前还款与借还周期,T0固定时点；提单/App<T0，放款/整笔结清≤T0；支付<T0，已确认整笔同秒结清订单的已知同秒支付可=T0；当前条件为T0已知值。来源可得时间仍待上线核验。,已入模,选定候选保留,0.0,0.0,0.0,0.1161734461980071,0.0,V2继承
remit_settle_days_le10_share,放款后≤10天整笔结清｜占比,x = (C.flow_settle_time-C.remit_time).total_seconds()/86400；flag = finite(x) AND (0≤x≤10)；SUM(flag)/COUNT(finite(x)),S01｜order_loan_f_v2_copy（整笔订单）；S03｜repayment_record_copy（正向入账）,C：全部历史整笔已结清订单；按repaid_time、serial_id升序；流水核验失败保留缺失位置,比例,float32,无有效x为NaN；有效x存在且无符合值为0,rates()；阈值累计项可交叉，不是互斥分档,V3-F0400,提前还款与借还周期,T0固定时点；提单/App<T0，放款/整笔结清≤T0；支付<T0，已确认整笔同秒结清订单的已知同秒支付可=T0；当前条件为T0已知值。来源可得时间仍待上线核验。,已入模,选定候选保留,0.0,0.0,0.0,0.1103640627023722,65.3671989440918,V2继承
remit_settle_days_le10_current_streak,放款后≤10天整笔结清｜当前连续次数,x = (C.flow_settle_time-C.remit_time).total_seconds()/86400；flag = finite(x) AND (0≤x≤10)；从序列末尾向前累计连续True，遇False即止,S01｜order_loan_f_v2_copy（整笔订单）；S03｜repayment_record_copy（正向入账）,C：全部历史整笔已结清订单；按repaid_time、serial_id升序；流水核验失败保留缺失位置,次,float32,缺失转False、中断连续；空序列为0,rates()；阈值累计项可交叉，不是互斥分档,V3-F0401,提前还款与借还周期,T0固定时点；提单/App<T0，放款/整笔结清≤T0；支付<T0，已确认整笔同秒结清订单的已知同秒支付可=T0；当前条件为T0已知值。来源可得时间仍待上线核验。,已入模,选定候选保留,0.0,0.0,0.0,0.0767408868139412,42.703800201416016,V2继承
remit_settle_days_le10_max_streak,放款后≤10天整笔结清｜历史最长连续次数,x = (C.flow_settle_time-C.remit_time).total_seconds()/86400；flag = finite(x) AND (0≤x≤10)；序列中最长连续True长度,S01｜order_loan_f_v2_copy（整笔订单）；S03｜repayment_record_copy（正向入账）,C：全部历史整笔已结清订单；按repaid_time、serial_id升序；流水核验失败保留缺失位置,次,float32,缺失转False、中断连续；空序列为0,rates()；阈值累计项可交叉，不是互斥分档,V3-F0402,提前还款与借还周期,T0固定时点；提单/App<T0，放款/整笔结清≤T0；支付<T0，已确认整笔同秒结清订单的已知同秒支付可=T0；当前条件为T0已知值。来源可得时间仍待上线核验。,已入模,选定候选保留,0.0,0.0,0.0,0.1196961586307126,0.0,V2继承
remit_settle_days_le14_n,放款后≤14天整笔结清｜次数,x = (C.flow_settle_time-C.remit_time).total_seconds()/86400；flag = finite(x) AND (0≤x≤14)；SUM(flag),S01｜order_loan_f_v2_copy（整笔订单）；S03｜repayment_record_copy（正向入账）,C：全部历史整笔已结清订单；按repaid_time、serial_id升序；流水核验失败保留缺失位置,次,float32,无符合条件值为0,rates()；阈值累计项可交叉，不是互斥分档,V3-F0403,提前还款与借还周期,T0固定时点；提单/App<T0，放款/整笔结清≤T0；支付<T0，已确认整笔同秒结清订单的已知同秒支付可=T0；当前条件为T0已知值。来源可得时间仍待上线核验。,已入模,选定候选保留,0.0,0.0,0.0,0.2634890911569627,0.0,V2继承
remit_settle_days_le14_share,放款后≤14天整笔结清｜占比,x = (C.flow_settle_time-C.remit_time).total_seconds()/86400；flag = finite(x) AND (0≤x≤14)；SUM(flag)/COUNT(finite(x)),S01｜order_loan_f_v2_copy（整笔订单）；S03｜repayment_record_copy（正向入账）,C：全部历史整笔已结清订单；按repaid_time、serial_id升序；流水核验失败保留缺失位置,比例,float32,无有效x为NaN；有效x存在且无符合值为0,rates()；阈值累计项可交叉，不是互斥分档,V3-F0404,提前还款与借还周期,T0固定时点；提单/App<T0，放款/整笔结清≤T0；支付<T0，已确认整笔同秒结清订单的已知同秒支付可=T0；当前条件为T0已知值。来源可得时间仍待上线核验。,已入模,选定候选保留,0.0,0.0,0.0,0.2756594257206397,47.86390209197998,V2继承
remit_settle_days_le14_current_streak,放款后≤14天整笔结清｜当前连续次数,x = (C.flow_settle_time-C.remit_time).total_seconds()/86400；flag = finite(x) AND (0≤x≤14)；从序列末尾向前累计连续True，遇False即止,S01｜order_loan_f_v2_copy（整笔订单）；S03｜repayment_record_copy（正向入账）,C：全部历史整笔已结清订单；按repaid_time、serial_id升序；流水核验失败保留缺失位置,次,float32,缺失转False、中断连续；空序列为0,rates()；阈值累计项可交叉，不是互斥分档,V3-F0405,提前还款与借还周期,T0固定时点；提单/App<T0，放款/整笔结清≤T0；支付<T0，已确认整笔同秒结清订单的已知同秒支付可=T0；当前条件为T0已知值。来源可得时间仍待上线核验。,已入模,选定候选保留,0.0,0.0,0.0,0.2037402993322881,0.0,V2继承
remit_settle_days_le14_max_streak,放款后≤14天整笔结清｜历史最长连续次数,x = (C.flow_settle_time-C.remit_time).total_seconds()/86400；flag = finite(x) AND (0≤x≤14)；序列中最长连续True长度,S01｜order_loan_f_v2_copy（整笔订单）；S03｜repayment_record_copy（正向入账）,C：全部历史整笔已结清订单；按repaid_time、serial_id升序；流水核验失败保留缺失位置,次,float32,缺失转False、中断连续；空序列为0,rates()；阈值累计项可交叉，不是互斥分档,V3-F0406,提前还款与借还周期,T0固定时点；提单/App<T0，放款/整笔结清≤T0；支付<T0，已确认整笔同秒结清订单的已知同秒支付可=T0；当前条件为T0已知值。来源可得时间仍待上线核验。,已入模,选定候选保留,0.0,0.0,0.0,0.2700158321042918,0.0,V2继承
repay_early_share_30d,近30个经过天数提前结清占比,Cw=C[repaid_time≥T0-30×24小时]；COUNT(Cw.early_days>0)/COUNT(有效Cw.early_days),S01｜order_loan_f_v2_copy（整笔订单）；S03｜repayment_record_copy（正向入账）,整笔结清时间近30×24小时,比例,float32,无有效提前天数为NaN,loan_features(),V3-F0407,提前还款与借还周期,T0固定时点；提单/App<T0，放款/整笔结清≤T0；支付<T0，已确认整笔同秒结清订单的已知同秒支付可=T0；当前条件为T0已知值。来源可得时间仍待上线核验。,已入模,选定候选保留,0.0,0.0,0.0,0.0336880123526225,71.32260131835938,V2继承
repay_late_share_30d,近30个经过天数逾期结清占比,Cw=C[repaid_time≥T0-30×24小时]；COUNT(Cw.early_days<0)/COUNT(有效Cw.early_days),S01｜order_loan_f_v2_copy（整笔订单）；S03｜repayment_record_copy（正向入账）,整笔结清时间近30×24小时,比例,float32,无有效提前天数为NaN,loan_features(),V3-F0408,提前还款与借还周期,T0固定时点；提单/App<T0，放款/整笔结清≤T0；支付<T0，已确认整笔同秒结清订单的已知同秒支付可=T0；当前条件为T0已知值。来源可得时间仍待上线核验。,已入模,选定候选保留,0.0,0.0,0.0,0.0,95.35279846191406,V2继承
repay_early_days_mean_30d,近30个经过天数平均提前天数,MEAN(有效C[repaid_time≥T0-30×24小时].early_days),S01｜order_loan_f_v2_copy（整笔订单）；S03｜repayment_record_copy（正向入账）,整笔结清时间近30×24小时,自然日,float32,无有效值为NaN,loan_features(),V3-F0409,提前还款与借还周期,T0固定时点；提单/App<T0，放款/整笔结清≤T0；支付<T0，已确认整笔同秒结清订单的已知同秒支付可=T0；当前条件为T0已知值。来源可得时间仍待上线核验。,已入模,选定候选保留,0.0,0.0,0.0,0.0759139638350845,2185.4287462234497,V2继承
util_high_share_30d,近30个经过天数高使用占比,Fw=F[remit_time≥T0-30×24小时]；COUNT(Fw.utilization≥0.95)/COUNT(有效Fw.utilization),S01｜order_loan_f_v2_copy（整笔订单）；S02｜order_vir_f_copy（获额）,成功放款时间近30×24小时,比例,float32,无有效使用率为NaN,loan_features(),V3-F0410,需求使用率与交互,T0固定时点；提单/App<T0，放款/整笔结清≤T0；支付<T0，已确认整笔同秒结清订单的已知同秒支付可=T0；当前条件为T0已知值。来源可得时间仍待上线核验。,已入模,选定候选保留,0.00829499409600243,0.0069472988547434,0.0097919216646266,0.0231955581963121,130.23660278320312,V2继承
repay_early_share_90d,近90个经过天数提前结清占比,Cw=C[repaid_time≥T0-90×24小时]；COUNT(Cw.early_days>0)/COUNT(有效Cw.early_days),S01｜order_loan_f_v2_copy（整笔订单）；S03｜repayment_record_copy（正向入账）,整笔结清时间近90×24小时,比例,float32,无有效提前天数为NaN,loan_features(),V3-F0411,提前还款与借还周期,T0固定时点；提单/App<T0，放款/整笔结清≤T0；支付<T0，已确认整笔同秒结清订单的已知同秒支付可=T0；当前条件为T0已知值。来源可得时间仍待上线核验。,已入模,选定候选保留,0.0,0.0,0.0,0.0398815160667869,55.1200008392334,V2继承
repay_late_share_90d,近90个经过天数逾期结清占比,Cw=C[repaid_time≥T0-90×24小时]；COUNT(Cw.early_days<0)/COUNT(有效Cw.early_days),S01｜order_loan_f_v2_copy（整笔订单）；S03｜repayment_record_copy（正向入账）,整笔结清时间近90×24小时,比例,float32,无有效提前天数为NaN,loan_features(),V3-F0412,提前还款与借还周期,T0固定时点；提单/App<T0，放款/整笔结清≤T0；支付<T0，已确认整笔同秒结清订单的已知同秒支付可=T0；当前条件为T0已知值。来源可得时间仍待上线核验。,已入模,选定候选保留,0.0,0.0,0.0,0.0485739696289979,77.86440086364746,V2继承
repay_early_days_mean_90d,近90个经过天数平均提前天数,MEAN(有效C[repaid_time≥T0-90×24小时].early_days),S01｜order_loan_f_v2_copy（整笔订单）；S03｜repayment_record_copy（正向入账）,整笔结清时间近90×24小时,自然日,float32,无有效值为NaN,loan_features(),V3-F0413,提前还款与借还周期,T0固定时点；提单/App<T0，放款/整笔结清≤T0；支付<T0，已确认整笔同秒结清订单的已知同秒支付可=T0；当前条件为T0已知值。来源可得时间仍待上线核验。,已入模,选定候选保留,0.0,0.0,0.0,0.0783484406260392,45.75409984588623,V2继承
util_high_share_90d,近90个经过天数高使用占比,Fw=F[remit_time≥T0-90×24小时]；COUNT(Fw.utilization≥0.95)/COUNT(有效Fw.utilization),S01｜order_loan_f_v2_copy（整笔订单）；S02｜order_vir_f_copy（获额）,成功放款时间近90×24小时,比例,float32,无有效使用率为NaN,loan_features(),V3-F0414,需求使用率与交互,T0固定时点；提单/App<T0，放款/整笔结清≤T0；支付<T0，已确认整笔同秒结清订单的已知同秒支付可=T0；当前条件为T0已知值。来源可得时间仍待上线核验。,已入模,选定候选保留,0.002361599027922724,0.0030626143443184,0.0005563591854901,0.0650989803323549,0.0,V2继承
repay_early_share_180d,近180个经过天数提前结清占比,Cw=C[repaid_time≥T0-180×24小时]；COUNT(Cw.early_days>0)/COUNT(有效Cw.early_days),S01｜order_loan_f_v2_copy（整笔订单）；S03｜repayment_record_copy（正向入账）,整笔结清时间近180×24小时,比例,float32,无有效提前天数为NaN,loan_features(),V3-F0415,提前还款与借还周期,T0固定时点；提单/App<T0，放款/整笔结清≤T0；支付<T0，已确认整笔同秒结清订单的已知同秒支付可=T0；当前条件为T0已知值。来源可得时间仍待上线核验。,已入模,选定候选保留,0.0,0.0,0.0,0.0419200159288839,19.34160041809082,V2继承
repay_late_share_180d,近180个经过天数逾期结清占比,Cw=C[repaid_time≥T0-180×24小时]；COUNT(Cw.early_days<0)/COUNT(有效Cw.early_days),S01｜order_loan_f_v2_copy（整笔订单）；S03｜repayment_record_copy（正向入账）,整笔结清时间近180×24小时,比例,float32,无有效提前天数为NaN,loan_features(),V3-F0416,提前还款与借还周期,T0固定时点；提单/App<T0，放款/整笔结清≤T0；支付<T0，已确认整笔同秒结清订单的已知同秒支付可=T0；当前条件为T0已知值。来源可得时间仍待上线核验。,已入模,选定候选保留,0.0,0.0,0.0,0.0513920468789968,17.914899826049805,V2继承
repay_early_days_mean_180d,近180个经过天数平均提前天数,MEAN(有效C[repaid_time≥T0-180×24小时].early_days),S01｜order_loan_f_v2_copy（整笔订单）；S03｜repayment_record_copy（正向入账）,整笔结清时间近180×24小时,自然日,float32,无有效值为NaN,loan_features(),V3-F0417,提前还款与借还周期,T0固定时点；提单/App<T0，放款/整笔结清≤T0；支付<T0，已确认整笔同秒结清订单的已知同秒支付可=T0；当前条件为T0已知值。来源可得时间仍待上线核验。,已入模,选定候选保留,0.0,0.0,0.0,0.0777229496307035,244.04380226135257,V2继承
util_high_share_180d,近180个经过天数高使用占比,Fw=F[remit_time≥T0-180×24小时]；COUNT(Fw.utilization≥0.95)/COUNT(有效Fw.utilization),S01｜order_loan_f_v2_copy（整笔订单）；S02｜order_vir_f_copy（获额）,成功放款时间近180×24小时,比例,float32,无有效使用率为NaN,loan_features(),V3-F0418,需求使用率与交互,T0固定时点；提单/App<T0，放款/整笔结清≤T0；支付<T0，已确认整笔同秒结清订单的已知同秒支付可=T0；当前条件为T0已知值。来源可得时间仍待上线核验。,已入模,选定候选保留,0.0019990298825569943,0.0027966504670486,0.000333815511294,0.0701258441032145,103.65159893035889,V2继承
repay_ontime_to_early_n,相邻结清由到期日转提前次数,x=C.early_days；SUM(x[:-1]==0 AND x[1:]>0),S01｜order_loan_f_v2_copy（整笔订单）；S03｜repayment_record_copy（正向入账）,截至T0的全部可观察生命周期,次,float32,少于2笔为0；缺失不跨越,直接字段：loan_features() / behavior_features() / main(),V3-F0419,提前还款与借还周期,T0固定时点；提单/App<T0，放款/整笔结清≤T0；支付<T0，已确认整笔同秒结清订单的已知同秒支付可=T0；当前条件为T0已知值。来源可得时间仍待上线核验。,已入模,选定候选保留,0.0,0.0,0.0,0.0024964710659398,437.9273004531861,V2继承
repay_early_to_late_n,相邻结清由提前转逾期次数,x=C.early_days；SUM(x[:-1]>0 AND x[1:]<0),S01｜order_loan_f_v2_copy（整笔订单）；S03｜repayment_record_copy（正向入账）,截至T0的全部可观察生命周期,次,float32,少于2笔为0；缺失不跨越,直接字段：loan_features() / behavior_features() / main(),V3-F0420,提前还款与借还周期,T0固定时点；提单/App<T0，放款/整笔结清≤T0；支付<T0，已确认整笔同秒结清订单的已知同秒支付可=T0；当前条件为T0已知值。来源可得时间仍待上线核验。,已入模,选定候选保留,0.0,0.0,0.0,0.0,0.0,V2继承
repay_late_to_early_n,相邻结清由逾期转提前次数,x=C.early_days；SUM(x[:-1]<0 AND x[1:]>0),S01｜order_loan_f_v2_copy（整笔订单）；S03｜repayment_record_copy（正向入账）,截至T0的全部可观察生命周期,次,float32,少于2笔为0；缺失不跨越,直接字段：loan_features() / behavior_features() / main(),V3-F0421,提前还款与借还周期,T0固定时点；提单/App<T0，放款/整笔结清≤T0；支付<T0，已确认整笔同秒结清订单的已知同秒支付可=T0；当前条件为T0已知值。来源可得时间仍待上线核验。,已入模,选定候选保留,0.0,0.0,0.0,0.0,0.0,V2继承
reborrow_gap_days_valid_n,已完成结清续借周期实际间隔｜有效值数,x = (首次后续apply_time-flow_settle_time).total_seconds()/86400；COUNT(finite(x)),S01｜order_loan_f_v2_copy（整笔订单）；S03｜repayment_record_copy（正向入账）,G：T0前已完成续借周期；按历史apply_time顺序；每笔提单匹配最近前序流水结清，一次结清仅取首次匹配,个,float32,无有效值返回0,describe(),V3-F0422,结清后续借习惯,T0固定时点；提单/App<T0，放款/整笔结清≤T0；支付<T0，已确认整笔同秒结清订单的已知同秒支付可=T0；当前条件为T0已知值。来源可得时间仍待上线核验。,已入模,选定候选保留,0.0,0.0,0.0,0.0307790179708855,15.44379997253418,V2继承
reborrow_gap_days_mean,已完成结清续借周期实际间隔｜全历史均值,x = (首次后续apply_time-flow_settle_time).total_seconds()/86400；MEAN(finite(x)),S01｜order_loan_f_v2_copy（整笔订单）；S03｜repayment_record_copy（正向入账）,G：T0前已完成续借周期；按历史apply_time顺序；每笔提单匹配最近前序流水结清，一次结清仅取首次匹配,经过天数,float32,无有效值为NaN,describe(),V3-F0423,结清后续借习惯,T0固定时点；提单/App<T0，放款/整笔结清≤T0；支付<T0，已确认整笔同秒结清订单的已知同秒支付可=T0；当前条件为T0已知值。来源可得时间仍待上线核验。,已入模,选定候选保留,0.42999720723766405,0.411260749373373,0.4895960832313341,0.0726976763323964,1053.7970151901245,V2继承
reborrow_gap_days_std,已完成结清续借周期实际间隔｜全历史总体标准差,"x = (首次后续apply_time-flow_settle_time).total_seconds()/86400；STD(finite(x), ddof=0)",S01｜order_loan_f_v2_copy（整笔订单）；S03｜repayment_record_copy（正向入账）,G：T0前已完成续借周期；按历史apply_time顺序；每笔提单匹配最近前序流水结清，一次结清仅取首次匹配,经过天数,float32,无有效值为NaN；单个有效值为0,describe(),V3-F0424,结清后续借习惯,T0固定时点；提单/App<T0，放款/整笔结清≤T0；支付<T0，已确认整笔同秒结清订单的已知同秒支付可=T0；当前条件为T0已知值。来源可得时间仍待上线核验。,已入模,选定候选保留,0.42999720723766405,0.411260749373373,0.4895960832313341,0.0396606316864487,12.428000450134276,V2继承
reborrow_gap_days_min,已完成结清续借周期实际间隔｜全历史最小值,x = (首次后续apply_time-flow_settle_time).total_seconds()/86400；MIN(finite(x)),S01｜order_loan_f_v2_copy（整笔订单）；S03｜repayment_record_copy（正向入账）,G：T0前已完成续借周期；按历史apply_time顺序；每笔提单匹配最近前序流水结清，一次结清仅取首次匹配,经过天数,float32,无有效值为NaN,describe(),V3-F0425,结清后续借习惯,T0固定时点；提单/App<T0，放款/整笔结清≤T0；支付<T0，已确认整笔同秒结清订单的已知同秒支付可=T0；当前条件为T0已知值。来源可得时间仍待上线核验。,已入模,选定候选保留,0.42999720723766405,0.411260749373373,0.4895960832313341,0.1614403689900984,2685.297614097595,V2继承
reborrow_gap_days_max,已完成结清续借周期实际间隔｜全历史最大值,x = (首次后续apply_time-flow_settle_time).total_seconds()/86400；MAX(finite(x)),S01｜order_loan_f_v2_copy（整笔订单）；S03｜repayment_record_copy（正向入账）,G：T0前已完成续借周期；按历史apply_time顺序；每笔提单匹配最近前序流水结清，一次结清仅取首次匹配,经过天数,float32,无有效值为NaN,describe(),V3-F0426,结清后续借习惯,T0固定时点；提单/App<T0，放款/整笔结清≤T0；支付<T0，已确认整笔同秒结清订单的已知同秒支付可=T0；当前条件为T0已知值。来源可得时间仍待上线核验。,已入模,选定候选保留,0.42999720723766405,0.411260749373373,0.4895960832313341,0.0548581276705136,153.89110374450684,V2继承
reborrow_gap_days_last_first_delta,已完成结清续借周期实际间隔｜最近减最早有效值,x = (首次后续apply_time-flow_settle_time).total_seconds()/86400；finite(x)[-1]-finite(x)[0],S01｜order_loan_f_v2_copy（整笔订单）；S03｜repayment_record_copy（正向入账）,G：T0前已完成续借周期；按历史apply_time顺序；每笔提单匹配最近前序流水结清，一次结清仅取首次匹配,经过天数,float32,至少2个有效值；否则NaN,describe(),V3-F0427,结清后续借习惯,T0固定时点；提单/App<T0，放款/整笔结清≤T0；支付<T0，已确认整笔同秒结清订单的已知同秒支付可=T0；当前条件为T0已知值。来源可得时间仍待上线核验。,已入模,选定候选保留,0.6389350266292338,0.6214931050879696,0.6877712251029264,0.0355459147128858,480.4748020172119,V2继承
reborrow_gap_days_slope,已完成结清续借周期实际间隔｜生命周期顺序趋势,x = (首次后续apply_time-flow_settle_time).total_seconds()/86400；SUM((i-MEAN(i))*(x_i-MEAN(valid_x)))/SUM((i-MEAN(i))^2)，i为有效值在原序列中的位置,S01｜order_loan_f_v2_copy（整笔订单）；S03｜repayment_record_copy（正向入账）,G：T0前已完成续借周期；按历史apply_time顺序；每笔提单匹配最近前序流水结清，一次结清仅取首次匹配,经过天数／序号步,float32,至少2个有效值；否则NaN,describe(),V3-F0428,结清后续借习惯,T0固定时点；提单/App<T0，放款/整笔结清≤T0；支付<T0，已确认整笔同秒结清订单的已知同秒支付可=T0；当前条件为T0已知值。来源可得时间仍待上线核验。,已入模,选定候选保留,0.6389350266292338,0.6214931050879696,0.6877712251029264,0.039005958475167,128.96600151062012,V2继承
reborrow_gap_days_last3_mean,已完成结清续借周期实际间隔｜最近3笔有效均值,x = (首次后续apply_time-flow_settle_time).total_seconds()/86400；MEAN(finite(x[-3:])),S01｜order_loan_f_v2_copy（整笔订单）；S03｜repayment_record_copy（正向入账）,G：T0前已完成续借周期；按历史apply_time顺序；每笔提单匹配最近前序流水结清，一次结清仅取首次匹配,经过天数,float32,原序列最近3笔中无有效值为NaN；不跳过缺失补足3笔,describe(),V3-F0429,结清后续借习惯,T0固定时点；提单/App<T0，放款/整笔结清≤T0；支付<T0，已确认整笔同秒结清订单的已知同秒支付可=T0；当前条件为T0已知值。来源可得时间仍待上线核验。,已入模,选定候选保留,0.42999720723766405,0.411260749373373,0.4895960832313341,0.0869570900956041,4828.565592765808,V2继承
reborrow_gap_days_last5_mean,已完成结清续借周期实际间隔｜最近5笔有效均值,x = (首次后续apply_time-flow_settle_time).total_seconds()/86400；MEAN(finite(x[-5:])),S01｜order_loan_f_v2_copy（整笔订单）；S03｜repayment_record_copy（正向入账）,G：T0前已完成续借周期；按历史apply_time顺序；每笔提单匹配最近前序流水结清，一次结清仅取首次匹配,经过天数,float32,原序列最近5笔中无有效值为NaN；不跳过缺失补足5笔,describe(),V3-F0430,结清后续借习惯,T0固定时点；提单/App<T0，放款/整笔结清≤T0；支付<T0，已确认整笔同秒结清订单的已知同秒支付可=T0；当前条件为T0已知值。来源可得时间仍待上线核验。,已入模,选定候选保留,0.42999720723766405,0.411260749373373,0.4895960832313341,0.0743443092741427,5098.408625602722,V2继承
reborrow_gap_days_recent_lifetime_delta,已完成结清续借周期实际间隔｜近期相对全历史变化,x = (首次后续apply_time-flow_settle_time).total_seconds()/86400；MEAN(finite(x[-3:]))-MEAN(finite(x)),S01｜order_loan_f_v2_copy（整笔订单）；S03｜repayment_record_copy（正向入账）,G：T0前已完成续借周期；按历史apply_time顺序；每笔提单匹配最近前序流水结清，一次结清仅取首次匹配,经过天数,float32,任一侧无有效值为NaN,describe(),V3-F0431,结清后续借习惯,T0固定时点；提单/App<T0，放款/整笔结清≤T0；支付<T0，已确认整笔同秒结清订单的已知同秒支付可=T0；当前条件为T0已知值。来源可得时间仍待上线核验。,已入模,选定候选保留,0.42999720723766405,0.411260749373373,0.4895960832313341,0.0321453980754299,30.720099449157715,V2继承
reborrow_gap_days_l1,已完成结清续借周期实际间隔｜最近第1笔,x = (首次后续apply_time-flow_settle_time).total_seconds()/86400；x[-1],S01｜order_loan_f_v2_copy（整笔订单）；S03｜repayment_record_copy（正向入账）,G：T0前已完成续借周期；按历史apply_time顺序；每笔提单匹配最近前序流水结清，一次结清仅取首次匹配,经过天数,float32,不足1笔或该位置缺失为NaN；不改取第1个非空值,describe(lags=True),V3-F0432,结清后续借习惯,T0固定时点；提单/App<T0，放款/整笔结清≤T0；支付<T0，已确认整笔同秒结清订单的已知同秒支付可=T0；当前条件为T0已知值。来源可得时间仍待上线核验。,已入模,选定候选保留,0.42999720723766405,0.411260749373373,0.4895960832313341,0.1221526531410852,21942.221897125244,V2继承
reborrow_gap_days_l2,已完成结清续借周期实际间隔｜最近第2笔,x = (首次后续apply_time-flow_settle_time).total_seconds()/86400；x[-2],S01｜order_loan_f_v2_copy（整笔订单）；S03｜repayment_record_copy（正向入账）,G：T0前已完成续借周期；按历史apply_time顺序；每笔提单匹配最近前序流水结清，一次结清仅取首次匹配,经过天数,float32,不足2笔或该位置缺失为NaN；不改取第2个非空值,describe(lags=True),V3-F0433,结清后续借习惯,T0固定时点；提单/App<T0，放款/整笔结清≤T0；支付<T0，已确认整笔同秒结清订单的已知同秒支付可=T0；当前条件为T0已知值。来源可得时间仍待上线核验。,已入模,选定候选保留,0.6389350266292338,0.6214931050879696,0.6877712251029264,0.0881214188917235,1367.5520935058594,V2继承
reborrow_gap_days_l3,已完成结清续借周期实际间隔｜最近第3笔,x = (首次后续apply_time-flow_settle_time).total_seconds()/86400；x[-3],S01｜order_loan_f_v2_copy（整笔订单）；S03｜repayment_record_copy（正向入账）,G：T0前已完成续借周期；按历史apply_time顺序；每笔提单匹配最近前序流水结清，一次结清仅取首次匹配,经过天数,float32,不足3笔或该位置缺失为NaN；不改取第3个非空值,describe(lags=True),V3-F0434,结清后续借习惯,T0固定时点；提单/App<T0，放款/整笔结清≤T0；支付<T0，已确认整笔同秒结清订单的已知同秒支付可=T0；当前条件为T0已知值。来源可得时间仍待上线核验。,已入模,选定候选保留,0.7620027535656716,0.7478904228825649,0.8042728385445643,0.0487396661263092,72.57089900970459,V2继承
reborrow_gap_days_l4,已完成结清续借周期实际间隔｜最近第4笔,x = (首次后续apply_time-flow_settle_time).total_seconds()/86400；x[-4],S01｜order_loan_f_v2_copy（整笔订单）；S03｜repayment_record_copy（正向入账）,G：T0前已完成续借周期；按历史apply_time顺序；每笔提单匹配最近前序流水结清，一次结清仅取首次匹配,经过天数,float32,不足4笔或该位置缺失为NaN；不改取第4个非空值,describe(lags=True),V3-F0435,结清后续借习惯,T0固定时点；提单/App<T0，放款/整笔结清≤T0；支付<T0，已确认整笔同秒结清订单的已知同秒支付可=T0；当前条件为T0已知值。来源可得时间仍待上线核验。,已入模,选定候选保留,0.8376670145370629,0.8266318495772786,0.8727050183598531,0.0338209972264474,315.69139862060547,V2继承
reborrow_gap_days_l5,已完成结清续借周期实际间隔｜最近第5笔,x = (首次后续apply_time-flow_settle_time).total_seconds()/86400；x[-5],S01｜order_loan_f_v2_copy（整笔订单）；S03｜repayment_record_copy（正向入账）,G：T0前已完成续借周期；按历史apply_time顺序；每笔提单匹配最近前序流水结清，一次结清仅取首次匹配,经过天数,float32,不足5笔或该位置缺失为NaN；不改取第5个非空值,describe(lags=True),V3-F0436,结清后续借习惯,T0固定时点；提单/App<T0，放款/整笔结清≤T0；支付<T0，已确认整笔同秒结清订单的已知同秒支付可=T0；当前条件为T0已知值。来源可得时间仍待上线核验。,已入模,选定候选保留,0.8852419659087012,0.878091830073261,0.9128741515522422,0.02954382309373,267.2065010070801,V2继承
reborrow_gap_days_delta12,已完成结清续借周期实际间隔｜最近1笔减最近2笔,x = (首次后续apply_time-flow_settle_time).total_seconds()/86400；x[-1]-x[-2],S01｜order_loan_f_v2_copy（整笔订单）；S03｜repayment_record_copy（正向入账）,G：T0前已完成续借周期；按历史apply_time顺序；每笔提单匹配最近前序流水结清，一次结清仅取首次匹配,经过天数,float32,不足2笔或任一值缺失为NaN,describe(),V3-F0437,结清后续借习惯,T0固定时点；提单/App<T0，放款/整笔结清≤T0；支付<T0，已确认整笔同秒结清订单的已知同秒支付可=T0；当前条件为T0已知值。来源可得时间仍待上线核验。,已入模,选定候选保留,0.6389350266292338,0.6214931050879696,0.6877712251029264,0.0373206929202219,27.83899974822998,V2继承
reborrow_gap_days_delta23,已完成结清续借周期实际间隔｜最近2笔减最近3笔,x = (首次后续apply_time-flow_settle_time).total_seconds()/86400；x[-2]-x[-3],S01｜order_loan_f_v2_copy（整笔订单）；S03｜repayment_record_copy（正向入账）,G：T0前已完成续借周期；按历史apply_time顺序；每笔提单匹配最近前序流水结清，一次结清仅取首次匹配,经过天数,float32,不足3笔或任一值缺失为NaN,describe(),V3-F0438,结清后续借习惯,T0固定时点；提单/App<T0，放款/整笔结清≤T0；支付<T0，已确认整笔同秒结清订单的已知同秒支付可=T0；当前条件为T0已知值。来源可得时间仍待上线核验。,已入模,选定候选保留,0.7620027535656716,0.7478904228825649,0.8042728385445643,0.0276152271178153,39.936299324035645,V2继承
reborrow_le0_n,结清后≤0个经过天数再提单｜次数,x = (首次后续apply_time-flow_settle_time).total_seconds()/86400；flag = finite(x) AND (x≤0)；SUM(flag),S01｜order_loan_f_v2_copy（整笔订单）；S03｜repayment_record_copy（正向入账）,G：T0前已完成续借周期；按历史apply_time顺序；每笔提单匹配最近前序流水结清，一次结清仅取首次匹配,次,float32,无符合条件值为0,rates()；阈值累计项可交叉，不是互斥分档,V3-F0439,结清后续借习惯,T0固定时点；提单/App<T0，放款/整笔结清≤T0；支付<T0，已确认整笔同秒结清订单的已知同秒支付可=T0；当前条件为T0已知值。来源可得时间仍待上线核验。,未入模,训练期全缺失或常量,0.0,0.0,0.0,0.0,0,V2继承
reborrow_le0_share,结清后≤0个经过天数再提单｜占比,x = (首次后续apply_time-flow_settle_time).total_seconds()/86400；flag = finite(x) AND (x≤0)；SUM(flag)/COUNT(finite(x)),S01｜order_loan_f_v2_copy（整笔订单）；S03｜repayment_record_copy（正向入账）,G：T0前已完成续借周期；按历史apply_time顺序；每笔提单匹配最近前序流水结清，一次结清仅取首次匹配,比例,float32,无有效x为NaN；有效x存在且无符合值为0,rates()；阈值累计项可交叉，不是互斥分档,V3-F0440,结清后续借习惯,T0固定时点；提单/App<T0，放款/整笔结清≤T0；支付<T0，已确认整笔同秒结清订单的已知同秒支付可=T0；当前条件为T0已知值。来源可得时间仍待上线核验。,已入模,选定候选保留,0.42999720723766405,0.411260749373373,0.4895960832313341,0.0248428191126956,0.0,V2继承
reborrow_le0_current_streak,结清后≤0个经过天数再提单｜当前连续次数,x = (首次后续apply_time-flow_settle_time).total_seconds()/86400；flag = finite(x) AND (x≤0)；从序列末尾向前累计连续True，遇False即止,S01｜order_loan_f_v2_copy（整笔订单）；S03｜repayment_record_copy（正向入账）,G：T0前已完成续借周期；按历史apply_time顺序；每笔提单匹配最近前序流水结清，一次结清仅取首次匹配,次,float32,缺失转False、中断连续；空序列为0,rates()；阈值累计项可交叉，不是互斥分档,V3-F0441,结清后续借习惯,T0固定时点；提单/App<T0，放款/整笔结清≤T0；支付<T0，已确认整笔同秒结清订单的已知同秒支付可=T0；当前条件为T0已知值。来源可得时间仍待上线核验。,未入模,训练期全缺失或常量,0.0,0.0,0.0,0.0,0,V2继承
reborrow_le0_max_streak,结清后≤0个经过天数再提单｜历史最长连续次数,x = (首次后续apply_time-flow_settle_time).total_seconds()/86400；flag = finite(x) AND (x≤0)；序列中最长连续True长度,S01｜order_loan_f_v2_copy（整笔订单）；S03｜repayment_record_copy（正向入账）,G：T0前已完成续借周期；按历史apply_time顺序；每笔提单匹配最近前序流水结清，一次结清仅取首次匹配,次,float32,缺失转False、中断连续；空序列为0,rates()；阈值累计项可交叉，不是互斥分档,V3-F0442,结清后续借习惯,T0固定时点；提单/App<T0，放款/整笔结清≤T0；支付<T0，已确认整笔同秒结清订单的已知同秒支付可=T0；当前条件为T0已知值。来源可得时间仍待上线核验。,未入模,训练期全缺失或常量,0.0,0.0,0.0,0.0,0,V2继承
reborrow_le3_n,结清后≤3个经过天数再提单｜次数,x = (首次后续apply_time-flow_settle_time).total_seconds()/86400；flag = finite(x) AND (x≤3)；SUM(flag),S01｜order_loan_f_v2_copy（整笔订单）；S03｜repayment_record_copy（正向入账）,G：T0前已完成续借周期；按历史apply_time顺序；每笔提单匹配最近前序流水结清，一次结清仅取首次匹配,次,float32,无符合条件值为0,rates()；阈值累计项可交叉，不是互斥分档,V3-F0443,结清后续借习惯,T0固定时点；提单/App<T0，放款/整笔结清≤T0；支付<T0，已确认整笔同秒结清订单的已知同秒支付可=T0；当前条件为T0已知值。来源可得时间仍待上线核验。,已入模,选定候选保留,0.0,0.0,0.0,0.0476262146893226,245.39870262145996,V2继承
reborrow_le3_share,结清后≤3个经过天数再提单｜占比,x = (首次后续apply_time-flow_settle_time).total_seconds()/86400；flag = finite(x) AND (x≤3)；SUM(flag)/COUNT(finite(x)),S01｜order_loan_f_v2_copy（整笔订单）；S03｜repayment_record_copy（正向入账）,G：T0前已完成续借周期；按历史apply_time顺序；每笔提单匹配最近前序流水结清，一次结清仅取首次匹配,比例,float32,无有效x为NaN；有效x存在且无符合值为0,rates()；阈值累计项可交叉，不是互斥分档,V3-F0444,结清后续借习惯,T0固定时点；提单/App<T0，放款/整笔结清≤T0；支付<T0，已确认整笔同秒结清订单的已知同秒支付可=T0；当前条件为T0已知值。来源可得时间仍待上线核验。,已入模,选定候选保留,0.42999720723766405,0.411260749373373,0.4895960832313341,0.0465748747658528,2263.5290813446045,V2继承
reborrow_le3_current_streak,结清后≤3个经过天数再提单｜当前连续次数,x = (首次后续apply_time-flow_settle_time).total_seconds()/86400；flag = finite(x) AND (x≤3)；从序列末尾向前累计连续True，遇False即止,S01｜order_loan_f_v2_copy（整笔订单）；S03｜repayment_record_copy（正向入账）,G：T0前已完成续借周期；按历史apply_time顺序；每笔提单匹配最近前序流水结清，一次结清仅取首次匹配,次,float32,缺失转False、中断连续；空序列为0,rates()；阈值累计项可交叉，不是互斥分档,V3-F0445,结清后续借习惯,T0固定时点；提单/App<T0，放款/整笔结清≤T0；支付<T0，已确认整笔同秒结清订单的已知同秒支付可=T0；当前条件为T0已知值。来源可得时间仍待上线核验。,已入模,选定候选保留,0.0,0.0,0.0,0.0523882673248664,1417.1820812225342,V2继承
reborrow_le3_max_streak,结清后≤3个经过天数再提单｜历史最长连续次数,x = (首次后续apply_time-flow_settle_time).total_seconds()/86400；flag = finite(x) AND (x≤3)；序列中最长连续True长度,S01｜order_loan_f_v2_copy（整笔订单）；S03｜repayment_record_copy（正向入账）,G：T0前已完成续借周期；按历史apply_time顺序；每笔提单匹配最近前序流水结清，一次结清仅取首次匹配,次,float32,缺失转False、中断连续；空序列为0,rates()；阈值累计项可交叉，不是互斥分档,V3-F0446,结清后续借习惯,T0固定时点；提单/App<T0，放款/整笔结清≤T0；支付<T0，已确认整笔同秒结清订单的已知同秒支付可=T0；当前条件为T0已知值。来源可得时间仍待上线核验。,已入模,选定候选保留,0.0,0.0,0.0,0.0480407005585404,313.60210037231445,V2继承
reborrow_le7_n,结清后≤7个经过天数再提单｜次数,x = (首次后续apply_time-flow_settle_time).total_seconds()/86400；flag = finite(x) AND (x≤7)；SUM(flag),S01｜order_loan_f_v2_copy（整笔订单）；S03｜repayment_record_copy（正向入账）,G：T0前已完成续借周期；按历史apply_time顺序；每笔提单匹配最近前序流水结清，一次结清仅取首次匹配,次,float32,无符合条件值为0,rates()；阈值累计项可交叉，不是互斥分档,V3-F0447,结清后续借习惯,T0固定时点；提单/App<T0，放款/整笔结清≤T0；支付<T0，已确认整笔同秒结清订单的已知同秒支付可=T0；当前条件为T0已知值。来源可得时间仍待上线核验。,已入模,选定候选保留,0.0,0.0,0.0,0.0435093829512278,0.0,V2继承
reborrow_le7_share,结清后≤7个经过天数再提单｜占比,x = (首次后续apply_time-flow_settle_time).total_seconds()/86400；flag = finite(x) AND (x≤7)；SUM(flag)/COUNT(finite(x)),S01｜order_loan_f_v2_copy（整笔订单）；S03｜repayment_record_copy（正向入账）,G：T0前已完成续借周期；按历史apply_time顺序；每笔提单匹配最近前序流水结清，一次结清仅取首次匹配,比例,float32,无有效x为NaN；有效x存在且无符合值为0,rates()；阈值累计项可交叉，不是互斥分档,V3-F0448,结清后续借习惯,T0固定时点；提单/App<T0，放款/整笔结清≤T0；支付<T0，已确认整笔同秒结清订单的已知同秒支付可=T0；当前条件为T0已知值。来源可得时间仍待上线核验。,已入模,选定候选保留,0.42999720723766405,0.411260749373373,0.4895960832313341,0.0456384495627077,318.2760009765625,V2继承
reborrow_le7_current_streak,结清后≤7个经过天数再提单｜当前连续次数,x = (首次后续apply_time-flow_settle_time).total_seconds()/86400；flag = finite(x) AND (x≤7)；从序列末尾向前累计连续True，遇False即止,S01｜order_loan_f_v2_copy（整笔订单）；S03｜repayment_record_copy（正向入账）,G：T0前已完成续借周期；按历史apply_time顺序；每笔提单匹配最近前序流水结清，一次结清仅取首次匹配,次,float32,缺失转False、中断连续；空序列为0,rates()；阈值累计项可交叉，不是互斥分档,V3-F0449,结清后续借习惯,T0固定时点；提单/App<T0，放款/整笔结清≤T0；支付<T0，已确认整笔同秒结清订单的已知同秒支付可=T0；当前条件为T0已知值。来源可得时间仍待上线核验。,已入模,选定候选保留,0.0,0.0,0.0,0.0480124735111832,0.0,V2继承
reborrow_le7_max_streak,结清后≤7个经过天数再提单｜历史最长连续次数,x = (首次后续apply_time-flow_settle_time).total_seconds()/86400；flag = finite(x) AND (x≤7)；序列中最长连续True长度,S01｜order_loan_f_v2_copy（整笔订单）；S03｜repayment_record_copy（正向入账）,G：T0前已完成续借周期；按历史apply_time顺序；每笔提单匹配最近前序流水结清，一次结清仅取首次匹配,次,float32,缺失转False、中断连续；空序列为0,rates()；阈值累计项可交叉，不是互斥分档,V3-F0450,结清后续借习惯,T0固定时点；提单/App<T0，放款/整笔结清≤T0；支付<T0，已确认整笔同秒结清订单的已知同秒支付可=T0；当前条件为T0已知值。来源可得时间仍待上线核验。,已入模,选定候选保留,0.0,0.0,0.0,0.0434229022989911,18.422199249267575,V2继承
reborrow_le10_n,结清后≤10个经过天数再提单｜次数,x = (首次后续apply_time-flow_settle_time).total_seconds()/86400；flag = finite(x) AND (x≤10)；SUM(flag),S01｜order_loan_f_v2_copy（整笔订单）；S03｜repayment_record_copy（正向入账）,G：T0前已完成续借周期；按历史apply_time顺序；每笔提单匹配最近前序流水结清，一次结清仅取首次匹配,次,float32,无符合条件值为0,rates()；阈值累计项可交叉，不是互斥分档,V3-F0451,结清后续借习惯,T0固定时点；提单/App<T0，放款/整笔结清≤T0；支付<T0，已确认整笔同秒结清订单的已知同秒支付可=T0；当前条件为T0已知值。来源可得时间仍待上线核验。,已入模,选定候选保留,0.0,0.0,0.0,0.0401292839488161,0.0,V2继承
reborrow_le10_share,结清后≤10个经过天数再提单｜占比,x = (首次后续apply_time-flow_settle_time).total_seconds()/86400；flag = finite(x) AND (x≤10)；SUM(flag)/COUNT(finite(x)),S01｜order_loan_f_v2_copy（整笔订单）；S03｜repayment_record_copy（正向入账）,G：T0前已完成续借周期；按历史apply_time顺序；每笔提单匹配最近前序流水结清，一次结清仅取首次匹配,比例,float32,无有效x为NaN；有效x存在且无符合值为0,rates()；阈值累计项可交叉，不是互斥分档,V3-F0452,结清后续借习惯,T0固定时点；提单/App<T0，放款/整笔结清≤T0；支付<T0，已确认整笔同秒结清订单的已知同秒支付可=T0；当前条件为T0已知值。来源可得时间仍待上线核验。,已入模,选定候选保留,0.42999720723766405,0.411260749373373,0.4895960832313341,0.0405073936692005,159.0042018890381,V2继承
reborrow_le10_current_streak,结清后≤10个经过天数再提单｜当前连续次数,x = (首次后续apply_time-flow_settle_time).total_seconds()/86400；flag = finite(x) AND (x≤10)；从序列末尾向前累计连续True，遇False即止,S01｜order_loan_f_v2_copy（整笔订单）；S03｜repayment_record_copy（正向入账）,G：T0前已完成续借周期；按历史apply_time顺序；每笔提单匹配最近前序流水结清，一次结清仅取首次匹配,次,float32,缺失转False、中断连续；空序列为0,rates()；阈值累计项可交叉，不是互斥分档,V3-F0453,结清后续借习惯,T0固定时点；提单/App<T0，放款/整笔结清≤T0；支付<T0，已确认整笔同秒结清订单的已知同秒支付可=T0；当前条件为T0已知值。来源可得时间仍待上线核验。,已入模,选定候选保留,0.0,0.0,0.0,0.0450348152203694,131.452299118042,V2继承
reborrow_le10_max_streak,结清后≤10个经过天数再提单｜历史最长连续次数,x = (首次后续apply_time-flow_settle_time).total_seconds()/86400；flag = finite(x) AND (x≤10)；序列中最长连续True长度,S01｜order_loan_f_v2_copy（整笔订单）；S03｜repayment_record_copy（正向入账）,G：T0前已完成续借周期；按历史apply_time顺序；每笔提单匹配最近前序流水结清，一次结清仅取首次匹配,次,float32,缺失转False、中断连续；空序列为0,rates()；阈值累计项可交叉，不是互斥分档,V3-F0454,结清后续借习惯,T0固定时点；提单/App<T0，放款/整笔结清≤T0；支付<T0，已确认整笔同秒结清订单的已知同秒支付可=T0；当前条件为T0已知值。来源可得时间仍待上线核验。,已入模,选定候选保留,0.0,0.0,0.0,0.040729125417068,29.38739967346191,V2继承
reborrow_le14_n,结清后≤14个经过天数再提单｜次数,x = (首次后续apply_time-flow_settle_time).total_seconds()/86400；flag = finite(x) AND (x≤14)；SUM(flag),S01｜order_loan_f_v2_copy（整笔订单）；S03｜repayment_record_copy（正向入账）,G：T0前已完成续借周期；按历史apply_time顺序；每笔提单匹配最近前序流水结清，一次结清仅取首次匹配,次,float32,无符合条件值为0,rates()；阈值累计项可交叉，不是互斥分档,V3-F0455,结清后续借习惯,T0固定时点；提单/App<T0，放款/整笔结清≤T0；支付<T0，已确认整笔同秒结清订单的已知同秒支付可=T0；当前条件为T0已知值。来源可得时间仍待上线核验。,已入模,选定候选保留,0.0,0.0,0.0,0.0390917030425381,0.0,V2继承
reborrow_le14_share,结清后≤14个经过天数再提单｜占比,x = (首次后续apply_time-flow_settle_time).total_seconds()/86400；flag = finite(x) AND (x≤14)；SUM(flag)/COUNT(finite(x)),S01｜order_loan_f_v2_copy（整笔订单）；S03｜repayment_record_copy（正向入账）,G：T0前已完成续借周期；按历史apply_time顺序；每笔提单匹配最近前序流水结清，一次结清仅取首次匹配,比例,float32,无有效x为NaN；有效x存在且无符合值为0,rates()；阈值累计项可交叉，不是互斥分档,V3-F0456,结清后续借习惯,T0固定时点；提单/App<T0，放款/整笔结清≤T0；支付<T0，已确认整笔同秒结清订单的已知同秒支付可=T0；当前条件为T0已知值。来源可得时间仍待上线核验。,已入模,选定候选保留,0.42999720723766405,0.411260749373373,0.4895960832313341,0.0405295750104123,0.0,V2继承
reborrow_le14_current_streak,结清后≤14个经过天数再提单｜当前连续次数,x = (首次后续apply_time-flow_settle_time).total_seconds()/86400；flag = finite(x) AND (x≤14)；从序列末尾向前累计连续True，遇False即止,S01｜order_loan_f_v2_copy（整笔订单）；S03｜repayment_record_copy（正向入账）,G：T0前已完成续借周期；按历史apply_time顺序；每笔提单匹配最近前序流水结清，一次结清仅取首次匹配,次,float32,缺失转False、中断连续；空序列为0,rates()；阈值累计项可交叉，不是互斥分档,V3-F0457,结清后续借习惯,T0固定时点；提单/App<T0，放款/整笔结清≤T0；支付<T0，已确认整笔同秒结清订单的已知同秒支付可=T0；当前条件为T0已知值。来源可得时间仍待上线核验。,已入模,选定候选保留,0.0,0.0,0.0,0.0450113911501823,130.42599487304688,V2继承
reborrow_le14_max_streak,结清后≤14个经过天数再提单｜历史最长连续次数,x = (首次后续apply_time-flow_settle_time).total_seconds()/86400；flag = finite(x) AND (x≤14)；序列中最长连续True长度,S01｜order_loan_f_v2_copy（整笔订单）；S03｜repayment_record_copy（正向入账）,G：T0前已完成续借周期；按历史apply_time顺序；每笔提单匹配最近前序流水结清，一次结清仅取首次匹配,次,float32,缺失转False、中断连续；空序列为0,rates()；阈值累计项可交叉，不是互斥分档,V3-F0458,结清后续借习惯,T0固定时点；提单/App<T0，放款/整笔结清≤T0；支付<T0，已确认整笔同秒结清订单的已知同秒支付可=T0；当前条件为T0已知值。来源可得时间仍待上线核验。,已入模,选定候选保留,0.0,0.0,0.0,0.0401951761743272,0.0,V2继承
reborrow_calendar_gap_days_valid_n,已完成结清续借周期自然日间隔｜有效值数,x = DATE(首次后续apply_time)-DATE(flow_settle_time)；COUNT(finite(x)),S01｜order_loan_f_v2_copy（整笔订单）；S03｜repayment_record_copy（正向入账）,G：T0前已完成续借周期；按历史apply_time顺序；每笔提单匹配最近前序流水结清，一次结清仅取首次匹配,个,float32,无有效值返回0,describe(),V3-F0459,结清后续借习惯,T0固定时点；提单/App<T0，放款/整笔结清≤T0；支付<T0，已确认整笔同秒结清订单的已知同秒支付可=T0；当前条件为T0已知值。来源可得时间仍待上线核验。,已入模,选定候选保留,0.0,0.0,0.0,0.0307790179708855,0.0,V2继承
reborrow_calendar_gap_days_mean,已完成结清续借周期自然日间隔｜全历史均值,x = DATE(首次后续apply_time)-DATE(flow_settle_time)；MEAN(finite(x)),S01｜order_loan_f_v2_copy（整笔订单）；S03｜repayment_record_copy（正向入账）,G：T0前已完成续借周期；按历史apply_time顺序；每笔提单匹配最近前序流水结清，一次结清仅取首次匹配,自然日,float32,无有效值为NaN,describe(),V3-F0460,结清后续借习惯,T0固定时点；提单/App<T0，放款/整笔结清≤T0；支付<T0，已确认整笔同秒结清订单的已知同秒支付可=T0；当前条件为T0已知值。来源可得时间仍待上线核验。,已入模,选定候选保留,0.42999720723766405,0.411260749373373,0.4895960832313341,0.0491703726707961,429.0823001861572,V2继承
reborrow_calendar_gap_days_std,已完成结清续借周期自然日间隔｜全历史总体标准差,"x = DATE(首次后续apply_time)-DATE(flow_settle_time)；STD(finite(x), ddof=0)",S01｜order_loan_f_v2_copy（整笔订单）；S03｜repayment_record_copy（正向入账）,G：T0前已完成续借周期；按历史apply_time顺序；每笔提单匹配最近前序流水结清，一次结清仅取首次匹配,自然日,float32,无有效值为NaN；单个有效值为0,describe(),V3-F0461,结清后续借习惯,T0固定时点；提单/App<T0，放款/整笔结清≤T0；支付<T0，已确认整笔同秒结清订单的已知同秒支付可=T0；当前条件为T0已知值。来源可得时间仍待上线核验。,已入模,选定候选保留,0.42999720723766405,0.411260749373373,0.4895960832313341,0.0348162031378313,33.15180015563965,V2继承
reborrow_calendar_gap_days_min,已完成结清续借周期自然日间隔｜全历史最小值,x = DATE(首次后续apply_time)-DATE(flow_settle_time)；MIN(finite(x)),S01｜order_loan_f_v2_copy（整笔订单）；S03｜repayment_record_copy（正向入账）,G：T0前已完成续借周期；按历史apply_time顺序；每笔提单匹配最近前序流水结清，一次结清仅取首次匹配,自然日,float32,无有效值为NaN,describe(),V3-F0462,结清后续借习惯,T0固定时点；提单/App<T0，放款/整笔结清≤T0；支付<T0，已确认整笔同秒结清订单的已知同秒支付可=T0；当前条件为T0已知值。来源可得时间仍待上线核验。,已入模,选定候选保留,0.42999720723766405,0.411260749373373,0.4895960832313341,0.0456779053486286,0.0,V2继承
reborrow_calendar_gap_days_max,已完成结清续借周期自然日间隔｜全历史最大值,x = DATE(首次后续apply_time)-DATE(flow_settle_time)；MAX(finite(x)),S01｜order_loan_f_v2_copy（整笔订单）；S03｜repayment_record_copy（正向入账）,G：T0前已完成续借周期；按历史apply_time顺序；每笔提单匹配最近前序流水结清，一次结清仅取首次匹配,自然日,float32,无有效值为NaN,describe(),V3-F0463,结清后续借习惯,T0固定时点；提单/App<T0，放款/整笔结清≤T0；支付<T0，已确认整笔同秒结清订单的已知同秒支付可=T0；当前条件为T0已知值。来源可得时间仍待上线核验。,已入模,选定候选保留,0.42999720723766405,0.411260749373373,0.4895960832313341,0.0420535567765389,50.32760047912598,V2继承
reborrow_calendar_gap_days_last_first_delta,已完成结清续借周期自然日间隔｜最近减最早有效值,x = DATE(首次后续apply_time)-DATE(flow_settle_time)；finite(x)[-1]-finite(x)[0],S01｜order_loan_f_v2_copy（整笔订单）；S03｜repayment_record_copy（正向入账）,G：T0前已完成续借周期；按历史apply_time顺序；每笔提单匹配最近前序流水结清，一次结清仅取首次匹配,自然日,float32,至少2个有效值；否则NaN,describe(),V3-F0464,结清后续借习惯,T0固定时点；提单/App<T0，放款/整笔结清≤T0；支付<T0，已确认整笔同秒结清订单的已知同秒支付可=T0；当前条件为T0已知值。来源可得时间仍待上线核验。,已入模,选定候选保留,0.6389350266292338,0.6214931050879696,0.6877712251029264,0.036061376608887,36.136600494384766,V2继承
reborrow_calendar_gap_days_slope,已完成结清续借周期自然日间隔｜生命周期顺序趋势,x = DATE(首次后续apply_time)-DATE(flow_settle_time)；SUM((i-MEAN(i))*(x_i-MEAN(valid_x)))/SUM((i-MEAN(i))^2)，i为有效值在原序列中的位置,S01｜order_loan_f_v2_copy（整笔订单）；S03｜repayment_record_copy（正向入账）,G：T0前已完成续借周期；按历史apply_time顺序；每笔提单匹配最近前序流水结清，一次结清仅取首次匹配,自然日／序号步,float32,至少2个有效值；否则NaN,describe(),V3-F0465,结清后续借习惯,T0固定时点；提单/App<T0，放款/整笔结清≤T0；支付<T0，已确认整笔同秒结清订单的已知同秒支付可=T0；当前条件为T0已知值。来源可得时间仍待上线核验。,已入模,选定候选保留,0.6389350266292338,0.6214931050879696,0.6877712251029264,0.0381343936565579,343.58200454711914,V2继承
reborrow_calendar_gap_days_last3_mean,已完成结清续借周期自然日间隔｜最近3笔有效均值,x = DATE(首次后续apply_time)-DATE(flow_settle_time)；MEAN(finite(x[-3:])),S01｜order_loan_f_v2_copy（整笔订单）；S03｜repayment_record_copy（正向入账）,G：T0前已完成续借周期；按历史apply_time顺序；每笔提单匹配最近前序流水结清，一次结清仅取首次匹配,自然日,float32,原序列最近3笔中无有效值为NaN；不跳过缺失补足3笔,describe(),V3-F0466,结清后续借习惯,T0固定时点；提单/App<T0，放款/整笔结清≤T0；支付<T0，已确认整笔同秒结清订单的已知同秒支付可=T0；当前条件为T0已知值。来源可得时间仍待上线核验。,已入模,选定候选保留,0.42999720723766405,0.411260749373373,0.4895960832313341,0.0514127888860411,3173.9816818237305,V2继承
reborrow_calendar_gap_days_last5_mean,已完成结清续借周期自然日间隔｜最近5笔有效均值,x = DATE(首次后续apply_time)-DATE(flow_settle_time)；MEAN(finite(x[-5:])),S01｜order_loan_f_v2_copy（整笔订单）；S03｜repayment_record_copy（正向入账）,G：T0前已完成续借周期；按历史apply_time顺序；每笔提单匹配最近前序流水结清，一次结清仅取首次匹配,自然日,float32,原序列最近5笔中无有效值为NaN；不跳过缺失补足5笔,describe(),V3-F0467,结清后续借习惯,T0固定时点；提单/App<T0，放款/整笔结清≤T0；支付<T0，已确认整笔同秒结清订单的已知同秒支付可=T0；当前条件为T0已知值。来源可得时间仍待上线核验。,已入模,选定候选保留,0.42999720723766405,0.411260749373373,0.4895960832313341,0.0496577165416077,5128.561869621277,V2继承
reborrow_calendar_gap_days_recent_lifetime_delta,已完成结清续借周期自然日间隔｜近期相对全历史变化,x = DATE(首次后续apply_time)-DATE(flow_settle_time)；MEAN(finite(x[-3:]))-MEAN(finite(x)),S01｜order_loan_f_v2_copy（整笔订单）；S03｜repayment_record_copy（正向入账）,G：T0前已完成续借周期；按历史apply_time顺序；每笔提单匹配最近前序流水结清，一次结清仅取首次匹配,自然日,float32,任一侧无有效值为NaN,describe(),V3-F0468,结清后续借习惯,T0固定时点；提单/App<T0，放款/整笔结清≤T0；支付<T0，已确认整笔同秒结清订单的已知同秒支付可=T0；当前条件为T0已知值。来源可得时间仍待上线核验。,已入模,选定候选保留,0.42999720723766405,0.411260749373373,0.4895960832313341,0.0304017793142436,67.85249996185303,V2继承
reborrow_calendar_gap_days_l1,已完成结清续借周期自然日间隔｜最近第1笔,x = DATE(首次后续apply_time)-DATE(flow_settle_time)；x[-1],S01｜order_loan_f_v2_copy（整笔订单）；S03｜repayment_record_copy（正向入账）,G：T0前已完成续借周期；按历史apply_time顺序；每笔提单匹配最近前序流水结清，一次结清仅取首次匹配,自然日,float32,不足1笔或该位置缺失为NaN；不改取第1个非空值,describe(lags=True),V3-F0469,结清后续借习惯,T0固定时点；提单/App<T0，放款/整笔结清≤T0；支付<T0，已确认整笔同秒结清订单的已知同秒支付可=T0；当前条件为T0已知值。来源可得时间仍待上线核验。,已入模,选定候选保留,0.42999720723766405,0.411260749373373,0.4895960832313341,0.0462165990254764,636.0002880096436,V2继承
reborrow_calendar_gap_days_l2,已完成结清续借周期自然日间隔｜最近第2笔,x = DATE(首次后续apply_time)-DATE(flow_settle_time)；x[-2],S01｜order_loan_f_v2_copy（整笔订单）；S03｜repayment_record_copy（正向入账）,G：T0前已完成续借周期；按历史apply_time顺序；每笔提单匹配最近前序流水结清，一次结清仅取首次匹配,自然日,float32,不足2笔或该位置缺失为NaN；不改取第2个非空值,describe(lags=True),V3-F0470,结清后续借习惯,T0固定时点；提单/App<T0，放款/整笔结清≤T0；支付<T0，已确认整笔同秒结清订单的已知同秒支付可=T0；当前条件为T0已知值。来源可得时间仍待上线核验。,已入模,选定候选保留,0.6389350266292338,0.6214931050879696,0.6877712251029264,0.0331726351147902,0.0,V2继承
reborrow_calendar_gap_days_l3,已完成结清续借周期自然日间隔｜最近第3笔,x = DATE(首次后续apply_time)-DATE(flow_settle_time)；x[-3],S01｜order_loan_f_v2_copy（整笔订单）；S03｜repayment_record_copy（正向入账）,G：T0前已完成续借周期；按历史apply_time顺序；每笔提单匹配最近前序流水结清，一次结清仅取首次匹配,自然日,float32,不足3笔或该位置缺失为NaN；不改取第3个非空值,describe(lags=True),V3-F0471,结清后续借习惯,T0固定时点；提单/App<T0，放款/整笔结清≤T0；支付<T0，已确认整笔同秒结清订单的已知同秒支付可=T0；当前条件为T0已知值。来源可得时间仍待上线核验。,已入模,选定候选保留,0.7620027535656716,0.7478904228825649,0.8042728385445643,0.0248357722946134,38.433799743652344,V2继承
reborrow_calendar_gap_days_l4,已完成结清续借周期自然日间隔｜最近第4笔,x = DATE(首次后续apply_time)-DATE(flow_settle_time)；x[-4],S01｜order_loan_f_v2_copy（整笔订单）；S03｜repayment_record_copy（正向入账）,G：T0前已完成续借周期；按历史apply_time顺序；每笔提单匹配最近前序流水结清，一次结清仅取首次匹配,自然日,float32,不足4笔或该位置缺失为NaN；不改取第4个非空值,describe(lags=True),V3-F0472,结清后续借习惯,T0固定时点；提单/App<T0，放款/整笔结清≤T0；支付<T0，已确认整笔同秒结清订单的已知同秒支付可=T0；当前条件为T0已知值。来源可得时间仍待上线核验。,已入模,选定候选保留,0.8376670145370629,0.8266318495772786,0.8727050183598531,0.0204511800604895,18.012399673461914,V2继承
reborrow_calendar_gap_days_l5,已完成结清续借周期自然日间隔｜最近第5笔,x = DATE(首次后续apply_time)-DATE(flow_settle_time)；x[-5],S01｜order_loan_f_v2_copy（整笔订单）；S03｜repayment_record_copy（正向入账）,G：T0前已完成续借周期；按历史apply_time顺序；每笔提单匹配最近前序流水结清，一次结清仅取首次匹配,自然日,float32,不足5笔或该位置缺失为NaN；不改取第5个非空值,describe(lags=True),V3-F0473,结清后续借习惯,T0固定时点；提单/App<T0，放款/整笔结清≤T0；支付<T0，已确认整笔同秒结清订单的已知同秒支付可=T0；当前条件为T0已知值。来源可得时间仍待上线核验。,已入模,选定候选保留,0.8852419659087012,0.878091830073261,0.9128741515522422,0.0174693415752771,0.0,V2继承
reborrow_calendar_gap_days_delta12,已完成结清续借周期自然日间隔｜最近1笔减最近2笔,x = DATE(首次后续apply_time)-DATE(flow_settle_time)；x[-1]-x[-2],S01｜order_loan_f_v2_copy（整笔订单）；S03｜repayment_record_copy（正向入账）,G：T0前已完成续借周期；按历史apply_time顺序；每笔提单匹配最近前序流水结清，一次结清仅取首次匹配,自然日,float32,不足2笔或任一值缺失为NaN,describe(),V3-F0474,结清后续借习惯,T0固定时点；提单/App<T0，放款/整笔结清≤T0；支付<T0，已确认整笔同秒结清订单的已知同秒支付可=T0；当前条件为T0已知值。来源可得时间仍待上线核验。,已入模,选定候选保留,0.6389350266292338,0.6214931050879696,0.6877712251029264,0.037226657090724,0.0,V2继承
reborrow_calendar_gap_days_delta23,已完成结清续借周期自然日间隔｜最近2笔减最近3笔,x = DATE(首次后续apply_time)-DATE(flow_settle_time)；x[-2]-x[-3],S01｜order_loan_f_v2_copy（整笔订单）；S03｜repayment_record_copy（正向入账）,G：T0前已完成续借周期；按历史apply_time顺序；每笔提单匹配最近前序流水结清，一次结清仅取首次匹配,自然日,float32,不足3笔或任一值缺失为NaN,describe(),V3-F0475,结清后续借习惯,T0固定时点；提单/App<T0，放款/整笔结清≤T0；支付<T0，已确认整笔同秒结清订单的已知同秒支付可=T0；当前条件为T0已知值。来源可得时间仍待上线核验。,已入模,选定候选保留,0.7620027535656716,0.7478904228825649,0.8042728385445643,0.0258593782656077,17.196699142456055,V2继承
reborrow_calendar_le0_n,结清后≤0个自然日再提单｜次数,x = DATE(首次后续apply_time)-DATE(flow_settle_time)；flag = finite(x) AND (x≤0)；SUM(flag),S01｜order_loan_f_v2_copy（整笔订单）；S03｜repayment_record_copy（正向入账）,G：T0前已完成续借周期；按历史apply_time顺序；每笔提单匹配最近前序流水结清，一次结清仅取首次匹配,次,float32,无符合条件值为0,rates()；阈值累计项可交叉，不是互斥分档,V3-F0476,结清后续借习惯,T0固定时点；提单/App<T0，放款/整笔结清≤T0；支付<T0，已确认整笔同秒结清订单的已知同秒支付可=T0；当前条件为T0已知值。来源可得时间仍待上线核验。,已入模,选定候选保留,0.0,0.0,0.0,0.0487628257724845,157.81529998779297,V2继承
reborrow_calendar_le0_share,结清后≤0个自然日再提单｜占比,x = DATE(首次后续apply_time)-DATE(flow_settle_time)；flag = finite(x) AND (x≤0)；SUM(flag)/COUNT(finite(x)),S01｜order_loan_f_v2_copy（整笔订单）；S03｜repayment_record_copy（正向入账）,G：T0前已完成续借周期；按历史apply_time顺序；每笔提单匹配最近前序流水结清，一次结清仅取首次匹配,比例,float32,无有效x为NaN；有效x存在且无符合值为0,rates()；阈值累计项可交叉，不是互斥分档,V3-F0477,结清后续借习惯,T0固定时点；提单/App<T0，放款/整笔结清≤T0；支付<T0，已确认整笔同秒结清订单的已知同秒支付可=T0；当前条件为T0已知值。来源可得时间仍待上线核验。,已入模,选定候选保留,0.42999720723766405,0.411260749373373,0.4895960832313341,0.0447653082229429,14237.442952156069,V2继承
reborrow_calendar_le0_current_streak,结清后≤0个自然日再提单｜当前连续次数,x = DATE(首次后续apply_time)-DATE(flow_settle_time)；flag = finite(x) AND (x≤0)；从序列末尾向前累计连续True，遇False即止,S01｜order_loan_f_v2_copy（整笔订单）；S03｜repayment_record_copy（正向入账）,G：T0前已完成续借周期；按历史apply_time顺序；每笔提单匹配最近前序流水结清，一次结清仅取首次匹配,次,float32,缺失转False、中断连续；空序列为0,rates()；阈值累计项可交叉，不是互斥分档,V3-F0478,结清后续借习惯,T0固定时点；提单/App<T0，放款/整笔结清≤T0；支付<T0，已确认整笔同秒结清订单的已知同秒支付可=T0；当前条件为T0已知值。来源可得时间仍待上线核验。,已入模,选定候选保留,0.0,0.0,0.0,0.0394047622808303,573.4077033996582,V2继承
reborrow_calendar_le0_max_streak,结清后≤0个自然日再提单｜历史最长连续次数,x = DATE(首次后续apply_time)-DATE(flow_settle_time)；flag = finite(x) AND (x≤0)；序列中最长连续True长度,S01｜order_loan_f_v2_copy（整笔订单）；S03｜repayment_record_copy（正向入账）,G：T0前已完成续借周期；按历史apply_time顺序；每笔提单匹配最近前序流水结清，一次结清仅取首次匹配,次,float32,缺失转False、中断连续；空序列为0,rates()；阈值累计项可交叉，不是互斥分档,V3-F0479,结清后续借习惯,T0固定时点；提单/App<T0，放款/整笔结清≤T0；支付<T0，已确认整笔同秒结清订单的已知同秒支付可=T0；当前条件为T0已知值。来源可得时间仍待上线核验。,已入模,选定候选保留,0.0,0.0,0.0,0.0482982101445921,684.8655033111572,V2继承
reborrow_calendar_le3_n,结清后≤3个自然日再提单｜次数,x = DATE(首次后续apply_time)-DATE(flow_settle_time)；flag = finite(x) AND (x≤3)；SUM(flag),S01｜order_loan_f_v2_copy（整笔订单）；S03｜repayment_record_copy（正向入账）,G：T0前已完成续借周期；按历史apply_time顺序；每笔提单匹配最近前序流水结清，一次结清仅取首次匹配,次,float32,无符合条件值为0,rates()；阈值累计项可交叉，不是互斥分档,V3-F0480,结清后续借习惯,T0固定时点；提单/App<T0，放款/整笔结清≤T0；支付<T0，已确认整笔同秒结清订单的已知同秒支付可=T0；当前条件为T0已知值。来源可得时间仍待上线核验。,已入模,选定候选保留,0.0,0.0,0.0,0.0467636724850277,57.45789909362793,V2继承
reborrow_calendar_le3_share,结清后≤3个自然日再提单｜占比,x = DATE(首次后续apply_time)-DATE(flow_settle_time)；flag = finite(x) AND (x≤3)；SUM(flag)/COUNT(finite(x)),S01｜order_loan_f_v2_copy（整笔订单）；S03｜repayment_record_copy（正向入账）,G：T0前已完成续借周期；按历史apply_time顺序；每笔提单匹配最近前序流水结清，一次结清仅取首次匹配,比例,float32,无有效x为NaN；有效x存在且无符合值为0,rates()；阈值累计项可交叉，不是互斥分档,V3-F0481,结清后续借习惯,T0固定时点；提单/App<T0，放款/整笔结清≤T0；支付<T0，已确认整笔同秒结清订单的已知同秒支付可=T0；当前条件为T0已知值。来源可得时间仍待上线核验。,已入模,选定候选保留,0.42999720723766405,0.411260749373373,0.4895960832313341,0.0470022896513969,41.37670135498047,V2继承
reborrow_calendar_le3_current_streak,结清后≤3个自然日再提单｜当前连续次数,x = DATE(首次后续apply_time)-DATE(flow_settle_time)；flag = finite(x) AND (x≤3)；从序列末尾向前累计连续True，遇False即止,S01｜order_loan_f_v2_copy（整笔订单）；S03｜repayment_record_copy（正向入账）,G：T0前已完成续借周期；按历史apply_time顺序；每笔提单匹配最近前序流水结清，一次结清仅取首次匹配,次,float32,缺失转False、中断连续；空序列为0,rates()；阈值累计项可交叉，不是互斥分档,V3-F0482,结清后续借习惯,T0固定时点；提单/App<T0，放款/整笔结清≤T0；支付<T0，已确认整笔同秒结清订单的已知同秒支付可=T0；当前条件为T0已知值。来源可得时间仍待上线核验。,已入模,选定候选保留,0.0,0.0,0.0,0.0530640198804099,0.0,V2继承
reborrow_calendar_le3_max_streak,结清后≤3个自然日再提单｜历史最长连续次数,x = DATE(首次后续apply_time)-DATE(flow_settle_time)；flag = finite(x) AND (x≤3)；序列中最长连续True长度,S01｜order_loan_f_v2_copy（整笔订单）；S03｜repayment_record_copy（正向入账）,G：T0前已完成续借周期；按历史apply_time顺序；每笔提单匹配最近前序流水结清，一次结清仅取首次匹配,次,float32,缺失转False、中断连续；空序列为0,rates()；阈值累计项可交叉，不是互斥分档,V3-F0483,结清后续借习惯,T0固定时点；提单/App<T0，放款/整笔结清≤T0；支付<T0，已确认整笔同秒结清订单的已知同秒支付可=T0；当前条件为T0已知值。来源可得时间仍待上线核验。,已入模,选定候选保留,0.0,0.0,0.0,0.0472582289702278,105.81799697875977,V2继承
reborrow_calendar_le7_n,结清后≤7个自然日再提单｜次数,x = DATE(首次后续apply_time)-DATE(flow_settle_time)；flag = finite(x) AND (x≤7)；SUM(flag),S01｜order_loan_f_v2_copy（整笔订单）；S03｜repayment_record_copy（正向入账）,G：T0前已完成续借周期；按历史apply_time顺序；每笔提单匹配最近前序流水结清，一次结清仅取首次匹配,次,float32,无符合条件值为0,rates()；阈值累计项可交叉，不是互斥分档,V3-F0484,结清后续借习惯,T0固定时点；提单/App<T0，放款/整笔结清≤T0；支付<T0，已确认整笔同秒结清订单的已知同秒支付可=T0；当前条件为T0已知值。来源可得时间仍待上线核验。,已入模,选定候选保留,0.0,0.0,0.0,0.0417903457371582,11.913700103759766,V2继承
reborrow_calendar_le7_share,结清后≤7个自然日再提单｜占比,x = DATE(首次后续apply_time)-DATE(flow_settle_time)；flag = finite(x) AND (x≤7)；SUM(flag)/COUNT(finite(x)),S01｜order_loan_f_v2_copy（整笔订单）；S03｜repayment_record_copy（正向入账）,G：T0前已完成续借周期；按历史apply_time顺序；每笔提单匹配最近前序流水结清，一次结清仅取首次匹配,比例,float32,无有效x为NaN；有效x存在且无符合值为0,rates()；阈值累计项可交叉，不是互斥分档,V3-F0485,结清后续借习惯,T0固定时点；提单/App<T0，放款/整笔结清≤T0；支付<T0，已确认整笔同秒结清订单的已知同秒支付可=T0；当前条件为T0已知值。来源可得时间仍待上线核验。,已入模,选定候选保留,0.42999720723766405,0.411260749373373,0.4895960832313341,0.0421648086051506,792.954610824585,V2继承
reborrow_calendar_le7_current_streak,结清后≤7个自然日再提单｜当前连续次数,x = DATE(首次后续apply_time)-DATE(flow_settle_time)；flag = finite(x) AND (x≤7)；从序列末尾向前累计连续True，遇False即止,S01｜order_loan_f_v2_copy（整笔订单）；S03｜repayment_record_copy（正向入账）,G：T0前已完成续借周期；按历史apply_time顺序；每笔提单匹配最近前序流水结清，一次结清仅取首次匹配,次,float32,缺失转False、中断连续；空序列为0,rates()；阈值累计项可交叉，不是互斥分档,V3-F0486,结清后续借习惯,T0固定时点；提单/App<T0，放款/整笔结清≤T0；支付<T0，已确认整笔同秒结清订单的已知同秒支付可=T0；当前条件为T0已知值。来源可得时间仍待上线核验。,已入模,选定候选保留,0.0,0.0,0.0,0.0460219833467425,399.39640045166016,V2继承
reborrow_calendar_le7_max_streak,结清后≤7个自然日再提单｜历史最长连续次数,x = DATE(首次后续apply_time)-DATE(flow_settle_time)；flag = finite(x) AND (x≤7)；序列中最长连续True长度,S01｜order_loan_f_v2_copy（整笔订单）；S03｜repayment_record_copy（正向入账）,G：T0前已完成续借周期；按历史apply_time顺序；每笔提单匹配最近前序流水结清，一次结清仅取首次匹配,次,float32,缺失转False、中断连续；空序列为0,rates()；阈值累计项可交叉，不是互斥分档,V3-F0487,结清后续借习惯,T0固定时点；提单/App<T0，放款/整笔结清≤T0；支付<T0，已确认整笔同秒结清订单的已知同秒支付可=T0；当前条件为T0已知值。来源可得时间仍待上线核验。,已入模,选定候选保留,0.0,0.0,0.0,0.0420049648186089,18.21809959411621,V2继承
reborrow_calendar_le10_n,结清后≤10个自然日再提单｜次数,x = DATE(首次后续apply_time)-DATE(flow_settle_time)；flag = finite(x) AND (x≤10)；SUM(flag),S01｜order_loan_f_v2_copy（整笔订单）；S03｜repayment_record_copy（正向入账）,G：T0前已完成续借周期；按历史apply_time顺序；每笔提单匹配最近前序流水结清，一次结清仅取首次匹配,次,float32,无符合条件值为0,rates()；阈值累计项可交叉，不是互斥分档,V3-F0488,结清后续借习惯,T0固定时点；提单/App<T0，放款/整笔结清≤T0；支付<T0，已确认整笔同秒结清订单的已知同秒支付可=T0；当前条件为T0已知值。来源可得时间仍待上线核验。,已入模,选定候选保留,0.0,0.0,0.0,0.040009135245718,0.0,V2继承
reborrow_calendar_le10_share,结清后≤10个自然日再提单｜占比,x = DATE(首次后续apply_time)-DATE(flow_settle_time)；flag = finite(x) AND (x≤10)；SUM(flag)/COUNT(finite(x)),S01｜order_loan_f_v2_copy（整笔订单）；S03｜repayment_record_copy（正向入账）,G：T0前已完成续借周期；按历史apply_time顺序；每笔提单匹配最近前序流水结清，一次结清仅取首次匹配,比例,float32,无有效x为NaN；有效x存在且无符合值为0,rates()；阈值累计项可交叉，不是互斥分档,V3-F0489,结清后续借习惯,T0固定时点；提单/App<T0，放款/整笔结清≤T0；支付<T0，已确认整笔同秒结清订单的已知同秒支付可=T0；当前条件为T0已知值。来源可得时间仍待上线核验。,已入模,选定候选保留,0.42999720723766405,0.411260749373373,0.4895960832313341,0.040790639357964,98.29419898986816,V2继承
reborrow_calendar_le10_current_streak,结清后≤10个自然日再提单｜当前连续次数,x = DATE(首次后续apply_time)-DATE(flow_settle_time)；flag = finite(x) AND (x≤10)；从序列末尾向前累计连续True，遇False即止,S01｜order_loan_f_v2_copy（整笔订单）；S03｜repayment_record_copy（正向入账）,G：T0前已完成续借周期；按历史apply_time顺序；每笔提单匹配最近前序流水结清，一次结清仅取首次匹配,次,float32,缺失转False、中断连续；空序列为0,rates()；阈值累计项可交叉，不是互斥分档,V3-F0490,结清后续借习惯,T0固定时点；提单/App<T0，放款/整笔结清≤T0；支付<T0，已确认整笔同秒结清订单的已知同秒支付可=T0；当前条件为T0已知值。来源可得时间仍待上线核验。,已入模,选定候选保留,0.0,0.0,0.0,0.0455081716581788,88.38600158691406,V2继承
reborrow_calendar_le10_max_streak,结清后≤10个自然日再提单｜历史最长连续次数,x = DATE(首次后续apply_time)-DATE(flow_settle_time)；flag = finite(x) AND (x≤10)；序列中最长连续True长度,S01｜order_loan_f_v2_copy（整笔订单）；S03｜repayment_record_copy（正向入账）,G：T0前已完成续借周期；按历史apply_time顺序；每笔提单匹配最近前序流水结清，一次结清仅取首次匹配,次,float32,缺失转False、中断连续；空序列为0,rates()；阈值累计项可交叉，不是互斥分档,V3-F0491,结清后续借习惯,T0固定时点；提单/App<T0，放款/整笔结清≤T0；支付<T0，已确认整笔同秒结清订单的已知同秒支付可=T0；当前条件为T0已知值。来源可得时间仍待上线核验。,已入模,选定候选保留,0.0,0.0,0.0,0.0405235638463703,0.0,V2继承
reborrow_calendar_le14_n,结清后≤14个自然日再提单｜次数,x = DATE(首次后续apply_time)-DATE(flow_settle_time)；flag = finite(x) AND (x≤14)；SUM(flag),S01｜order_loan_f_v2_copy（整笔订单）；S03｜repayment_record_copy（正向入账）,G：T0前已完成续借周期；按历史apply_time顺序；每笔提单匹配最近前序流水结清，一次结清仅取首次匹配,次,float32,无符合条件值为0,rates()；阈值累计项可交叉，不是互斥分档,V3-F0492,结清后续借习惯,T0固定时点；提单/App<T0，放款/整笔结清≤T0；支付<T0，已确认整笔同秒结清订单的已知同秒支付可=T0；当前条件为T0已知值。来源可得时间仍待上线核验。,已入模,选定候选保留,0.0,0.0,0.0,0.0389129920881239,0.0,V2继承
reborrow_calendar_le14_share,结清后≤14个自然日再提单｜占比,x = DATE(首次后续apply_time)-DATE(flow_settle_time)；flag = finite(x) AND (x≤14)；SUM(flag)/COUNT(finite(x)),S01｜order_loan_f_v2_copy（整笔订单）；S03｜repayment_record_copy（正向入账）,G：T0前已完成续借周期；按历史apply_time顺序；每笔提单匹配最近前序流水结清，一次结清仅取首次匹配,比例,float32,无有效x为NaN；有效x存在且无符合值为0,rates()；阈值累计项可交叉，不是互斥分档,V3-F0493,结清后续借习惯,T0固定时点；提单/App<T0，放款/整笔结清≤T0；支付<T0，已确认整笔同秒结清订单的已知同秒支付可=T0；当前条件为T0已知值。来源可得时间仍待上线核验。,已入模,选定候选保留,0.42999720723766405,0.411260749373373,0.4895960832313341,0.0404227798698464,0.0,V2继承
reborrow_calendar_le14_current_streak,结清后≤14个自然日再提单｜当前连续次数,x = DATE(首次后续apply_time)-DATE(flow_settle_time)；flag = finite(x) AND (x≤14)；从序列末尾向前累计连续True，遇False即止,S01｜order_loan_f_v2_copy（整笔订单）；S03｜repayment_record_copy（正向入账）,G：T0前已完成续借周期；按历史apply_time顺序；每笔提单匹配最近前序流水结清，一次结清仅取首次匹配,次,float32,缺失转False、中断连续；空序列为0,rates()；阈值累计项可交叉，不是互斥分档,V3-F0494,结清后续借习惯,T0固定时点；提单/App<T0，放款/整笔结清≤T0；支付<T0，已确认整笔同秒结清订单的已知同秒支付可=T0；当前条件为T0已知值。来源可得时间仍待上线核验。,已入模,选定候选保留,0.0,0.0,0.0,0.044934918136076,0.0,V2继承
reborrow_calendar_le14_max_streak,结清后≤14个自然日再提单｜历史最长连续次数,x = DATE(首次后续apply_time)-DATE(flow_settle_time)；flag = finite(x) AND (x≤14)；序列中最长连续True长度,S01｜order_loan_f_v2_copy（整笔订单）；S03｜repayment_record_copy（正向入账）,G：T0前已完成续借周期；按历史apply_time顺序；每笔提单匹配最近前序流水结清，一次结清仅取首次匹配,次,float32,缺失转False、中断连续；空序列为0,rates()；阈值累计项可交叉，不是互斥分档,V3-F0495,结清后续借习惯,T0固定时点；提单/App<T0，放款/整笔结清≤T0；支付<T0，已确认整笔同秒结清订单的已知同秒支付可=T0；当前条件为T0已知值。来源可得时间仍待上线核验。,已入模,选定候选保留,0.0,0.0,0.0,0.0400461144759841,0.0,V2继承
reborrow_same_day_n,已完成周期当天再提单次数,SUM(G.calendar_gap_days==0),S01｜order_loan_f_v2_copy（整笔订单）；S03｜repayment_record_copy（正向入账）,截至T0的全部可观察生命周期,次,float32,无完成周期为0,直接字段：loan_features() / behavior_features() / main(),V3-F0496,结清后续借习惯,T0固定时点；提单/App<T0，放款/整笔结清≤T0；支付<T0，已确认整笔同秒结清订单的已知同秒支付可=T0；当前条件为T0已知值。来源可得时间仍待上线核验。,已入模,选定候选保留,0.0,0.0,0.0,0.0487628257724845,51.325300216674805,V2继承
reborrow_same_day_share,已完成周期当天再提单占比,reborrow_same_day_n/COUNT(G),S01｜order_loan_f_v2_copy（整笔订单）；S03｜repayment_record_copy（正向入账）,截至T0的全部可观察生命周期,比例,float32,无完成周期为NaN,直接字段：loan_features() / behavior_features() / main(),V3-F0497,结清后续借习惯,T0固定时点；提单/App<T0，放款/整笔结清≤T0；支付<T0，已确认整笔同秒结清订单的已知同秒支付可=T0；当前条件为T0已知值。来源可得时间仍待上线核验。,已入模,选定候选保留,0.42999720723766405,0.411260749373373,0.4895960832313341,0.0447653082229429,3526.365020751953,V2继承
reborrow_completed_cycles,已完成结清续借周期数,COUNT(G),S01｜order_loan_f_v2_copy（整笔订单）；S03｜repayment_record_copy（正向入账）,截至T0的全部可观察生命周期,次,float32,无完成周期为0,直接字段：loan_features() / behavior_features() / main(),V3-F0498,结清后续借习惯,T0固定时点；提单/App<T0，放款/整笔结清≤T0；支付<T0，已确认整笔同秒结清订单的已知同秒支付可=T0；当前条件为T0已知值。来源可得时间仍待上线核验。,已入模,选定候选保留,0.0,0.0,0.0,0.0307790179708855,0.0,V2继承
reborrow_pending_closed_n,没有匹配后续首次提单的结清次数,"max(0, COUNT(有效流水结清时点序列)-COUNT(被首次后续提单匹配的序号))",S01｜order_loan_f_v2_copy（整笔订单）；S03｜repayment_record_copy（正向入账）,截至T0的全部可观察生命周期,次,float32,无结清为0；仅是截至T0尚未匹配，不是最终流失,直接字段：loan_features() / behavior_features() / main(),V3-F0499,结清后续借习惯,T0固定时点；提单/App<T0，放款/整笔结清≤T0；支付<T0，已确认整笔同秒结清订单的已知同秒支付可=T0；当前条件为T0已知值。来源可得时间仍待上线核验。,已入模,选定候选保留,0.0,0.0,0.0,0.010316626413604,153.81140041351318,V2继承
reborrow_current_wait_days,距最近流水结清的等待天数,(T0-max(C.flow_settle_time)).total_seconds()/86400,S01｜order_loan_f_v2_copy（整笔订单）；S03｜repayment_record_copy（正向入账）,截至T0的全部可观察生命周期,经过天数,float32,无可核验结清为NaN；触发结清刚发生时可为0,直接字段：loan_features() / behavior_features() / main(),V3-F0500,结清后续借习惯,T0固定时点；提单/App<T0，放款/整笔结清≤T0；支付<T0，已确认整笔同秒结清订单的已知同秒支付可=T0；当前条件为T0已知值。来源可得时间仍待上线核验。,已入模,选定候选保留,0.0,0.0,0.0,0.547515293811076,1161.719202041626,V2继承
cash_total_rows,已知正向支付原流水条数,SUM(Pknown.source_rows),S03｜repayment_record_copy（正向入账）,截至T0的全部可观察生命周期,条,float32,无记录为0,直接字段：loan_features() / behavior_features() / main(),V3-F0501,真实支付流水,T0固定时点；提单/App<T0，放款/整笔结清≤T0；支付<T0，已确认整笔同秒结清订单的已知同秒支付可=T0；当前条件为T0已知值。来源可得时间仍待上线核验。,已入模,选定候选保留,0.0,0.0,0.0,0.0693875623465605,15.48989963531494,V2继承
cash_total_days,已知实际支付日期数,COUNT_DISTINCT(Pknown.payin_date),S03｜repayment_record_copy（正向入账）,截至T0的全部可观察生命周期,自然日,float32,无记录为0,直接字段：loan_features() / behavior_features() / main(),V3-F0502,真实支付流水,T0固定时点；提单/App<T0，放款/整笔结清≤T0；支付<T0，已确认整笔同秒结清订单的已知同秒支付可=T0；当前条件为T0已知值。来源可得时间仍待上线核验。,已入模,选定候选保留,0.0,0.0,0.0,0.0498159761439712,41.217599868774414,V2继承
cash_total_amount,已知正向实收金额,SUM(Pknown.amount),S03｜repayment_record_copy（正向入账）,截至T0的全部可观察生命周期,MXN,float32,无记录为0,直接字段：loan_features() / behavior_features() / main(),V3-F0503,真实支付流水,T0固定时点；提单/App<T0，放款/整笔结清≤T0；支付<T0，已确认整笔同秒结清订单的已知同秒支付可=T0；当前条件为T0已知值。来源可得时间仍待上线核验。,已入模,选定候选保留,0.0,0.0,0.0,0.0140683853049915,28.716100692749023,V2继承
cash_order_n,已知支付涉及订单数,COUNT_DISTINCT(Pknown.serial_id),S03｜repayment_record_copy（正向入账）,截至T0的全部可观察生命周期,笔,float32,无记录为0,直接字段：loan_features() / behavior_features() / main(),V3-F0504,真实支付流水,T0固定时点；提单/App<T0，放款/整笔结清≤T0；支付<T0，已确认整笔同秒结清订单的已知同秒支付可=T0；当前条件为T0已知值。来源可得时间仍待上线核验。,已入模,选定候选保留,0.0,0.0,0.0,0.0171347424515485,0.0,V2继承
cash_days_since_first,距首次实际支付天数,(T0-min(Pknown.payment_time)).total_seconds()/86400,S03｜repayment_record_copy（正向入账）,截至T0的全部可观察生命周期,经过天数,float32,无记录为NaN,直接字段：loan_features() / behavior_features() / main(),V3-F0505,真实支付流水,T0固定时点；提单/App<T0，放款/整笔结清≤T0；支付<T0，已确认整笔同秒结清订单的已知同秒支付可=T0；当前条件为T0已知值。来源可得时间仍待上线核验。,已入模,选定候选保留,0.0,0.0,0.0,0.0512075270564293,81.84579849243164,V2继承
cash_days_since_last,距最近实际支付天数,(T0-max(Pknown.payment_time)).total_seconds()/86400,S03｜repayment_record_copy（正向入账）,截至T0的全部可观察生命周期,经过天数,float32,无记录为NaN,直接字段：loan_features() / behavior_features() / main(),V3-F0506,真实支付流水,T0固定时点；提单/App<T0，放款/整笔结清≤T0；支付<T0，已确认整笔同秒结清订单的已知同秒支付可=T0；当前条件为T0已知值。来源可得时间仍待上线核验。,已入模,选定候选保留,0.0,0.0,0.0,0.5475037346351501,807.2487049102783,V2继承
cash_rows_per_payment_day,每支付日原流水条数,cash_total_rows/cash_total_days,S03｜repayment_record_copy（正向入账）,截至T0的全部可观察生命周期,条/支付日,float32,无支付日期为NaN,直接字段：loan_features() / behavior_features() / main(),V3-F0507,真实支付流水,T0固定时点；提单/App<T0，放款/整笔结清≤T0；支付<T0，已确认整笔同秒结清订单的已知同秒支付可=T0；当前条件为T0已知值。来源可得时间仍待上线核验。,已入模,选定候选保留,0.0,0.0,0.0,0.0012079477673464,298.4334993362427,V2继承
cash_rows_1d,近1个经过天数实际支付流水条数,Pw=Pknown[payment_time≥T0-1×24小时]；SUM(source_rows),S03｜repayment_record_copy（正向入账）,滚动1×24小时，右界依Pknown,条,float32,无符合流水为0,loan_features(),V3-F0508,真实支付流水,T0固定时点；提单/App<T0，放款/整笔结清≤T0；支付<T0，已确认整笔同秒结清订单的已知同秒支付可=T0；当前条件为T0已知值。来源可得时间仍待上线核验。,已入模,选定候选保留,0.0,0.0,0.0,0.0002192868333468,62.99059867858887,V2继承
cash_days_1d,近1个经过天数实际支付支付日期数,Pw=Pknown[payment_time≥T0-1×24小时]；COUNT_DISTINCT(payin_date),S03｜repayment_record_copy（正向入账）,滚动1×24小时，右界依Pknown,自然日,float32,无符合流水为0,loan_features(),V3-F0509,真实支付流水,T0固定时点；提单/App<T0，放款/整笔结清≤T0；支付<T0，已确认整笔同秒结清订单的已知同秒支付可=T0；当前条件为T0已知值。来源可得时间仍待上线核验。,已入模,选定候选保留,0.0,0.0,0.0,0.0,12.378100395202637,V2继承
cash_amount_1d,近1个经过天数实际支付实收金额,Pw=Pknown[payment_time≥T0-1×24小时]；SUM(amount),S03｜repayment_record_copy（正向入账）,滚动1×24小时，右界依Pknown,MXN,float32,无符合流水为0,loan_features(),V3-F0510,真实支付流水,T0固定时点；提单/App<T0，放款/整笔结清≤T0；支付<T0，已确认整笔同秒结清订单的已知同秒支付可=T0；当前条件为T0已知值。来源可得时间仍待上线核验。,已入模,选定候选保留,0.0,0.0,0.0,0.0146748571283622,2549.5164909362793,V2继承
cash_rows_3d,近3个经过天数实际支付流水条数,Pw=Pknown[payment_time≥T0-3×24小时]；SUM(source_rows),S03｜repayment_record_copy（正向入账）,滚动3×24小时，右界依Pknown,条,float32,无符合流水为0,loan_features(),V3-F0511,真实支付流水,T0固定时点；提单/App<T0，放款/整笔结清≤T0；支付<T0，已确认整笔同秒结清订单的已知同秒支付可=T0；当前条件为T0已知值。来源可得时间仍待上线核验。,已入模,选定候选保留,0.0,0.0,0.0,1.523382293151502e-05,10956.554271697998,V2继承
cash_days_3d,近3个经过天数实际支付支付日期数,Pw=Pknown[payment_time≥T0-3×24小时]；COUNT_DISTINCT(payin_date),S03｜repayment_record_copy（正向入账）,滚动3×24小时，右界依Pknown,自然日,float32,无符合流水为0,loan_features(),V3-F0512,真实支付流水,T0固定时点；提单/App<T0，放款/整笔结清≤T0；支付<T0，已确认整笔同秒结清订单的已知同秒支付可=T0；当前条件为T0已知值。来源可得时间仍待上线核验。,已入模,选定候选保留,0.0,0.0,0.0,1.8007144759424404e-05,289.7472972869873,V2继承
cash_amount_3d,近3个经过天数实际支付实收金额,Pw=Pknown[payment_time≥T0-3×24小时]；SUM(amount),S03｜repayment_record_copy（正向入账）,滚动3×24小时，右界依Pknown,MXN,float32,无符合流水为0,loan_features(),V3-F0513,真实支付流水,T0固定时点；提单/App<T0，放款/整笔结清≤T0；支付<T0，已确认整笔同秒结清订单的已知同秒支付可=T0；当前条件为T0已知值。来源可得时间仍待上线核验。,已入模,选定候选保留,0.0,0.0,0.0,0.0126312755599043,996.640106201172,V2继承
cash_rows_7d,近7个经过天数实际支付流水条数,Pw=Pknown[payment_time≥T0-7×24小时]；SUM(source_rows),S03｜repayment_record_copy（正向入账）,滚动7×24小时，右界依Pknown,条,float32,无符合流水为0,loan_features(),V3-F0514,真实支付流水,T0固定时点；提单/App<T0，放款/整笔结清≤T0；支付<T0，已确认整笔同秒结清订单的已知同秒支付可=T0；当前条件为T0已知值。来源可得时间仍待上线核验。,已入模,选定候选保留,0.0,0.0,0.0,0.003927596906501,6965.05042552948,V2继承
cash_days_7d,近7个经过天数实际支付支付日期数,Pw=Pknown[payment_time≥T0-7×24小时]；COUNT_DISTINCT(payin_date),S03｜repayment_record_copy（正向入账）,滚动7×24小时，右界依Pknown,自然日,float32,无符合流水为0,loan_features(),V3-F0515,真实支付流水,T0固定时点；提单/App<T0，放款/整笔结清≤T0；支付<T0，已确认整笔同秒结清订单的已知同秒支付可=T0；当前条件为T0已知值。来源可得时间仍待上线核验。,已入模,选定候选保留,0.0,0.0,0.0,0.0015343347799411,269.7335014343262,V2继承
cash_amount_7d,近7个经过天数实际支付实收金额,Pw=Pknown[payment_time≥T0-7×24小时]；SUM(amount),S03｜repayment_record_copy（正向入账）,滚动7×24小时，右界依Pknown,MXN,float32,无符合流水为0,loan_features(),V3-F0516,真实支付流水,T0固定时点；提单/App<T0，放款/整笔结清≤T0；支付<T0，已确认整笔同秒结清订单的已知同秒支付可=T0；当前条件为T0已知值。来源可得时间仍待上线核验。,已入模,选定候选保留,0.0,0.0,0.0,0.012638610311581,404.35969829559326,V2继承
cash_rows_14d,近14个经过天数实际支付流水条数,Pw=Pknown[payment_time≥T0-14×24小时]；SUM(source_rows),S03｜repayment_record_copy（正向入账）,滚动14×24小时，右界依Pknown,条,float32,无符合流水为0,loan_features(),V3-F0517,真实支付流水,T0固定时点；提单/App<T0，放款/整笔结清≤T0；支付<T0，已确认整笔同秒结清订单的已知同秒支付可=T0；当前条件为T0已知值。来源可得时间仍待上线核验。,已入模,选定候选保留,0.0,0.0,0.0,0.0116391497828444,341.94500160217285,V2继承
cash_days_14d,近14个经过天数实际支付支付日期数,Pw=Pknown[payment_time≥T0-14×24小时]；COUNT_DISTINCT(payin_date),S03｜repayment_record_copy（正向入账）,滚动14×24小时，右界依Pknown,自然日,float32,无符合流水为0,loan_features(),V3-F0518,真实支付流水,T0固定时点；提单/App<T0，放款/整笔结清≤T0；支付<T0，已确认整笔同秒结清订单的已知同秒支付可=T0；当前条件为T0已知值。来源可得时间仍待上线核验。,已入模,选定候选保留,0.0,0.0,0.0,0.0098318968030512,168.22809982299805,V2继承
cash_amount_14d,近14个经过天数实际支付实收金额,Pw=Pknown[payment_time≥T0-14×24小时]；SUM(amount),S03｜repayment_record_copy（正向入账）,滚动14×24小时，右界依Pknown,MXN,float32,无符合流水为0,loan_features(),V3-F0519,真实支付流水,T0固定时点；提单/App<T0，放款/整笔结清≤T0；支付<T0，已确认整笔同秒结清订单的已知同秒支付可=T0；当前条件为T0已知值。来源可得时间仍待上线核验。,已入模,选定候选保留,0.0,0.0,0.0,0.0180560088932821,40.92709922790527,V2继承
cash_rows_30d,近30个经过天数实际支付流水条数,Pw=Pknown[payment_time≥T0-30×24小时]；SUM(source_rows),S03｜repayment_record_copy（正向入账）,滚动30×24小时，右界依Pknown,条,float32,无符合流水为0,loan_features(),V3-F0520,真实支付流水,T0固定时点；提单/App<T0，放款/整笔结清≤T0；支付<T0，已确认整笔同秒结清订单的已知同秒支付可=T0；当前条件为T0已知值。来源可得时间仍待上线核验。,已入模,选定候选保留,0.0,0.0,0.0,0.0741643339483644,34.78730010986328,V2继承
cash_days_30d,近30个经过天数实际支付支付日期数,Pw=Pknown[payment_time≥T0-30×24小时]；COUNT_DISTINCT(payin_date),S03｜repayment_record_copy（正向入账）,滚动30×24小时，右界依Pknown,自然日,float32,无符合流水为0,loan_features(),V3-F0521,真实支付流水,T0固定时点；提单/App<T0，放款/整笔结清≤T0；支付<T0，已确认整笔同秒结清订单的已知同秒支付可=T0；当前条件为T0已知值。来源可得时间仍待上线核验。,已入模,选定候选保留,0.0,0.0,0.0,0.0478029534846515,14.974599838256836,V2继承
cash_amount_30d,近30个经过天数实际支付实收金额,Pw=Pknown[payment_time≥T0-30×24小时]；SUM(amount),S03｜repayment_record_copy（正向入账）,滚动30×24小时，右界依Pknown,MXN,float32,无符合流水为0,loan_features(),V3-F0522,真实支付流水,T0固定时点；提单/App<T0，放款/整笔结清≤T0；支付<T0，已确认整笔同秒结清订单的已知同秒支付可=T0；当前条件为T0已知值。来源可得时间仍待上线核验。,已入模,选定候选保留,0.0,0.0,0.0,0.0137898685986741,92.37700080871582,V2继承
cash_rows_90d,近90个经过天数实际支付流水条数,Pw=Pknown[payment_time≥T0-90×24小时]；SUM(source_rows),S03｜repayment_record_copy（正向入账）,滚动90×24小时，右界依Pknown,条,float32,无符合流水为0,loan_features(),V3-F0523,真实支付流水,T0固定时点；提单/App<T0，放款/整笔结清≤T0；支付<T0，已确认整笔同秒结清订单的已知同秒支付可=T0；当前条件为T0已知值。来源可得时间仍待上线核验。,已入模,选定候选保留,0.0,0.0,0.0,0.0723375532284913,54.56350040435791,V2继承
cash_days_90d,近90个经过天数实际支付支付日期数,Pw=Pknown[payment_time≥T0-90×24小时]；COUNT_DISTINCT(payin_date),S03｜repayment_record_copy（正向入账）,滚动90×24小时，右界依Pknown,自然日,float32,无符合流水为0,loan_features(),V3-F0524,真实支付流水,T0固定时点；提单/App<T0，放款/整笔结清≤T0；支付<T0，已确认整笔同秒结清订单的已知同秒支付可=T0；当前条件为T0已知值。来源可得时间仍待上线核验。,已入模,选定候选保留,0.0,0.0,0.0,0.0512487598106401,91.01070022583008,V2继承
cash_amount_90d,近90个经过天数实际支付实收金额,Pw=Pknown[payment_time≥T0-90×24小时]；SUM(amount),S03｜repayment_record_copy（正向入账）,滚动90×24小时，右界依Pknown,MXN,float32,无符合流水为0,loan_features(),V3-F0525,真实支付流水,T0固定时点；提单/App<T0，放款/整笔结清≤T0；支付<T0，已确认整笔同秒结清订单的已知同秒支付可=T0；当前条件为T0已知值。来源可得时间仍待上线核验。,已入模,选定候选保留,0.0,0.0,0.0,0.0112837058708521,182.35999965667725,V2继承
cash_rows_180d,近180个经过天数实际支付流水条数,Pw=Pknown[payment_time≥T0-180×24小时]；SUM(source_rows),S03｜repayment_record_copy（正向入账）,滚动180×24小时，右界依Pknown,条,float32,无符合流水为0,loan_features(),V3-F0526,真实支付流水,T0固定时点；提单/App<T0，放款/整笔结清≤T0；支付<T0，已确认整笔同秒结清订单的已知同秒支付可=T0；当前条件为T0已知值。来源可得时间仍待上线核验。,已入模,选定候选保留,0.0,0.0,0.0,0.0695970837986407,13.91219997406006,V2继承
cash_days_180d,近180个经过天数实际支付支付日期数,Pw=Pknown[payment_time≥T0-180×24小时]；COUNT_DISTINCT(payin_date),S03｜repayment_record_copy（正向入账）,滚动180×24小时，右界依Pknown,自然日,float32,无符合流水为0,loan_features(),V3-F0527,真实支付流水,T0固定时点；提单/App<T0，放款/整笔结清≤T0；支付<T0，已确认整笔同秒结清订单的已知同秒支付可=T0；当前条件为T0已知值。来源可得时间仍待上线核验。,已入模,选定候选保留,0.0,0.0,0.0,0.0512608219888401,55.90589904785156,V2继承
cash_amount_180d,近180个经过天数实际支付实收金额,Pw=Pknown[payment_time≥T0-180×24小时]；SUM(amount),S03｜repayment_record_copy（正向入账）,滚动180×24小时，右界依Pknown,MXN,float32,无符合流水为0,loan_features(),V3-F0528,真实支付流水,T0固定时点；提单/App<T0，放款/整笔结清≤T0；支付<T0，已确认整笔同秒结清订单的已知同秒支付可=T0；当前条件为T0已知值。来源可得时间仍待上线核验。,已入模,选定候选保留,0.0,0.0,0.0,0.0129592003445285,124.36199951171876,V2继承
offer_current_time_record_missing,历史源缺少T0同秒通过获额,INT(当前as-of获额序列无credit_time==T0的通过记录),S02｜order_vir_f_copy（获额）,截至T0的全部可观察生命周期,0/1,float32,缺少时返回1；当前批次信息另置NaN,直接字段：loan_features() / behavior_features() / main(),V3-F0529,历史获额与额度变化,T0固定时点；提单/App<T0，放款/整笔结清≤T0；支付<T0，已确认整笔同秒结清订单的已知同秒支付可=T0；当前条件为T0已知值。来源可得时间仍待上线核验。,未入模,训练期全缺失或常量,0.0,0.0,0.0,0.0,0,V2继承
offer_current_batch_known_products_n,当前20秒获额批次已知订单数,COUNT(截至T0，末个20秒链式批次中的通过获额订单记录),S02｜order_vir_f_copy（获额）,截至T0的全部可观察生命周期,笔,float32,T0同秒通过获额不存在为NaN；不是risk_product编号去重数,直接字段：loan_features() / behavior_features() / main(),V3-F0530,历史获额与额度变化,T0固定时点；提单/App<T0，放款/整笔结清≤T0；支付<T0，已确认整笔同秒结清订单的已知同秒支付可=T0；当前条件为T0已知值。来源可得时间仍待上线核验。,已入模,选定候选保留,0.0,0.0,0.0,0.011997902398099,1338.4399938583374,V2继承
offer_history_n,排除当前批次的历史获额记录数,COUNT(Vhistory，同serial截至T0最新，含通过和未通过),S02｜order_vir_f_copy（获额）,截至T0的全部可观察生命周期,笔,float32,无历史为0；此字段未对全部历史记录做20秒批次合并,直接字段：loan_features() / behavior_features() / main(),V3-F0531,历史获额与额度变化,T0固定时点；提单/App<T0，放款/整笔结清≤T0；支付<T0，已确认整笔同秒结清订单的已知同秒支付可=T0；当前条件为T0已知值。来源可得时间仍待上线核验。,已入模,选定候选保留,0.0,0.0,0.0,0.0414738996665048,169.61719703674316,V2继承
offer_history_pass_share,排除当前批次的历史获额通过比例,SUM(Vhistory.is_pass1==1)/COUNT(Vhistory),S02｜order_vir_f_copy（获额）,截至T0的全部可观察生命周期,比例,float32,无历史为NaN,直接字段：loan_features() / behavior_features() / main(),V3-F0532,历史获额与额度变化,T0固定时点；提单/App<T0，放款/整笔结清≤T0；支付<T0，已确认整笔同秒结清订单的已知同秒支付可=T0；当前条件为T0已知值。来源可得时间仍待上线核验。,已入模,选定候选保留,0.0,0.0,0.0,0.0086279353855983,1623.2734813690186,V2继承
offer_credit_valid_n,历史通过获额批次的额度｜有效值数,x = Vpast.credit_amt（同serial截至T0最新；历史通过记录20秒链式批次保留末笔）；COUNT(finite(x)),S02｜order_vir_f_copy（获额）,Vpast：排除当前20秒批次的历史通过获额；按credit_time、serial_id升序,个,float32,无有效值返回0,describe(),V3-F0533,历史获额与额度变化,T0固定时点；提单/App<T0，放款/整笔结清≤T0；支付<T0，已确认整笔同秒结清订单的已知同秒支付可=T0；当前条件为T0已知值。来源可得时间仍待上线核验。,已入模,选定候选保留,0.0,0.0,0.0,0.0519854025223002,0.0,V2继承
offer_credit_mean,历史通过获额批次的额度｜全历史均值,x = Vpast.credit_amt（同serial截至T0最新；历史通过记录20秒链式批次保留末笔）；MEAN(finite(x)),S02｜order_vir_f_copy（获额）,Vpast：排除当前20秒批次的历史通过获额；按credit_time、serial_id升序,MXN,float32,无有效值为NaN,describe(),V3-F0534,历史获额与额度变化,T0固定时点；提单/App<T0，放款/整笔结清≤T0；支付<T0，已确认整笔同秒结清订单的已知同秒支付可=T0；当前条件为T0已知值。来源可得时间仍待上线核验。,已入模,选定候选保留,0.0006516445450492163,0.0009913199061872,0.000111271837098,0.0648749223264351,839.4575080871582,V2继承
offer_credit_std,历史通过获额批次的额度｜全历史总体标准差,"x = Vpast.credit_amt（同serial截至T0最新；历史通过记录20秒链式批次保留末笔）；STD(finite(x), ddof=0)",S02｜order_vir_f_copy（获额）,Vpast：排除当前20秒批次的历史通过获额；按credit_time、serial_id升序,MXN,float32,无有效值为NaN；单个有效值为0,describe(),V3-F0535,历史获额与额度变化,T0固定时点；提单/App<T0，放款/整笔结清≤T0；支付<T0，已确认整笔同秒结清订单的已知同秒支付可=T0；当前条件为T0已知值。来源可得时间仍待上线核验。,已入模,选定候选保留,0.0006516445450492163,0.0009913199061872,0.000111271837098,0.110583167909298,551.4054918289185,V2继承
offer_credit_min,历史通过获额批次的额度｜全历史最小值,x = Vpast.credit_amt（同serial截至T0最新；历史通过记录20秒链式批次保留末笔）；MIN(finite(x)),S02｜order_vir_f_copy（获额）,Vpast：排除当前20秒批次的历史通过获额；按credit_time、serial_id升序,MXN,float32,无有效值为NaN,describe(),V3-F0536,历史获额与额度变化,T0固定时点；提单/App<T0，放款/整笔结清≤T0；支付<T0，已确认整笔同秒结清订单的已知同秒支付可=T0；当前条件为T0已知值。来源可得时间仍待上线核验。,已入模,选定候选保留,0.0006516445450492163,0.0009913199061872,0.000111271837098,0.0289619568747524,197.05179595947263,V2继承
offer_credit_max,历史通过获额批次的额度｜全历史最大值,x = Vpast.credit_amt（同serial截至T0最新；历史通过记录20秒链式批次保留末笔）；MAX(finite(x)),S02｜order_vir_f_copy（获额）,Vpast：排除当前20秒批次的历史通过获额；按credit_time、serial_id升序,MXN,float32,无有效值为NaN,describe(),V3-F0537,历史获额与额度变化,T0固定时点；提单/App<T0，放款/整笔结清≤T0；支付<T0，已确认整笔同秒结清订单的已知同秒支付可=T0；当前条件为T0已知值。来源可得时间仍待上线核验。,已入模,选定候选保留,0.0006516445450492163,0.0009913199061872,0.000111271837098,0.1188384689789842,231.57839965820312,V2继承
offer_credit_last_first_delta,历史通过获额批次的额度｜最近减最早有效值,x = Vpast.credit_amt（同serial截至T0最新；历史通过记录20秒链式批次保留末笔）；finite(x)[-1]-finite(x)[0],S02｜order_vir_f_copy（获额）,Vpast：排除当前20秒批次的历史通过获额；按credit_time、serial_id升序,MXN,float32,至少2个有效值；否则NaN,describe(),V3-F0538,历史获额与额度变化,T0固定时点；提单/App<T0，放款/整笔结清≤T0；支付<T0，已确认整笔同秒结清订单的已知同秒支付可=T0；当前条件为T0已知值。来源可得时间仍待上线核验。,已入模,选定候选保留,0.09250412789871582,0.1088839994519532,0.0588628018248581,0.1227635906417622,170.45877838134766,V2继承
offer_credit_slope,历史通过获额批次的额度｜生命周期顺序趋势,x = Vpast.credit_amt（同serial截至T0最新；历史通过记录20秒链式批次保留末笔）；SUM((i-MEAN(i))*(x_i-MEAN(valid_x)))/SUM((i-MEAN(i))^2)，i为有效值在原序列中的位置,S02｜order_vir_f_copy（获额）,Vpast：排除当前20秒批次的历史通过获额；按credit_time、serial_id升序,MXN／序号步,float32,至少2个有效值；否则NaN,describe(),V3-F0539,历史获额与额度变化,T0固定时点；提单/App<T0，放款/整笔结清≤T0；支付<T0，已确认整笔同秒结清订单的已知同秒支付可=T0；当前条件为T0已知值。来源可得时间仍待上线核验。,已入模,选定候选保留,0.09250412789871582,0.1088839994519532,0.0588628018248581,0.0830975550534988,214.46530055999756,V2继承
offer_credit_last3_mean,历史通过获额批次的额度｜最近3笔有效均值,x = Vpast.credit_amt（同serial截至T0最新；历史通过记录20秒链式批次保留末笔）；MEAN(finite(x[-3:])),S02｜order_vir_f_copy（获额）,Vpast：排除当前20秒批次的历史通过获额；按credit_time、serial_id升序,MXN,float32,原序列最近3笔中无有效值为NaN；不跳过缺失补足3笔,describe(),V3-F0540,历史获额与额度变化,T0固定时点；提单/App<T0，放款/整笔结清≤T0；支付<T0，已确认整笔同秒结清订单的已知同秒支付可=T0；当前条件为T0已知值。来源可得时间仍待上线核验。,已入模,选定候选保留,0.0006516445450492163,0.0009913199061872,0.000111271837098,0.0614756684264071,730.8984069824219,V2继承
offer_credit_last5_mean,历史通过获额批次的额度｜最近5笔有效均值,x = Vpast.credit_amt（同serial截至T0最新；历史通过记录20秒链式批次保留末笔）；MEAN(finite(x[-5:])),S02｜order_vir_f_copy（获额）,Vpast：排除当前20秒批次的历史通过获额；按credit_time、serial_id升序,MXN,float32,原序列最近5笔中无有效值为NaN；不跳过缺失补足5笔,describe(),V3-F0541,历史获额与额度变化,T0固定时点；提单/App<T0，放款/整笔结清≤T0；支付<T0，已确认整笔同秒结清订单的已知同秒支付可=T0；当前条件为T0已知值。来源可得时间仍待上线核验。,已入模,选定候选保留,0.0006516445450492163,0.0009913199061872,0.000111271837098,0.0670308237277741,2400.73878955841,V2继承
offer_credit_recent_lifetime_delta,历史通过获额批次的额度｜近期相对全历史变化,x = Vpast.credit_amt（同serial截至T0最新；历史通过记录20秒链式批次保留末笔）；MEAN(finite(x[-3:]))-MEAN(finite(x)),S02｜order_vir_f_copy（获额）,Vpast：排除当前20秒批次的历史通过获额；按credit_time、serial_id升序,MXN,float32,任一侧无有效值为NaN,describe(),V3-F0542,历史获额与额度变化,T0固定时点；提单/App<T0，放款/整笔结清≤T0；支付<T0，已确认整笔同秒结清订单的已知同秒支付可=T0；当前条件为T0已知值。来源可得时间仍待上线核验。,已入模,选定候选保留,0.0006516445450492163,0.0009913199061872,0.000111271837098,0.0179977478514246,138.770902633667,V2继承
offer_credit_l1,历史通过获额批次的额度｜最近第1笔,x = Vpast.credit_amt（同serial截至T0最新；历史通过记录20秒链式批次保留末笔）；x[-1],S02｜order_vir_f_copy（获额）,Vpast：排除当前20秒批次的历史通过获额；按credit_time、serial_id升序,MXN,float32,不足1笔或该位置缺失为NaN；不改取第1个非空值,describe(lags=True),V3-F0543,历史获额与额度变化,T0固定时点；提单/App<T0，放款/整笔结清≤T0；支付<T0，已确认整笔同秒结清订单的已知同秒支付可=T0；当前条件为T0已知值。来源可得时间仍待上线核验。,已入模,选定候选保留,0.0006516445450492163,0.0009913199061872,0.000111271837098,0.1071750300190378,2221.414801597595,V2继承
offer_credit_l2,历史通过获额批次的额度｜最近第2笔,x = Vpast.credit_amt（同serial截至T0最新；历史通过记录20秒链式批次保留末笔）；x[-2],S02｜order_vir_f_copy（获额）,Vpast：排除当前20秒批次的历史通过获额；按credit_time、serial_id升序,MXN,float32,不足2笔或该位置缺失为NaN；不改取第2个非空值,describe(lags=True),V3-F0544,历史获额与额度变化,T0固定时点；提单/App<T0，放款/整笔结清≤T0；支付<T0，已确认整笔同秒结清订单的已知同秒支付可=T0；当前条件为T0已知值。来源可得时间仍待上线核验。,已入模,选定候选保留,0.09250412789871582,0.1088839994519532,0.0588628018248581,0.0907113184530029,937.1423940658568,V2继承
offer_credit_l3,历史通过获额批次的额度｜最近第3笔,x = Vpast.credit_amt（同serial截至T0最新；历史通过记录20秒链式批次保留末笔）；x[-3],S02｜order_vir_f_copy（获额）,Vpast：排除当前20秒批次的历史通过获额；按credit_time、serial_id升序,MXN,float32,不足3笔或该位置缺失为NaN；不改取第3个非空值,describe(lags=True),V3-F0545,历史获额与额度变化,T0固定时点；提单/App<T0，放款/整笔结清≤T0；支付<T0，已确认整笔同秒结清订单的已知同秒支付可=T0；当前条件为T0已知值。来源可得时间仍待上线核验。,已入模,选定候选保留,0.267938598425274,0.2928584669197353,0.2210971403137865,0.0567668553945236,179.6438980102539,V2继承
offer_credit_l4,历史通过获额批次的额度｜最近第4笔,x = Vpast.credit_amt（同serial截至T0最新；历史通过记录20秒链式批次保留末笔）；x[-4],S02｜order_vir_f_copy（获额）,Vpast：排除当前20秒批次的历史通过获额；按credit_time、serial_id升序,MXN,float32,不足4笔或该位置缺失为NaN；不改取第4个非空值,describe(lags=True),V3-F0546,历史获额与额度变化,T0固定时点；提单/App<T0，放款/整笔结清≤T0；支付<T0，已确认整笔同秒结清订单的已知同秒支付可=T0；当前条件为T0已知值。来源可得时间仍待上线核验。,已入模,选定候选保留,0.4152592614368517,0.4316110157402258,0.4062534772449093,0.0402838594865357,65.47179889678955,V2继承
offer_credit_l5,历史通过获额批次的额度｜最近第5笔,x = Vpast.credit_amt（同serial截至T0最新；历史通过记录20秒链式批次保留末笔）；x[-5],S02｜order_vir_f_copy（获额）,Vpast：排除当前20秒批次的历史通过获额；按credit_time、serial_id升序,MXN,float32,不足5笔或该位置缺失为NaN；不改取第5个非空值,describe(lags=True),V3-F0547,历史获额与额度变化,T0固定时点；提单/App<T0，放款/整笔结清≤T0；支付<T0，已确认整笔同秒结清订单的已知同秒支付可=T0；当前条件为T0已知值。来源可得时间仍待上线核验。,已入模,选定候选保留,0.50819455264357,0.5237473504356166,0.503727606542784,0.0309754126974447,38.071099281311035,V2继承
offer_credit_delta12,历史通过获额批次的额度｜最近1笔减最近2笔,x = Vpast.credit_amt（同serial截至T0最新；历史通过记录20秒链式批次保留末笔）；x[-1]-x[-2],S02｜order_vir_f_copy（获额）,Vpast：排除当前20秒批次的历史通过获额；按credit_time、serial_id升序,MXN,float32,不足2笔或任一值缺失为NaN,describe(),V3-F0548,历史获额与额度变化,T0固定时点；提单/App<T0，放款/整笔结清≤T0；支付<T0，已确认整笔同秒结清订单的已知同秒支付可=T0；当前条件为T0已知值。来源可得时间仍待上线核验。,已入模,选定候选保留,0.09250412789871582,0.1088839994519532,0.0588628018248581,0.0525052896072385,208.94010066986084,V2继承
offer_credit_delta23,历史通过获额批次的额度｜最近2笔减最近3笔,x = Vpast.credit_amt（同serial截至T0最新；历史通过记录20秒链式批次保留末笔）；x[-2]-x[-3],S02｜order_vir_f_copy（获额）,Vpast：排除当前20秒批次的历史通过获额；按credit_time、serial_id升序,MXN,float32,不足3笔或任一值缺失为NaN,describe(),V3-F0549,历史获额与额度变化,T0固定时点；提单/App<T0，放款/整笔结清≤T0；支付<T0，已确认整笔同秒结清订单的已知同秒支付可=T0；当前条件为T0已知值。来源可得时间仍待上线核验。,已入模,选定候选保留,0.267938598425274,0.2928584669197353,0.2210971403137865,0.0673358073970721,122.25790023803712,V2继承
offer_credit_change_valid_n,相邻历史通过获额批次变额｜有效值数,x = diff(Vpast.credit_amt)；COUNT(finite(x)),S02｜order_vir_f_copy（获额）,Vpast：排除当前20秒批次的历史通过获额；按credit_time、serial_id升序,个,float32,无有效值返回0,describe(),V3-F0550,历史获额与额度变化,T0固定时点；提单/App<T0，放款/整笔结清≤T0；支付<T0，已确认整笔同秒结清订单的已知同秒支付可=T0；当前条件为T0已知值。来源可得时间仍待上线核验。,已入模,选定候选保留,0.0,0.0,0.0,0.0509584439057561,0.0,V2继承
offer_credit_change_mean,相邻历史通过获额批次变额｜全历史均值,x = diff(Vpast.credit_amt)；MEAN(finite(x)),S02｜order_vir_f_copy（获额）,Vpast：排除当前20秒批次的历史通过获额；按credit_time、serial_id升序,MXN,float32,无有效值为NaN,describe(),V3-F0551,历史获额与额度变化,T0固定时点；提单/App<T0，放款/整笔结清≤T0；支付<T0，已确认整笔同秒结清订单的已知同秒支付可=T0；当前条件为T0已知值。来源可得时间仍待上线核验。,已入模,选定候选保留,0.09250412789871582,0.1088839994519532,0.0588628018248581,0.081054640763377,442.26109886169434,V2继承
offer_credit_change_std,相邻历史通过获额批次变额｜全历史总体标准差,"x = diff(Vpast.credit_amt)；STD(finite(x), ddof=0)",S02｜order_vir_f_copy（获额）,Vpast：排除当前20秒批次的历史通过获额；按credit_time、serial_id升序,MXN,float32,无有效值为NaN；单个有效值为0,describe(),V3-F0552,历史获额与额度变化,T0固定时点；提单/App<T0，放款/整笔结清≤T0；支付<T0，已确认整笔同秒结清订单的已知同秒支付可=T0；当前条件为T0已知值。来源可得时间仍待上线核验。,已入模,选定候选保留,0.09250412789871582,0.1088839994519532,0.0588628018248581,0.0569990766930707,249.43410205841064,V2继承
offer_credit_change_min,相邻历史通过获额批次变额｜全历史最小值,x = diff(Vpast.credit_amt)；MIN(finite(x)),S02｜order_vir_f_copy（获额）,Vpast：排除当前20秒批次的历史通过获额；按credit_time、serial_id升序,MXN,float32,无有效值为NaN,describe(),V3-F0553,历史获额与额度变化,T0固定时点；提单/App<T0，放款/整笔结清≤T0；支付<T0，已确认整笔同秒结清订单的已知同秒支付可=T0；当前条件为T0已知值。来源可得时间仍待上线核验。,已入模,选定候选保留,0.09250412789871582,0.1088839994519532,0.0588628018248581,0.0575355674669488,151.9931993484497,V2继承
offer_credit_change_max,相邻历史通过获额批次变额｜全历史最大值,x = diff(Vpast.credit_amt)；MAX(finite(x)),S02｜order_vir_f_copy（获额）,Vpast：排除当前20秒批次的历史通过获额；按credit_time、serial_id升序,MXN,float32,无有效值为NaN,describe(),V3-F0554,历史获额与额度变化,T0固定时点；提单/App<T0，放款/整笔结清≤T0；支付<T0，已确认整笔同秒结清订单的已知同秒支付可=T0；当前条件为T0已知值。来源可得时间仍待上线核验。,已入模,选定候选保留,0.09250412789871582,0.1088839994519532,0.0588628018248581,0.1204094309727637,100.19260025024414,V2继承
offer_credit_change_last_first_delta,相邻历史通过获额批次变额｜最近减最早有效值,x = diff(Vpast.credit_amt)；finite(x)[-1]-finite(x)[0],S02｜order_vir_f_copy（获额）,Vpast：排除当前20秒批次的历史通过获额；按credit_time、serial_id升序,MXN,float32,至少2个有效值；否则NaN,describe(),V3-F0555,历史获额与额度变化,T0固定时点；提单/App<T0，放款/整笔结清≤T0；支付<T0，已确认整笔同秒结清订单的已知同秒支付可=T0；当前条件为T0已知值。来源可得时间仍待上线核验。,已入模,选定候选保留,0.267938598425274,0.2928584669197353,0.2210971403137865,0.0382431664975852,121.86830043792725,V2继承
offer_credit_change_slope,相邻历史通过获额批次变额｜生命周期顺序趋势,x = diff(Vpast.credit_amt)；SUM((i-MEAN(i))*(x_i-MEAN(valid_x)))/SUM((i-MEAN(i))^2)，i为有效值在原序列中的位置,S02｜order_vir_f_copy（获额）,Vpast：排除当前20秒批次的历史通过获额；按credit_time、serial_id升序,MXN／序号步,float32,至少2个有效值；否则NaN,describe(),V3-F0556,历史获额与额度变化,T0固定时点；提单/App<T0，放款/整笔结清≤T0；支付<T0，已确认整笔同秒结清订单的已知同秒支付可=T0；当前条件为T0已知值。来源可得时间仍待上线核验。,已入模,选定候选保留,0.267938598425274,0.2928584669197353,0.2210971403137865,0.0421445809023352,156.81629848480225,V2继承
offer_credit_change_last3_mean,相邻历史通过获额批次变额｜最近3笔有效均值,x = diff(Vpast.credit_amt)；MEAN(finite(x[-3:])),S02｜order_vir_f_copy（获额）,Vpast：排除当前20秒批次的历史通过获额；按credit_time、serial_id升序,MXN,float32,原序列最近3笔中无有效值为NaN；不跳过缺失补足3笔,describe(),V3-F0557,历史获额与额度变化,T0固定时点；提单/App<T0，放款/整笔结清≤T0；支付<T0，已确认整笔同秒结清订单的已知同秒支付可=T0；当前条件为T0已知值。来源可得时间仍待上线核验。,已入模,选定候选保留,0.09250412789871582,0.1088839994519532,0.0588628018248581,0.0838733747554217,285.1787996292114,V2继承
offer_credit_change_last5_mean,相邻历史通过获额批次变额｜最近5笔有效均值,x = diff(Vpast.credit_amt)；MEAN(finite(x[-5:])),S02｜order_vir_f_copy（获额）,Vpast：排除当前20秒批次的历史通过获额；按credit_time、serial_id升序,MXN,float32,原序列最近5笔中无有效值为NaN；不跳过缺失补足5笔,describe(),V3-F0558,历史获额与额度变化,T0固定时点；提单/App<T0，放款/整笔结清≤T0；支付<T0，已确认整笔同秒结清订单的已知同秒支付可=T0；当前条件为T0已知值。来源可得时间仍待上线核验。,已入模,选定候选保留,0.09250412789871582,0.1088839994519532,0.0588628018248581,0.0937519850278679,127.09519863128662,V2继承
offer_credit_change_recent_lifetime_delta,相邻历史通过获额批次变额｜近期相对全历史变化,x = diff(Vpast.credit_amt)；MEAN(finite(x[-3:]))-MEAN(finite(x)),S02｜order_vir_f_copy（获额）,Vpast：排除当前20秒批次的历史通过获额；按credit_time、serial_id升序,MXN,float32,任一侧无有效值为NaN,describe(),V3-F0559,历史获额与额度变化,T0固定时点；提单/App<T0，放款/整笔结清≤T0；支付<T0，已确认整笔同秒结清订单的已知同秒支付可=T0；当前条件为T0已知值。来源可得时间仍待上线核验。,已入模,选定候选保留,0.09250412789871582,0.1088839994519532,0.0588628018248581,0.0386560132640243,307.0990991592407,V2继承
offer_credit_change_l1,相邻历史通过获额批次变额｜最近第1笔,x = diff(Vpast.credit_amt)；x[-1],S02｜order_vir_f_copy（获额）,Vpast：排除当前20秒批次的历史通过获额；按credit_time、serial_id升序,MXN,float32,不足1笔或该位置缺失为NaN；不改取第1个非空值,describe(lags=True),V3-F0560,历史获额与额度变化,T0固定时点；提单/App<T0，放款/整笔结清≤T0；支付<T0，已确认整笔同秒结清订单的已知同秒支付可=T0；当前条件为T0已知值。来源可得时间仍待上线核验。,已入模,选定候选保留,0.09250412789871582,0.1088839994519532,0.0588628018248581,0.0525052896072385,33.201398849487305,V2继承
offer_credit_change_l2,相邻历史通过获额批次变额｜最近第2笔,x = diff(Vpast.credit_amt)；x[-2],S02｜order_vir_f_copy（获额）,Vpast：排除当前20秒批次的历史通过获额；按credit_time、serial_id升序,MXN,float32,不足2笔或该位置缺失为NaN；不改取第2个非空值,describe(lags=True),V3-F0561,历史获额与额度变化,T0固定时点；提单/App<T0，放款/整笔结清≤T0；支付<T0，已确认整笔同秒结清订单的已知同秒支付可=T0；当前条件为T0已知值。来源可得时间仍待上线核验。,已入模,选定候选保留,0.267938598425274,0.2928584669197353,0.2210971403137865,0.0673358073970721,49.93870162963867,V2继承
offer_credit_change_l3,相邻历史通过获额批次变额｜最近第3笔,x = diff(Vpast.credit_amt)；x[-3],S02｜order_vir_f_copy（获额）,Vpast：排除当前20秒批次的历史通过获额；按credit_time、serial_id升序,MXN,float32,不足3笔或该位置缺失为NaN；不改取第3个非空值,describe(lags=True),V3-F0562,历史获额与额度变化,T0固定时点；提单/App<T0，放款/整笔结清≤T0；支付<T0，已确认整笔同秒结清订单的已知同秒支付可=T0；当前条件为T0已知值。来源可得时间仍待上线核验。,已入模,选定候选保留,0.4152592614368517,0.4316110157402258,0.4062534772449093,0.0052775861206999,110.62360095977785,V2继承
offer_credit_change_l4,相邻历史通过获额批次变额｜最近第4笔,x = diff(Vpast.credit_amt)；x[-4],S02｜order_vir_f_copy（获额）,Vpast：排除当前20秒批次的历史通过获额；按credit_time、serial_id升序,MXN,float32,不足4笔或该位置缺失为NaN；不改取第4个非空值,describe(lags=True),V3-F0563,历史获额与额度变化,T0固定时点；提单/App<T0，放款/整笔结清≤T0；支付<T0，已确认整笔同秒结清订单的已知同秒支付可=T0；当前条件为T0已知值。来源可得时间仍待上线核验。,已入模,选定候选保留,0.50819455264357,0.5237473504356166,0.503727606542784,0.0055701911421665,117.6609001159668,V2继承
offer_credit_change_l5,相邻历史通过获额批次变额｜最近第5笔,x = diff(Vpast.credit_amt)；x[-5],S02｜order_vir_f_copy（获额）,Vpast：排除当前20秒批次的历史通过获额；按credit_time、serial_id升序,MXN,float32,不足5笔或该位置缺失为NaN；不改取第5个非空值,describe(lags=True),V3-F0564,历史获额与额度变化,T0固定时点；提单/App<T0，放款/整笔结清≤T0；支付<T0，已确认整笔同秒结清订单的已知同秒支付可=T0；当前条件为T0已知值。来源可得时间仍待上线核验。,已入模,选定候选保留,0.5835942361305053,0.5994181032745795,0.5677089128741516,0.0063137098569609,95.34419918060304,V2继承
offer_credit_change_delta12,相邻历史通过获额批次变额｜最近1笔减最近2笔,x = diff(Vpast.credit_amt)；x[-1]-x[-2],S02｜order_vir_f_copy（获额）,Vpast：排除当前20秒批次的历史通过获额；按credit_time、serial_id升序,MXN,float32,不足2笔或任一值缺失为NaN,describe(),V3-F0565,历史获额与额度变化,T0固定时点；提单/App<T0，放款/整笔结清≤T0；支付<T0，已确认整笔同秒结清订单的已知同秒支付可=T0；当前条件为T0已知值。来源可得时间仍待上线核验。,已入模,选定候选保留,0.267938598425274,0.2928584669197353,0.2210971403137865,0.0414112638252373,96.394700050354,V2继承
offer_credit_change_delta23,相邻历史通过获额批次变额｜最近2笔减最近3笔,x = diff(Vpast.credit_amt)；x[-2]-x[-3],S02｜order_vir_f_copy（获额）,Vpast：排除当前20秒批次的历史通过获额；按credit_time、serial_id升序,MXN,float32,不足3笔或任一值缺失为NaN,describe(),V3-F0566,历史获额与额度变化,T0固定时点；提单/App<T0，放款/整笔结清≤T0；支付<T0，已确认整笔同秒结清订单的已知同秒支付可=T0；当前条件为T0已知值。来源可得时间仍待上线核验。,已入模,选定候选保留,0.4152592614368517,0.4316110157402258,0.4062534772449093,0.0125744677924171,29.32009983062744,V2继承
offer_credit_change_ratio_valid_n,相邻历史通过获额批次变额比例｜有效值数,x = diff(Vpast.credit_amt)/Vpast.credit_amt[:-1]；前笔额度>0；COUNT(finite(x)),S02｜order_vir_f_copy（获额）,Vpast：排除当前20秒批次的历史通过获额；按credit_time、serial_id升序,个,float32,无有效值返回0,describe(),V3-F0567,历史获额与额度变化,T0固定时点；提单/App<T0，放款/整笔结清≤T0；支付<T0，已确认整笔同秒结清订单的已知同秒支付可=T0；当前条件为T0已知值。来源可得时间仍待上线核验。,已入模,选定候选保留,0.0,0.0,0.0,0.0509629477708699,0.0,V2继承
offer_credit_change_ratio_mean,相邻历史通过获额批次变额比例｜全历史均值,x = diff(Vpast.credit_amt)/Vpast.credit_amt[:-1]；前笔额度>0；MEAN(finite(x)),S02｜order_vir_f_copy（获额）,Vpast：排除当前20秒批次的历史通过获额；按credit_time、serial_id升序,比例,float32,无有效值为NaN,describe(),V3-F0568,历史获额与额度变化,T0固定时点；提单/App<T0，放款/整笔结清≤T0；支付<T0，已确认整笔同秒结清订单的已知同秒支付可=T0；当前条件为T0已知值。来源可得时间仍待上线核验。,已入模,选定候选保留,0.09250412789871582,0.1088839994519532,0.0588628018248581,0.0596309589424075,203.72360038757324,V2继承
offer_credit_change_ratio_std,相邻历史通过获额批次变额比例｜全历史总体标准差,"x = diff(Vpast.credit_amt)/Vpast.credit_amt[:-1]；前笔额度>0；STD(finite(x), ddof=0)",S02｜order_vir_f_copy（获额）,Vpast：排除当前20秒批次的历史通过获额；按credit_time、serial_id升序,比例,float32,无有效值为NaN；单个有效值为0,describe(),V3-F0569,历史获额与额度变化,T0固定时点；提单/App<T0，放款/整笔结清≤T0；支付<T0，已确认整笔同秒结清订单的已知同秒支付可=T0；当前条件为T0已知值。来源可得时间仍待上线核验。,已入模,选定候选保留,0.09250412789871582,0.1088839994519532,0.0588628018248581,0.0627359282647509,120.27530002593994,V2继承
offer_credit_change_ratio_min,相邻历史通过获额批次变额比例｜全历史最小值,x = diff(Vpast.credit_amt)/Vpast.credit_amt[:-1]；前笔额度>0；MIN(finite(x)),S02｜order_vir_f_copy（获额）,Vpast：排除当前20秒批次的历史通过获额；按credit_time、serial_id升序,比例,float32,无有效值为NaN,describe(),V3-F0570,历史获额与额度变化,T0固定时点；提单/App<T0，放款/整笔结清≤T0；支付<T0，已确认整笔同秒结清订单的已知同秒支付可=T0；当前条件为T0已知值。来源可得时间仍待上线核验。,已入模,选定候选保留,0.09250412789871582,0.1088839994519532,0.0588628018248581,0.1516185543864857,371.2339029312134,V2继承
offer_credit_change_ratio_max,相邻历史通过获额批次变额比例｜全历史最大值,x = diff(Vpast.credit_amt)/Vpast.credit_amt[:-1]；前笔额度>0；MAX(finite(x)),S02｜order_vir_f_copy（获额）,Vpast：排除当前20秒批次的历史通过获额；按credit_time、serial_id升序,比例,float32,无有效值为NaN,describe(),V3-F0571,历史获额与额度变化,T0固定时点；提单/App<T0，放款/整笔结清≤T0；支付<T0，已确认整笔同秒结清订单的已知同秒支付可=T0；当前条件为T0已知值。来源可得时间仍待上线核验。,已入模,选定候选保留,0.09250412789871582,0.1088839994519532,0.0588628018248581,0.1158225894814333,151.7805986404419,V2继承
offer_credit_change_ratio_last_first_delta,相邻历史通过获额批次变额比例｜最近减最早有效值,x = diff(Vpast.credit_amt)/Vpast.credit_amt[:-1]；前笔额度>0；finite(x)[-1]-finite(x)[0],S02｜order_vir_f_copy（获额）,Vpast：排除当前20秒批次的历史通过获额；按credit_time、serial_id升序,比例,float32,至少2个有效值；否则NaN,describe(),V3-F0572,历史获额与额度变化,T0固定时点；提单/App<T0，放款/整笔结清≤T0；支付<T0，已确认整笔同秒结清订单的已知同秒支付可=T0；当前条件为T0已知值。来源可得时间仍待上线核验。,已入模,选定候选保留,0.26794839759136496,0.2928665264311677,0.2210971403137865,0.0429810541973377,284.4778995513916,V2继承
offer_credit_change_ratio_slope,相邻历史通过获额批次变额比例｜生命周期顺序趋势,x = diff(Vpast.credit_amt)/Vpast.credit_amt[:-1]；前笔额度>0；SUM((i-MEAN(i))*(x_i-MEAN(valid_x)))/SUM((i-MEAN(i))^2)，i为有效值在原序列中的位置,S02｜order_vir_f_copy（获额）,Vpast：排除当前20秒批次的历史通过获额；按credit_time、serial_id升序,比例／序号步,float32,至少2个有效值；否则NaN,describe(),V3-F0573,历史获额与额度变化,T0固定时点；提单/App<T0，放款/整笔结清≤T0；支付<T0，已确认整笔同秒结清订单的已知同秒支付可=T0；当前条件为T0已知值。来源可得时间仍待上线核验。,已入模,选定候选保留,0.26794839759136496,0.2928665264311677,0.2210971403137865,0.0479278752158861,159.5205011367798,V2继承
offer_credit_change_ratio_last3_mean,相邻历史通过获额批次变额比例｜最近3笔有效均值,x = diff(Vpast.credit_amt)/Vpast.credit_amt[:-1]；前笔额度>0；MEAN(finite(x[-3:])),S02｜order_vir_f_copy（获额）,Vpast：排除当前20秒批次的历史通过获额；按credit_time、serial_id升序,比例,float32,原序列最近3笔中无有效值为NaN；不跳过缺失补足3笔,describe(),V3-F0574,历史获额与额度变化,T0固定时点；提单/App<T0，放款/整笔结清≤T0；支付<T0，已确认整笔同秒结清订单的已知同秒支付可=T0；当前条件为T0已知值。来源可得时间仍待上线核验。,已入模,选定候选保留,0.09250412789871582,0.1088839994519532,0.0588628018248581,0.0644274225098798,279.3169002532959,V2继承
offer_credit_change_ratio_last5_mean,相邻历史通过获额批次变额比例｜最近5笔有效均值,x = diff(Vpast.credit_amt)/Vpast.credit_amt[:-1]；前笔额度>0；MEAN(finite(x[-5:])),S02｜order_vir_f_copy（获额）,Vpast：排除当前20秒批次的历史通过获额；按credit_time、serial_id升序,比例,float32,原序列最近5笔中无有效值为NaN；不跳过缺失补足5笔,describe(),V3-F0575,历史获额与额度变化,T0固定时点；提单/App<T0，放款/整笔结清≤T0；支付<T0，已确认整笔同秒结清订单的已知同秒支付可=T0；当前条件为T0已知值。来源可得时间仍待上线核验。,已入模,选定候选保留,0.09250412789871582,0.1088839994519532,0.0588628018248581,0.0656786182826717,149.14100170135498,V2继承
offer_credit_change_ratio_recent_lifetime_delta,相邻历史通过获额批次变额比例｜近期相对全历史变化,x = diff(Vpast.credit_amt)/Vpast.credit_amt[:-1]；前笔额度>0；MEAN(finite(x[-3:]))-MEAN(finite(x)),S02｜order_vir_f_copy（获额）,Vpast：排除当前20秒批次的历史通过获额；按credit_time、serial_id升序,比例,float32,任一侧无有效值为NaN,describe(),V3-F0576,历史获额与额度变化,T0固定时点；提单/App<T0，放款/整笔结清≤T0；支付<T0，已确认整笔同秒结清订单的已知同秒支付可=T0；当前条件为T0已知值。来源可得时间仍待上线核验。,已入模,选定候选保留,0.09250412789871582,0.1088839994519532,0.0588628018248581,0.0372873425867124,68.17490100860596,V2继承
offer_credit_change_ratio_l1,相邻历史通过获额批次变额比例｜最近第1笔,x = diff(Vpast.credit_amt)/Vpast.credit_amt[:-1]；前笔额度>0；x[-1],S02｜order_vir_f_copy（获额）,Vpast：排除当前20秒批次的历史通过获额；按credit_time、serial_id升序,比例,float32,不足1笔或该位置缺失为NaN；不改取第1个非空值,describe(lags=True),V3-F0577,历史获额与额度变化,T0固定时点；提单/App<T0，放款/整笔结清≤T0；支付<T0，已确认整笔同秒结清订单的已知同秒支付可=T0；当前条件为T0已知值。来源可得时间仍待上线核验。,已入模,选定候选保留,0.09250412789871582,0.1088839994519532,0.0588628018248581,0.0652198253972632,165.20609760284424,V2继承
offer_credit_change_ratio_l2,相邻历史通过获额批次变额比例｜最近第2笔,x = diff(Vpast.credit_amt)/Vpast.credit_amt[:-1]；前笔额度>0；x[-2],S02｜order_vir_f_copy（获额）,Vpast：排除当前20秒批次的历史通过获额；按credit_time、serial_id升序,比例,float32,不足2笔或该位置缺失为NaN；不改取第2个非空值,describe(lags=True),V3-F0578,历史获额与额度变化,T0固定时点；提单/App<T0，放款/整笔结清≤T0；支付<T0，已确认整笔同秒结清订单的已知同秒支付可=T0；当前条件为T0已知值。来源可得时间仍待上线核验。,已入模,选定候选保留,0.26794839759136496,0.2928665264311677,0.2210971403137865,0.0473023645400369,231.15360069274905,V2继承
offer_credit_change_ratio_l3,相邻历史通过获额批次变额比例｜最近第3笔,x = diff(Vpast.credit_amt)/Vpast.credit_amt[:-1]；前笔额度>0；x[-3],S02｜order_vir_f_copy（获额）,Vpast：排除当前20秒批次的历史通过获额；按credit_time、serial_id升序,比例,float32,不足3笔或该位置缺失为NaN；不改取第3个非空值,describe(lags=True),V3-F0579,历史获额与额度变化,T0固定时点；提单/App<T0，放款/整笔结清≤T0；支付<T0，已确认整笔同秒结清订单的已知同秒支付可=T0；当前条件为T0已知值。来源可得时间仍待上线核验。,已入模,选定候选保留,0.4152592614368517,0.4316110157402258,0.4062534772449093,0.0095354522612058,192.0034008026123,V2继承
offer_credit_change_ratio_l4,相邻历史通过获额批次变额比例｜最近第4笔,x = diff(Vpast.credit_amt)/Vpast.credit_amt[:-1]；前笔额度>0；x[-4],S02｜order_vir_f_copy（获额）,Vpast：排除当前20秒批次的历史通过获额；按credit_time、serial_id升序,比例,float32,不足4笔或该位置缺失为NaN；不改取第4个非空值,describe(lags=True),V3-F0580,历史获额与额度变化,T0固定时点；提单/App<T0，放款/整笔结清≤T0；支付<T0，已确认整笔同秒结清订单的已知同秒支付可=T0；当前条件为T0已知值。来源可得时间仍待上线核验。,已入模,选定候选保留,0.50819455264357,0.5237473504356166,0.503727606542784,0.0052025286597761,54.69330024719238,V2继承
offer_credit_change_ratio_l5,相邻历史通过获额批次变额比例｜最近第5笔,x = diff(Vpast.credit_amt)/Vpast.credit_amt[:-1]；前笔额度>0；x[-5],S02｜order_vir_f_copy（获额）,Vpast：排除当前20秒批次的历史通过获额；按credit_time、serial_id升序,比例,float32,不足5笔或该位置缺失为NaN；不改取第5个非空值,describe(lags=True),V3-F0581,历史获额与额度变化,T0固定时点；提单/App<T0，放款/整笔结清≤T0；支付<T0，已确认整笔同秒结清订单的已知同秒支付可=T0；当前条件为T0已知值。来源可得时间仍待上线核验。,已入模,选定候选保留,0.5835942361305053,0.5994181032745795,0.5677089128741516,0.006046372422093,74.33030033111572,V2继承
offer_credit_change_ratio_delta12,相邻历史通过获额批次变额比例｜最近1笔减最近2笔,x = diff(Vpast.credit_amt)/Vpast.credit_amt[:-1]；前笔额度>0；x[-1]-x[-2],S02｜order_vir_f_copy（获额）,Vpast：排除当前20秒批次的历史通过获额；按credit_time、serial_id升序,比例,float32,不足2笔或任一值缺失为NaN,describe(),V3-F0582,历史获额与额度变化,T0固定时点；提单/App<T0，放款/整笔结清≤T0；支付<T0，已确认整笔同秒结清订单的已知同秒支付可=T0；当前条件为T0已知值。来源可得时间仍待上线核验。,已入模,选定候选保留,0.26794839759136496,0.2928665264311677,0.2210971403137865,0.0357755682340967,114.78870105743408,V2继承
offer_credit_change_ratio_delta23,相邻历史通过获额批次变额比例｜最近2笔减最近3笔,x = diff(Vpast.credit_amt)/Vpast.credit_amt[:-1]；前笔额度>0；x[-2]-x[-3],S02｜order_vir_f_copy（获额）,Vpast：排除当前20秒批次的历史通过获额；按credit_time、serial_id升序,比例,float32,不足3笔或任一值缺失为NaN,describe(),V3-F0583,历史获额与额度变化,T0固定时点；提单/App<T0，放款/整笔结清≤T0；支付<T0，已确认整笔同秒结清订单的已知同秒支付可=T0；当前条件为T0已知值。来源可得时间仍待上线核验。,已入模,选定候选保留,0.4152592614368517,0.4316110157402258,0.4062534772449093,0.0074910958162011,130.6880006790161,V2继承
offer_change_up_n,获额上升｜次数,x = diff(Vpast.credit_amt)；flag = finite(x) AND (x>0)；SUM(flag),S02｜order_vir_f_copy（获额）,Vpast：排除当前20秒批次的历史通过获额；按credit_time、serial_id升序,次,float32,无符合条件值为0,rates()；阈值累计项可交叉，不是互斥分档,V3-F0584,历史获额与额度变化,T0固定时点；提单/App<T0，放款/整笔结清≤T0；支付<T0，已确认整笔同秒结清订单的已知同秒支付可=T0；当前条件为T0已知值。来源可得时间仍待上线核验。,已入模,选定候选保留,0.0,0.0,0.0,0.0537436672388022,18.44540023803711,V2继承
offer_change_up_share,获额上升｜占比,x = diff(Vpast.credit_amt)；flag = finite(x) AND (x>0)；SUM(flag)/COUNT(finite(x)),S02｜order_vir_f_copy（获额）,Vpast：排除当前20秒批次的历史通过获额；按credit_time、serial_id升序,比例,float32,无有效x为NaN；有效x存在且无符合值为0,rates()；阈值累计项可交叉，不是互斥分档,V3-F0585,历史获额与额度变化,T0固定时点；提单/App<T0，放款/整笔结清≤T0；支付<T0，已确认整笔同秒结清订单的已知同秒支付可=T0；当前条件为T0已知值。来源可得时间仍待上线核验。,已入模,选定候选保留,0.09250412789871582,0.1088839994519532,0.0588628018248581,0.0580551201353955,520.1893978118896,V2继承
offer_change_up_current_streak,获额上升｜当前连续次数,x = diff(Vpast.credit_amt)；flag = finite(x) AND (x>0)；从序列末尾向前累计连续True，遇False即止,S02｜order_vir_f_copy（获额）,Vpast：排除当前20秒批次的历史通过获额；按credit_time、serial_id升序,次,float32,缺失转False、中断连续；空序列为0,rates()；阈值累计项可交叉，不是互斥分档,V3-F0586,历史获额与额度变化,T0固定时点；提单/App<T0，放款/整笔结清≤T0；支付<T0，已确认整笔同秒结清订单的已知同秒支付可=T0；当前条件为T0已知值。来源可得时间仍待上线核验。,已入模,选定候选保留,0.0,0.0,0.0,0.0398372373926935,12.799500465393066,V2继承
offer_change_up_max_streak,获额上升｜历史最长连续次数,x = diff(Vpast.credit_amt)；flag = finite(x) AND (x>0)；序列中最长连续True长度,S02｜order_vir_f_copy（获额）,Vpast：排除当前20秒批次的历史通过获额；按credit_time、serial_id升序,次,float32,缺失转False、中断连续；空序列为0,rates()；阈值累计项可交叉，不是互斥分档,V3-F0587,历史获额与额度变化,T0固定时点；提单/App<T0，放款/整笔结清≤T0；支付<T0，已确认整笔同秒结清订单的已知同秒支付可=T0；当前条件为T0已知值。来源可得时间仍待上线核验。,已入模,选定候选保留,0.0,0.0,0.0,0.0508752476354353,15.581000328063965,V2继承
offer_change_down_n,获额下降｜次数,x = diff(Vpast.credit_amt)；flag = finite(x) AND (x<0)；SUM(flag),S02｜order_vir_f_copy（获额）,Vpast：排除当前20秒批次的历史通过获额；按credit_time、serial_id升序,次,float32,无符合条件值为0,rates()；阈值累计项可交叉，不是互斥分档,V3-F0588,历史获额与额度变化,T0固定时点；提单/App<T0，放款/整笔结清≤T0；支付<T0，已确认整笔同秒结清订单的已知同秒支付可=T0；当前条件为T0已知值。来源可得时间仍待上线核验。,已入模,选定候选保留,0.0,0.0,0.0,0.0113377319041316,32.79360103607178,V2继承
offer_change_down_share,获额下降｜占比,x = diff(Vpast.credit_amt)；flag = finite(x) AND (x<0)；SUM(flag)/COUNT(finite(x)),S02｜order_vir_f_copy（获额）,Vpast：排除当前20秒批次的历史通过获额；按credit_time、serial_id升序,比例,float32,无有效x为NaN；有效x存在且无符合值为0,rates()；阈值累计项可交叉，不是互斥分档,V3-F0589,历史获额与额度变化,T0固定时点；提单/App<T0，放款/整笔结清≤T0；支付<T0，已确认整笔同秒结清订单的已知同秒支付可=T0；当前条件为T0已知值。来源可得时间仍待上线核验。,已入模,选定候选保留,0.09250412789871582,0.1088839994519532,0.0588628018248581,0.0385098522904239,232.97169971466064,V2继承
offer_change_down_current_streak,获额下降｜当前连续次数,x = diff(Vpast.credit_amt)；flag = finite(x) AND (x<0)；从序列末尾向前累计连续True，遇False即止,S02｜order_vir_f_copy（获额）,Vpast：排除当前20秒批次的历史通过获额；按credit_time、serial_id升序,次,float32,缺失转False、中断连续；空序列为0,rates()；阈值累计项可交叉，不是互斥分档,V3-F0590,历史获额与额度变化,T0固定时点；提单/App<T0，放款/整笔结清≤T0；支付<T0，已确认整笔同秒结清订单的已知同秒支付可=T0；当前条件为T0已知值。来源可得时间仍待上线核验。,已入模,选定候选保留,0.0,0.0,0.0,0.0015081613977445,16.12339973449707,V2继承
offer_change_down_max_streak,获额下降｜历史最长连续次数,x = diff(Vpast.credit_amt)；flag = finite(x) AND (x<0)；序列中最长连续True长度,S02｜order_vir_f_copy（获额）,Vpast：排除当前20秒批次的历史通过获额；按credit_time、serial_id升序,次,float32,缺失转False、中断连续；空序列为0,rates()；阈值累计项可交叉，不是互斥分档,V3-F0591,历史获额与额度变化,T0固定时点；提单/App<T0，放款/整笔结清≤T0；支付<T0，已确认整笔同秒结清订单的已知同秒支付可=T0；当前条件为T0已知值。来源可得时间仍待上线核验。,已入模,选定候选保留,0.0,0.0,0.0,0.0116534274409079,0.0,V2继承
offer_change_same_n,获额不变｜次数,x = diff(Vpast.credit_amt)；flag = finite(x) AND (x==0)；SUM(flag),S02｜order_vir_f_copy（获额）,Vpast：排除当前20秒批次的历史通过获额；按credit_time、serial_id升序,次,float32,无符合条件值为0,rates()；阈值累计项可交叉，不是互斥分档,V3-F0592,历史获额与额度变化,T0固定时点；提单/App<T0，放款/整笔结清≤T0；支付<T0，已确认整笔同秒结清订单的已知同秒支付可=T0；当前条件为T0已知值。来源可得时间仍待上线核验。,已入模,选定候选保留,0.0,0.0,0.0,0.0042924590151221,36.880998611450195,V2继承
offer_change_same_share,获额不变｜占比,x = diff(Vpast.credit_amt)；flag = finite(x) AND (x==0)；SUM(flag)/COUNT(finite(x)),S02｜order_vir_f_copy（获额）,Vpast：排除当前20秒批次的历史通过获额；按credit_time、serial_id升序,比例,float32,无有效x为NaN；有效x存在且无符合值为0,rates()；阈值累计项可交叉，不是互斥分档,V3-F0593,历史获额与额度变化,T0固定时点；提单/App<T0，放款/整笔结清≤T0；支付<T0，已确认整笔同秒结清订单的已知同秒支付可=T0；当前条件为T0已知值。来源可得时间仍待上线核验。,已入模,选定候选保留,0.09250412789871582,0.1088839994519532,0.0588628018248581,0.0618166078007546,208.7236967086792,V2继承
offer_change_same_current_streak,获额不变｜当前连续次数,x = diff(Vpast.credit_amt)；flag = finite(x) AND (x==0)；从序列末尾向前累计连续True，遇False即止,S02｜order_vir_f_copy（获额）,Vpast：排除当前20秒批次的历史通过获额；按credit_time、serial_id升序,次,float32,缺失转False、中断连续；空序列为0,rates()；阈值累计项可交叉，不是互斥分档,V3-F0594,历史获额与额度变化,T0固定时点；提单/App<T0，放款/整笔结清≤T0；支付<T0，已确认整笔同秒结清订单的已知同秒支付可=T0；当前条件为T0已知值。来源可得时间仍待上线核验。,已入模,选定候选保留,0.0,0.0,0.0,0.0002299581916894,42.46100044250488,V2继承
offer_change_same_max_streak,获额不变｜历史最长连续次数,x = diff(Vpast.credit_amt)；flag = finite(x) AND (x==0)；序列中最长连续True长度,S02｜order_vir_f_copy（获额）,Vpast：排除当前20秒批次的历史通过获额；按credit_time、serial_id升序,次,float32,缺失转False、中断连续；空序列为0,rates()；阈值累计项可交叉，不是互斥分档,V3-F0595,历史获额与额度变化,T0固定时点；提单/App<T0，放款/整笔结清≤T0；支付<T0，已确认整笔同秒结清订单的已知同秒支付可=T0；当前条件为T0已知值。来源可得时间仍待上线核验。,已入模,选定候选保留,0.0,0.0,0.0,0.0042422796192433,0.0,V2继承
offer_up_to_down_n,连续获额变化由提转降次数,x=diff(Vpast.credit_amt)；SUM(x[:-1]>0 AND x[1:]<0),S02｜order_vir_f_copy（获额）,截至T0的全部可观察生命周期,次,float32,不足2次变化为0；缺失不跨越,直接字段：loan_features() / behavior_features() / main(),V3-F0596,历史获额与额度变化,T0固定时点；提单/App<T0，放款/整笔结清≤T0；支付<T0，已确认整笔同秒结清订单的已知同秒支付可=T0；当前条件为T0已知值。来源可得时间仍待上线核验。,已入模,选定候选保留,0.0,0.0,0.0,0.0107767294388804,22.501100540161133,V2继承
offer_down_to_up_n,连续获额变化由降转提次数,x=diff(Vpast.credit_amt)；SUM(x[:-1]<0 AND x[1:]>0),S02｜order_vir_f_copy（获额）,截至T0的全部可观察生命周期,次,float32,不足2次变化为0；缺失不跨越,直接字段：loan_features() / behavior_features() / main(),V3-F0597,历史获额与额度变化,T0固定时点；提单/App<T0，放款/整笔结清≤T0；支付<T0，已确认整笔同秒结清订单的已知同秒支付可=T0；当前条件为T0已知值。来源可得时间仍待上线核验。,已入模,选定候选保留,0.0,0.0,0.0,0.018157980851179,12.128700256347656,V2继承
demand_current_to_previous_apply,当前额度覆盖上一笔实际借款需求,current_credit_amt/T.apply_amt,S05｜冻结T0母表与过去月份产品画像；S01｜order_loan_f_v2_copy（整笔订单）；S02｜order_vir_f_copy（获额）,当前T0条件 / 触发订单,倍,float32,分母非正或缺失为NaN,直接字段：loan_features() / behavior_features() / main(),V3-F0598,需求使用率与交互,T0固定时点；提单/App<T0，放款/整笔结清≤T0；支付<T0，已确认整笔同秒结清订单的已知同秒支付可=T0；当前条件为T0已知值。来源可得时间仍待上线核验。,已入模,选定候选保留,0.0,0.0,0.0,0.0539788689833663,1944.216796875,V2继承
demand_current_to_latest_attempt,当前额度覆盖最近提单需求,current_credit_amt/H[-1].apply_amt,S05｜冻结T0母表与过去月份产品画像；S01｜order_loan_f_v2_copy（整笔订单）,当前T0条件 / 触发订单,倍,float32,无历史尝试或分母非正为NaN；最近尝试可以未放款,直接字段：loan_features() / behavior_features() / main(),V3-F0599,需求使用率与交互,T0固定时点；提单/App<T0，放款/整笔结清≤T0；支付<T0，已确认整笔同秒结清订单的已知同秒支付可=T0；当前条件为T0已知值。来源可得时间仍待上线核验。,已入模,选定候选保留,0.0,0.0,0.0,0.0597489475617477,1499.850721359253,V2继承
demand_current_to_lifetime_apply,当前额度覆盖历史平均需求,current_credit_amt/MEAN(F.apply_amt),S05｜冻结T0母表与过去月份产品画像；S01｜order_loan_f_v2_copy（整笔订单）,当前T0条件 / 触发订单,倍,float32,分母非正或缺失为NaN,直接字段：loan_features() / behavior_features() / main(),V3-F0600,需求使用率与交互,T0固定时点；提单/App<T0，放款/整笔结清≤T0；支付<T0，已确认整笔同秒结清订单的已知同秒支付可=T0；当前条件为T0已知值。来源可得时间仍待上线核验。,已入模,选定候选保留,0.0,0.0,0.0,0.0535567166728664,8451.793179512024,V2继承
demand_current_to_max_apply,当前额度覆盖历史最大需求,current_credit_amt/MAX(F.apply_amt),S05｜冻结T0母表与过去月份产品画像；S01｜order_loan_f_v2_copy（整笔订单）,当前T0条件 / 触发订单,倍,float32,分母非正或缺失为NaN,直接字段：loan_features() / behavior_features() / main(),V3-F0601,需求使用率与交互,T0固定时点；提单/App<T0，放款/整笔结清≤T0；支付<T0，已确认整笔同秒结清订单的已知同秒支付可=T0；当前条件为T0已知值。来源可得时间仍待上线核验。,已入模,选定候选保留,0.0,0.0,0.0,0.0490954838126233,2405.042001724243,V2继承
demand_previous_apply_shortfall,当前额度对上一笔需求的缺口,"max(T.apply_amt-current_credit_amt,0)",S05｜冻结T0母表与过去月份产品画像；S01｜order_loan_f_v2_copy（整笔订单）,当前T0条件 / 触发订单,MXN,float32,触发金额或当前额度缺失为NaN,直接字段：loan_features() / behavior_features() / main(),V3-F0602,需求使用率与交互,T0固定时点；提单/App<T0，放款/整笔结清≤T0；支付<T0，已确认整笔同秒结清订单的已知同秒支付可=T0；当前条件为T0已知值。来源可得时间仍待上线核验。,已入模,选定候选保留,0.0,0.0,0.0,0.0077394137538496,274.646201133728,V2继承
demand_previous_util_missing,触发结清订单使用率缺失,INT(T不存在 OR T.utilization缺失),S01｜order_loan_f_v2_copy（整笔订单）；S02｜order_vir_f_copy（获额）,当前T0条件 / 触发订单,0/1,float32,缺失返回1；使用率≤0按缺失处理,直接字段：loan_features() / behavior_features() / main(),V3-F0603,需求使用率与交互,T0固定时点；提单/App<T0，放款/整笔结清≤T0；支付<T0，已确认整笔同秒结清订单的已知同秒支付可=T0；当前条件为T0已知值。来源可得时间仍待上线核验。,已入模,选定候选保留,0.0,0.0,0.0,0.0,0.0,V2继承
interaction_early_ge3_short_reborrow,最近提前≥3天且最近续借间隔≤3天,INT(最近流水核验通过结清订单.early_days≥3 AND 最近完成G.gap_days≤3),S01｜order_loan_f_v2_copy（整笔订单）；S03｜repayment_record_copy（正向入账）,最近有效已结清订单 + 最近已完成周期（可能不是同一订单）,0/1,float32,任一历史不足或条件缺失返回0；需结合计数/缺失特征解读,loan_features()；固定交互，不是因果结论,V3-F0604,需求使用率与交互,T0固定时点；提单/App<T0，放款/整笔结清≤T0；支付<T0，已确认整笔同秒结清订单的已知同秒支付可=T0；当前条件为T0已知值。来源可得时间仍待上线核验。,已入模,选定候选保留,0.0,0.0,0.0,0.0,24514.744873046875,V2继承
interaction_early_ge7_short_reborrow,最近提前≥7天且最近续借间隔≤3天,INT(最近流水核验通过结清订单.early_days≥7 AND 最近完成G.gap_days≤3),S01｜order_loan_f_v2_copy（整笔订单）；S03｜repayment_record_copy（正向入账）,最近有效已结清订单 + 最近已完成周期（可能不是同一订单）,0/1,float32,任一历史不足或条件缺失返回0；需结合计数/缺失特征解读,loan_features()；固定交互，不是因果结论,V3-F0605,需求使用率与交互,T0固定时点；提单/App<T0，放款/整笔结清≤T0；支付<T0，已确认整笔同秒结清订单的已知同秒支付可=T0；当前条件为T0已知值。来源可得时间仍待上线核验。,已入模,选定候选保留,0.0,0.0,0.0,0.0,0.0,V2继承
interaction_early_ge10_short_reborrow,最近提前≥10天且最近续借间隔≤3天,INT(最近流水核验通过结清订单.early_days≥10 AND 最近完成G.gap_days≤3),S01｜order_loan_f_v2_copy（整笔订单）；S03｜repayment_record_copy（正向入账）,最近有效已结清订单 + 最近已完成周期（可能不是同一订单）,0/1,float32,任一历史不足或条件缺失返回0；需结合计数/缺失特征解读,loan_features()；固定交互，不是因果结论,V3-F0606,需求使用率与交互,T0固定时点；提单/App<T0，放款/整笔结清≤T0；支付<T0，已确认整笔同秒结清订单的已知同秒支付可=T0；当前条件为T0已知值。来源可得时间仍待上线核验。,已入模,选定候选保留,0.0,0.0,0.0,0.0,0.0,V2继承
interaction_early_ge14_short_reborrow,最近提前≥14天且最近续借间隔≤3天,INT(最近流水核验通过结清订单.early_days≥14 AND 最近完成G.gap_days≤3),S01｜order_loan_f_v2_copy（整笔订单）；S03｜repayment_record_copy（正向入账）,最近有效已结清订单 + 最近已完成周期（可能不是同一订单）,0/1,float32,任一历史不足或条件缺失返回0；需结合计数/缺失特征解读,loan_features()；固定交互，不是因果结论,V3-F0607,需求使用率与交互,T0固定时点；提单/App<T0，放款/整笔结清≤T0；支付<T0，已确认整笔同秒结清订单的已知同秒支付可=T0；当前条件为T0已知值。来源可得时间仍待上线核验。,已入模,选定候选保留,0.0,0.0,0.0,0.0,0.0,V2继承
interaction_down_high_util,降额×上一笔高使用,INT(sign(current_credit_amt-previous_credit_amt)==-1 AND T.utilization≥0.95),S05｜冻结T0母表与过去月份产品画像；S01｜order_loan_f_v2_copy（整笔订单）；S02｜order_vir_f_copy（获额）,当前变额方向 + 截至T0历史,0/1,float32,条件未知不记为满足，返回0；不等于已确认不满足，须联查缺失标记,loan_features()；固定交互,V3-F0608,需求使用率与交互,T0固定时点；提单/App<T0，放款/整笔结清≤T0；支付<T0，已确认整笔同秒结清订单的已知同秒支付可=T0；当前条件为T0已知值。来源可得时间仍待上线核验。,已入模,选定候选保留,0.0,0.0,0.0,0.0,0.0,V2继承
interaction_down_over_util,降额×上一笔超额使用,INT(sign(current_credit_amt-previous_credit_amt)==-1 AND T.utilization>1),S05｜冻结T0母表与过去月份产品画像；S01｜order_loan_f_v2_copy（整笔订单）；S02｜order_vir_f_copy（获额）,当前变额方向 + 截至T0历史,0/1,float32,条件未知不记为满足，返回0；不等于已确认不满足，须联查缺失标记,loan_features()；固定交互,V3-F0609,需求使用率与交互,T0固定时点；提单/App<T0，放款/整笔结清≤T0；支付<T0，已确认整笔同秒结清订单的已知同秒支付可=T0；当前条件为T0已知值。来源可得时间仍待上线核验。,已入模,选定候选保留,0.0,0.0,0.0,0.0,91.2446994781494,V2继承
interaction_down_first3,降额×累计成功放款≤3次,INT(sign(current_credit_amt-previous_credit_amt)==-1 AND COUNT(F)≤3),S05｜冻结T0母表与过去月份产品画像；S01｜order_loan_f_v2_copy（整笔订单）,当前变额方向 + 截至T0历史,0/1,float32,条件未知不记为满足，返回0；不等于已确认不满足，须联查缺失标记,loan_features()；固定交互,V3-F0610,需求使用率与交互,T0固定时点；提单/App<T0，放款/整笔结清≤T0；支付<T0，已确认整笔同秒结清订单的已知同秒支付可=T0；当前条件为T0已知值。来源可得时间仍待上线核验。,已入模,选定候选保留,0.0,0.0,0.0,0.0,117.44220352172852,V2继承
interaction_down_first2,降额×累计成功放款≤2次,INT(sign(current_credit_amt-previous_credit_amt)==-1 AND COUNT(F)≤2),S05｜冻结T0母表与过去月份产品画像；S01｜order_loan_f_v2_copy（整笔订单）,当前变额方向 + 截至T0历史,0/1,float32,条件未知不记为满足，返回0；不等于已确认不满足，须联查缺失标记,loan_features()；固定交互,V3-F0611,需求使用率与交互,T0固定时点；提单/App<T0，放款/整笔结清≤T0；支付<T0，已确认整笔同秒结清订单的已知同秒支付可=T0；当前条件为T0已知值。来源可得时间仍待上线核验。,已入模,选定候选保留,0.0,0.0,0.0,0.0,144.4561996459961,V2继承
interaction_same_high_util,等额×上一笔高使用,INT(sign(current_credit_amt-previous_credit_amt)==0 AND T.utilization≥0.95),S05｜冻结T0母表与过去月份产品画像；S01｜order_loan_f_v2_copy（整笔订单）；S02｜order_vir_f_copy（获额）,当前变额方向 + 截至T0历史,0/1,float32,条件未知不记为满足，返回0；不等于已确认不满足，须联查缺失标记,loan_features()；固定交互,V3-F0612,需求使用率与交互,T0固定时点；提单/App<T0，放款/整笔结清≤T0；支付<T0，已确认整笔同秒结清订单的已知同秒支付可=T0；当前条件为T0已知值。来源可得时间仍待上线核验。,已入模,选定候选保留,0.0,0.0,0.0,0.0,18.385799407958984,V2继承
interaction_same_over_util,等额×上一笔超额使用,INT(sign(current_credit_amt-previous_credit_amt)==0 AND T.utilization>1),S05｜冻结T0母表与过去月份产品画像；S01｜order_loan_f_v2_copy（整笔订单）；S02｜order_vir_f_copy（获额）,当前变额方向 + 截至T0历史,0/1,float32,条件未知不记为满足，返回0；不等于已确认不满足，须联查缺失标记,loan_features()；固定交互,V3-F0613,需求使用率与交互,T0固定时点；提单/App<T0，放款/整笔结清≤T0；支付<T0，已确认整笔同秒结清订单的已知同秒支付可=T0；当前条件为T0已知值。来源可得时间仍待上线核验。,已入模,选定候选保留,0.0,0.0,0.0,0.0,0.0,V2继承
interaction_same_first3,等额×累计成功放款≤3次,INT(sign(current_credit_amt-previous_credit_amt)==0 AND COUNT(F)≤3),S05｜冻结T0母表与过去月份产品画像；S01｜order_loan_f_v2_copy（整笔订单）,当前变额方向 + 截至T0历史,0/1,float32,条件未知不记为满足，返回0；不等于已确认不满足，须联查缺失标记,loan_features()；固定交互,V3-F0614,需求使用率与交互,T0固定时点；提单/App<T0，放款/整笔结清≤T0；支付<T0，已确认整笔同秒结清订单的已知同秒支付可=T0；当前条件为T0已知值。来源可得时间仍待上线核验。,已入模,选定候选保留,0.0,0.0,0.0,0.0,0.0,V2继承
interaction_same_first2,等额×累计成功放款≤2次,INT(sign(current_credit_amt-previous_credit_amt)==0 AND COUNT(F)≤2),S05｜冻结T0母表与过去月份产品画像；S01｜order_loan_f_v2_copy（整笔订单）,当前变额方向 + 截至T0历史,0/1,float32,条件未知不记为满足，返回0；不等于已确认不满足，须联查缺失标记,loan_features()；固定交互,V3-F0615,需求使用率与交互,T0固定时点；提单/App<T0，放款/整笔结清≤T0；支付<T0，已确认整笔同秒结清订单的已知同秒支付可=T0；当前条件为T0已知值。来源可得时间仍待上线核验。,已入模,选定候选保留,0.0,0.0,0.0,0.0,0.0,V2继承
interaction_up_high_util,提额×上一笔高使用,INT(sign(current_credit_amt-previous_credit_amt)==1 AND T.utilization≥0.95),S05｜冻结T0母表与过去月份产品画像；S01｜order_loan_f_v2_copy（整笔订单）；S02｜order_vir_f_copy（获额）,当前变额方向 + 截至T0历史,0/1,float32,条件未知不记为满足，返回0；不等于已确认不满足，须联查缺失标记,loan_features()；固定交互,V3-F0616,需求使用率与交互,T0固定时点；提单/App<T0，放款/整笔结清≤T0；支付<T0，已确认整笔同秒结清订单的已知同秒支付可=T0；当前条件为T0已知值。来源可得时间仍待上线核验。,已入模,选定候选保留,0.0,0.0,0.0,0.0,4179.240776062012,V2继承
interaction_up_over_util,提额×上一笔超额使用,INT(sign(current_credit_amt-previous_credit_amt)==1 AND T.utilization>1),S05｜冻结T0母表与过去月份产品画像；S01｜order_loan_f_v2_copy（整笔订单）；S02｜order_vir_f_copy（获额）,当前变额方向 + 截至T0历史,0/1,float32,条件未知不记为满足，返回0；不等于已确认不满足，须联查缺失标记,loan_features()；固定交互,V3-F0617,需求使用率与交互,T0固定时点；提单/App<T0，放款/整笔结清≤T0；支付<T0，已确认整笔同秒结清订单的已知同秒支付可=T0；当前条件为T0已知值。来源可得时间仍待上线核验。,已入模,选定候选保留,0.0,0.0,0.0,0.0,0.0,V2继承
interaction_up_first3,提额×累计成功放款≤3次,INT(sign(current_credit_amt-previous_credit_amt)==1 AND COUNT(F)≤3),S05｜冻结T0母表与过去月份产品画像；S01｜order_loan_f_v2_copy（整笔订单）,当前变额方向 + 截至T0历史,0/1,float32,条件未知不记为满足，返回0；不等于已确认不满足，须联查缺失标记,loan_features()；固定交互,V3-F0618,需求使用率与交互,T0固定时点；提单/App<T0，放款/整笔结清≤T0；支付<T0，已确认整笔同秒结清订单的已知同秒支付可=T0；当前条件为T0已知值。来源可得时间仍待上线核验。,已入模,选定候选保留,0.0,0.0,0.0,0.0,0.0,V2继承
interaction_up_first2,提额×累计成功放款≤2次,INT(sign(current_credit_amt-previous_credit_amt)==1 AND COUNT(F)≤2),S05｜冻结T0母表与过去月份产品画像；S01｜order_loan_f_v2_copy（整笔订单）,当前变额方向 + 截至T0历史,0/1,float32,条件未知不记为满足，返回0；不等于已确认不满足，须联查缺失标记,loan_features()；固定交互,V3-F0619,需求使用率与交互,T0固定时点；提单/App<T0，放款/整笔结清≤T0；支付<T0，已确认整笔同秒结清订单的已知同秒支付可=T0；当前条件为T0已知值。来源可得时间仍待上线核验。,已入模,选定候选保留,0.0,0.0,0.0,0.0,0.0,V2继承
trigger_early_days_cash,触发T0订单的提前结清天数,T.due_date-DATE(T.flow_settle_time),S01｜order_loan_f_v2_copy（整笔订单）；S03｜repayment_record_copy（正向入账）,当前T0条件 / 触发订单,自然日,float32,流水结清日核验失败或触发订单缺失为NaN,直接字段：loan_features() / behavior_features() / main(),V3-F0620,提前还款与借还周期,T0固定时点；提单/App<T0，放款/整笔结清≤T0；支付<T0，已确认整笔同秒结清订单的已知同秒支付可=T0；当前条件为T0已知值。来源可得时间仍待上线核验。,已入模,选定候选保留,0.0,0.0,0.0,0.0781214483777224,0.0,V2继承
trigger_flow_time_missing,触发结清订单流水时点缺失,INT(T不存在 OR T.flow_settle_time缺失),S01｜order_loan_f_v2_copy（整笔订单）；S03｜repayment_record_copy（正向入账）,当前T0条件 / 触发订单,0/1,float32,缺失返回1,直接字段：loan_features() / behavior_features() / main(),V3-F0621,提前还款与借还周期,T0固定时点；提单/App<T0，放款/整笔结清≤T0；支付<T0，已确认整笔同秒结清订单的已知同秒支付可=T0；当前条件为T0已知值。来源可得时间仍待上线核验。,未入模,训练期全缺失或常量,0.0,0.0,0.0,0.0,0,V2继承
app_history_left_censored,App历史左截断标记,INT(reg_date非空 AND reg_date<2024-01-01),S01｜order_loan_f_v2_copy（整笔订单）；S04｜event_track_record（App埋点）,截至T0的全部可观察生命周期,0/1,float32,注册日期缺失返回0，不能理解为已核验完整历史,直接字段：loan_features() / behavior_features() / main(),V3-F0622,全量App行为,T0固定时点；提单/App<T0，放款/整笔结清≤T0；支付<T0，已确认整笔同秒结清订单的已知同秒支付可=T0；当前条件为T0已知值。来源可得时间仍待上线核验。,已入模,选定候选保留,0.0,0.0,0.0,0.0,0.0,V2继承
app_history_observation_days,App可观察自然日数,"max(0, DATE(T0)-max(2024-01-01,reg_date)+1)",S01｜order_loan_f_v2_copy（整笔订单）；S04｜event_track_record（App埋点）,截至T0的全部可观察生命周期,自然日,float32,注册日期缺失时从2024-01-01开始；数据缺口未据此自动识别,直接字段：loan_features() / behavior_features() / main(),V3-F0623,全量App行为,T0固定时点；提单/App<T0，放款/整笔结清≤T0；支付<T0，已确认整笔同秒结清订单的已知同秒支付可=T0；当前条件为T0已知值。来源可得时间仍待上线核验。,已入模,选定候选保留,0.0,0.0,0.0,0.0330072917697399,12.283699989318848,V2继承
app_days_since_last_active,距最近一次App活跃天数,(T0-max(有埋点且时间有效的历史last_active_time)).total_seconds()/86400,S04｜event_track_record（App埋点）,截至T0的全部可观察生命周期,经过天数,float32,无可观察有效活跃为NaN,直接字段：loan_features() / behavior_features() / main(),V3-F0624,全量App行为,T0固定时点；提单/App<T0，放款/整笔结清≤T0；支付<T0，已确认整笔同秒结清订单的已知同秒支付可=T0；当前条件为T0已知值。来源可得时间仍待上线核验。,已入模,选定候选保留,0.0,0.0,0.0,0.0148652551705011,45.73099994659424,V2继承
app_all_1d_eligible_days,全部日期｜可观察且未排除日期数,"max(0,DATE(T0)-start+1-排除还款日数)",S04｜event_track_record（App埋点）；S01｜order_loan_f_v2_copy（整笔订单）,"近1个自然日：start=max(可观察起点,DATE(T0)-(1-1)日)，create_time<T0",自然日,float32,无日期为0,behavior_features()；T0部分当天仍按1个可观察自然日计，不是24小时标准化,V3-F0625,全量App行为,T0固定时点；提单/App<T0，放款/整笔结清≤T0；支付<T0，已确认整笔同秒结清订单的已知同秒支付可=T0；当前条件为T0已知值。来源可得时间仍待上线核验。,已入模,选定候选保留,0.0,0.0,0.0,0.0,0.0,V2继承
app_all_1d_empty_eligible,全部日期｜无可观察日期标记,INT(eligible_days==0),S04｜event_track_record（App埋点）；S01｜order_loan_f_v2_copy（整笔订单）,"近1个自然日：start=max(可观察起点,DATE(T0)-(1-1)日)，create_time<T0",0/1,float32,无日期为1,behavior_features()；T0部分当天仍按1个可观察自然日计，不是24小时标准化,V3-F0626,全量App行为,T0固定时点；提单/App<T0，放款/整笔结清≤T0；支付<T0，已确认整笔同秒结清订单的已知同秒支付可=T0；当前条件为T0已知值。来源可得时间仍待上线核验。,已入模,选定候选保留,0.0,0.0,0.0,0.0,0.0,V2继承
app_all_1d_active_days,全部日期｜有埋点的日期数,COUNT(窗口内event_count>0的日期),S04｜event_track_record（App埋点）；S01｜order_loan_f_v2_copy（整笔订单）,"近1个自然日：start=max(可观察起点,DATE(T0)-(1-1)日)，create_time<T0",自然日,float32,无活跃或无可观察日期为0,behavior_features()；T0部分当天仍按1个可观察自然日计，不是24小时标准化,V3-F0627,全量App行为,T0固定时点；提单/App<T0，放款/整笔结清≤T0；支付<T0，已确认整笔同秒结清订单的已知同秒支付可=T0；当前条件为T0已知值。来源可得时间仍待上线核验。,已入模,选定候选保留,0.0,0.0,0.0,0.0,0.0,V2继承
app_all_1d_active_day_share,全部日期｜活跃日期占比,active_days/eligible_days,S04｜event_track_record（App埋点）；S01｜order_loan_f_v2_copy（整笔订单）,"近1个自然日：start=max(可观察起点,DATE(T0)-(1-1)日)，create_time<T0",比例,float32,eligible_days==0为NaN,behavior_features()；T0部分当天仍按1个可观察自然日计，不是24小时标准化,V3-F0628,全量App行为,T0固定时点；提单/App<T0，放款/整笔结清≤T0；支付<T0，已确认整笔同秒结清订单的已知同秒支付可=T0；当前条件为T0已知值。来源可得时间仍待上线核验。,已入模,选定候选保留,1.4698749136448488e-05,2.41785342972509e-05,0.0,7.383499962586337e-05,0.0,V2继承
app_all_1d_events,全部日期｜活跃埋点条数,COUNT(e.user_id)；按窗口允许日期累加,S04｜event_track_record（App埋点）,"近1个自然日：start=max(可观察起点,DATE(T0)-(1-1)日)，create_time<T0",条,float32,eligible_days==0为NaN；有可观察日期而无行为为0,behavior_features()；次数不是人数，时长不去除重叠,V3-F0629,全量App行为,T0固定时点；提单/App<T0，放款/整笔结清≤T0；支付<T0，已确认整笔同秒结清订单的已知同秒支付可=T0；当前条件为T0已知值。来源可得时间仍待上线核验。,已入模,选定候选保留,1.4698749136448488e-05,2.41785342972509e-05,0.0,0.0147525407569362,2656.5001945495605,V2继承
app_all_1d_newpage,全部日期｜进入提单页次数,"SUM(INT(e.event_type='page_view_in' AND e.props_id IN ('Loan_newpage','Loan_newpage_select')))；按窗口允许日期累加",S04｜event_track_record（App埋点）,"近1个自然日：start=max(可观察起点,DATE(T0)-(1-1)日)，create_time<T0",次,float32,eligible_days==0为NaN；有可观察日期而无行为为0,behavior_features()；次数不是人数，时长不去除重叠,V3-F0630,全量App行为,T0固定时点；提单/App<T0，放款/整笔结清≤T0；支付<T0，已确认整笔同秒结清订单的已知同秒支付可=T0；当前条件为T0已知值。来源可得时间仍待上线核验。,已入模,选定候选保留,1.4698749136448488e-05,2.41785342972509e-05,0.0,0.1818736364090479,0.0,V2继承
app_all_1d_amount,全部日期｜切换借款金额次数,"SUM(INT(e.props_id IN ('amount_modification','loan_form_loan_amount_selectionn_new','loan_form_loan_amount_selectionn_new_select')))；按窗口允许日期累加",S04｜event_track_record（App埋点）,"近1个自然日：start=max(可观察起点,DATE(T0)-(1-1)日)，create_time<T0",次,float32,eligible_days==0为NaN；有可观察日期而无行为为0,behavior_features()；次数不是人数，时长不去除重叠,V3-F0631,全量App行为,T0固定时点；提单/App<T0，放款/整笔结清≤T0；支付<T0，已确认整笔同秒结清订单的已知同秒支付可=T0；当前条件为T0已知值。来源可得时间仍待上线核验。,已入模,选定候选保留,1.4698749136448488e-05,2.41785342972509e-05,0.0,7.383499962586337e-05,48.8922004699707,V2继承
app_all_1d_contract,全部日期｜查看借款合同次数,"SUM(INT(e.props_id IN ('Loan_contract_newdetails','Loan_contract_newdetails_select')))；按窗口允许日期累加",S04｜event_track_record（App埋点）,"近1个自然日：start=max(可观察起点,DATE(T0)-(1-1)日)，create_time<T0",次,float32,eligible_days==0为NaN；有可观察日期而无行为为0,behavior_features()；次数不是人数，时长不去除重叠,V3-F0632,全量App行为,T0固定时点；提单/App<T0，放款/整笔结清≤T0；支付<T0，已确认整笔同秒结清订单的已知同秒支付可=T0；当前条件为T0已知值。来源可得时间仍待上线核验。,已入模,选定候选保留,1.4698749136448488e-05,2.41785342972509e-05,0.0,7.383499962586337e-05,0.0,V2继承
app_all_1d_term,全部日期｜切换借款期次次数,"SUM(INT(e.props_id IN ('loan_form_term_selection_new','loan_form_term_selection_new_select')))；按窗口允许日期累加",S04｜event_track_record（App埋点）,"近1个自然日：start=max(可观察起点,DATE(T0)-(1-1)日)，create_time<T0",次,float32,eligible_days==0为NaN；有可观察日期而无行为为0,behavior_features()；次数不是人数，时长不去除重叠,V3-F0633,全量App行为,T0固定时点；提单/App<T0，放款/整笔结清≤T0；支付<T0，已确认整笔同秒结清订单的已知同秒支付可=T0；当前条件为T0已知值。来源可得时间仍待上线核验。,已入模,选定候选保留,1.4698749136448488e-05,2.41785342972509e-05,0.0,7.383499962586337e-05,0.0,V2继承
app_all_1d_confirm,全部日期｜确认提单埋点次数,"SUM(INT(e.props_id IN ('Loan_newconfirm','Loan_newconfirm_select')))；按窗口允许日期累加",S04｜event_track_record（App埋点）,"近1个自然日：start=max(可观察起点,DATE(T0)-(1-1)日)，create_time<T0",次,float32,eligible_days==0为NaN；有可观察日期而无行为为0,behavior_features()；次数不是人数，时长不去除重叠,V3-F0634,全量App行为,T0固定时点；提单/App<T0，放款/整笔结清≤T0；支付<T0，已确认整笔同秒结清订单的已知同秒支付可=T0；当前条件为T0已知值。来源可得时间仍待上线核验。,已入模,选定候选保留,1.4698749136448488e-05,2.41785342972509e-05,0.0,7.383499962586337e-05,0.0,V2继承
app_all_1d_plan,全部日期｜查看还款计划次数,"SUM(INT(e.props_id IN ('Loan_plan_newdetails','Loan_plan_newdetails_select')))；按窗口允许日期累加",S04｜event_track_record（App埋点）,"近1个自然日：start=max(可观察起点,DATE(T0)-(1-1)日)，create_time<T0",次,float32,eligible_days==0为NaN；有可观察日期而无行为为0,behavior_features()；次数不是人数，时长不去除重叠,V3-F0635,全量App行为,T0固定时点；提单/App<T0，放款/整笔结清≤T0；支付<T0，已确认整笔同秒结清订单的已知同秒支付可=T0；当前条件为T0已知值。来源可得时间仍待上线核验。,已入模,选定候选保留,1.4698749136448488e-05,2.41785342972509e-05,0.0,7.383499962586337e-05,138.2375030517578,V2继承
app_all_1d_purpose,全部日期｜选择借款用途次数,"SUM(INT(e.props_id IN ('Loan_purpose_newdetails','Loan_purpose_newdetails_select')))；按窗口允许日期累加",S04｜event_track_record（App埋点）,"近1个自然日：start=max(可观察起点,DATE(T0)-(1-1)日)，create_time<T0",次,float32,eligible_days==0为NaN；有可观察日期而无行为为0,behavior_features()；次数不是人数，时长不去除重叠,V3-F0636,全量App行为,T0固定时点；提单/App<T0，放款/整笔结清≤T0；支付<T0，已确认整笔同秒结清订单的已知同秒支付可=T0；当前条件为T0已知值。来源可得时间仍待上线核验。,已入模,选定候选保留,1.4698749136448488e-05,2.41785342972509e-05,0.0,7.383499962586337e-05,18.13570022583008,V2继承
app_all_1d_coupon_back,全部日期｜关闭优惠券拦截次数,"SUM(INT(e.props_id IN ('Order_coupons_back','Order_coupons_back_select')))；按窗口允许日期累加",S04｜event_track_record（App埋点）,"近1个自然日：start=max(可观察起点,DATE(T0)-(1-1)日)，create_time<T0",次,float32,eligible_days==0为NaN；有可观察日期而无行为为0,behavior_features()；次数不是人数，时长不去除重叠,V3-F0637,全量App行为,T0固定时点；提单/App<T0，放款/整笔结清≤T0；支付<T0，已确认整笔同秒结清订单的已知同秒支付可=T0；当前条件为T0已知值。来源可得时间仍待上线核验。,已入模,选定候选保留,1.4698749136448488e-05,2.41785342972509e-05,0.0,7.383499962586337e-05,0.0,V2继承
app_all_1d_coupon_confirm,全部日期｜点击优惠券拦截次数,"SUM(INT(e.props_id IN ('Order_coupons_confirm','Order_coupons_confirm_select')))；按窗口允许日期累加",S04｜event_track_record（App埋点）,"近1个自然日：start=max(可观察起点,DATE(T0)-(1-1)日)，create_time<T0",次,float32,eligible_days==0为NaN；有可观察日期而无行为为0,behavior_features()；次数不是人数，时长不去除重叠,V3-F0638,全量App行为,T0固定时点；提单/App<T0，放款/整笔结清≤T0；支付<T0，已确认整笔同秒结清订单的已知同秒支付可=T0；当前条件为T0已知值。来源可得时间仍待上线核验。,已入模,选定候选保留,1.4698749136448488e-05,2.41785342972509e-05,0.0,7.383499962586337e-05,0.0,V2继承
app_all_1d_coupon_page,全部日期｜进入优惠券挽留页次数,"SUM(INT(e.props_id IN ('Order_coupons_page','Order_coupons_page_select')))；按窗口允许日期累加",S04｜event_track_record（App埋点）,"近1个自然日：start=max(可观察起点,DATE(T0)-(1-1)日)，create_time<T0",次,float32,eligible_days==0为NaN；有可观察日期而无行为为0,behavior_features()；次数不是人数，时长不去除重叠,V3-F0639,全量App行为,T0固定时点；提单/App<T0，放款/整笔结清≤T0；支付<T0，已确认整笔同秒结清订单的已知同秒支付可=T0；当前条件为T0已知值。来源可得时间仍待上线核验。,已入模,选定候选保留,1.4698749136448488e-05,2.41785342972509e-05,0.0,7.383499962586337e-05,0.0,V2继承
app_all_1d_repayment_page,全部日期｜名称含repay的辅助页面次数,"SUM(INT(lower(COALESCE(e.props_id,'')||' '||COALESCE(e.page_name,'')) LIKE '%repay%'))；按窗口允许日期累加",S04｜event_track_record（App埋点）,"近1个自然日：start=max(可观察起点,DATE(T0)-(1-1)日)，create_time<T0",次,float32,eligible_days==0为NaN；有可观察日期而无行为为0,behavior_features()；次数不是人数，时长不去除重叠,V3-F0640,全量App行为,T0固定时点；提单/App<T0，放款/整笔结清≤T0；支付<T0，已确认整笔同秒结清订单的已知同秒支付可=T0；当前条件为T0已知值。来源可得时间仍待上线核验。,已入模,选定候选保留,1.4698749136448488e-05,2.41785342972509e-05,0.0,7.383499962586337e-05,18.314800262451172,V2继承
app_all_1d_duration,全部日期｜已结束页面累计停留,"SUM(min((event_end_time-event_start_time)/1000,3600))；仅page_view_out、end≥start且end≤截断时刻；按窗口允许日期累加",S04｜event_track_record（App埋点）,"近1个自然日：start=max(可观察起点,DATE(T0)-(1-1)日)，create_time<T0",秒,float32,eligible_days==0为NaN；有可观察日期而无行为为0,behavior_features()；次数不是人数，时长不去除重叠,V3-F0641,全量App行为,T0固定时点；提单/App<T0，放款/整笔结清≤T0；支付<T0，已确认整笔同秒结清订单的已知同秒支付可=T0；当前条件为T0已知值。来源可得时间仍待上线核验。,已入模,选定候选保留,1.4698749136448488e-05,2.41785342972509e-05,0.0,0.0090046712596094,1329.0912971496582,V2继承
app_all_1d_apply_duration,全部日期｜已结束提单页累计停留,与duration相同，另限定props_id为Loan_newpage/Loan_newpage_select；按窗口允许日期累加,S04｜event_track_record（App埋点）,"近1个自然日：start=max(可观察起点,DATE(T0)-(1-1)日)，create_time<T0",秒,float32,eligible_days==0为NaN；有可观察日期而无行为为0,behavior_features()；次数不是人数，时长不去除重叠,V3-F0642,全量App行为,T0固定时点；提单/App<T0，放款/整笔结清≤T0；支付<T0，已确认整笔同秒结清订单的已知同秒支付可=T0；当前条件为T0已知值。来源可得时间仍待上线核验。,已入模,选定候选保留,1.4698749136448488e-05,2.41785342972509e-05,0.0,0.1098344330475276,705.848198890686,V2继承
app_all_1d_non_apply_duration,全部日期｜非提单页累计停留,duration-apply_duration,S04｜event_track_record（App埋点）；S01｜order_loan_f_v2_copy（整笔订单）,"近1个自然日：start=max(可观察起点,DATE(T0)-(1-1)日)，create_time<T0",秒,float32,eligible_days==0为NaN，否则无行为为0,behavior_features()；T0部分当天仍按1个可观察自然日计，不是24小时标准化,V3-F0643,全量App行为,T0固定时点；提单/App<T0，放款/整笔结清≤T0；支付<T0，已确认整笔同秒结清订单的已知同秒支付可=T0；当前条件为T0已知值。来源可得时间仍待上线核验。,已入模,选定候选保留,1.4698749136448488e-05,2.41785342972509e-05,0.0,0.0092768690978003,683.0817966461182,V2继承
app_all_1d_events_per_eligible_day,全部日期｜每可观察日活跃频次,events/eligible_days,S04｜event_track_record（App埋点）；S01｜order_loan_f_v2_copy（整笔订单）,"近1个自然日：start=max(可观察起点,DATE(T0)-(1-1)日)，create_time<T0",条/自然日,float32,eligible_days==0为NaN,behavior_features()；T0部分当天仍按1个可观察自然日计，不是24小时标准化,V3-F0644,全量App行为,T0固定时点；提单/App<T0，放款/整笔结清≤T0；支付<T0，已确认整笔同秒结清订单的已知同秒支付可=T0；当前条件为T0已知值。来源可得时间仍待上线核验。,已入模,选定候选保留,1.4698749136448488e-05,2.41785342972509e-05,0.0,0.0147525407569362,302.2311029434204,V2继承
app_all_1d_duration_per_active_day,全部日期｜每活跃日累计页面停留,duration/active_days,S04｜event_track_record（App埋点）；S01｜order_loan_f_v2_copy（整笔订单）,"近1个自然日：start=max(可观察起点,DATE(T0)-(1-1)日)，create_time<T0",秒/活跃日,float32,active_days==0为NaN,behavior_features()；T0部分当天仍按1个可观察自然日计，不是24小时标准化,V3-F0645,全量App行为,T0固定时点；提单/App<T0，放款/整笔结清≤T0；支付<T0，已确认整笔同秒结清订单的已知同秒支付可=T0；当前条件为T0已知值。来源可得时间仍待上线核验。,已入模,选定候选保留,0.12868754868960652,0.1420569485077814,0.1093802158673639,0.0131662725314755,2743.5788745880127,V2继承
app_all_1d_apply_duration_share,全部日期｜提单页停留占比,apply_duration/duration,S04｜event_track_record（App埋点）；S01｜order_loan_f_v2_copy（整笔订单）,"近1个自然日：start=max(可观察起点,DATE(T0)-(1-1)日)，create_time<T0",比例,float32,duration==0为NaN,behavior_features()；T0部分当天仍按1个可观察自然日计，不是24小时标准化,V3-F0646,全量App行为,T0固定时点；提单/App<T0，放款/整笔结清≤T0；支付<T0，已确认整笔同秒结清订单的已知同秒支付可=T0；当前条件为T0已知值。来源可得时间仍待上线核验。,已入模,选定候选保留,0.1494372828872263,0.1642528429926577,0.1267386224546567,0.1686608995149556,211.11910247802737,V2继承
app_all_1d_amount_per_newpage,全部日期｜切换金额次数对进页比,amount/newpage,S04｜event_track_record（App埋点）；S01｜order_loan_f_v2_copy（整笔订单）,"近1个自然日：start=max(可观察起点,DATE(T0)-(1-1)日)，create_time<T0",次数比,float32,newpage==0为NaN；可能>1,behavior_features()；T0部分当天仍按1个可观察自然日计，不是24小时标准化,V3-F0647,全量App行为,T0固定时点；提单/App<T0，放款/整笔结清≤T0；支付<T0，已确认整笔同秒结清订单的已知同秒支付可=T0；当前条件为T0已知值。来源可得时间仍待上线核验。,已入模,选定候选保留,0.8226350937535216,0.8808078854259854,0.7135862913096696,0.1888486954401493,461.5928964614868,V2继承
app_all_1d_plan_per_newpage,全部日期｜查看计划次数对进页比,plan/newpage,S04｜event_track_record（App埋点）；S01｜order_loan_f_v2_copy（整笔订单）,"近1个自然日：start=max(可观察起点,DATE(T0)-(1-1)日)，create_time<T0",次数比,float32,newpage==0为NaN；可能>1,behavior_features()；T0部分当天仍按1个可观察自然日计，不是24小时标准化,V3-F0648,全量App行为,T0固定时点；提单/App<T0，放款/整笔结清≤T0；支付<T0，已确认整笔同秒结清订单的已知同秒支付可=T0；当前条件为T0已知值。来源可得时间仍待上线核验。,已入模,选定候选保留,0.8226350937535216,0.8808078854259854,0.7135862913096696,0.1928196662208193,1771.2480010986328,V2继承
app_all_1d_confirm_per_newpage,全部日期｜确认埋点次数对进页比,confirm/newpage,S04｜event_track_record（App埋点）；S01｜order_loan_f_v2_copy（整笔订单）,"近1个自然日：start=max(可观察起点,DATE(T0)-(1-1)日)，create_time<T0",次数比（非用户确认率）,float32,newpage==0为NaN；可能>1，不等于成功提单,behavior_features()；T0部分当天仍按1个可观察自然日计，不是24小时标准化,V3-F0649,全量App行为,T0固定时点；提单/App<T0，放款/整笔结清≤T0；支付<T0，已确认整笔同秒结清订单的已知同秒支付可=T0；当前条件为T0已知值。来源可得时间仍待上线核验。,已入模,选定候选保留,0.8226350937535216,0.8808078854259854,0.7135862913096696,0.1919944354880214,59.1752986907959,V2继承
app_all_1d_coupon_accept_share,全部日期｜券点击对点击加关闭比,coupon_confirm/(coupon_confirm+coupon_back),S04｜event_track_record（App埋点）；S01｜order_loan_f_v2_copy（整笔订单）,"近1个自然日：start=max(可观察起点,DATE(T0)-(1-1)日)，create_time<T0",比例,float32,分母==0为NaN,behavior_features()；T0部分当天仍按1个可观察自然日计，不是24小时标准化,V3-F0650,全量App行为,T0固定时点；提单/App<T0，放款/整笔结清≤T0；支付<T0，已确认整笔同秒结清订单的已知同秒支付可=T0；当前条件为T0已知值。来源可得时间仍待上线核验。,已入模,选定候选保留,0.9995443387767701,0.9994841912683252,0.999777456325804,0.0003104984980844,0.0,V2继承
app_all_3d_eligible_days,全部日期｜可观察且未排除日期数,"max(0,DATE(T0)-start+1-排除还款日数)",S04｜event_track_record（App埋点）；S01｜order_loan_f_v2_copy（整笔订单）,"近3个自然日：start=max(可观察起点,DATE(T0)-(3-1)日)，create_time<T0",自然日,float32,无日期为0,behavior_features()；T0部分当天仍按1个可观察自然日计，不是24小时标准化,V3-F0651,全量App行为,T0固定时点；提单/App<T0，放款/整笔结清≤T0；支付<T0，已确认整笔同秒结清订单的已知同秒支付可=T0；当前条件为T0已知值。来源可得时间仍待上线核验。,已入模,选定候选保留,0.0,0.0,0.0,0.0,0.0,V2继承
app_all_3d_empty_eligible,全部日期｜无可观察日期标记,INT(eligible_days==0),S04｜event_track_record（App埋点）；S01｜order_loan_f_v2_copy（整笔订单）,"近3个自然日：start=max(可观察起点,DATE(T0)-(3-1)日)，create_time<T0",0/1,float32,无日期为1,behavior_features()；T0部分当天仍按1个可观察自然日计，不是24小时标准化,V3-F0652,全量App行为,T0固定时点；提单/App<T0，放款/整笔结清≤T0；支付<T0，已确认整笔同秒结清订单的已知同秒支付可=T0；当前条件为T0已知值。来源可得时间仍待上线核验。,已入模,选定候选保留,0.0,0.0,0.0,0.0,0.0,V2继承
app_all_3d_active_days,全部日期｜有埋点的日期数,COUNT(窗口内event_count>0的日期),S04｜event_track_record（App埋点）；S01｜order_loan_f_v2_copy（整笔订单）,"近3个自然日：start=max(可观察起点,DATE(T0)-(3-1)日)，create_time<T0",自然日,float32,无活跃或无可观察日期为0,behavior_features()；T0部分当天仍按1个可观察自然日计，不是24小时标准化,V3-F0653,全量App行为,T0固定时点；提单/App<T0，放款/整笔结清≤T0；支付<T0，已确认整笔同秒结清订单的已知同秒支付可=T0；当前条件为T0已知值。来源可得时间仍待上线核验。,已入模,选定候选保留,0.0,0.0,0.0,0.0131828508468973,0.0,V2继承
app_all_3d_active_day_share,全部日期｜活跃日期占比,active_days/eligible_days,S04｜event_track_record（App埋点）；S01｜order_loan_f_v2_copy（整笔订单）,"近3个自然日：start=max(可观察起点,DATE(T0)-(3-1)日)，create_time<T0",比例,float32,eligible_days==0为NaN,behavior_features()；T0部分当天仍按1个可观察自然日计，不是24小时标准化,V3-F0654,全量App行为,T0固定时点；提单/App<T0，放款/整笔结清≤T0；支付<T0，已确认整笔同秒结清订单的已知同秒支付可=T0；当前条件为T0已知值。来源可得时间仍待上线核验。,已入模,选定候选保留,1.4698749136448488e-05,2.41785342972509e-05,0.0,0.0130144931987187,0.0,V2继承
app_all_3d_events,全部日期｜活跃埋点条数,COUNT(e.user_id)；按窗口允许日期累加,S04｜event_track_record（App埋点）,"近3个自然日：start=max(可观察起点,DATE(T0)-(3-1)日)，create_time<T0",条,float32,eligible_days==0为NaN；有可观察日期而无行为为0,behavior_features()；次数不是人数，时长不去除重叠,V3-F0655,全量App行为,T0固定时点；提单/App<T0，放款/整笔结清≤T0；支付<T0，已确认整笔同秒结清订单的已知同秒支付可=T0；当前条件为T0已知值。来源可得时间仍待上线核验。,已入模,选定候选保留,1.4698749136448488e-05,2.41785342972509e-05,0.0,0.0190406779073672,2987.1354122161865,V2继承
app_all_3d_newpage,全部日期｜进入提单页次数,"SUM(INT(e.event_type='page_view_in' AND e.props_id IN ('Loan_newpage','Loan_newpage_select')))；按窗口允许日期累加",S04｜event_track_record（App埋点）,"近3个自然日：start=max(可观察起点,DATE(T0)-(3-1)日)，create_time<T0",次,float32,eligible_days==0为NaN；有可观察日期而无行为为0,behavior_features()；次数不是人数，时长不去除重叠,V3-F0656,全量App行为,T0固定时点；提单/App<T0，放款/整笔结清≤T0；支付<T0，已确认整笔同秒结清订单的已知同秒支付可=T0；当前条件为T0已知值。来源可得时间仍待上线核验。,已入模,选定候选保留,1.4698749136448488e-05,2.41785342972509e-05,0.0,0.1212436128072122,37.87639999389648,V2继承
app_all_3d_amount,全部日期｜切换借款金额次数,"SUM(INT(e.props_id IN ('amount_modification','loan_form_loan_amount_selectionn_new','loan_form_loan_amount_selectionn_new_select')))；按窗口允许日期累加",S04｜event_track_record（App埋点）,"近3个自然日：start=max(可观察起点,DATE(T0)-(3-1)日)，create_time<T0",次,float32,eligible_days==0为NaN；有可观察日期而无行为为0,behavior_features()；次数不是人数，时长不去除重叠,V3-F0657,全量App行为,T0固定时点；提单/App<T0，放款/整笔结清≤T0；支付<T0，已确认整笔同秒结清订单的已知同秒支付可=T0；当前条件为T0已知值。来源可得时间仍待上线核验。,已入模,选定候选保留,1.4698749136448488e-05,2.41785342972509e-05,0.0,7.383499962586337e-05,0.0,V2继承
app_all_3d_contract,全部日期｜查看借款合同次数,"SUM(INT(e.props_id IN ('Loan_contract_newdetails','Loan_contract_newdetails_select')))；按窗口允许日期累加",S04｜event_track_record（App埋点）,"近3个自然日：start=max(可观察起点,DATE(T0)-(3-1)日)，create_time<T0",次,float32,eligible_days==0为NaN；有可观察日期而无行为为0,behavior_features()；次数不是人数，时长不去除重叠,V3-F0658,全量App行为,T0固定时点；提单/App<T0，放款/整笔结清≤T0；支付<T0，已确认整笔同秒结清订单的已知同秒支付可=T0；当前条件为T0已知值。来源可得时间仍待上线核验。,已入模,选定候选保留,1.4698749136448488e-05,2.41785342972509e-05,0.0,7.383499962586337e-05,0.0,V2继承
app_all_3d_term,全部日期｜切换借款期次次数,"SUM(INT(e.props_id IN ('loan_form_term_selection_new','loan_form_term_selection_new_select')))；按窗口允许日期累加",S04｜event_track_record（App埋点）,"近3个自然日：start=max(可观察起点,DATE(T0)-(3-1)日)，create_time<T0",次,float32,eligible_days==0为NaN；有可观察日期而无行为为0,behavior_features()；次数不是人数，时长不去除重叠,V3-F0659,全量App行为,T0固定时点；提单/App<T0，放款/整笔结清≤T0；支付<T0，已确认整笔同秒结清订单的已知同秒支付可=T0；当前条件为T0已知值。来源可得时间仍待上线核验。,已入模,选定候选保留,1.4698749136448488e-05,2.41785342972509e-05,0.0,7.383499962586337e-05,34.238200187683105,V2继承
app_all_3d_confirm,全部日期｜确认提单埋点次数,"SUM(INT(e.props_id IN ('Loan_newconfirm','Loan_newconfirm_select')))；按窗口允许日期累加",S04｜event_track_record（App埋点）,"近3个自然日：start=max(可观察起点,DATE(T0)-(3-1)日)，create_time<T0",次,float32,eligible_days==0为NaN；有可观察日期而无行为为0,behavior_features()；次数不是人数，时长不去除重叠,V3-F0660,全量App行为,T0固定时点；提单/App<T0，放款/整笔结清≤T0；支付<T0，已确认整笔同秒结清订单的已知同秒支付可=T0；当前条件为T0已知值。来源可得时间仍待上线核验。,已入模,选定候选保留,1.4698749136448488e-05,2.41785342972509e-05,0.0,7.383499962586337e-05,0.0,V2继承
app_all_3d_plan,全部日期｜查看还款计划次数,"SUM(INT(e.props_id IN ('Loan_plan_newdetails','Loan_plan_newdetails_select')))；按窗口允许日期累加",S04｜event_track_record（App埋点）,"近3个自然日：start=max(可观察起点,DATE(T0)-(3-1)日)，create_time<T0",次,float32,eligible_days==0为NaN；有可观察日期而无行为为0,behavior_features()；次数不是人数，时长不去除重叠,V3-F0661,全量App行为,T0固定时点；提单/App<T0，放款/整笔结清≤T0；支付<T0，已确认整笔同秒结清订单的已知同秒支付可=T0；当前条件为T0已知值。来源可得时间仍待上线核验。,已入模,选定候选保留,1.4698749136448488e-05,2.41785342972509e-05,0.0,7.383499962586337e-05,22.75830078125,V2继承
app_all_3d_purpose,全部日期｜选择借款用途次数,"SUM(INT(e.props_id IN ('Loan_purpose_newdetails','Loan_purpose_newdetails_select')))；按窗口允许日期累加",S04｜event_track_record（App埋点）,"近3个自然日：start=max(可观察起点,DATE(T0)-(3-1)日)，create_time<T0",次,float32,eligible_days==0为NaN；有可观察日期而无行为为0,behavior_features()；次数不是人数，时长不去除重叠,V3-F0662,全量App行为,T0固定时点；提单/App<T0，放款/整笔结清≤T0；支付<T0，已确认整笔同秒结清订单的已知同秒支付可=T0；当前条件为T0已知值。来源可得时间仍待上线核验。,已入模,选定候选保留,1.4698749136448488e-05,2.41785342972509e-05,0.0,7.383499962586337e-05,18.81180000305176,V2继承
app_all_3d_coupon_back,全部日期｜关闭优惠券拦截次数,"SUM(INT(e.props_id IN ('Order_coupons_back','Order_coupons_back_select')))；按窗口允许日期累加",S04｜event_track_record（App埋点）,"近3个自然日：start=max(可观察起点,DATE(T0)-(3-1)日)，create_time<T0",次,float32,eligible_days==0为NaN；有可观察日期而无行为为0,behavior_features()；次数不是人数，时长不去除重叠,V3-F0663,全量App行为,T0固定时点；提单/App<T0，放款/整笔结清≤T0；支付<T0，已确认整笔同秒结清订单的已知同秒支付可=T0；当前条件为T0已知值。来源可得时间仍待上线核验。,已入模,选定候选保留,1.4698749136448488e-05,2.41785342972509e-05,0.0,7.383499962586337e-05,0.0,V2继承
app_all_3d_coupon_confirm,全部日期｜点击优惠券拦截次数,"SUM(INT(e.props_id IN ('Order_coupons_confirm','Order_coupons_confirm_select')))；按窗口允许日期累加",S04｜event_track_record（App埋点）,"近3个自然日：start=max(可观察起点,DATE(T0)-(3-1)日)，create_time<T0",次,float32,eligible_days==0为NaN；有可观察日期而无行为为0,behavior_features()；次数不是人数，时长不去除重叠,V3-F0664,全量App行为,T0固定时点；提单/App<T0，放款/整笔结清≤T0；支付<T0，已确认整笔同秒结清订单的已知同秒支付可=T0；当前条件为T0已知值。来源可得时间仍待上线核验。,已入模,选定候选保留,1.4698749136448488e-05,2.41785342972509e-05,0.0,7.383499962586337e-05,0.0,V2继承
app_all_3d_coupon_page,全部日期｜进入优惠券挽留页次数,"SUM(INT(e.props_id IN ('Order_coupons_page','Order_coupons_page_select')))；按窗口允许日期累加",S04｜event_track_record（App埋点）,"近3个自然日：start=max(可观察起点,DATE(T0)-(3-1)日)，create_time<T0",次,float32,eligible_days==0为NaN；有可观察日期而无行为为0,behavior_features()；次数不是人数，时长不去除重叠,V3-F0665,全量App行为,T0固定时点；提单/App<T0，放款/整笔结清≤T0；支付<T0，已确认整笔同秒结清订单的已知同秒支付可=T0；当前条件为T0已知值。来源可得时间仍待上线核验。,已入模,选定候选保留,1.4698749136448488e-05,2.41785342972509e-05,0.0,7.383499962586337e-05,0.0,V2继承
app_all_3d_repayment_page,全部日期｜名称含repay的辅助页面次数,"SUM(INT(lower(COALESCE(e.props_id,'')||' '||COALESCE(e.page_name,'')) LIKE '%repay%'))；按窗口允许日期累加",S04｜event_track_record（App埋点）,"近3个自然日：start=max(可观察起点,DATE(T0)-(3-1)日)，create_time<T0",次,float32,eligible_days==0为NaN；有可观察日期而无行为为0,behavior_features()；次数不是人数，时长不去除重叠,V3-F0666,全量App行为,T0固定时点；提单/App<T0，放款/整笔结清≤T0；支付<T0，已确认整笔同秒结清订单的已知同秒支付可=T0；当前条件为T0已知值。来源可得时间仍待上线核验。,已入模,选定候选保留,1.4698749136448488e-05,2.41785342972509e-05,0.0,7.383499962586337e-05,19.847000122070312,V2继承
app_all_3d_duration,全部日期｜已结束页面累计停留,"SUM(min((event_end_time-event_start_time)/1000,3600))；仅page_view_out、end≥start且end≤截断时刻；按窗口允许日期累加",S04｜event_track_record（App埋点）,"近3个自然日：start=max(可观察起点,DATE(T0)-(3-1)日)，create_time<T0",秒,float32,eligible_days==0为NaN；有可观察日期而无行为为0,behavior_features()；次数不是人数，时长不去除重叠,V3-F0667,全量App行为,T0固定时点；提单/App<T0，放款/整笔结清≤T0；支付<T0，已确认整笔同秒结清订单的已知同秒支付可=T0；当前条件为T0已知值。来源可得时间仍待上线核验。,已入模,选定候选保留,1.4698749136448488e-05,2.41785342972509e-05,0.0,0.0118365667051169,696.4300937652588,V2继承
app_all_3d_apply_duration,全部日期｜已结束提单页累计停留,与duration相同，另限定props_id为Loan_newpage/Loan_newpage_select；按窗口允许日期累加,S04｜event_track_record（App埋点）,"近3个自然日：start=max(可观察起点,DATE(T0)-(3-1)日)，create_time<T0",秒,float32,eligible_days==0为NaN；有可观察日期而无行为为0,behavior_features()；次数不是人数，时长不去除重叠,V3-F0668,全量App行为,T0固定时点；提单/App<T0，放款/整笔结清≤T0；支付<T0，已确认整笔同秒结清订单的已知同秒支付可=T0；当前条件为T0已知值。来源可得时间仍待上线核验。,已入模,选定候选保留,1.4698749136448488e-05,2.41785342972509e-05,0.0,0.0436466248030712,204.6289014816284,V2继承
app_all_3d_non_apply_duration,全部日期｜非提单页累计停留,duration-apply_duration,S04｜event_track_record（App埋点）；S01｜order_loan_f_v2_copy（整笔订单）,"近3个自然日：start=max(可观察起点,DATE(T0)-(3-1)日)，create_time<T0",秒,float32,eligible_days==0为NaN，否则无行为为0,behavior_features()；T0部分当天仍按1个可观察自然日计，不是24小时标准化,V3-F0669,全量App行为,T0固定时点；提单/App<T0，放款/整笔结清≤T0；支付<T0，已确认整笔同秒结清订单的已知同秒支付可=T0；当前条件为T0已知值。来源可得时间仍待上线核验。,已入模,选定候选保留,1.4698749136448488e-05,2.41785342972509e-05,0.0,0.0051674467498669,1289.757290840149,V2继承
app_all_3d_events_per_eligible_day,全部日期｜每可观察日活跃频次,events/eligible_days,S04｜event_track_record（App埋点）；S01｜order_loan_f_v2_copy（整笔订单）,"近3个自然日：start=max(可观察起点,DATE(T0)-(3-1)日)，create_time<T0",条/自然日,float32,eligible_days==0为NaN,behavior_features()；T0部分当天仍按1个可观察自然日计，不是24小时标准化,V3-F0670,全量App行为,T0固定时点；提单/App<T0，放款/整笔结清≤T0；支付<T0，已确认整笔同秒结清订单的已知同秒支付可=T0；当前条件为T0已知值。来源可得时间仍待上线核验。,已入模,选定候选保留,1.4698749136448488e-05,2.41785342972509e-05,0.0,0.0190406779073672,88.76840209960938,V2继承
app_all_3d_duration_per_active_day,全部日期｜每活跃日累计页面停留,duration/active_days,S04｜event_track_record（App埋点）；S01｜order_loan_f_v2_copy（整笔订单）,"近3个自然日：start=max(可观察起点,DATE(T0)-(3-1)日)，create_time<T0",秒/活跃日,float32,active_days==0为NaN,behavior_features()；T0部分当天仍按1个可观察自然日计，不是24小时标准化,V3-F0671,全量App行为,T0固定时点；提单/App<T0，放款/整笔结清≤T0；支付<T0，已确认整笔同秒结清订单的已知同秒支付可=T0；当前条件为T0已知值。来源可得时间仍待上线核验。,已入模,选定候选保留,0.08287154763129657,0.0920476800696341,0.0684321798152887,0.011147755817006,655.5972051620483,V2继承
app_all_3d_apply_duration_share,全部日期｜提单页停留占比,apply_duration/duration,S04｜event_track_record（App埋点）；S01｜order_loan_f_v2_copy（整笔订单）,"近3个自然日：start=max(可观察起点,DATE(T0)-(3-1)日)，create_time<T0",比例,float32,duration==0为NaN,behavior_features()；T0部分当天仍按1个可观察自然日计，不是24小时标准化,V3-F0672,全量App行为,T0固定时点；提单/App<T0，放款/整笔结清≤T0；支付<T0，已确认整笔同秒结清订单的已知同秒支付可=T0；当前条件为T0已知值。来源可得时间仍待上线核验。,已入模,选定候选保留,0.09842282421765908,0.1090371301691691,0.0822298876154445,0.1425264674897226,869.572304725647,V2继承
app_all_3d_amount_per_newpage,全部日期｜切换金额次数对进页比,amount/newpage,S04｜event_track_record（App埋点）；S01｜order_loan_f_v2_copy（整笔订单）,"近3个自然日：start=max(可观察起点,DATE(T0)-(3-1)日)，create_time<T0",次数比,float32,newpage==0为NaN；可能>1,behavior_features()；T0部分当天仍按1个可观察自然日计，不是24小时标准化,V3-F0673,全量App行为,T0固定时点；提单/App<T0，放款/整笔结清≤T0；支付<T0，已确认整笔同秒结清订单的已知同秒支付可=T0；当前条件为T0已知值。来源可得时间仍待上线核验。,已入模,选定候选保留,0.7933061896432614,0.8451929044061349,0.696895515744965,0.139106201101794,1566.5055074691772,V2继承
app_all_3d_plan_per_newpage,全部日期｜查看计划次数对进页比,plan/newpage,S04｜event_track_record（App埋点）；S01｜order_loan_f_v2_copy（整笔订单）,"近3个自然日：start=max(可观察起点,DATE(T0)-(3-1)日)，create_time<T0",次数比,float32,newpage==0为NaN；可能>1,behavior_features()；T0部分当天仍按1个可观察自然日计，不是24小时标准化,V3-F0674,全量App行为,T0固定时点；提单/App<T0，放款/整笔结清≤T0；支付<T0，已确认整笔同秒结清订单的已知同秒支付可=T0；当前条件为T0已知值。来源可得时间仍待上线核验。,已入模,选定候选保留,0.7933061896432614,0.8451929044061349,0.696895515744965,0.1441894391584376,3362.3482942581177,V2继承
app_all_3d_confirm_per_newpage,全部日期｜确认埋点次数对进页比,confirm/newpage,S04｜event_track_record（App埋点）；S01｜order_loan_f_v2_copy（整笔订单）,"近3个自然日：start=max(可观察起点,DATE(T0)-(3-1)日)，create_time<T0",次数比（非用户确认率）,float32,newpage==0为NaN；可能>1，不等于成功提单,behavior_features()；T0部分当天仍按1个可观察自然日计，不是24小时标准化,V3-F0675,全量App行为,T0固定时点；提单/App<T0，放款/整笔结清≤T0；支付<T0，已确认整笔同秒结清订单的已知同秒支付可=T0；当前条件为T0已知值。来源可得时间仍待上线核验。,已入模,选定候选保留,0.7933061896432614,0.8451929044061349,0.696895515744965,0.157175111023554,1803.855905532837,V2继承
app_all_3d_coupon_accept_share,全部日期｜券点击对点击加关闭比,coupon_confirm/(coupon_confirm+coupon_back),S04｜event_track_record（App埋点）；S01｜order_loan_f_v2_copy（整笔订单）,"近3个自然日：start=max(可观察起点,DATE(T0)-(3-1)日)，create_time<T0",比例,float32,分母==0为NaN,behavior_features()；T0部分当天仍按1个可观察自然日计，不是24小时标准化,V3-F0676,全量App行为,T0固定时点；提单/App<T0，放款/整笔结清≤T0；支付<T0，已确认整笔同秒结清订单的已知同秒支付可=T0；当前条件为T0已知值。来源可得时间仍待上线核验。,已入模,选定候选保留,0.9976384009720772,0.9971952900215189,0.9987760097919216,0.0013140647549276,0.0,V2继承
app_all_7d_eligible_days,全部日期｜可观察且未排除日期数,"max(0,DATE(T0)-start+1-排除还款日数)",S04｜event_track_record（App埋点）；S01｜order_loan_f_v2_copy（整笔订单）,"近7个自然日：start=max(可观察起点,DATE(T0)-(7-1)日)，create_time<T0",自然日,float32,无日期为0,behavior_features()；T0部分当天仍按1个可观察自然日计，不是24小时标准化,V3-F0677,全量App行为,T0固定时点；提单/App<T0，放款/整笔结清≤T0；支付<T0，已确认整笔同秒结清订单的已知同秒支付可=T0；当前条件为T0已知值。来源可得时间仍待上线核验。,已入模,选定候选保留,0.0,0.0,0.0,0.0,0.0,V2继承
app_all_7d_empty_eligible,全部日期｜无可观察日期标记,INT(eligible_days==0),S04｜event_track_record（App埋点）；S01｜order_loan_f_v2_copy（整笔订单）,"近7个自然日：start=max(可观察起点,DATE(T0)-(7-1)日)，create_time<T0",0/1,float32,无日期为1,behavior_features()；T0部分当天仍按1个可观察自然日计，不是24小时标准化,V3-F0678,全量App行为,T0固定时点；提单/App<T0，放款/整笔结清≤T0；支付<T0，已确认整笔同秒结清订单的已知同秒支付可=T0；当前条件为T0已知值。来源可得时间仍待上线核验。,已入模,选定候选保留,0.0,0.0,0.0,0.0,0.0,V2继承
app_all_7d_active_days,全部日期｜有埋点的日期数,COUNT(窗口内event_count>0的日期),S04｜event_track_record（App埋点）；S01｜order_loan_f_v2_copy（整笔订单）,"近7个自然日：start=max(可观察起点,DATE(T0)-(7-1)日)，create_time<T0",自然日,float32,无活跃或无可观察日期为0,behavior_features()；T0部分当天仍按1个可观察自然日计，不是24小时标准化,V3-F0679,全量App行为,T0固定时点；提单/App<T0，放款/整笔结清≤T0；支付<T0，已确认整笔同秒结清订单的已知同秒支付可=T0；当前条件为T0已知值。来源可得时间仍待上线核验。,已入模,选定候选保留,0.0,0.0,0.0,0.0121878507260049,127.09830093383788,V2继承
app_all_7d_active_day_share,全部日期｜活跃日期占比,active_days/eligible_days,S04｜event_track_record（App埋点）；S01｜order_loan_f_v2_copy（整笔订单）,"近7个自然日：start=max(可观察起点,DATE(T0)-(7-1)日)，create_time<T0",比例,float32,eligible_days==0为NaN,behavior_features()；T0部分当天仍按1个可观察自然日计，不是24小时标准化,V3-F0680,全量App行为,T0固定时点；提单/App<T0，放款/整笔结清≤T0；支付<T0，已确认整笔同秒结清订单的已知同秒支付可=T0；当前条件为T0已知值。来源可得时间仍待上线核验。,已入模,选定候选保留,1.4698749136448488e-05,2.41785342972509e-05,0.0,0.0091117182950232,408.0669994354248,V2继承
app_all_7d_events,全部日期｜活跃埋点条数,COUNT(e.user_id)；按窗口允许日期累加,S04｜event_track_record（App埋点）,"近7个自然日：start=max(可观察起点,DATE(T0)-(7-1)日)，create_time<T0",条,float32,eligible_days==0为NaN；有可观察日期而无行为为0,behavior_features()；次数不是人数，时长不去除重叠,V3-F0681,全量App行为,T0固定时点；提单/App<T0，放款/整笔结清≤T0；支付<T0，已确认整笔同秒结清订单的已知同秒支付可=T0；当前条件为T0已知值。来源可得时间仍待上线核验。,已入模,选定候选保留,1.4698749136448488e-05,2.41785342972509e-05,0.0,0.00286223319763,3718.270358085632,V2继承
app_all_7d_newpage,全部日期｜进入提单页次数,"SUM(INT(e.event_type='page_view_in' AND e.props_id IN ('Loan_newpage','Loan_newpage_select')))；按窗口允许日期累加",S04｜event_track_record（App埋点）,"近7个自然日：start=max(可观察起点,DATE(T0)-(7-1)日)，create_time<T0",次,float32,eligible_days==0为NaN；有可观察日期而无行为为0,behavior_features()；次数不是人数，时长不去除重叠,V3-F0682,全量App行为,T0固定时点；提单/App<T0，放款/整笔结清≤T0；支付<T0，已确认整笔同秒结清订单的已知同秒支付可=T0；当前条件为T0已知值。来源可得时间仍待上线核验。,已入模,选定候选保留,1.4698749136448488e-05,2.41785342972509e-05,0.0,0.0560791206476968,32.51949977874756,V2继承
app_all_7d_amount,全部日期｜切换借款金额次数,"SUM(INT(e.props_id IN ('amount_modification','loan_form_loan_amount_selectionn_new','loan_form_loan_amount_selectionn_new_select')))；按窗口允许日期累加",S04｜event_track_record（App埋点）,"近7个自然日：start=max(可观察起点,DATE(T0)-(7-1)日)，create_time<T0",次,float32,eligible_days==0为NaN；有可观察日期而无行为为0,behavior_features()；次数不是人数，时长不去除重叠,V3-F0683,全量App行为,T0固定时点；提单/App<T0，放款/整笔结清≤T0；支付<T0，已确认整笔同秒结清订单的已知同秒支付可=T0；当前条件为T0已知值。来源可得时间仍待上线核验。,已入模,选定候选保留,1.4698749136448488e-05,2.41785342972509e-05,0.0,0.0236513315212367,0.0,V2继承
app_all_7d_contract,全部日期｜查看借款合同次数,"SUM(INT(e.props_id IN ('Loan_contract_newdetails','Loan_contract_newdetails_select')))；按窗口允许日期累加",S04｜event_track_record（App埋点）,"近7个自然日：start=max(可观察起点,DATE(T0)-(7-1)日)，create_time<T0",次,float32,eligible_days==0为NaN；有可观察日期而无行为为0,behavior_features()；次数不是人数，时长不去除重叠,V3-F0684,全量App行为,T0固定时点；提单/App<T0，放款/整笔结清≤T0；支付<T0，已确认整笔同秒结清订单的已知同秒支付可=T0；当前条件为T0已知值。来源可得时间仍待上线核验。,已入模,选定候选保留,1.4698749136448488e-05,2.41785342972509e-05,0.0,7.383499962586337e-05,0.0,V2继承
app_all_7d_term,全部日期｜切换借款期次次数,"SUM(INT(e.props_id IN ('loan_form_term_selection_new','loan_form_term_selection_new_select')))；按窗口允许日期累加",S04｜event_track_record（App埋点）,"近7个自然日：start=max(可观察起点,DATE(T0)-(7-1)日)，create_time<T0",次,float32,eligible_days==0为NaN；有可观察日期而无行为为0,behavior_features()；次数不是人数，时长不去除重叠,V3-F0685,全量App行为,T0固定时点；提单/App<T0，放款/整笔结清≤T0；支付<T0，已确认整笔同秒结清订单的已知同秒支付可=T0；当前条件为T0已知值。来源可得时间仍待上线核验。,已入模,选定候选保留,1.4698749136448488e-05,2.41785342972509e-05,0.0,0.0001274178180153,0.0,V2继承
app_all_7d_confirm,全部日期｜确认提单埋点次数,"SUM(INT(e.props_id IN ('Loan_newconfirm','Loan_newconfirm_select')))；按窗口允许日期累加",S04｜event_track_record（App埋点）,"近7个自然日：start=max(可观察起点,DATE(T0)-(7-1)日)，create_time<T0",次,float32,eligible_days==0为NaN；有可观察日期而无行为为0,behavior_features()；次数不是人数，时长不去除重叠,V3-F0686,全量App行为,T0固定时点；提单/App<T0，放款/整笔结清≤T0；支付<T0，已确认整笔同秒结清订单的已知同秒支付可=T0；当前条件为T0已知值。来源可得时间仍待上线核验。,已入模,选定候选保留,1.4698749136448488e-05,2.41785342972509e-05,0.0,0.0380266730382388,0.0,V2继承
app_all_7d_plan,全部日期｜查看还款计划次数,"SUM(INT(e.props_id IN ('Loan_plan_newdetails','Loan_plan_newdetails_select')))；按窗口允许日期累加",S04｜event_track_record（App埋点）,"近7个自然日：start=max(可观察起点,DATE(T0)-(7-1)日)，create_time<T0",次,float32,eligible_days==0为NaN；有可观察日期而无行为为0,behavior_features()；次数不是人数，时长不去除重叠,V3-F0687,全量App行为,T0固定时点；提单/App<T0，放款/整笔结清≤T0；支付<T0，已确认整笔同秒结清订单的已知同秒支付可=T0；当前条件为T0已知值。来源可得时间仍待上线核验。,已入模,选定候选保留,1.4698749136448488e-05,2.41785342972509e-05,0.0,0.008467169727122,73.08120155334473,V2继承
app_all_7d_purpose,全部日期｜选择借款用途次数,"SUM(INT(e.props_id IN ('Loan_purpose_newdetails','Loan_purpose_newdetails_select')))；按窗口允许日期累加",S04｜event_track_record（App埋点）,"近7个自然日：start=max(可观察起点,DATE(T0)-(7-1)日)，create_time<T0",次,float32,eligible_days==0为NaN；有可观察日期而无行为为0,behavior_features()；次数不是人数，时长不去除重叠,V3-F0688,全量App行为,T0固定时点；提单/App<T0，放款/整笔结清≤T0；支付<T0，已确认整笔同秒结清订单的已知同秒支付可=T0；当前条件为T0已知值。来源可得时间仍待上线核验。,已入模,选定候选保留,1.4698749136448488e-05,2.41785342972509e-05,0.0,0.0007434458351812,50.132699966430664,V2继承
app_all_7d_coupon_back,全部日期｜关闭优惠券拦截次数,"SUM(INT(e.props_id IN ('Order_coupons_back','Order_coupons_back_select')))；按窗口允许日期累加",S04｜event_track_record（App埋点）,"近7个自然日：start=max(可观察起点,DATE(T0)-(7-1)日)，create_time<T0",次,float32,eligible_days==0为NaN；有可观察日期而无行为为0,behavior_features()；次数不是人数，时长不去除重叠,V3-F0689,全量App行为,T0固定时点；提单/App<T0，放款/整笔结清≤T0；支付<T0，已确认整笔同秒结清订单的已知同秒支付可=T0；当前条件为T0已知值。来源可得时间仍待上线核验。,已入模,选定候选保留,1.4698749136448488e-05,2.41785342972509e-05,0.0,7.383499962586337e-05,0.0,V2继承
app_all_7d_coupon_confirm,全部日期｜点击优惠券拦截次数,"SUM(INT(e.props_id IN ('Order_coupons_confirm','Order_coupons_confirm_select')))；按窗口允许日期累加",S04｜event_track_record（App埋点）,"近7个自然日：start=max(可观察起点,DATE(T0)-(7-1)日)，create_time<T0",次,float32,eligible_days==0为NaN；有可观察日期而无行为为0,behavior_features()；次数不是人数，时长不去除重叠,V3-F0690,全量App行为,T0固定时点；提单/App<T0，放款/整笔结清≤T0；支付<T0，已确认整笔同秒结清订单的已知同秒支付可=T0；当前条件为T0已知值。来源可得时间仍待上线核验。,已入模,选定候选保留,1.4698749136448488e-05,2.41785342972509e-05,0.0,7.383499962586337e-05,0.0,V2继承
app_all_7d_coupon_page,全部日期｜进入优惠券挽留页次数,"SUM(INT(e.props_id IN ('Order_coupons_page','Order_coupons_page_select')))；按窗口允许日期累加",S04｜event_track_record（App埋点）,"近7个自然日：start=max(可观察起点,DATE(T0)-(7-1)日)，create_time<T0",次,float32,eligible_days==0为NaN；有可观察日期而无行为为0,behavior_features()；次数不是人数，时长不去除重叠,V3-F0691,全量App行为,T0固定时点；提单/App<T0，放款/整笔结清≤T0；支付<T0，已确认整笔同秒结清订单的已知同秒支付可=T0；当前条件为T0已知值。来源可得时间仍待上线核验。,已入模,选定候选保留,1.4698749136448488e-05,2.41785342972509e-05,0.0,7.383499962586337e-05,0.0,V2继承
app_all_7d_repayment_page,全部日期｜名称含repay的辅助页面次数,"SUM(INT(lower(COALESCE(e.props_id,'')||' '||COALESCE(e.page_name,'')) LIKE '%repay%'))；按窗口允许日期累加",S04｜event_track_record（App埋点）,"近7个自然日：start=max(可观察起点,DATE(T0)-(7-1)日)，create_time<T0",次,float32,eligible_days==0为NaN；有可观察日期而无行为为0,behavior_features()；次数不是人数，时长不去除重叠,V3-F0692,全量App行为,T0固定时点；提单/App<T0，放款/整笔结清≤T0；支付<T0，已确认整笔同秒结清订单的已知同秒支付可=T0；当前条件为T0已知值。来源可得时间仍待上线核验。,已入模,选定候选保留,1.4698749136448488e-05,2.41785342972509e-05,0.0,0.0031152866107612,13.462200164794922,V2继承
app_all_7d_duration,全部日期｜已结束页面累计停留,"SUM(min((event_end_time-event_start_time)/1000,3600))；仅page_view_out、end≥start且end≤截断时刻；按窗口允许日期累加",S04｜event_track_record（App埋点）,"近7个自然日：start=max(可观察起点,DATE(T0)-(7-1)日)，create_time<T0",秒,float32,eligible_days==0为NaN；有可观察日期而无行为为0,behavior_features()；次数不是人数，时长不去除重叠,V3-F0693,全量App行为,T0固定时点；提单/App<T0，放款/整笔结清≤T0；支付<T0，已确认整笔同秒结清订单的已知同秒支付可=T0；当前条件为T0已知值。来源可得时间仍待上线核验。,已入模,选定候选保留,1.4698749136448488e-05,2.41785342972509e-05,0.0,0.0037050899240231,98.07319927215576,V2继承
app_all_7d_apply_duration,全部日期｜已结束提单页累计停留,与duration相同，另限定props_id为Loan_newpage/Loan_newpage_select；按窗口允许日期累加,S04｜event_track_record（App埋点）,"近7个自然日：start=max(可观察起点,DATE(T0)-(7-1)日)，create_time<T0",秒,float32,eligible_days==0为NaN；有可观察日期而无行为为0,behavior_features()；次数不是人数，时长不去除重叠,V3-F0694,全量App行为,T0固定时点；提单/App<T0，放款/整笔结清≤T0；支付<T0，已确认整笔同秒结清订单的已知同秒支付可=T0；当前条件为T0已知值。来源可得时间仍待上线核验。,已入模,选定候选保留,1.4698749136448488e-05,2.41785342972509e-05,0.0,0.0105322951660698,137.64640045166016,V2继承
app_all_7d_non_apply_duration,全部日期｜非提单页累计停留,duration-apply_duration,S04｜event_track_record（App埋点）；S01｜order_loan_f_v2_copy（整笔订单）,"近7个自然日：start=max(可观察起点,DATE(T0)-(7-1)日)，create_time<T0",秒,float32,eligible_days==0为NaN，否则无行为为0,behavior_features()；T0部分当天仍按1个可观察自然日计，不是24小时标准化,V3-F0695,全量App行为,T0固定时点；提单/App<T0，放款/整笔结清≤T0；支付<T0，已确认整笔同秒结清订单的已知同秒支付可=T0；当前条件为T0已知值。来源可得时间仍待上线核验。,已入模,选定候选保留,1.4698749136448488e-05,2.41785342972509e-05,0.0,0.0186818896151912,761.9256181716919,V2继承
app_all_7d_events_per_eligible_day,全部日期｜每可观察日活跃频次,events/eligible_days,S04｜event_track_record（App埋点）；S01｜order_loan_f_v2_copy（整笔订单）,"近7个自然日：start=max(可观察起点,DATE(T0)-(7-1)日)，create_time<T0",条/自然日,float32,eligible_days==0为NaN,behavior_features()；T0部分当天仍按1个可观察自然日计，不是24小时标准化,V3-F0696,全量App行为,T0固定时点；提单/App<T0，放款/整笔结清≤T0；支付<T0，已确认整笔同秒结清订单的已知同秒支付可=T0；当前条件为T0已知值。来源可得时间仍待上线核验。,已入模,选定候选保留,1.4698749136448488e-05,2.41785342972509e-05,0.0,0.0039672177768565,331.6751022338867,V2继承
app_all_7d_duration_per_active_day,全部日期｜每活跃日累计页面停留,duration/active_days,S04｜event_track_record（App埋点）；S01｜order_loan_f_v2_copy（整笔订单）,"近7个自然日：start=max(可观察起点,DATE(T0)-(7-1)日)，create_time<T0",秒/活跃日,float32,active_days==0为NaN,behavior_features()；T0部分当天仍按1个可观察自然日计，不是24小时标准化,V3-F0697,全量App行为,T0固定时点；提单/App<T0，放款/整笔结清≤T0；支付<T0，已确认整笔同秒结清订单的已知同秒支付可=T0；当前条件为T0已知值。来源可得时间仍待上线核验。,已入模,选定候选保留,0.029534686598170497,0.0336645792532056,0.025815066206743,0.0094600941905161,135.58469772338867,V2继承
app_all_7d_apply_duration_share,全部日期｜提单页停留占比,apply_duration/duration,S04｜event_track_record（App埋点）；S01｜order_loan_f_v2_copy（整笔订单）,"近7个自然日：start=max(可观察起点,DATE(T0)-(7-1)日)，create_time<T0",比例,float32,duration==0为NaN,behavior_features()；T0部分当天仍按1个可观察自然日计，不是24小时标准化,V3-F0698,全量App行为,T0固定时点；提单/App<T0，放款/整笔结清≤T0；支付<T0，已确认整笔同秒结清订单的已知同秒支付可=T0；当前条件为T0已知值。来源可得时间仍待上线核验。,已入模,选定候选保留,0.036737073675030256,0.0417240906856226,0.0326026482697229,0.0983447401978206,3609.3106927871704,V2继承
app_all_7d_amount_per_newpage,全部日期｜切换金额次数对进页比,amount/newpage,S04｜event_track_record（App埋点）；S01｜order_loan_f_v2_copy（整笔订单）,"近7个自然日：start=max(可观察起点,DATE(T0)-(7-1)日)，create_time<T0",次数比,float32,newpage==0为NaN；可能>1,behavior_features()；T0部分当天仍按1个可观察自然日计，不是24小时标准化,V3-F0699,全量App行为,T0固定时点；提单/App<T0，放款/整笔结清≤T0；支付<T0，已确认整笔同秒结清订单的已知同秒支付可=T0；当前条件为T0已知值。来源可得时间仍待上线核验。,已入模,选定候选保留,0.5284347302044596,0.5535353046898297,0.4979414710136864,0.0245861876521078,111.31919956207275,V2继承
app_all_7d_plan_per_newpage,全部日期｜查看计划次数对进页比,plan/newpage,S04｜event_track_record（App埋点）；S01｜order_loan_f_v2_copy（整笔订单）,"近7个自然日：start=max(可观察起点,DATE(T0)-(7-1)日)，create_time<T0",次数比,float32,newpage==0为NaN；可能>1,behavior_features()；T0部分当天仍按1个可观察自然日计，不是24小时标准化,V3-F0700,全量App行为,T0固定时点；提单/App<T0，放款/整笔结清≤T0；支付<T0，已确认整笔同秒结清订单的已知同秒支付可=T0；当前条件为T0已知值。来源可得时间仍待上线核验。,已入模,选定候选保留,0.5284347302044596,0.5535353046898297,0.4979414710136864,0.0161897827406285,279.91150283813477,V2继承
app_all_7d_confirm_per_newpage,全部日期｜确认埋点次数对进页比,confirm/newpage,S04｜event_track_record（App埋点）；S01｜order_loan_f_v2_copy（整笔订单）,"近7个自然日：start=max(可观察起点,DATE(T0)-(7-1)日)，create_time<T0",次数比（非用户确认率）,float32,newpage==0为NaN；可能>1，不等于成功提单,behavior_features()；T0部分当天仍按1个可观察自然日计，不是24小时标准化,V3-F0701,全量App行为,T0固定时点；提单/App<T0，放款/整笔结清≤T0；支付<T0，已确认整笔同秒结清订单的已知同秒支付可=T0；当前条件为T0已知值。来源可得时间仍待上线核验。,已入模,选定候选保留,0.5284347302044596,0.5535353046898297,0.4979414710136864,0.1664766998241569,4012.6341972351074,V2继承
app_all_7d_coupon_accept_share,全部日期｜券点击对点击加关闭比,coupon_confirm/(coupon_confirm+coupon_back),S04｜event_track_record（App埋点）；S01｜order_loan_f_v2_copy（整笔订单）,"近7个自然日：start=max(可观察起点,DATE(T0)-(7-1)日)，create_time<T0",比例,float32,分母==0为NaN,behavior_features()；T0部分当天仍按1个可观察自然日计，不是24小时标准化,V3-F0702,全量App行为,T0固定时点；提单/App<T0，放款/整笔结清≤T0；支付<T0，已确认整笔同秒结清订单的已知同秒支付可=T0；当前条件为T0已知值。来源可得时间仍待上线核验。,已入模,选定候选保留,0.9725672345283416,0.9705505452259484,0.978635807277178,0.0027499766337254,17.819900512695312,V2继承
app_all_14d_eligible_days,全部日期｜可观察且未排除日期数,"max(0,DATE(T0)-start+1-排除还款日数)",S04｜event_track_record（App埋点）；S01｜order_loan_f_v2_copy（整笔订单）,"近14个自然日：start=max(可观察起点,DATE(T0)-(14-1)日)，create_time<T0",自然日,float32,无日期为0,behavior_features()；T0部分当天仍按1个可观察自然日计，不是24小时标准化,V3-F0703,全量App行为,T0固定时点；提单/App<T0，放款/整笔结清≤T0；支付<T0，已确认整笔同秒结清订单的已知同秒支付可=T0；当前条件为T0已知值。来源可得时间仍待上线核验。,已入模,选定候选保留,0.0,0.0,0.0,0.0126474973395134,0.0,V2继承
app_all_14d_empty_eligible,全部日期｜无可观察日期标记,INT(eligible_days==0),S04｜event_track_record（App埋点）；S01｜order_loan_f_v2_copy（整笔订单）,"近14个自然日：start=max(可观察起点,DATE(T0)-(14-1)日)，create_time<T0",0/1,float32,无日期为1,behavior_features()；T0部分当天仍按1个可观察自然日计，不是24小时标准化,V3-F0704,全量App行为,T0固定时点；提单/App<T0，放款/整笔结清≤T0；支付<T0，已确认整笔同秒结清订单的已知同秒支付可=T0；当前条件为T0已知值。来源可得时间仍待上线核验。,已入模,选定候选保留,0.0,0.0,0.0,0.0,0.0,V2继承
app_all_14d_active_days,全部日期｜有埋点的日期数,COUNT(窗口内event_count>0的日期),S04｜event_track_record（App埋点）；S01｜order_loan_f_v2_copy（整笔订单）,"近14个自然日：start=max(可观察起点,DATE(T0)-(14-1)日)，create_time<T0",自然日,float32,无活跃或无可观察日期为0,behavior_features()；T0部分当天仍按1个可观察自然日计，不是24小时标准化,V3-F0705,全量App行为,T0固定时点；提单/App<T0，放款/整笔结清≤T0；支付<T0，已确认整笔同秒结清订单的已知同秒支付可=T0；当前条件为T0已知值。来源可得时间仍待上线核验。,已入模,选定候选保留,0.0,0.0,0.0,0.0192063574631232,624.7717971801758,V2继承
app_all_14d_active_day_share,全部日期｜活跃日期占比,active_days/eligible_days,S04｜event_track_record（App埋点）；S01｜order_loan_f_v2_copy（整笔订单）,"近14个自然日：start=max(可观察起点,DATE(T0)-(14-1)日)，create_time<T0",比例,float32,eligible_days==0为NaN,behavior_features()；T0部分当天仍按1个可观察自然日计，不是24小时标准化,V3-F0706,全量App行为,T0固定时点；提单/App<T0，放款/整笔结清≤T0；支付<T0，已确认整笔同秒结清订单的已知同秒支付可=T0；当前条件为T0已知值。来源可得时间仍待上线核验。,已入模,选定候选保留,1.4698749136448488e-05,2.41785342972509e-05,0.0,0.0058948647754726,452.8486022949219,V2继承
app_all_14d_events,全部日期｜活跃埋点条数,COUNT(e.user_id)；按窗口允许日期累加,S04｜event_track_record（App埋点）,"近14个自然日：start=max(可观察起点,DATE(T0)-(14-1)日)，create_time<T0",条,float32,eligible_days==0为NaN；有可观察日期而无行为为0,behavior_features()；次数不是人数，时长不去除重叠,V3-F0707,全量App行为,T0固定时点；提单/App<T0，放款/整笔结清≤T0；支付<T0，已确认整笔同秒结清订单的已知同秒支付可=T0；当前条件为T0已知值。来源可得时间仍待上线核验。,已入模,选定候选保留,1.4698749136448488e-05,2.41785342972509e-05,0.0,0.0135587668808836,2121.8900032043457,V2继承
app_all_14d_newpage,全部日期｜进入提单页次数,"SUM(INT(e.event_type='page_view_in' AND e.props_id IN ('Loan_newpage','Loan_newpage_select')))；按窗口允许日期累加",S04｜event_track_record（App埋点）,"近14个自然日：start=max(可观察起点,DATE(T0)-(14-1)日)，create_time<T0",次,float32,eligible_days==0为NaN；有可观察日期而无行为为0,behavior_features()；次数不是人数，时长不去除重叠,V3-F0708,全量App行为,T0固定时点；提单/App<T0，放款/整笔结清≤T0；支付<T0，已确认整笔同秒结清订单的已知同秒支付可=T0；当前条件为T0已知值。来源可得时间仍待上线核验。,已入模,选定候选保留,1.4698749136448488e-05,2.41785342972509e-05,0.0,0.0973858739360837,0.0,V2继承
app_all_14d_amount,全部日期｜切换借款金额次数,"SUM(INT(e.props_id IN ('amount_modification','loan_form_loan_amount_selectionn_new','loan_form_loan_amount_selectionn_new_select')))；按窗口允许日期累加",S04｜event_track_record（App埋点）,"近14个自然日：start=max(可观察起点,DATE(T0)-(14-1)日)，create_time<T0",次,float32,eligible_days==0为NaN；有可观察日期而无行为为0,behavior_features()；次数不是人数，时长不去除重叠,V3-F0709,全量App行为,T0固定时点；提单/App<T0，放款/整笔结清≤T0；支付<T0，已确认整笔同秒结清订单的已知同秒支付可=T0；当前条件为T0已知值。来源可得时间仍待上线核验。,已入模,选定候选保留,1.4698749136448488e-05,2.41785342972509e-05,0.0,0.0345527126783029,0.0,V2继承
app_all_14d_contract,全部日期｜查看借款合同次数,"SUM(INT(e.props_id IN ('Loan_contract_newdetails','Loan_contract_newdetails_select')))；按窗口允许日期累加",S04｜event_track_record（App埋点）,"近14个自然日：start=max(可观察起点,DATE(T0)-(14-1)日)，create_time<T0",次,float32,eligible_days==0为NaN；有可观察日期而无行为为0,behavior_features()；次数不是人数，时长不去除重叠,V3-F0710,全量App行为,T0固定时点；提单/App<T0，放款/整笔结清≤T0；支付<T0，已确认整笔同秒结清订单的已知同秒支付可=T0；当前条件为T0已知值。来源可得时间仍待上线核验。,已入模,选定候选保留,1.4698749136448488e-05,2.41785342972509e-05,0.0,7.383499962586337e-05,43.19540023803711,V2继承
app_all_14d_term,全部日期｜切换借款期次次数,"SUM(INT(e.props_id IN ('loan_form_term_selection_new','loan_form_term_selection_new_select')))；按窗口允许日期累加",S04｜event_track_record（App埋点）,"近14个自然日：start=max(可观察起点,DATE(T0)-(14-1)日)，create_time<T0",次,float32,eligible_days==0为NaN；有可观察日期而无行为为0,behavior_features()；次数不是人数，时长不去除重叠,V3-F0711,全量App行为,T0固定时点；提单/App<T0，放款/整笔结清≤T0；支付<T0，已确认整笔同秒结清订单的已知同秒支付可=T0；当前条件为T0已知值。来源可得时间仍待上线核验。,已入模,选定候选保留,1.4698749136448488e-05,2.41785342972509e-05,0.0,0.0027681116002403,62.49740028381348,V2继承
app_all_14d_confirm,全部日期｜确认提单埋点次数,"SUM(INT(e.props_id IN ('Loan_newconfirm','Loan_newconfirm_select')))；按窗口允许日期累加",S04｜event_track_record（App埋点）,"近14个自然日：start=max(可观察起点,DATE(T0)-(14-1)日)，create_time<T0",次,float32,eligible_days==0为NaN；有可观察日期而无行为为0,behavior_features()；次数不是人数，时长不去除重叠,V3-F0712,全量App行为,T0固定时点；提单/App<T0，放款/整笔结清≤T0；支付<T0，已确认整笔同秒结清订单的已知同秒支付可=T0；当前条件为T0已知值。来源可得时间仍待上线核验。,已入模,选定候选保留,1.4698749136448488e-05,2.41785342972509e-05,0.0,0.1428261084064106,36.92359924316406,V2继承
app_all_14d_plan,全部日期｜查看还款计划次数,"SUM(INT(e.props_id IN ('Loan_plan_newdetails','Loan_plan_newdetails_select')))；按窗口允许日期累加",S04｜event_track_record（App埋点）,"近14个自然日：start=max(可观察起点,DATE(T0)-(14-1)日)，create_time<T0",次,float32,eligible_days==0为NaN；有可观察日期而无行为为0,behavior_features()；次数不是人数，时长不去除重叠,V3-F0713,全量App行为,T0固定时点；提单/App<T0，放款/整笔结清≤T0；支付<T0，已确认整笔同秒结清订单的已知同秒支付可=T0；当前条件为T0已知值。来源可得时间仍待上线核验。,已入模,选定候选保留,1.4698749136448488e-05,2.41785342972509e-05,0.0,0.0204118010817593,28.00510025024414,V2继承
app_all_14d_purpose,全部日期｜选择借款用途次数,"SUM(INT(e.props_id IN ('Loan_purpose_newdetails','Loan_purpose_newdetails_select')))；按窗口允许日期累加",S04｜event_track_record（App埋点）,"近14个自然日：start=max(可观察起点,DATE(T0)-(14-1)日)，create_time<T0",次,float32,eligible_days==0为NaN；有可观察日期而无行为为0,behavior_features()；次数不是人数，时长不去除重叠,V3-F0714,全量App行为,T0固定时点；提单/App<T0，放款/整笔结清≤T0；支付<T0，已确认整笔同秒结清订单的已知同秒支付可=T0；当前条件为T0已知值。来源可得时间仍待上线核验。,已入模,选定候选保留,1.4698749136448488e-05,2.41785342972509e-05,0.0,0.0069155639850823,121.9871015548706,V2继承
app_all_14d_coupon_back,全部日期｜关闭优惠券拦截次数,"SUM(INT(e.props_id IN ('Order_coupons_back','Order_coupons_back_select')))；按窗口允许日期累加",S04｜event_track_record（App埋点）,"近14个自然日：start=max(可观察起点,DATE(T0)-(14-1)日)，create_time<T0",次,float32,eligible_days==0为NaN；有可观察日期而无行为为0,behavior_features()；次数不是人数，时长不去除重叠,V3-F0715,全量App行为,T0固定时点；提单/App<T0，放款/整笔结清≤T0；支付<T0，已确认整笔同秒结清订单的已知同秒支付可=T0；当前条件为T0已知值。来源可得时间仍待上线核验。,已入模,选定候选保留,1.4698749136448488e-05,2.41785342972509e-05,0.0,7.383499962586337e-05,0.0,V2继承
app_all_14d_coupon_confirm,全部日期｜点击优惠券拦截次数,"SUM(INT(e.props_id IN ('Order_coupons_confirm','Order_coupons_confirm_select')))；按窗口允许日期累加",S04｜event_track_record（App埋点）,"近14个自然日：start=max(可观察起点,DATE(T0)-(14-1)日)，create_time<T0",次,float32,eligible_days==0为NaN；有可观察日期而无行为为0,behavior_features()；次数不是人数，时长不去除重叠,V3-F0716,全量App行为,T0固定时点；提单/App<T0，放款/整笔结清≤T0；支付<T0，已确认整笔同秒结清订单的已知同秒支付可=T0；当前条件为T0已知值。来源可得时间仍待上线核验。,已入模,选定候选保留,1.4698749136448488e-05,2.41785342972509e-05,0.0,7.383499962586337e-05,0.0,V2继承
app_all_14d_coupon_page,全部日期｜进入优惠券挽留页次数,"SUM(INT(e.props_id IN ('Order_coupons_page','Order_coupons_page_select')))；按窗口允许日期累加",S04｜event_track_record（App埋点）,"近14个自然日：start=max(可观察起点,DATE(T0)-(14-1)日)，create_time<T0",次,float32,eligible_days==0为NaN；有可观察日期而无行为为0,behavior_features()；次数不是人数，时长不去除重叠,V3-F0717,全量App行为,T0固定时点；提单/App<T0，放款/整笔结清≤T0；支付<T0，已确认整笔同秒结清订单的已知同秒支付可=T0；当前条件为T0已知值。来源可得时间仍待上线核验。,已入模,选定候选保留,1.4698749136448488e-05,2.41785342972509e-05,0.0,7.383499962586337e-05,16.449399948120117,V2继承
app_all_14d_repayment_page,全部日期｜名称含repay的辅助页面次数,"SUM(INT(lower(COALESCE(e.props_id,'')||' '||COALESCE(e.page_name,'')) LIKE '%repay%'))；按窗口允许日期累加",S04｜event_track_record（App埋点）,"近14个自然日：start=max(可观察起点,DATE(T0)-(14-1)日)，create_time<T0",次,float32,eligible_days==0为NaN；有可观察日期而无行为为0,behavior_features()；次数不是人数，时长不去除重叠,V3-F0718,全量App行为,T0固定时点；提单/App<T0，放款/整笔结清≤T0；支付<T0，已确认整笔同秒结清订单的已知同秒支付可=T0；当前条件为T0已知值。来源可得时间仍待上线核验。,已入模,选定候选保留,1.4698749136448488e-05,2.41785342972509e-05,0.0,0.0033881465342188,38.84700107574463,V2继承
app_all_14d_duration,全部日期｜已结束页面累计停留,"SUM(min((event_end_time-event_start_time)/1000,3600))；仅page_view_out、end≥start且end≤截断时刻；按窗口允许日期累加",S04｜event_track_record（App埋点）,"近14个自然日：start=max(可观察起点,DATE(T0)-(14-1)日)，create_time<T0",秒,float32,eligible_days==0为NaN；有可观察日期而无行为为0,behavior_features()；次数不是人数，时长不去除重叠,V3-F0719,全量App行为,T0固定时点；提单/App<T0，放款/整笔结清≤T0；支付<T0，已确认整笔同秒结清订单的已知同秒支付可=T0；当前条件为T0已知值。来源可得时间仍待上线核验。,已入模,选定候选保留,1.4698749136448488e-05,2.41785342972509e-05,0.0,0.0235286711414272,242.3243007659912,V2继承
app_all_14d_apply_duration,全部日期｜已结束提单页累计停留,与duration相同，另限定props_id为Loan_newpage/Loan_newpage_select；按窗口允许日期累加,S04｜event_track_record（App埋点）,"近14个自然日：start=max(可观察起点,DATE(T0)-(14-1)日)，create_time<T0",秒,float32,eligible_days==0为NaN；有可观察日期而无行为为0,behavior_features()；次数不是人数，时长不去除重叠,V3-F0720,全量App行为,T0固定时点；提单/App<T0，放款/整笔结清≤T0；支付<T0，已确认整笔同秒结清订单的已知同秒支付可=T0；当前条件为T0已知值。来源可得时间仍待上线核验。,已入模,选定候选保留,1.4698749136448488e-05,2.41785342972509e-05,0.0,0.0225946601982909,146.75550079345703,V2继承
app_all_14d_non_apply_duration,全部日期｜非提单页累计停留,duration-apply_duration,S04｜event_track_record（App埋点）；S01｜order_loan_f_v2_copy（整笔订单）,"近14个自然日：start=max(可观察起点,DATE(T0)-(14-1)日)，create_time<T0",秒,float32,eligible_days==0为NaN，否则无行为为0,behavior_features()；T0部分当天仍按1个可观察自然日计，不是24小时标准化,V3-F0721,全量App行为,T0固定时点；提单/App<T0，放款/整笔结清≤T0；支付<T0，已确认整笔同秒结清订单的已知同秒支付可=T0；当前条件为T0已知值。来源可得时间仍待上线核验。,已入模,选定候选保留,1.4698749136448488e-05,2.41785342972509e-05,0.0,0.0516392259784948,872.2758989334106,V2继承
app_all_14d_events_per_eligible_day,全部日期｜每可观察日活跃频次,events/eligible_days,S04｜event_track_record（App埋点）；S01｜order_loan_f_v2_copy（整笔订单）,"近14个自然日：start=max(可观察起点,DATE(T0)-(14-1)日)，create_time<T0",条/自然日,float32,eligible_days==0为NaN,behavior_features()；T0部分当天仍按1个可观察自然日计，不是24小时标准化,V3-F0722,全量App行为,T0固定时点；提单/App<T0，放款/整笔结清≤T0；支付<T0，已确认整笔同秒结清订单的已知同秒支付可=T0；当前条件为T0已知值。来源可得时间仍待上线核验。,已入模,选定候选保留,1.4698749136448488e-05,2.41785342972509e-05,0.0,0.008097498666481,351.9395942687988,V2继承
app_all_14d_duration_per_active_day,全部日期｜每活跃日累计页面停留,duration/active_days,S04｜event_track_record（App埋点）；S01｜order_loan_f_v2_copy（整笔订单）,"近14个自然日：start=max(可观察起点,DATE(T0)-(14-1)日)，create_time<T0",秒/活跃日,float32,active_days==0为NaN,behavior_features()；T0部分当天仍按1个可观察自然日计，不是24小时标准化,V3-F0723,全量App行为,T0固定时点；提单/App<T0，放款/整笔结清≤T0；支付<T0，已确认整笔同秒结清订单的已知同秒支付可=T0；当前条件为T0已知值。来源可得时间仍待上线核验。,已入模,选定候选保留,0.0036060931214753626,0.003828267930398,0.0046734171581172,0.0423755742649827,47.262099266052246,V2继承
app_all_14d_apply_duration_share,全部日期｜提单页停留占比,apply_duration/duration,S04｜event_track_record（App埋点）；S01｜order_loan_f_v2_copy（整笔订单）,"近14个自然日：start=max(可观察起点,DATE(T0)-(14-1)日)，create_time<T0",比例,float32,duration==0为NaN,behavior_features()；T0部分当天仍按1个可观察自然日计，不是24小时标准化,V3-F0724,全量App行为,T0固定时点；提单/App<T0，放款/整笔结清≤T0；支付<T0，已确认整笔同秒结清订单的已知同秒支付可=T0；当前条件为T0已知值。来源可得时间仍待上线核验。,已入模,选定候选保留,0.004679101808436102,0.0049807780652336,0.0056748636919995,0.0956452843260812,818.2657890319824,V2继承
app_all_14d_amount_per_newpage,全部日期｜切换金额次数对进页比,amount/newpage,S04｜event_track_record（App埋点）；S01｜order_loan_f_v2_copy（整笔订单）,"近14个自然日：start=max(可观察起点,DATE(T0)-(14-1)日)，create_time<T0",次数比,float32,newpage==0为NaN；可能>1,behavior_features()；T0部分当天仍按1个可观察自然日计，不是24小时标准化,V3-F0725,全量App行为,T0固定时点；提单/App<T0，放款/整笔结清≤T0；支付<T0，已确认整笔同秒结清订单的已知同秒支付可=T0；当前条件为T0已知值。来源可得时间仍待上线核验。,已入模,选定候选保留,0.24689978882797073,0.2388194427653795,0.2864137086903305,0.0667982266949129,215.22100067138672,V2继承
app_all_14d_plan_per_newpage,全部日期｜查看计划次数对进页比,plan/newpage,S04｜event_track_record（App埋点）；S01｜order_loan_f_v2_copy（整笔订单）,"近14个自然日：start=max(可观察起点,DATE(T0)-(14-1)日)，create_time<T0",次数比,float32,newpage==0为NaN；可能>1,behavior_features()；T0部分当天仍按1个可观察自然日计，不是24小时标准化,V3-F0726,全量App行为,T0固定时点；提单/App<T0，放款/整笔结清≤T0；支付<T0，已确认整笔同秒结清订单的已知同秒支付可=T0；当前条件为T0已知值。来源可得时间仍待上线核验。,已入模,选定候选保留,0.24689978882797073,0.2388194427653795,0.2864137086903305,0.0165077532126076,377.7430953979492,V2继承
app_all_14d_confirm_per_newpage,全部日期｜确认埋点次数对进页比,confirm/newpage,S04｜event_track_record（App埋点）；S01｜order_loan_f_v2_copy（整笔订单）,"近14个自然日：start=max(可观察起点,DATE(T0)-(14-1)日)，create_time<T0",次数比（非用户确认率）,float32,newpage==0为NaN；可能>1，不等于成功提单,behavior_features()；T0部分当天仍按1个可观察自然日计，不是24小时标准化,V3-F0727,全量App行为,T0固定时点；提单/App<T0，放款/整笔结清≤T0；支付<T0，已确认整笔同秒结清订单的已知同秒支付可=T0；当前条件为T0已知值。来源可得时间仍待上线核验。,已入模,选定候选保留,0.24689978882797073,0.2388194427653795,0.2864137086903305,0.2683464529220656,8194.263584136963,V2继承
app_all_14d_coupon_accept_share,全部日期｜券点击对点击加关闭比,coupon_confirm/(coupon_confirm+coupon_back),S04｜event_track_record（App埋点）；S01｜order_loan_f_v2_copy（整笔订单）,"近14个自然日：start=max(可观察起点,DATE(T0)-(14-1)日)，create_time<T0",比例,float32,分母==0为NaN,behavior_features()；T0部分当天仍按1个可观察自然日计，不是24小时标准化,V3-F0728,全量App行为,T0固定时点；提单/App<T0，放款/整笔结清≤T0；支付<T0，已确认整笔同秒结清订单的已知同秒支付可=T0；当前条件为T0已知值。来源可得时间仍待上线核验。,已入模,选定候选保留,0.919661536803218,0.9133521925900852,0.9388004895960832,0.0095750194383596,24.293100357055664,V2继承
app_all_30d_eligible_days,全部日期｜可观察且未排除日期数,"max(0,DATE(T0)-start+1-排除还款日数)",S04｜event_track_record（App埋点）；S01｜order_loan_f_v2_copy（整笔订单）,"近30个自然日：start=max(可观察起点,DATE(T0)-(30-1)日)，create_time<T0",自然日,float32,无日期为0,behavior_features()；T0部分当天仍按1个可观察自然日计，不是24小时标准化,V3-F0729,全量App行为,T0固定时点；提单/App<T0，放款/整笔结清≤T0；支付<T0，已确认整笔同秒结清订单的已知同秒支付可=T0；当前条件为T0已知值。来源可得时间仍待上线核验。,已入模,选定候选保留,0.0,0.0,0.0,0.03051875259874,0.0,V2继承
app_all_30d_empty_eligible,全部日期｜无可观察日期标记,INT(eligible_days==0),S04｜event_track_record（App埋点）；S01｜order_loan_f_v2_copy（整笔订单）,"近30个自然日：start=max(可观察起点,DATE(T0)-(30-1)日)，create_time<T0",0/1,float32,无日期为1,behavior_features()；T0部分当天仍按1个可观察自然日计，不是24小时标准化,V3-F0730,全量App行为,T0固定时点；提单/App<T0，放款/整笔结清≤T0；支付<T0，已确认整笔同秒结清订单的已知同秒支付可=T0；当前条件为T0已知值。来源可得时间仍待上线核验。,已入模,选定候选保留,0.0,0.0,0.0,0.0,0.0,V2继承
app_all_30d_active_days,全部日期｜有埋点的日期数,COUNT(窗口内event_count>0的日期),S04｜event_track_record（App埋点）；S01｜order_loan_f_v2_copy（整笔订单）,"近30个自然日：start=max(可观察起点,DATE(T0)-(30-1)日)，create_time<T0",自然日,float32,无活跃或无可观察日期为0,behavior_features()；T0部分当天仍按1个可观察自然日计，不是24小时标准化,V3-F0731,全量App行为,T0固定时点；提单/App<T0，放款/整笔结清≤T0；支付<T0，已确认整笔同秒结清订单的已知同秒支付可=T0；当前条件为T0已知值。来源可得时间仍待上线核验。,已入模,选定候选保留,0.0,0.0,0.0,0.0419555039811756,213.1971015930176,V2继承
app_all_30d_active_day_share,全部日期｜活跃日期占比,active_days/eligible_days,S04｜event_track_record（App埋点）；S01｜order_loan_f_v2_copy（整笔订单）,"近30个自然日：start=max(可观察起点,DATE(T0)-(30-1)日)，create_time<T0",比例,float32,eligible_days==0为NaN,behavior_features()；T0部分当天仍按1个可观察自然日计，不是24小时标准化,V3-F0732,全量App行为,T0固定时点；提单/App<T0，放款/整笔结清≤T0；支付<T0，已确认整笔同秒结清订单的已知同秒支付可=T0；当前条件为T0已知值。来源可得时间仍待上线核验。,已入模,选定候选保留,1.4698749136448488e-05,2.41785342972509e-05,0.0,0.0068853163874242,54.362098693847656,V2继承
app_all_30d_events,全部日期｜活跃埋点条数,COUNT(e.user_id)；按窗口允许日期累加,S04｜event_track_record（App埋点）,"近30个自然日：start=max(可观察起点,DATE(T0)-(30-1)日)，create_time<T0",条,float32,eligible_days==0为NaN；有可观察日期而无行为为0,behavior_features()；次数不是人数，时长不去除重叠,V3-F0733,全量App行为,T0固定时点；提单/App<T0，放款/整笔结清≤T0；支付<T0，已确认整笔同秒结清订单的已知同秒支付可=T0；当前条件为T0已知值。来源可得时间仍待上线核验。,已入模,选定候选保留,1.4698749136448488e-05,2.41785342972509e-05,0.0,0.0237325741416818,137.24989986419678,V2继承
app_all_30d_newpage,全部日期｜进入提单页次数,"SUM(INT(e.event_type='page_view_in' AND e.props_id IN ('Loan_newpage','Loan_newpage_select')))；按窗口允许日期累加",S04｜event_track_record（App埋点）,"近30个自然日：start=max(可观察起点,DATE(T0)-(30-1)日)，create_time<T0",次,float32,eligible_days==0为NaN；有可观察日期而无行为为0,behavior_features()；次数不是人数，时长不去除重叠,V3-F0734,全量App行为,T0固定时点；提单/App<T0，放款/整笔结清≤T0；支付<T0，已确认整笔同秒结清订单的已知同秒支付可=T0；当前条件为T0已知值。来源可得时间仍待上线核验。,已入模,选定候选保留,1.4698749136448488e-05,2.41785342972509e-05,0.0,0.1015341519324669,147.56370162963867,V2继承
app_all_30d_amount,全部日期｜切换借款金额次数,"SUM(INT(e.props_id IN ('amount_modification','loan_form_loan_amount_selectionn_new','loan_form_loan_amount_selectionn_new_select')))；按窗口允许日期累加",S04｜event_track_record（App埋点）,"近30个自然日：start=max(可观察起点,DATE(T0)-(30-1)日)，create_time<T0",次,float32,eligible_days==0为NaN；有可观察日期而无行为为0,behavior_features()；次数不是人数，时长不去除重叠,V3-F0735,全量App行为,T0固定时点；提单/App<T0，放款/整笔结清≤T0；支付<T0，已确认整笔同秒结清订单的已知同秒支付可=T0；当前条件为T0已知值。来源可得时间仍待上线核验。,已入模,选定候选保留,1.4698749136448488e-05,2.41785342972509e-05,0.0,0.1695220810826954,36.541900634765625,V2继承
app_all_30d_contract,全部日期｜查看借款合同次数,"SUM(INT(e.props_id IN ('Loan_contract_newdetails','Loan_contract_newdetails_select')))；按窗口允许日期累加",S04｜event_track_record（App埋点）,"近30个自然日：start=max(可观察起点,DATE(T0)-(30-1)日)，create_time<T0",次,float32,eligible_days==0为NaN；有可观察日期而无行为为0,behavior_features()；次数不是人数，时长不去除重叠,V3-F0736,全量App行为,T0固定时点；提单/App<T0，放款/整笔结清≤T0；支付<T0，已确认整笔同秒结清订单的已知同秒支付可=T0；当前条件为T0已知值。来源可得时间仍待上线核验。,已入模,选定候选保留,1.4698749136448488e-05,2.41785342972509e-05,0.0,7.383499962586337e-05,24.205699920654297,V2继承
app_all_30d_term,全部日期｜切换借款期次次数,"SUM(INT(e.props_id IN ('loan_form_term_selection_new','loan_form_term_selection_new_select')))；按窗口允许日期累加",S04｜event_track_record（App埋点）,"近30个自然日：start=max(可观察起点,DATE(T0)-(30-1)日)，create_time<T0",次,float32,eligible_days==0为NaN；有可观察日期而无行为为0,behavior_features()；次数不是人数，时长不去除重叠,V3-F0737,全量App行为,T0固定时点；提单/App<T0，放款/整笔结清≤T0；支付<T0，已确认整笔同秒结清订单的已知同秒支付可=T0；当前条件为T0已知值。来源可得时间仍待上线核验。,已入模,选定候选保留,1.4698749136448488e-05,2.41785342972509e-05,0.0,0.0292617667355937,25.64109992980957,V2继承
app_all_30d_confirm,全部日期｜确认提单埋点次数,"SUM(INT(e.props_id IN ('Loan_newconfirm','Loan_newconfirm_select')))；按窗口允许日期累加",S04｜event_track_record（App埋点）,"近30个自然日：start=max(可观察起点,DATE(T0)-(30-1)日)，create_time<T0",次,float32,eligible_days==0为NaN；有可观察日期而无行为为0,behavior_features()；次数不是人数，时长不去除重叠,V3-F0738,全量App行为,T0固定时点；提单/App<T0，放款/整笔结清≤T0；支付<T0，已确认整笔同秒结清订单的已知同秒支付可=T0；当前条件为T0已知值。来源可得时间仍待上线核验。,已入模,选定候选保留,1.4698749136448488e-05,2.41785342972509e-05,0.0,0.0191821713500918,122.06859874725342,V2继承
app_all_30d_plan,全部日期｜查看还款计划次数,"SUM(INT(e.props_id IN ('Loan_plan_newdetails','Loan_plan_newdetails_select')))；按窗口允许日期累加",S04｜event_track_record（App埋点）,"近30个自然日：start=max(可观察起点,DATE(T0)-(30-1)日)，create_time<T0",次,float32,eligible_days==0为NaN；有可观察日期而无行为为0,behavior_features()；次数不是人数，时长不去除重叠,V3-F0739,全量App行为,T0固定时点；提单/App<T0，放款/整笔结清≤T0；支付<T0，已确认整笔同秒结清订单的已知同秒支付可=T0；当前条件为T0已知值。来源可得时间仍待上线核验。,已入模,选定候选保留,1.4698749136448488e-05,2.41785342972509e-05,0.0,0.06569245142235,62.943400382995605,V2继承
app_all_30d_purpose,全部日期｜选择借款用途次数,"SUM(INT(e.props_id IN ('Loan_purpose_newdetails','Loan_purpose_newdetails_select')))；按窗口允许日期累加",S04｜event_track_record（App埋点）,"近30个自然日：start=max(可观察起点,DATE(T0)-(30-1)日)，create_time<T0",次,float32,eligible_days==0为NaN；有可观察日期而无行为为0,behavior_features()；次数不是人数，时长不去除重叠,V3-F0740,全量App行为,T0固定时点；提单/App<T0，放款/整笔结清≤T0；支付<T0，已确认整笔同秒结清订单的已知同秒支付可=T0；当前条件为T0已知值。来源可得时间仍待上线核验。,已入模,选定候选保留,1.4698749136448488e-05,2.41785342972509e-05,0.0,0.000471699498745,32.63810062408447,V2继承
app_all_30d_coupon_back,全部日期｜关闭优惠券拦截次数,"SUM(INT(e.props_id IN ('Order_coupons_back','Order_coupons_back_select')))；按窗口允许日期累加",S04｜event_track_record（App埋点）,"近30个自然日：start=max(可观察起点,DATE(T0)-(30-1)日)，create_time<T0",次,float32,eligible_days==0为NaN；有可观察日期而无行为为0,behavior_features()；次数不是人数，时长不去除重叠,V3-F0741,全量App行为,T0固定时点；提单/App<T0，放款/整笔结清≤T0；支付<T0，已确认整笔同秒结清订单的已知同秒支付可=T0；当前条件为T0已知值。来源可得时间仍待上线核验。,已入模,选定候选保留,1.4698749136448488e-05,2.41785342972509e-05,0.0,7.383499962586337e-05,0.0,V2继承
app_all_30d_coupon_confirm,全部日期｜点击优惠券拦截次数,"SUM(INT(e.props_id IN ('Order_coupons_confirm','Order_coupons_confirm_select')))；按窗口允许日期累加",S04｜event_track_record（App埋点）,"近30个自然日：start=max(可观察起点,DATE(T0)-(30-1)日)，create_time<T0",次,float32,eligible_days==0为NaN；有可观察日期而无行为为0,behavior_features()；次数不是人数，时长不去除重叠,V3-F0742,全量App行为,T0固定时点；提单/App<T0，放款/整笔结清≤T0；支付<T0，已确认整笔同秒结清订单的已知同秒支付可=T0；当前条件为T0已知值。来源可得时间仍待上线核验。,已入模,选定候选保留,1.4698749136448488e-05,2.41785342972509e-05,0.0,9.617808219055398e-05,0.0,V2继承
app_all_30d_coupon_page,全部日期｜进入优惠券挽留页次数,"SUM(INT(e.props_id IN ('Order_coupons_page','Order_coupons_page_select')))；按窗口允许日期累加",S04｜event_track_record（App埋点）,"近30个自然日：start=max(可观察起点,DATE(T0)-(30-1)日)，create_time<T0",次,float32,eligible_days==0为NaN；有可观察日期而无行为为0,behavior_features()；次数不是人数，时长不去除重叠,V3-F0743,全量App行为,T0固定时点；提单/App<T0，放款/整笔结清≤T0；支付<T0，已确认整笔同秒结清订单的已知同秒支付可=T0；当前条件为T0已知值。来源可得时间仍待上线核验。,已入模,选定候选保留,1.4698749136448488e-05,2.41785342972509e-05,0.0,8.709103571899532e-05,0.0,V2继承
app_all_30d_repayment_page,全部日期｜名称含repay的辅助页面次数,"SUM(INT(lower(COALESCE(e.props_id,'')||' '||COALESCE(e.page_name,'')) LIKE '%repay%'))；按窗口允许日期累加",S04｜event_track_record（App埋点）,"近30个自然日：start=max(可观察起点,DATE(T0)-(30-1)日)，create_time<T0",次,float32,eligible_days==0为NaN；有可观察日期而无行为为0,behavior_features()；次数不是人数，时长不去除重叠,V3-F0744,全量App行为,T0固定时点；提单/App<T0，放款/整笔结清≤T0；支付<T0，已确认整笔同秒结清订单的已知同秒支付可=T0；当前条件为T0已知值。来源可得时间仍待上线核验。,已入模,选定候选保留,1.4698749136448488e-05,2.41785342972509e-05,0.0,0.0046972061703138,13.906200408935549,V2继承
app_all_30d_duration,全部日期｜已结束页面累计停留,"SUM(min((event_end_time-event_start_time)/1000,3600))；仅page_view_out、end≥start且end≤截断时刻；按窗口允许日期累加",S04｜event_track_record（App埋点）,"近30个自然日：start=max(可观察起点,DATE(T0)-(30-1)日)，create_time<T0",秒,float32,eligible_days==0为NaN；有可观察日期而无行为为0,behavior_features()；次数不是人数，时长不去除重叠,V3-F0745,全量App行为,T0固定时点；提单/App<T0，放款/整笔结清≤T0；支付<T0，已确认整笔同秒结清订单的已知同秒支付可=T0；当前条件为T0已知值。来源可得时间仍待上线核验。,已入模,选定候选保留,1.4698749136448488e-05,2.41785342972509e-05,0.0,0.0091369711778331,136.46269989013672,V2继承
app_all_30d_apply_duration,全部日期｜已结束提单页累计停留,与duration相同，另限定props_id为Loan_newpage/Loan_newpage_select；按窗口允许日期累加,S04｜event_track_record（App埋点）,"近30个自然日：start=max(可观察起点,DATE(T0)-(30-1)日)，create_time<T0",秒,float32,eligible_days==0为NaN；有可观察日期而无行为为0,behavior_features()；次数不是人数，时长不去除重叠,V3-F0746,全量App行为,T0固定时点；提单/App<T0，放款/整笔结清≤T0；支付<T0，已确认整笔同秒结清订单的已知同秒支付可=T0；当前条件为T0已知值。来源可得时间仍待上线核验。,已入模,选定候选保留,1.4698749136448488e-05,2.41785342972509e-05,0.0,0.0334695710689549,179.0296983718872,V2继承
app_all_30d_non_apply_duration,全部日期｜非提单页累计停留,duration-apply_duration,S04｜event_track_record（App埋点）；S01｜order_loan_f_v2_copy（整笔订单）,"近30个自然日：start=max(可观察起点,DATE(T0)-(30-1)日)，create_time<T0",秒,float32,eligible_days==0为NaN，否则无行为为0,behavior_features()；T0部分当天仍按1个可观察自然日计，不是24小时标准化,V3-F0747,全量App行为,T0固定时点；提单/App<T0，放款/整笔结清≤T0；支付<T0，已确认整笔同秒结清订单的已知同秒支付可=T0；当前条件为T0已知值。来源可得时间仍待上线核验。,已入模,选定候选保留,1.4698749136448488e-05,2.41785342972509e-05,0.0,0.0019094790001302,107.93639945983888,V2继承
app_all_30d_events_per_eligible_day,全部日期｜每可观察日活跃频次,events/eligible_days,S04｜event_track_record（App埋点）；S01｜order_loan_f_v2_copy（整笔订单）,"近30个自然日：start=max(可观察起点,DATE(T0)-(30-1)日)，create_time<T0",条/自然日,float32,eligible_days==0为NaN,behavior_features()；T0部分当天仍按1个可观察自然日计，不是24小时标准化,V3-F0748,全量App行为,T0固定时点；提单/App<T0，放款/整笔结清≤T0；支付<T0，已确认整笔同秒结清订单的已知同秒支付可=T0；当前条件为T0已知值。来源可得时间仍待上线核验。,已入模,选定候选保留,1.4698749136448488e-05,2.41785342972509e-05,0.0,0.0151362522476756,207.90020275115967,V2继承
app_all_30d_duration_per_active_day,全部日期｜每活跃日累计页面停留,duration/active_days,S04｜event_track_record（App埋点）；S01｜order_loan_f_v2_copy（整笔订单）,"近30个自然日：start=max(可观察起点,DATE(T0)-(30-1)日)，create_time<T0",秒/活跃日,float32,active_days==0为NaN,behavior_features()；T0部分当天仍按1个可观察自然日计，不是24小时标准化,V3-F0749,全量App行为,T0固定时点；提单/App<T0，放款/整笔结清≤T0；支付<T0，已确认整笔同秒结清订单的已知同秒支付可=T0；当前条件为T0已知值。来源可得时间仍待上线核验。,已入模,选定候选保留,6.859416263675961e-05,6.447609145933573e-05,0.000222543674196,0.0079846177319963,66.65059852600098,V2继承
app_all_30d_apply_duration_share,全部日期｜提单页停留占比,apply_duration/duration,S04｜event_track_record（App埋点）；S01｜order_loan_f_v2_copy（整笔订单）,"近30个自然日：start=max(可观察起点,DATE(T0)-(30-1)日)，create_time<T0",比例,float32,duration==0为NaN,behavior_features()；T0部分当天仍按1个可观察自然日计，不是24小时标准化,V3-F0750,全量App行为,T0固定时点；提单/App<T0，放款/整笔结清≤T0；支付<T0，已确认整笔同秒结清订单的已知同秒支付可=T0；当前条件为T0已知值。来源可得时间仍待上线核验。,已入模,选定候选保留,0.0001175899930915879,0.0001128331600538,0.000333815511294,0.0424188729242539,1342.2047052383425,V2继承
app_all_30d_amount_per_newpage,全部日期｜切换金额次数对进页比,amount/newpage,S04｜event_track_record（App埋点）；S01｜order_loan_f_v2_copy（整笔订单）,"近30个自然日：start=max(可观察起点,DATE(T0)-(30-1)日)，create_time<T0",次数比,float32,newpage==0为NaN；可能>1,behavior_features()；T0部分当天仍按1个可观察自然日计，不是24小时标准化,V3-F0751,全量App行为,T0固定时点；提单/App<T0，放款/整笔结清≤T0；支付<T0，已确认整笔同秒结清订单的已知同秒支付可=T0；当前条件为T0已知值。来源可得时间仍待上线核验。,已入模,选定候选保留,0.004752595554118344,0.0040861722962354,0.0055635918549015,0.1252388813139421,117.00629901885986,V2继承
app_all_30d_plan_per_newpage,全部日期｜查看计划次数对进页比,plan/newpage,S04｜event_track_record（App埋点）；S01｜order_loan_f_v2_copy（整笔订单）,"近30个自然日：start=max(可观察起点,DATE(T0)-(30-1)日)，create_time<T0",次数比,float32,newpage==0为NaN；可能>1,behavior_features()；T0部分当天仍按1个可观察自然日计，不是24小时标准化,V3-F0752,全量App行为,T0固定时点；提单/App<T0，放款/整笔结清≤T0；支付<T0，已确认整笔同秒结清订单的已知同秒支付可=T0；当前条件为T0已知值。来源可得时间仍待上线核验。,已入模,选定候选保留,0.004752595554118344,0.0040861722962354,0.0055635918549015,0.0320660910475719,71.80259990692139,V2继承
app_all_30d_confirm_per_newpage,全部日期｜确认埋点次数对进页比,confirm/newpage,S04｜event_track_record（App埋点）；S01｜order_loan_f_v2_copy（整笔订单）,"近30个自然日：start=max(可观察起点,DATE(T0)-(30-1)日)，create_time<T0",次数比（非用户确认率）,float32,newpage==0为NaN；可能>1，不等于成功提单,behavior_features()；T0部分当天仍按1个可观察自然日计，不是24小时标准化,V3-F0753,全量App行为,T0固定时点；提单/App<T0，放款/整笔结清≤T0；支付<T0，已确认整笔同秒结清订单的已知同秒支付可=T0；当前条件为T0已知值。来源可得时间仍待上线核验。,已入模,选定候选保留,0.004752595554118344,0.0040861722962354,0.0055635918549015,0.1897576929737724,2044.7102632522583,V2继承
app_all_30d_coupon_accept_share,全部日期｜券点击对点击加关闭比,coupon_confirm/(coupon_confirm+coupon_back),S04｜event_track_record（App埋点）；S01｜order_loan_f_v2_copy（整笔订单）,"近30个自然日：start=max(可观察起点,DATE(T0)-(30-1)日)，create_time<T0",比例,float32,分母==0为NaN,behavior_features()；T0部分当天仍按1个可观察自然日计，不是24小时标准化,V3-F0754,全量App行为,T0固定时点；提单/App<T0，放款/整笔结清≤T0；支付<T0，已确认整笔同秒结清订单的已知同秒支付可=T0；当前条件为T0已知值。来源可得时间仍待上线核验。,已入模,选定候选保留,0.8154278070936163,0.8187980044649693,0.8199621675753866,0.0005423905606897,17.815799713134766,V2继承
app_all_60d_eligible_days,全部日期｜可观察且未排除日期数,"max(0,DATE(T0)-start+1-排除还款日数)",S04｜event_track_record（App埋点）；S01｜order_loan_f_v2_copy（整笔订单）,"近60个自然日：start=max(可观察起点,DATE(T0)-(60-1)日)，create_time<T0",自然日,float32,无日期为0,behavior_features()；T0部分当天仍按1个可观察自然日计，不是24小时标准化,V3-F0755,全量App行为,T0固定时点；提单/App<T0，放款/整笔结清≤T0；支付<T0，已确认整笔同秒结清订单的已知同秒支付可=T0；当前条件为T0已知值。来源可得时间仍待上线核验。,已入模,选定候选保留,0.0,0.0,0.0,0.030833573701003,19.04560089111328,V2继承
app_all_60d_empty_eligible,全部日期｜无可观察日期标记,INT(eligible_days==0),S04｜event_track_record（App埋点）；S01｜order_loan_f_v2_copy（整笔订单）,"近60个自然日：start=max(可观察起点,DATE(T0)-(60-1)日)，create_time<T0",0/1,float32,无日期为1,behavior_features()；T0部分当天仍按1个可观察自然日计，不是24小时标准化,V3-F0756,全量App行为,T0固定时点；提单/App<T0，放款/整笔结清≤T0；支付<T0，已确认整笔同秒结清订单的已知同秒支付可=T0；当前条件为T0已知值。来源可得时间仍待上线核验。,已入模,选定候选保留,0.0,0.0,0.0,0.0,0.0,V2继承
app_all_60d_active_days,全部日期｜有埋点的日期数,COUNT(窗口内event_count>0的日期),S04｜event_track_record（App埋点）；S01｜order_loan_f_v2_copy（整笔订单）,"近60个自然日：start=max(可观察起点,DATE(T0)-(60-1)日)，create_time<T0",自然日,float32,无活跃或无可观察日期为0,behavior_features()；T0部分当天仍按1个可观察自然日计，不是24小时标准化,V3-F0757,全量App行为,T0固定时点；提单/App<T0，放款/整笔结清≤T0；支付<T0，已确认整笔同秒结清订单的已知同秒支付可=T0；当前条件为T0已知值。来源可得时间仍待上线核验。,已入模,选定候选保留,0.0,0.0,0.0,0.0321879449259213,243.48939895629883,V2继承
app_all_60d_active_day_share,全部日期｜活跃日期占比,active_days/eligible_days,S04｜event_track_record（App埋点）；S01｜order_loan_f_v2_copy（整笔订单）,"近60个自然日：start=max(可观察起点,DATE(T0)-(60-1)日)，create_time<T0",比例,float32,eligible_days==0为NaN,behavior_features()；T0部分当天仍按1个可观察自然日计，不是24小时标准化,V3-F0758,全量App行为,T0固定时点；提单/App<T0，放款/整笔结清≤T0；支付<T0，已确认整笔同秒结清订单的已知同秒支付可=T0；当前条件为T0已知值。来源可得时间仍待上线核验。,已入模,选定候选保留,1.4698749136448488e-05,2.41785342972509e-05,0.0,0.0035626654446845,129.82509994506836,V2继承
app_all_60d_events,全部日期｜活跃埋点条数,COUNT(e.user_id)；按窗口允许日期累加,S04｜event_track_record（App埋点）,"近60个自然日：start=max(可观察起点,DATE(T0)-(60-1)日)，create_time<T0",条,float32,eligible_days==0为NaN；有可观察日期而无行为为0,behavior_features()；次数不是人数，时长不去除重叠,V3-F0759,全量App行为,T0固定时点；提单/App<T0，放款/整笔结清≤T0；支付<T0，已确认整笔同秒结清订单的已知同秒支付可=T0；当前条件为T0已知值。来源可得时间仍待上线核验。,已入模,选定候选保留,1.4698749136448488e-05,2.41785342972509e-05,0.0,0.0282453823479837,148.42504119873047,V2继承
app_all_60d_newpage,全部日期｜进入提单页次数,"SUM(INT(e.event_type='page_view_in' AND e.props_id IN ('Loan_newpage','Loan_newpage_select')))；按窗口允许日期累加",S04｜event_track_record（App埋点）,"近60个自然日：start=max(可观察起点,DATE(T0)-(60-1)日)，create_time<T0",次,float32,eligible_days==0为NaN；有可观察日期而无行为为0,behavior_features()；次数不是人数，时长不去除重叠,V3-F0760,全量App行为,T0固定时点；提单/App<T0，放款/整笔结清≤T0；支付<T0，已确认整笔同秒结清订单的已知同秒支付可=T0；当前条件为T0已知值。来源可得时间仍待上线核验。,已入模,选定候选保留,1.4698749136448488e-05,2.41785342972509e-05,0.0,0.0835790860121805,72.91979885101318,V2继承
app_all_60d_amount,全部日期｜切换借款金额次数,"SUM(INT(e.props_id IN ('amount_modification','loan_form_loan_amount_selectionn_new','loan_form_loan_amount_selectionn_new_select')))；按窗口允许日期累加",S04｜event_track_record（App埋点）,"近60个自然日：start=max(可观察起点,DATE(T0)-(60-1)日)，create_time<T0",次,float32,eligible_days==0为NaN；有可观察日期而无行为为0,behavior_features()；次数不是人数，时长不去除重叠,V3-F0761,全量App行为,T0固定时点；提单/App<T0，放款/整笔结清≤T0；支付<T0，已确认整笔同秒结清订单的已知同秒支付可=T0；当前条件为T0已知值。来源可得时间仍待上线核验。,已入模,选定候选保留,1.4698749136448488e-05,2.41785342972509e-05,0.0,0.205875566969369,15.447199821472168,V2继承
app_all_60d_contract,全部日期｜查看借款合同次数,"SUM(INT(e.props_id IN ('Loan_contract_newdetails','Loan_contract_newdetails_select')))；按窗口允许日期累加",S04｜event_track_record（App埋点）,"近60个自然日：start=max(可观察起点,DATE(T0)-(60-1)日)，create_time<T0",次,float32,eligible_days==0为NaN；有可观察日期而无行为为0,behavior_features()；次数不是人数，时长不去除重叠,V3-F0762,全量App行为,T0固定时点；提单/App<T0，放款/整笔结清≤T0；支付<T0，已确认整笔同秒结清订单的已知同秒支付可=T0；当前条件为T0已知值。来源可得时间仍待上线核验。,已入模,选定候选保留,1.4698749136448488e-05,2.41785342972509e-05,0.0,0.0018904314341034,12.853400230407717,V2继承
app_all_60d_term,全部日期｜切换借款期次次数,"SUM(INT(e.props_id IN ('loan_form_term_selection_new','loan_form_term_selection_new_select')))；按窗口允许日期累加",S04｜event_track_record（App埋点）,"近60个自然日：start=max(可观察起点,DATE(T0)-(60-1)日)，create_time<T0",次,float32,eligible_days==0为NaN；有可观察日期而无行为为0,behavior_features()；次数不是人数，时长不去除重叠,V3-F0763,全量App行为,T0固定时点；提单/App<T0，放款/整笔结清≤T0；支付<T0，已确认整笔同秒结清订单的已知同秒支付可=T0；当前条件为T0已知值。来源可得时间仍待上线核验。,已入模,选定候选保留,1.4698749136448488e-05,2.41785342972509e-05,0.0,0.0402223181656535,33.182199478149414,V2继承
app_all_60d_confirm,全部日期｜确认提单埋点次数,"SUM(INT(e.props_id IN ('Loan_newconfirm','Loan_newconfirm_select')))；按窗口允许日期累加",S04｜event_track_record（App埋点）,"近60个自然日：start=max(可观察起点,DATE(T0)-(60-1)日)，create_time<T0",次,float32,eligible_days==0为NaN；有可观察日期而无行为为0,behavior_features()；次数不是人数，时长不去除重叠,V3-F0764,全量App行为,T0固定时点；提单/App<T0，放款/整笔结清≤T0；支付<T0，已确认整笔同秒结清订单的已知同秒支付可=T0；当前条件为T0已知值。来源可得时间仍待上线核验。,已入模,选定候选保留,1.4698749136448488e-05,2.41785342972509e-05,0.0,0.0088211621534974,71.4359998703003,V2继承
app_all_60d_plan,全部日期｜查看还款计划次数,"SUM(INT(e.props_id IN ('Loan_plan_newdetails','Loan_plan_newdetails_select')))；按窗口允许日期累加",S04｜event_track_record（App埋点）,"近60个自然日：start=max(可观察起点,DATE(T0)-(60-1)日)，create_time<T0",次,float32,eligible_days==0为NaN；有可观察日期而无行为为0,behavior_features()；次数不是人数，时长不去除重叠,V3-F0765,全量App行为,T0固定时点；提单/App<T0，放款/整笔结清≤T0；支付<T0，已确认整笔同秒结清订单的已知同秒支付可=T0；当前条件为T0已知值。来源可得时间仍待上线核验。,已入模,选定候选保留,1.4698749136448488e-05,2.41785342972509e-05,0.0,0.069330722634796,74.78050231933594,V2继承
app_all_60d_purpose,全部日期｜选择借款用途次数,"SUM(INT(e.props_id IN ('Loan_purpose_newdetails','Loan_purpose_newdetails_select')))；按窗口允许日期累加",S04｜event_track_record（App埋点）,"近60个自然日：start=max(可观察起点,DATE(T0)-(60-1)日)，create_time<T0",次,float32,eligible_days==0为NaN；有可观察日期而无行为为0,behavior_features()；次数不是人数，时长不去除重叠,V3-F0766,全量App行为,T0固定时点；提单/App<T0，放款/整笔结清≤T0；支付<T0，已确认整笔同秒结清订单的已知同秒支付可=T0；当前条件为T0已知值。来源可得时间仍待上线核验。,已入模,选定候选保留,1.4698749136448488e-05,2.41785342972509e-05,0.0,0.0021476098049951,12.346599578857422,V2继承
app_all_60d_coupon_back,全部日期｜关闭优惠券拦截次数,"SUM(INT(e.props_id IN ('Order_coupons_back','Order_coupons_back_select')))；按窗口允许日期累加",S04｜event_track_record（App埋点）,"近60个自然日：start=max(可观察起点,DATE(T0)-(60-1)日)，create_time<T0",次,float32,eligible_days==0为NaN；有可观察日期而无行为为0,behavior_features()；次数不是人数，时长不去除重叠,V3-F0767,全量App行为,T0固定时点；提单/App<T0，放款/整笔结清≤T0；支付<T0，已确认整笔同秒结清订单的已知同秒支付可=T0；当前条件为T0已知值。来源可得时间仍待上线核验。,已入模,选定候选保留,1.4698749136448488e-05,2.41785342972509e-05,0.0,0.002614833351709,0.0,V2继承
app_all_60d_coupon_confirm,全部日期｜点击优惠券拦截次数,"SUM(INT(e.props_id IN ('Order_coupons_confirm','Order_coupons_confirm_select')))；按窗口允许日期累加",S04｜event_track_record（App埋点）,"近60个自然日：start=max(可观察起点,DATE(T0)-(60-1)日)，create_time<T0",次,float32,eligible_days==0为NaN；有可观察日期而无行为为0,behavior_features()；次数不是人数，时长不去除重叠,V3-F0768,全量App行为,T0固定时点；提单/App<T0，放款/整笔结清≤T0；支付<T0，已确认整笔同秒结清订单的已知同秒支付可=T0；当前条件为T0已知值。来源可得时间仍待上线核验。,已入模,选定候选保留,1.4698749136448488e-05,2.41785342972509e-05,0.0,0.0011541626501335,12.514300346374512,V2继承
app_all_60d_coupon_page,全部日期｜进入优惠券挽留页次数,"SUM(INT(e.props_id IN ('Order_coupons_page','Order_coupons_page_select')))；按窗口允许日期累加",S04｜event_track_record（App埋点）,"近60个自然日：start=max(可观察起点,DATE(T0)-(60-1)日)，create_time<T0",次,float32,eligible_days==0为NaN；有可观察日期而无行为为0,behavior_features()；次数不是人数，时长不去除重叠,V3-F0769,全量App行为,T0固定时点；提单/App<T0，放款/整笔结清≤T0；支付<T0，已确认整笔同秒结清订单的已知同秒支付可=T0；当前条件为T0已知值。来源可得时间仍待上线核验。,已入模,选定候选保留,1.4698749136448488e-05,2.41785342972509e-05,0.0,0.0204103816370062,472.8624038696289,V2继承
app_all_60d_repayment_page,全部日期｜名称含repay的辅助页面次数,"SUM(INT(lower(COALESCE(e.props_id,'')||' '||COALESCE(e.page_name,'')) LIKE '%repay%'))；按窗口允许日期累加",S04｜event_track_record（App埋点）,"近60个自然日：start=max(可观察起点,DATE(T0)-(60-1)日)，create_time<T0",次,float32,eligible_days==0为NaN；有可观察日期而无行为为0,behavior_features()；次数不是人数，时长不去除重叠,V3-F0770,全量App行为,T0固定时点；提单/App<T0，放款/整笔结清≤T0；支付<T0，已确认整笔同秒结清订单的已知同秒支付可=T0；当前条件为T0已知值。来源可得时间仍待上线核验。,已入模,选定候选保留,1.4698749136448488e-05,2.41785342972509e-05,0.0,0.0034707834756151,11.695300102233888,V2继承
app_all_60d_duration,全部日期｜已结束页面累计停留,"SUM(min((event_end_time-event_start_time)/1000,3600))；仅page_view_out、end≥start且end≤截断时刻；按窗口允许日期累加",S04｜event_track_record（App埋点）,"近60个自然日：start=max(可观察起点,DATE(T0)-(60-1)日)，create_time<T0",秒,float32,eligible_days==0为NaN；有可观察日期而无行为为0,behavior_features()；次数不是人数，时长不去除重叠,V3-F0771,全量App行为,T0固定时点；提单/App<T0，放款/整笔结清≤T0；支付<T0，已确认整笔同秒结清订单的已知同秒支付可=T0；当前条件为T0已知值。来源可得时间仍待上线核验。,已入模,选定候选保留,1.4698749136448488e-05,2.41785342972509e-05,0.0,0.0140330034784841,48.27710056304931,V2继承
app_all_60d_apply_duration,全部日期｜已结束提单页累计停留,与duration相同，另限定props_id为Loan_newpage/Loan_newpage_select；按窗口允许日期累加,S04｜event_track_record（App埋点）,"近60个自然日：start=max(可观察起点,DATE(T0)-(60-1)日)，create_time<T0",秒,float32,eligible_days==0为NaN；有可观察日期而无行为为0,behavior_features()；次数不是人数，时长不去除重叠,V3-F0772,全量App行为,T0固定时点；提单/App<T0，放款/整笔结清≤T0；支付<T0，已确认整笔同秒结清订单的已知同秒支付可=T0；当前条件为T0已知值。来源可得时间仍待上线核验。,已入模,选定候选保留,1.4698749136448488e-05,2.41785342972509e-05,0.0,0.0313220061448173,82.86269950866699,V2继承
app_all_60d_non_apply_duration,全部日期｜非提单页累计停留,duration-apply_duration,S04｜event_track_record（App埋点）；S01｜order_loan_f_v2_copy（整笔订单）,"近60个自然日：start=max(可观察起点,DATE(T0)-(60-1)日)，create_time<T0",秒,float32,eligible_days==0为NaN，否则无行为为0,behavior_features()；T0部分当天仍按1个可观察自然日计，不是24小时标准化,V3-F0773,全量App行为,T0固定时点；提单/App<T0，放款/整笔结清≤T0；支付<T0，已确认整笔同秒结清订单的已知同秒支付可=T0；当前条件为T0已知值。来源可得时间仍待上线核验。,已入模,选定候选保留,1.4698749136448488e-05,2.41785342972509e-05,0.0,0.0049333915172038,76.1427993774414,V2继承
app_all_60d_events_per_eligible_day,全部日期｜每可观察日活跃频次,events/eligible_days,S04｜event_track_record（App埋点）；S01｜order_loan_f_v2_copy（整笔订单）,"近60个自然日：start=max(可观察起点,DATE(T0)-(60-1)日)，create_time<T0",条/自然日,float32,eligible_days==0为NaN,behavior_features()；T0部分当天仍按1个可观察自然日计，不是24小时标准化,V3-F0774,全量App行为,T0固定时点；提单/App<T0，放款/整笔结清≤T0；支付<T0，已确认整笔同秒结清订单的已知同秒支付可=T0；当前条件为T0已知值。来源可得时间仍待上线核验。,已入模,选定候选保留,1.4698749136448488e-05,2.41785342972509e-05,0.0,0.0077518062610422,162.28750038146973,V2继承
app_all_60d_duration_per_active_day,全部日期｜每活跃日累计页面停留,duration/active_days,S04｜event_track_record（App埋点）；S01｜order_loan_f_v2_copy（整笔订单）,"近60个自然日：start=max(可观察起点,DATE(T0)-(60-1)日)，create_time<T0",秒/活跃日,float32,active_days==0为NaN,behavior_features()；T0部分当天仍按1个可观察自然日计，不是24小时标准化,V3-F0775,全量App行为,T0固定时点；提单/App<T0，放款/整笔结清≤T0；支付<T0，已确认整笔同秒结清订单的已知同秒支付可=T0；当前条件为T0已知值。来源可得时间仍待上线核验。,已入模,选定候选保留,2.9397498272896976e-05,2.41785342972509e-05,0.0,0.0079295105104917,124.18080043792725,V2继承
app_all_60d_apply_duration_share,全部日期｜提单页停留占比,apply_duration/duration,S04｜event_track_record（App埋点）；S01｜order_loan_f_v2_copy（整笔订单）,"近60个自然日：start=max(可观察起点,DATE(T0)-(60-1)日)，create_time<T0",比例,float32,duration==0为NaN,behavior_features()；T0部分当天仍按1个可观察自然日计，不是24小时标准化,V3-F0776,全量App行为,T0固定时点；提单/App<T0，放款/整笔结清≤T0；支付<T0，已确认整笔同秒结清订单的已知同秒支付可=T0；当前条件为T0已知值。来源可得时间仍待上线核验。,已入模,选定候选保留,4.899583045482829e-05,4.029755716208484e-05,0.000111271837098,0.0418322004237901,617.2498960494995,V2继承
app_all_60d_amount_per_newpage,全部日期｜切换金额次数对进页比,amount/newpage,S04｜event_track_record（App埋点）；S01｜order_loan_f_v2_copy（整笔订单）,"近60个自然日：start=max(可观察起点,DATE(T0)-(60-1)日)，create_time<T0",次数比,float32,newpage==0为NaN；可能>1,behavior_features()；T0部分当天仍按1个可观察自然日计，不是24小时标准化,V3-F0777,全量App行为,T0固定时点；提单/App<T0，放款/整笔结清≤T0；支付<T0，已确认整笔同秒结清订单的已知同秒支付可=T0；当前条件为T0已知值。来源可得时间仍待上线核验。,已入模,选定候选保留,0.00100441452432398,0.0010880340433762,0.000333815511294,0.1886136435889446,76.0162992477417,V2继承
app_all_60d_plan_per_newpage,全部日期｜查看计划次数对进页比,plan/newpage,S04｜event_track_record（App埋点）；S01｜order_loan_f_v2_copy（整笔订单）,"近60个自然日：start=max(可观察起点,DATE(T0)-(60-1)日)，create_time<T0",次数比,float32,newpage==0为NaN；可能>1,behavior_features()；T0部分当天仍按1个可观察自然日计，不是24小时标准化,V3-F0778,全量App行为,T0固定时点；提单/App<T0，放款/整笔结清≤T0；支付<T0，已确认整笔同秒结清订单的已知同秒支付可=T0；当前条件为T0已知值。来源可得时间仍待上线核验。,已入模,选定候选保留,0.00100441452432398,0.0010880340433762,0.000333815511294,0.0464949681336851,42.99769973754883,V2继承
app_all_60d_confirm_per_newpage,全部日期｜确认埋点次数对进页比,confirm/newpage,S04｜event_track_record（App埋点）；S01｜order_loan_f_v2_copy（整笔订单）,"近60个自然日：start=max(可观察起点,DATE(T0)-(60-1)日)，create_time<T0",次数比（非用户确认率）,float32,newpage==0为NaN；可能>1，不等于成功提单,behavior_features()；T0部分当天仍按1个可观察自然日计，不是24小时标准化,V3-F0779,全量App行为,T0固定时点；提单/App<T0，放款/整笔结清≤T0；支付<T0，已确认整笔同秒结清订单的已知同秒支付可=T0；当前条件为T0已知值。来源可得时间仍待上线核验。,已入模,选定候选保留,0.00100441452432398,0.0010880340433762,0.000333815511294,0.2116529582335751,3556.0741806030273,V2继承
app_all_60d_coupon_accept_share,全部日期｜券点击对点击加关闭比,coupon_confirm/(coupon_confirm+coupon_back),S04｜event_track_record（App埋点）；S01｜order_loan_f_v2_copy（整笔订单）,"近60个自然日：start=max(可观察起点,DATE(T0)-(60-1)日)，create_time<T0",比例,float32,分母==0为NaN,behavior_features()；T0部分当天仍按1个可观察自然日计，不是24小时标准化,V3-F0780,全量App行为,T0固定时点；提单/App<T0，放款/整笔结清≤T0；支付<T0，已确认整笔同秒结清订单的已知同秒支付可=T0；当前条件为T0已知值。来源可得时间仍待上线核验。,已入模,选定候选保留,0.73575568719102,0.7475277448681061,0.7360632024034717,0.0017395438401752,85.53269958496094,V2继承
app_all_90d_eligible_days,全部日期｜可观察且未排除日期数,"max(0,DATE(T0)-start+1-排除还款日数)",S04｜event_track_record（App埋点）；S01｜order_loan_f_v2_copy（整笔订单）,"近90个自然日：start=max(可观察起点,DATE(T0)-(90-1)日)，create_time<T0",自然日,float32,无日期为0,behavior_features()；T0部分当天仍按1个可观察自然日计，不是24小时标准化,V3-F0781,全量App行为,T0固定时点；提单/App<T0，放款/整笔结清≤T0；支付<T0，已确认整笔同秒结清订单的已知同秒支付可=T0；当前条件为T0已知值。来源可得时间仍待上线核验。,已入模,选定候选保留,0.0,0.0,0.0,0.0308512783788192,25.787900924682617,V2继承
app_all_90d_empty_eligible,全部日期｜无可观察日期标记,INT(eligible_days==0),S04｜event_track_record（App埋点）；S01｜order_loan_f_v2_copy（整笔订单）,"近90个自然日：start=max(可观察起点,DATE(T0)-(90-1)日)，create_time<T0",0/1,float32,无日期为1,behavior_features()；T0部分当天仍按1个可观察自然日计，不是24小时标准化,V3-F0782,全量App行为,T0固定时点；提单/App<T0，放款/整笔结清≤T0；支付<T0，已确认整笔同秒结清订单的已知同秒支付可=T0；当前条件为T0已知值。来源可得时间仍待上线核验。,已入模,选定候选保留,0.0,0.0,0.0,0.0,0.0,V2继承
app_all_90d_active_days,全部日期｜有埋点的日期数,COUNT(窗口内event_count>0的日期),S04｜event_track_record（App埋点）；S01｜order_loan_f_v2_copy（整笔订单）,"近90个自然日：start=max(可观察起点,DATE(T0)-(90-1)日)，create_time<T0",自然日,float32,无活跃或无可观察日期为0,behavior_features()；T0部分当天仍按1个可观察自然日计，不是24小时标准化,V3-F0783,全量App行为,T0固定时点；提单/App<T0，放款/整笔结清≤T0；支付<T0，已确认整笔同秒结清订单的已知同秒支付可=T0；当前条件为T0已知值。来源可得时间仍待上线核验。,已入模,选定候选保留,0.0,0.0,0.0,0.0311537816804254,24.242700576782227,V2继承
app_all_90d_active_day_share,全部日期｜活跃日期占比,active_days/eligible_days,S04｜event_track_record（App埋点）；S01｜order_loan_f_v2_copy（整笔订单）,"近90个自然日：start=max(可观察起点,DATE(T0)-(90-1)日)，create_time<T0",比例,float32,eligible_days==0为NaN,behavior_features()；T0部分当天仍按1个可观察自然日计，不是24小时标准化,V3-F0784,全量App行为,T0固定时点；提单/App<T0，放款/整笔结清≤T0；支付<T0，已确认整笔同秒结清订单的已知同秒支付可=T0；当前条件为T0已知值。来源可得时间仍待上线核验。,已入模,选定候选保留,1.4698749136448488e-05,2.41785342972509e-05,0.0,0.0037949233551937,165.0453977584839,V2继承
app_all_90d_events,全部日期｜活跃埋点条数,COUNT(e.user_id)；按窗口允许日期累加,S04｜event_track_record（App埋点）,"近90个自然日：start=max(可观察起点,DATE(T0)-(90-1)日)，create_time<T0",条,float32,eligible_days==0为NaN；有可观察日期而无行为为0,behavior_features()；次数不是人数，时长不去除重叠,V3-F0785,全量App行为,T0固定时点；提单/App<T0，放款/整笔结清≤T0；支付<T0，已确认整笔同秒结清订单的已知同秒支付可=T0；当前条件为T0已知值。来源可得时间仍待上线核验。,已入模,选定候选保留,1.4698749136448488e-05,2.41785342972509e-05,0.0,0.0265462765582976,116.29040241241456,V2继承
app_all_90d_newpage,全部日期｜进入提单页次数,"SUM(INT(e.event_type='page_view_in' AND e.props_id IN ('Loan_newpage','Loan_newpage_select')))；按窗口允许日期累加",S04｜event_track_record（App埋点）,"近90个自然日：start=max(可观察起点,DATE(T0)-(90-1)日)，create_time<T0",次,float32,eligible_days==0为NaN；有可观察日期而无行为为0,behavior_features()；次数不是人数，时长不去除重叠,V3-F0786,全量App行为,T0固定时点；提单/App<T0，放款/整笔结清≤T0；支付<T0，已确认整笔同秒结清订单的已知同秒支付可=T0；当前条件为T0已知值。来源可得时间仍待上线核验。,已入模,选定候选保留,1.4698749136448488e-05,2.41785342972509e-05,0.0,0.0757071700714123,92.60490036010742,V2继承
app_all_90d_amount,全部日期｜切换借款金额次数,"SUM(INT(e.props_id IN ('amount_modification','loan_form_loan_amount_selectionn_new','loan_form_loan_amount_selectionn_new_select')))；按窗口允许日期累加",S04｜event_track_record（App埋点）,"近90个自然日：start=max(可观察起点,DATE(T0)-(90-1)日)，create_time<T0",次,float32,eligible_days==0为NaN；有可观察日期而无行为为0,behavior_features()；次数不是人数，时长不去除重叠,V3-F0787,全量App行为,T0固定时点；提单/App<T0，放款/整笔结清≤T0；支付<T0，已确认整笔同秒结清订单的已知同秒支付可=T0；当前条件为T0已知值。来源可得时间仍待上线核验。,已入模,选定候选保留,1.4698749136448488e-05,2.41785342972509e-05,0.0,0.2100870305756515,58.940799713134766,V2继承
app_all_90d_contract,全部日期｜查看借款合同次数,"SUM(INT(e.props_id IN ('Loan_contract_newdetails','Loan_contract_newdetails_select')))；按窗口允许日期累加",S04｜event_track_record（App埋点）,"近90个自然日：start=max(可观察起点,DATE(T0)-(90-1)日)，create_time<T0",次,float32,eligible_days==0为NaN；有可观察日期而无行为为0,behavior_features()；次数不是人数，时长不去除重叠,V3-F0788,全量App行为,T0固定时点；提单/App<T0，放款/整笔结清≤T0；支付<T0，已确认整笔同秒结清订单的已知同秒支付可=T0；当前条件为T0已知值。来源可得时间仍待上线核验。,已入模,选定候选保留,1.4698749136448488e-05,2.41785342972509e-05,0.0,0.001874099145223,0.0,V2继承
app_all_90d_term,全部日期｜切换借款期次次数,"SUM(INT(e.props_id IN ('loan_form_term_selection_new','loan_form_term_selection_new_select')))；按窗口允许日期累加",S04｜event_track_record（App埋点）,"近90个自然日：start=max(可观察起点,DATE(T0)-(90-1)日)，create_time<T0",次,float32,eligible_days==0为NaN；有可观察日期而无行为为0,behavior_features()；次数不是人数，时长不去除重叠,V3-F0789,全量App行为,T0固定时点；提单/App<T0，放款/整笔结清≤T0；支付<T0，已确认整笔同秒结清订单的已知同秒支付可=T0；当前条件为T0已知值。来源可得时间仍待上线核验。,已入模,选定候选保留,1.4698749136448488e-05,2.41785342972509e-05,0.0,0.0415891075927683,47.293100357055664,V2继承
app_all_90d_confirm,全部日期｜确认提单埋点次数,"SUM(INT(e.props_id IN ('Loan_newconfirm','Loan_newconfirm_select')))；按窗口允许日期累加",S04｜event_track_record（App埋点）,"近90个自然日：start=max(可观察起点,DATE(T0)-(90-1)日)，create_time<T0",次,float32,eligible_days==0为NaN；有可观察日期而无行为为0,behavior_features()；次数不是人数，时长不去除重叠,V3-F0790,全量App行为,T0固定时点；提单/App<T0，放款/整笔结清≤T0；支付<T0，已确认整笔同秒结清订单的已知同秒支付可=T0；当前条件为T0已知值。来源可得时间仍待上线核验。,已入模,选定候选保留,1.4698749136448488e-05,2.41785342972509e-05,0.0,0.0078635191246188,84.97162914276123,V2继承
app_all_90d_plan,全部日期｜查看还款计划次数,"SUM(INT(e.props_id IN ('Loan_plan_newdetails','Loan_plan_newdetails_select')))；按窗口允许日期累加",S04｜event_track_record（App埋点）,"近90个自然日：start=max(可观察起点,DATE(T0)-(90-1)日)，create_time<T0",次,float32,eligible_days==0为NaN；有可观察日期而无行为为0,behavior_features()；次数不是人数，时长不去除重叠,V3-F0791,全量App行为,T0固定时点；提单/App<T0，放款/整笔结清≤T0；支付<T0，已确认整笔同秒结清订单的已知同秒支付可=T0；当前条件为T0已知值。来源可得时间仍待上线核验。,已入模,选定候选保留,1.4698749136448488e-05,2.41785342972509e-05,0.0,0.065739224956963,39.576199531555176,V2继承
app_all_90d_purpose,全部日期｜选择借款用途次数,"SUM(INT(e.props_id IN ('Loan_purpose_newdetails','Loan_purpose_newdetails_select')))；按窗口允许日期累加",S04｜event_track_record（App埋点）,"近90个自然日：start=max(可观察起点,DATE(T0)-(90-1)日)，create_time<T0",次,float32,eligible_days==0为NaN；有可观察日期而无行为为0,behavior_features()；次数不是人数，时长不去除重叠,V3-F0792,全量App行为,T0固定时点；提单/App<T0，放款/整笔结清≤T0；支付<T0，已确认整笔同秒结清订单的已知同秒支付可=T0；当前条件为T0已知值。来源可得时间仍待上线核验。,已入模,选定候选保留,1.4698749136448488e-05,2.41785342972509e-05,0.0,0.0028150852390402,22.566499710083008,V2继承
app_all_90d_coupon_back,全部日期｜关闭优惠券拦截次数,"SUM(INT(e.props_id IN ('Order_coupons_back','Order_coupons_back_select')))；按窗口允许日期累加",S04｜event_track_record（App埋点）,"近90个自然日：start=max(可观察起点,DATE(T0)-(90-1)日)，create_time<T0",次,float32,eligible_days==0为NaN；有可观察日期而无行为为0,behavior_features()；次数不是人数，时长不去除重叠,V3-F0793,全量App行为,T0固定时点；提单/App<T0，放款/整笔结清≤T0；支付<T0，已确认整笔同秒结清订单的已知同秒支付可=T0；当前条件为T0已知值。来源可得时间仍待上线核验。,已入模,选定候选保留,1.4698749136448488e-05,2.41785342972509e-05,0.0,0.0058650783496375,14.27530002593994,V2继承
app_all_90d_coupon_confirm,全部日期｜点击优惠券拦截次数,"SUM(INT(e.props_id IN ('Order_coupons_confirm','Order_coupons_confirm_select')))；按窗口允许日期累加",S04｜event_track_record（App埋点）,"近90个自然日：start=max(可观察起点,DATE(T0)-(90-1)日)，create_time<T0",次,float32,eligible_days==0为NaN；有可观察日期而无行为为0,behavior_features()；次数不是人数，时长不去除重叠,V3-F0794,全量App行为,T0固定时点；提单/App<T0，放款/整笔结清≤T0；支付<T0，已确认整笔同秒结清订单的已知同秒支付可=T0；当前条件为T0已知值。来源可得时间仍待上线核验。,已入模,选定候选保留,1.4698749136448488e-05,2.41785342972509e-05,0.0,0.0026496412099933,0.0,V2继承
app_all_90d_coupon_page,全部日期｜进入优惠券挽留页次数,"SUM(INT(e.props_id IN ('Order_coupons_page','Order_coupons_page_select')))；按窗口允许日期累加",S04｜event_track_record（App埋点）,"近90个自然日：start=max(可观察起点,DATE(T0)-(90-1)日)，create_time<T0",次,float32,eligible_days==0为NaN；有可观察日期而无行为为0,behavior_features()；次数不是人数，时长不去除重叠,V3-F0795,全量App行为,T0固定时点；提单/App<T0，放款/整笔结清≤T0；支付<T0，已确认整笔同秒结清订单的已知同秒支付可=T0；当前条件为T0已知值。来源可得时间仍待上线核验。,已入模,选定候选保留,1.4698749136448488e-05,2.41785342972509e-05,0.0,0.0275552871385642,1504.716609954834,V2继承
app_all_90d_repayment_page,全部日期｜名称含repay的辅助页面次数,"SUM(INT(lower(COALESCE(e.props_id,'')||' '||COALESCE(e.page_name,'')) LIKE '%repay%'))；按窗口允许日期累加",S04｜event_track_record（App埋点）,"近90个自然日：start=max(可观察起点,DATE(T0)-(90-1)日)，create_time<T0",次,float32,eligible_days==0为NaN；有可观察日期而无行为为0,behavior_features()；次数不是人数，时长不去除重叠,V3-F0796,全量App行为,T0固定时点；提单/App<T0，放款/整笔结清≤T0；支付<T0，已确认整笔同秒结清订单的已知同秒支付可=T0；当前条件为T0已知值。来源可得时间仍待上线核验。,已入模,选定候选保留,1.4698749136448488e-05,2.41785342972509e-05,0.0,0.0034107109991978,19.951499938964844,V2继承
app_all_90d_duration,全部日期｜已结束页面累计停留,"SUM(min((event_end_time-event_start_time)/1000,3600))；仅page_view_out、end≥start且end≤截断时刻；按窗口允许日期累加",S04｜event_track_record（App埋点）,"近90个自然日：start=max(可观察起点,DATE(T0)-(90-1)日)，create_time<T0",秒,float32,eligible_days==0为NaN；有可观察日期而无行为为0,behavior_features()；次数不是人数，时长不去除重叠,V3-F0797,全量App行为,T0固定时点；提单/App<T0，放款/整笔结清≤T0；支付<T0，已确认整笔同秒结清订单的已知同秒支付可=T0；当前条件为T0已知值。来源可得时间仍待上线核验。,已入模,选定候选保留,1.4698749136448488e-05,2.41785342972509e-05,0.0,0.01440450547947,63.27530097961426,V2继承
app_all_90d_apply_duration,全部日期｜已结束提单页累计停留,与duration相同，另限定props_id为Loan_newpage/Loan_newpage_select；按窗口允许日期累加,S04｜event_track_record（App埋点）,"近90个自然日：start=max(可观察起点,DATE(T0)-(90-1)日)，create_time<T0",秒,float32,eligible_days==0为NaN；有可观察日期而无行为为0,behavior_features()；次数不是人数，时长不去除重叠,V3-F0798,全量App行为,T0固定时点；提单/App<T0，放款/整笔结清≤T0；支付<T0，已确认整笔同秒结清订单的已知同秒支付可=T0；当前条件为T0已知值。来源可得时间仍待上线核验。,已入模,选定候选保留,1.4698749136448488e-05,2.41785342972509e-05,0.0,0.028934297700999,194.2767009735107,V2继承
app_all_90d_non_apply_duration,全部日期｜非提单页累计停留,duration-apply_duration,S04｜event_track_record（App埋点）；S01｜order_loan_f_v2_copy（整笔订单）,"近90个自然日：start=max(可观察起点,DATE(T0)-(90-1)日)，create_time<T0",秒,float32,eligible_days==0为NaN，否则无行为为0,behavior_features()；T0部分当天仍按1个可观察自然日计，不是24小时标准化,V3-F0799,全量App行为,T0固定时点；提单/App<T0，放款/整笔结清≤T0；支付<T0，已确认整笔同秒结清订单的已知同秒支付可=T0；当前条件为T0已知值。来源可得时间仍待上线核验。,已入模,选定候选保留,1.4698749136448488e-05,2.41785342972509e-05,0.0,0.004734984108312,72.04890060424805,V2继承
app_all_90d_events_per_eligible_day,全部日期｜每可观察日活跃频次,events/eligible_days,S04｜event_track_record（App埋点）；S01｜order_loan_f_v2_copy（整笔订单）,"近90个自然日：start=max(可观察起点,DATE(T0)-(90-1)日)，create_time<T0",条/自然日,float32,eligible_days==0为NaN,behavior_features()；T0部分当天仍按1个可观察自然日计，不是24小时标准化,V3-F0800,全量App行为,T0固定时点；提单/App<T0，放款/整笔结清≤T0；支付<T0，已确认整笔同秒结清订单的已知同秒支付可=T0；当前条件为T0已知值。来源可得时间仍待上线核验。,已入模,选定候选保留,1.4698749136448488e-05,2.41785342972509e-05,0.0,0.0052974956679713,153.6772985458374,V2继承
app_all_90d_duration_per_active_day,全部日期｜每活跃日累计页面停留,duration/active_days,S04｜event_track_record（App埋点）；S01｜order_loan_f_v2_copy（整笔订单）,"近90个自然日：start=max(可观察起点,DATE(T0)-(90-1)日)，create_time<T0",秒/活跃日,float32,active_days==0为NaN,behavior_features()；T0部分当天仍按1个可观察自然日计，不是24小时标准化,V3-F0801,全量App行为,T0固定时点；提单/App<T0，放款/整笔结清≤T0；支付<T0，已确认整笔同秒结清订单的已知同秒支付可=T0；当前条件为T0已知值。来源可得时间仍待上线核验。,已入模,选定候选保留,2.9397498272896976e-05,2.41785342972509e-05,0.0,0.0082297053293906,94.10389995574953,V2继承
app_all_90d_apply_duration_share,全部日期｜提单页停留占比,apply_duration/duration,S04｜event_track_record（App埋点）；S01｜order_loan_f_v2_copy（整笔订单）,"近90个自然日：start=max(可观察起点,DATE(T0)-(90-1)日)，create_time<T0",比例,float32,duration==0为NaN,behavior_features()；T0部分当天仍按1个可观察自然日计，不是24小时标准化,V3-F0802,全量App行为,T0固定时点；提单/App<T0，放款/整笔结清≤T0；支付<T0，已确认整笔同秒结清订单的已知同秒支付可=T0；当前条件为T0已知值。来源可得时间仍待上线核验。,已入模,选定候选保留,4.4096247409345465e-05,4.029755716208484e-05,0.000111271837098,0.0414621230195362,139.74320125579834,V2继承
app_all_90d_amount_per_newpage,全部日期｜切换金额次数对进页比,amount/newpage,S04｜event_track_record（App埋点）；S01｜order_loan_f_v2_copy（整笔订单）,"近90个自然日：start=max(可观察起点,DATE(T0)-(90-1)日)，create_time<T0",次数比,float32,newpage==0为NaN；可能>1,behavior_features()；T0部分当天仍按1个可观察自然日计，不是24小时标准化,V3-F0803,全量App行为,T0固定时点；提单/App<T0，放款/整笔结清≤T0；支付<T0，已确认整笔同秒结清订单的已知同秒支付可=T0；当前条件为T0已知值。来源可得时间仍待上线核验。,已入模,选定候选保留,0.0007349374568224244,0.0008784867461334,0.0,0.2025221319347057,85.43910217285156,V2继承
app_all_90d_plan_per_newpage,全部日期｜查看计划次数对进页比,plan/newpage,S04｜event_track_record（App埋点）；S01｜order_loan_f_v2_copy（整笔订单）,"近90个自然日：start=max(可观察起点,DATE(T0)-(90-1)日)，create_time<T0",次数比,float32,newpage==0为NaN；可能>1,behavior_features()；T0部分当天仍按1个可观察自然日计，不是24小时标准化,V3-F0804,全量App行为,T0固定时点；提单/App<T0，放款/整笔结清≤T0；支付<T0，已确认整笔同秒结清订单的已知同秒支付可=T0；当前条件为T0已知值。来源可得时间仍待上线核验。,已入模,选定候选保留,0.0007349374568224244,0.0008784867461334,0.0,0.0500534171132781,167.7782964706421,V2继承
app_all_90d_confirm_per_newpage,全部日期｜确认埋点次数对进页比,confirm/newpage,S04｜event_track_record（App埋点）；S01｜order_loan_f_v2_copy（整笔订单）,"近90个自然日：start=max(可观察起点,DATE(T0)-(90-1)日)，create_time<T0",次数比（非用户确认率）,float32,newpage==0为NaN；可能>1，不等于成功提单,behavior_features()；T0部分当天仍按1个可观察自然日计，不是24小时标准化,V3-F0805,全量App行为,T0固定时点；提单/App<T0，放款/整笔结清≤T0；支付<T0，已确认整笔同秒结清订单的已知同秒支付可=T0；当前条件为T0已知值。来源可得时间仍待上线核验。,已入模,选定候选保留,0.0007349374568224244,0.0008784867461334,0.0,0.2297389942364278,4149.119275093079,V2继承
app_all_90d_coupon_accept_share,全部日期｜券点击对点击加关闭比,coupon_confirm/(coupon_confirm+coupon_back),S04｜event_track_record（App埋点）；S01｜order_loan_f_v2_copy（整笔订单）,"近90个自然日：start=max(可观察起点,DATE(T0)-(90-1)日)，create_time<T0",比例,float32,分母==0为NaN,behavior_features()；T0部分当天仍按1个可观察自然日计，不是24小时标准化,V3-F0806,全量App行为,T0固定时点；提单/App<T0，放款/整笔结清≤T0；支付<T0，已确认整笔同秒结清订单的已知同秒支付可=T0；当前条件为T0已知值。来源可得时间仍待上线核验。,已入模,选定候选保留,0.699841743467631,0.7145159860409263,0.6916657394013576,0.0044359480576255,72.72640037536621,V2继承
app_all_lifed_eligible_days,全部日期｜可观察且未排除日期数,"max(0,DATE(T0)-start+1-排除还款日数)",S04｜event_track_record（App埋点）；S01｜order_loan_f_v2_copy（整笔订单）,"从max(reg_date,2024-01-01)至T0；当天只取create_time<T0",自然日,float32,无日期为0,behavior_features()；T0部分当天仍按1个可观察自然日计，不是24小时标准化,V3-F0807,全量App行为,T0固定时点；提单/App<T0，放款/整笔结清≤T0；支付<T0，已确认整笔同秒结清订单的已知同秒支付可=T0；当前条件为T0已知值。来源可得时间仍待上线核验。,已入模,选定候选保留,0.0,0.0,0.0,0.0330072917697399,0.0,V2继承
app_all_lifed_empty_eligible,全部日期｜无可观察日期标记,INT(eligible_days==0),S04｜event_track_record（App埋点）；S01｜order_loan_f_v2_copy（整笔订单）,"从max(reg_date,2024-01-01)至T0；当天只取create_time<T0",0/1,float32,无日期为1,behavior_features()；T0部分当天仍按1个可观察自然日计，不是24小时标准化,V3-F0808,全量App行为,T0固定时点；提单/App<T0，放款/整笔结清≤T0；支付<T0，已确认整笔同秒结清订单的已知同秒支付可=T0；当前条件为T0已知值。来源可得时间仍待上线核验。,已入模,选定候选保留,0.0,0.0,0.0,0.0,0.0,V2继承
app_all_lifed_active_days,全部日期｜有埋点的日期数,COUNT(窗口内event_count>0的日期),S04｜event_track_record（App埋点）；S01｜order_loan_f_v2_copy（整笔订单）,"从max(reg_date,2024-01-01)至T0；当天只取create_time<T0",自然日,float32,无活跃或无可观察日期为0,behavior_features()；T0部分当天仍按1个可观察自然日计，不是24小时标准化,V3-F0809,全量App行为,T0固定时点；提单/App<T0，放款/整笔结清≤T0；支付<T0，已确认整笔同秒结清订单的已知同秒支付可=T0；当前条件为T0已知值。来源可得时间仍待上线核验。,已入模,选定候选保留,0.0,0.0,0.0,0.0321622870111554,32.97870063781738,V2继承
app_all_lifed_active_day_share,全部日期｜活跃日期占比,active_days/eligible_days,S04｜event_track_record（App埋点）；S01｜order_loan_f_v2_copy（整笔订单）,"从max(reg_date,2024-01-01)至T0；当天只取create_time<T0",比例,float32,eligible_days==0为NaN,behavior_features()；T0部分当天仍按1个可观察自然日计，不是24小时标准化,V3-F0810,全量App行为,T0固定时点；提单/App<T0，放款/整笔结清≤T0；支付<T0，已确认整笔同秒结清订单的已知同秒支付可=T0；当前条件为T0已知值。来源可得时间仍待上线核验。,已入模,选定候选保留,1.4698749136448488e-05,2.41785342972509e-05,0.0,0.0044105370006931,194.60200023651123,V2继承
app_all_lifed_events,全部日期｜活跃埋点条数,COUNT(e.user_id)；按窗口允许日期累加,S04｜event_track_record（App埋点）,"从max(reg_date,2024-01-01)至T0；当天只取create_time<T0",条,float32,eligible_days==0为NaN；有可观察日期而无行为为0,behavior_features()；次数不是人数，时长不去除重叠,V3-F0811,全量App行为,T0固定时点；提单/App<T0，放款/整笔结清≤T0；支付<T0，已确认整笔同秒结清订单的已知同秒支付可=T0；当前条件为T0已知值。来源可得时间仍待上线核验。,已入模,选定候选保留,1.4698749136448488e-05,2.41785342972509e-05,0.0,0.0324341395101763,211.1887998580933,V2继承
app_all_lifed_newpage,全部日期｜进入提单页次数,"SUM(INT(e.event_type='page_view_in' AND e.props_id IN ('Loan_newpage','Loan_newpage_select')))；按窗口允许日期累加",S04｜event_track_record（App埋点）,"从max(reg_date,2024-01-01)至T0；当天只取create_time<T0",次,float32,eligible_days==0为NaN；有可观察日期而无行为为0,behavior_features()；次数不是人数，时长不去除重叠,V3-F0812,全量App行为,T0固定时点；提单/App<T0，放款/整笔结清≤T0；支付<T0，已确认整笔同秒结清订单的已知同秒支付可=T0；当前条件为T0已知值。来源可得时间仍待上线核验。,已入模,选定候选保留,1.4698749136448488e-05,2.41785342972509e-05,0.0,0.0780791217650402,0.0,V2继承
app_all_lifed_amount,全部日期｜切换借款金额次数,"SUM(INT(e.props_id IN ('amount_modification','loan_form_loan_amount_selectionn_new','loan_form_loan_amount_selectionn_new_select')))；按窗口允许日期累加",S04｜event_track_record（App埋点）,"从max(reg_date,2024-01-01)至T0；当天只取create_time<T0",次,float32,eligible_days==0为NaN；有可观察日期而无行为为0,behavior_features()；次数不是人数，时长不去除重叠,V3-F0813,全量App行为,T0固定时点；提单/App<T0，放款/整笔结清≤T0；支付<T0，已确认整笔同秒结清订单的已知同秒支付可=T0；当前条件为T0已知值。来源可得时间仍待上线核验。,已入模,选定候选保留,1.4698749136448488e-05,2.41785342972509e-05,0.0,0.218136978395446,96.77449989318848,V2继承
app_all_lifed_contract,全部日期｜查看借款合同次数,"SUM(INT(e.props_id IN ('Loan_contract_newdetails','Loan_contract_newdetails_select')))；按窗口允许日期累加",S04｜event_track_record（App埋点）,"从max(reg_date,2024-01-01)至T0；当天只取create_time<T0",次,float32,eligible_days==0为NaN；有可观察日期而无行为为0,behavior_features()；次数不是人数，时长不去除重叠,V3-F0814,全量App行为,T0固定时点；提单/App<T0，放款/整笔结清≤T0；支付<T0，已确认整笔同秒结清订单的已知同秒支付可=T0；当前条件为T0已知值。来源可得时间仍待上线核验。,已入模,选定候选保留,1.4698749136448488e-05,2.41785342972509e-05,0.0,0.0016695014109268,25.589900016784668,V2继承
app_all_lifed_term,全部日期｜切换借款期次次数,"SUM(INT(e.props_id IN ('loan_form_term_selection_new','loan_form_term_selection_new_select')))；按窗口允许日期累加",S04｜event_track_record（App埋点）,"从max(reg_date,2024-01-01)至T0；当天只取create_time<T0",次,float32,eligible_days==0为NaN；有可观察日期而无行为为0,behavior_features()；次数不是人数，时长不去除重叠,V3-F0815,全量App行为,T0固定时点；提单/App<T0，放款/整笔结清≤T0；支付<T0，已确认整笔同秒结清订单的已知同秒支付可=T0；当前条件为T0已知值。来源可得时间仍待上线核验。,已入模,选定候选保留,1.4698749136448488e-05,2.41785342972509e-05,0.0,0.0497548192689578,12.363200187683104,V2继承
app_all_lifed_confirm,全部日期｜确认提单埋点次数,"SUM(INT(e.props_id IN ('Loan_newconfirm','Loan_newconfirm_select')))；按窗口允许日期累加",S04｜event_track_record（App埋点）,"从max(reg_date,2024-01-01)至T0；当天只取create_time<T0",次,float32,eligible_days==0为NaN；有可观察日期而无行为为0,behavior_features()；次数不是人数，时长不去除重叠,V3-F0816,全量App行为,T0固定时点；提单/App<T0，放款/整笔结清≤T0；支付<T0，已确认整笔同秒结清订单的已知同秒支付可=T0；当前条件为T0已知值。来源可得时间仍待上线核验。,已入模,选定候选保留,1.4698749136448488e-05,2.41785342972509e-05,0.0,0.0033762849094821,0.0,V2继承
app_all_lifed_plan,全部日期｜查看还款计划次数,"SUM(INT(e.props_id IN ('Loan_plan_newdetails','Loan_plan_newdetails_select')))；按窗口允许日期累加",S04｜event_track_record（App埋点）,"从max(reg_date,2024-01-01)至T0；当天只取create_time<T0",次,float32,eligible_days==0为NaN；有可观察日期而无行为为0,behavior_features()；次数不是人数，时长不去除重叠,V3-F0817,全量App行为,T0固定时点；提单/App<T0，放款/整笔结清≤T0；支付<T0，已确认整笔同秒结清订单的已知同秒支付可=T0；当前条件为T0已知值。来源可得时间仍待上线核验。,已入模,选定候选保留,1.4698749136448488e-05,2.41785342972509e-05,0.0,0.0656339503763009,262.0990991592407,V2继承
app_all_lifed_purpose,全部日期｜选择借款用途次数,"SUM(INT(e.props_id IN ('Loan_purpose_newdetails','Loan_purpose_newdetails_select')))；按窗口允许日期累加",S04｜event_track_record（App埋点）,"从max(reg_date,2024-01-01)至T0；当天只取create_time<T0",次,float32,eligible_days==0为NaN；有可观察日期而无行为为0,behavior_features()；次数不是人数，时长不去除重叠,V3-F0818,全量App行为,T0固定时点；提单/App<T0，放款/整笔结清≤T0；支付<T0，已确认整笔同秒结清订单的已知同秒支付可=T0；当前条件为T0已知值。来源可得时间仍待上线核验。,已入模,选定候选保留,1.4698749136448488e-05,2.41785342972509e-05,0.0,0.0061310412129782,49.28920078277588,V2继承
app_all_lifed_coupon_back,全部日期｜关闭优惠券拦截次数,"SUM(INT(e.props_id IN ('Order_coupons_back','Order_coupons_back_select')))；按窗口允许日期累加",S04｜event_track_record（App埋点）,"从max(reg_date,2024-01-01)至T0；当天只取create_time<T0",次,float32,eligible_days==0为NaN；有可观察日期而无行为为0,behavior_features()；次数不是人数，时长不去除重叠,V3-F0819,全量App行为,T0固定时点；提单/App<T0，放款/整笔结清≤T0；支付<T0，已确认整笔同秒结清订单的已知同秒支付可=T0；当前条件为T0已知值。来源可得时间仍待上线核验。,已入模,选定候选保留,1.4698749136448488e-05,2.41785342972509e-05,0.0,0.0139653458863168,33.16059970855713,V2继承
app_all_lifed_coupon_confirm,全部日期｜点击优惠券拦截次数,"SUM(INT(e.props_id IN ('Order_coupons_confirm','Order_coupons_confirm_select')))；按窗口允许日期累加",S04｜event_track_record（App埋点）,"从max(reg_date,2024-01-01)至T0；当天只取create_time<T0",次,float32,eligible_days==0为NaN；有可观察日期而无行为为0,behavior_features()；次数不是人数，时长不去除重叠,V3-F0820,全量App行为,T0固定时点；提单/App<T0，放款/整笔结清≤T0；支付<T0，已确认整笔同秒结清订单的已知同秒支付可=T0；当前条件为T0已知值。来源可得时间仍待上线核验。,已入模,选定候选保留,1.4698749136448488e-05,2.41785342972509e-05,0.0,0.0062094928172845,18.066699981689453,V2继承
app_all_lifed_coupon_page,全部日期｜进入优惠券挽留页次数,"SUM(INT(e.props_id IN ('Order_coupons_page','Order_coupons_page_select')))；按窗口允许日期累加",S04｜event_track_record（App埋点）,"从max(reg_date,2024-01-01)至T0；当天只取create_time<T0",次,float32,eligible_days==0为NaN；有可观察日期而无行为为0,behavior_features()；次数不是人数，时长不去除重叠,V3-F0821,全量App行为,T0固定时点；提单/App<T0，放款/整笔结清≤T0；支付<T0，已确认整笔同秒结清订单的已知同秒支付可=T0；当前条件为T0已知值。来源可得时间仍待上线核验。,已入模,选定候选保留,1.4698749136448488e-05,2.41785342972509e-05,0.0,0.0419114873616673,254.26780128479004,V2继承
app_all_lifed_repayment_page,全部日期｜名称含repay的辅助页面次数,"SUM(INT(lower(COALESCE(e.props_id,'')||' '||COALESCE(e.page_name,'')) LIKE '%repay%'))；按窗口允许日期累加",S04｜event_track_record（App埋点）,"从max(reg_date,2024-01-01)至T0；当天只取create_time<T0",次,float32,eligible_days==0为NaN；有可观察日期而无行为为0,behavior_features()；次数不是人数，时长不去除重叠,V3-F0822,全量App行为,T0固定时点；提单/App<T0，放款/整笔结清≤T0；支付<T0，已确认整笔同秒结清订单的已知同秒支付可=T0；当前条件为T0已知值。来源可得时间仍待上线核验。,已入模,选定候选保留,1.4698749136448488e-05,2.41785342972509e-05,0.0,0.0032907082072872,33.82550048828125,V2继承
app_all_lifed_duration,全部日期｜已结束页面累计停留,"SUM(min((event_end_time-event_start_time)/1000,3600))；仅page_view_out、end≥start且end≤截断时刻；按窗口允许日期累加",S04｜event_track_record（App埋点）,"从max(reg_date,2024-01-01)至T0；当天只取create_time<T0",秒,float32,eligible_days==0为NaN；有可观察日期而无行为为0,behavior_features()；次数不是人数，时长不去除重叠,V3-F0823,全量App行为,T0固定时点；提单/App<T0，放款/整笔结清≤T0；支付<T0，已确认整笔同秒结清订单的已知同秒支付可=T0；当前条件为T0已知值。来源可得时间仍待上线核验。,已入模,选定候选保留,1.4698749136448488e-05,2.41785342972509e-05,0.0,0.0141107860847226,124.7007999420166,V2继承
app_all_lifed_apply_duration,全部日期｜已结束提单页累计停留,与duration相同，另限定props_id为Loan_newpage/Loan_newpage_select；按窗口允许日期累加,S04｜event_track_record（App埋点）,"从max(reg_date,2024-01-01)至T0；当天只取create_time<T0",秒,float32,eligible_days==0为NaN；有可观察日期而无行为为0,behavior_features()；次数不是人数，时长不去除重叠,V3-F0824,全量App行为,T0固定时点；提单/App<T0，放款/整笔结清≤T0；支付<T0，已确认整笔同秒结清订单的已知同秒支付可=T0；当前条件为T0已知值。来源可得时间仍待上线核验。,已入模,选定候选保留,1.4698749136448488e-05,2.41785342972509e-05,0.0,0.0310017700086937,108.86300086975098,V2继承
app_all_lifed_non_apply_duration,全部日期｜非提单页累计停留,duration-apply_duration,S04｜event_track_record（App埋点）；S01｜order_loan_f_v2_copy（整笔订单）,"从max(reg_date,2024-01-01)至T0；当天只取create_time<T0",秒,float32,eligible_days==0为NaN，否则无行为为0,behavior_features()；T0部分当天仍按1个可观察自然日计，不是24小时标准化,V3-F0825,全量App行为,T0固定时点；提单/App<T0，放款/整笔结清≤T0；支付<T0，已确认整笔同秒结清订单的已知同秒支付可=T0；当前条件为T0已知值。来源可得时间仍待上线核验。,已入模,选定候选保留,1.4698749136448488e-05,2.41785342972509e-05,0.0,0.0071853162211899,109.87520027160645,V2继承
app_all_lifed_events_per_eligible_day,全部日期｜每可观察日活跃频次,events/eligible_days,S04｜event_track_record（App埋点）；S01｜order_loan_f_v2_copy（整笔订单）,"从max(reg_date,2024-01-01)至T0；当天只取create_time<T0",条/自然日,float32,eligible_days==0为NaN,behavior_features()；T0部分当天仍按1个可观察自然日计，不是24小时标准化,V3-F0826,全量App行为,T0固定时点；提单/App<T0，放款/整笔结清≤T0；支付<T0，已确认整笔同秒结清订单的已知同秒支付可=T0；当前条件为T0已知值。来源可得时间仍待上线核验。,已入模,选定候选保留,1.4698749136448488e-05,2.41785342972509e-05,0.0,0.0056314616919957,77.16749954223633,V2继承
app_all_lifed_duration_per_active_day,全部日期｜每活跃日累计页面停留,duration/active_days,S04｜event_track_record（App埋点）；S01｜order_loan_f_v2_copy（整笔订单）,"从max(reg_date,2024-01-01)至T0；当天只取create_time<T0",秒/活跃日,float32,active_days==0为NaN,behavior_features()；T0部分当天仍按1个可观察自然日计，不是24小时标准化,V3-F0827,全量App行为,T0固定时点；提单/App<T0，放款/整笔结清≤T0；支付<T0，已确认整笔同秒结清订单的已知同秒支付可=T0；当前条件为T0已知值。来源可得时间仍待上线核验。,已入模,选定候选保留,1.4698749136448488e-05,2.41785342972509e-05,0.0,0.0145414286715719,230.70540046691897,V2继承
app_all_lifed_apply_duration_share,全部日期｜提单页停留占比,apply_duration/duration,S04｜event_track_record（App埋点）；S01｜order_loan_f_v2_copy（整笔订单）,"从max(reg_date,2024-01-01)至T0；当天只取create_time<T0",比例,float32,duration==0为NaN,behavior_features()；T0部分当天仍按1个可观察自然日计，不是24小时标准化,V3-F0828,全量App行为,T0固定时点；提单/App<T0，放款/整笔结清≤T0；支付<T0，已确认整笔同秒结清订单的已知同秒支付可=T0；当前条件为T0已知值。来源可得时间仍待上线核验。,已入模,选定候选保留,2.4497915227414146e-05,4.029755716208484e-05,0.0,0.0457726491850414,356.8283004760742,V2继承
app_all_lifed_amount_per_newpage,全部日期｜切换金额次数对进页比,amount/newpage,S04｜event_track_record（App埋点）；S01｜order_loan_f_v2_copy（整笔订单）,"从max(reg_date,2024-01-01)至T0；当天只取create_time<T0",次数比,float32,newpage==0为NaN；可能>1,behavior_features()；T0部分当天仍按1个可观察自然日计，不是24小时标准化,V3-F0829,全量App行为,T0固定时点；提单/App<T0，放款/整笔结清≤T0；支付<T0，已确认整笔同秒结清订单的已知同秒支付可=T0；当前条件为T0已知值。来源可得时间仍待上线核验。,已入模,选定候选保留,0.0003870670605931435,0.0006044633574312,0.0,0.2082478073136454,134.62239837646484,V2继承
app_all_lifed_plan_per_newpage,全部日期｜查看计划次数对进页比,plan/newpage,S04｜event_track_record（App埋点）；S01｜order_loan_f_v2_copy（整笔订单）,"从max(reg_date,2024-01-01)至T0；当天只取create_time<T0",次数比,float32,newpage==0为NaN；可能>1,behavior_features()；T0部分当天仍按1个可观察自然日计，不是24小时标准化,V3-F0830,全量App行为,T0固定时点；提单/App<T0，放款/整笔结清≤T0；支付<T0，已确认整笔同秒结清订单的已知同秒支付可=T0；当前条件为T0已知值。来源可得时间仍待上线核验。,已入模,选定候选保留,0.0003870670605931435,0.0006044633574312,0.0,0.0481754721299076,587.6222009658813,V2继承
app_all_lifed_confirm_per_newpage,全部日期｜确认埋点次数对进页比,confirm/newpage,S04｜event_track_record（App埋点）；S01｜order_loan_f_v2_copy（整笔订单）,"从max(reg_date,2024-01-01)至T0；当天只取create_time<T0",次数比（非用户确认率）,float32,newpage==0为NaN；可能>1，不等于成功提单,behavior_features()；T0部分当天仍按1个可观察自然日计，不是24小时标准化,V3-F0831,全量App行为,T0固定时点；提单/App<T0，放款/整笔结清≤T0；支付<T0，已确认整笔同秒结清订单的已知同秒支付可=T0；当前条件为T0已知值。来源可得时间仍待上线核验。,已入模,选定候选保留,0.0003870670605931435,0.0006044633574312,0.0,0.2269737980200208,16691.166670799255,V2继承
app_all_lifed_coupon_accept_share,全部日期｜券点击对点击加关闭比,coupon_confirm/(coupon_confirm+coupon_back),S04｜event_track_record（App埋点）；S01｜order_loan_f_v2_copy（整笔订单）,"从max(reg_date,2024-01-01)至T0；当天只取create_time<T0",比例,float32,分母==0为NaN,behavior_features()；T0部分当天仍按1个可观察自然日计，不是24小时标准化,V3-F0832,全量App行为,T0固定时点；提单/App<T0，放款/整笔结清≤T0；支付<T0，已确认整笔同秒结清订单的已知同秒支付可=T0；当前条件为T0已知值。来源可得时间仍待上线核验。,已入模,选定候选保留,0.6248095287091069,0.6466468402685429,0.6019806387003449,0.0120886390354452,123.63359928131104,V2继承
app_all_events_7d_delta_prior7,全部日期｜活跃埋点条数与前7日差,NOW7-PREV7,S04｜event_track_record（App埋点）,NOW7：T0日前6日及T0截断日；PREV7：T0日前13日到前7日；应用相同日期排除,条,float32,NOW7缺失则NaN；PREV7无记录累加0；早期历史不足不补齐前窗，需结合观察日数,behavior_features(),V3-F0833,全量App行为,T0固定时点；提单/App<T0，放款/整笔结清≤T0；支付<T0，已确认整笔同秒结清订单的已知同秒支付可=T0；当前条件为T0已知值。来源可得时间仍待上线核验。,已入模,选定候选保留,1.4698749136448488e-05,2.41785342972509e-05,0.0,0.0226533168289324,175.63290214538574,V2继承
app_all_events_7d_ratio_prior7,全部日期｜活跃埋点条数与前7日比,NOW7/PREV7,S04｜event_track_record（App埋点）,NOW7：T0日前6日及T0截断日；PREV7：T0日前13日到前7日；应用相同日期排除,比值,float32,PREV7≤0或缺失为NaN；早期历史不足不补齐前窗，需结合观察日数,behavior_features(),V3-F0834,全量App行为,T0固定时点；提单/App<T0，放款/整笔结清≤T0；支付<T0，已确认整笔同秒结清订单的已知同秒支付可=T0；当前条件为T0已知值。来源可得时间仍待上线核验。,已入模,选定候选保留,0.1399908867755354,0.149568413162794,0.1211750305997552,0.0333267306867196,390.14989948272705,V2继承
app_all_newpage_7d_delta_prior7,全部日期｜进入提单页次数与前7日差,NOW7-PREV7,S04｜event_track_record（App埋点）,NOW7：T0日前6日及T0截断日；PREV7：T0日前13日到前7日；应用相同日期排除,次,float32,NOW7缺失则NaN；PREV7无记录累加0；早期历史不足不补齐前窗，需结合观察日数,behavior_features(),V3-F0835,全量App行为,T0固定时点；提单/App<T0，放款/整笔结清≤T0；支付<T0，已确认整笔同秒结清订单的已知同秒支付可=T0；当前条件为T0已知值。来源可得时间仍待上线核验。,已入模,选定候选保留,1.4698749136448488e-05,2.41785342972509e-05,0.0,0.0505385617101883,17.668500900268555,V2继承
app_all_newpage_7d_ratio_prior7,全部日期｜进入提单页次数与前7日比,NOW7/PREV7,S04｜event_track_record（App埋点）,NOW7：T0日前6日及T0截断日；PREV7：T0日前13日到前7日；应用相同日期排除,比值,float32,PREV7≤0或缺失为NaN；早期历史不足不补齐前窗，需结合观察日数,behavior_features(),V3-F0836,全量App行为,T0固定时点；提单/App<T0，放款/整笔结清≤T0；支付<T0，已确认整笔同秒结清订单的已知同秒支付可=T0；当前条件为T0已知值。来源可得时间仍待上线核验。,已入模,选定候选保留,0.44946325067736737,0.4451026378780918,0.4711249582730611,0.0627293932233572,95.19130039215088,V2继承
app_all_amount_7d_delta_prior7,全部日期｜切换借款金额次数与前7日差,NOW7-PREV7,S04｜event_track_record（App埋点）,NOW7：T0日前6日及T0截断日；PREV7：T0日前13日到前7日；应用相同日期排除,次,float32,NOW7缺失则NaN；PREV7无记录累加0；早期历史不足不补齐前窗，需结合观察日数,behavior_features(),V3-F0837,全量App行为,T0固定时点；提单/App<T0，放款/整笔结清≤T0；支付<T0，已确认整笔同秒结清订单的已知同秒支付可=T0；当前条件为T0已知值。来源可得时间仍待上线核验。,已入模,选定候选保留,1.4698749136448488e-05,2.41785342972509e-05,0.0,0.0290225220854093,56.487199783325195,V2继承
app_all_amount_7d_ratio_prior7,全部日期｜切换借款金额次数与前7日比,NOW7/PREV7,S04｜event_track_record（App埋点）,NOW7：T0日前6日及T0截断日；PREV7：T0日前13日到前7日；应用相同日期排除,比值,float32,PREV7≤0或缺失为NaN；早期历史不足不补齐前窗，需结合观察日数,behavior_features(),V3-F0838,全量App行为,T0固定时点；提单/App<T0，放款/整笔结清≤T0；支付<T0，已确认整笔同秒结清订单的已知同秒支付可=T0；当前条件为T0已知值。来源可得时间仍待上线核验。,已入模,选定候选保留,0.7785829425915854,0.7957639207911217,0.7483031044842551,0.0189886805705767,18.296300888061523,V2继承
app_all_plan_7d_delta_prior7,全部日期｜查看还款计划次数与前7日差,NOW7-PREV7,S04｜event_track_record（App埋点）,NOW7：T0日前6日及T0截断日；PREV7：T0日前13日到前7日；应用相同日期排除,次,float32,NOW7缺失则NaN；PREV7无记录累加0；早期历史不足不补齐前窗，需结合观察日数,behavior_features(),V3-F0839,全量App行为,T0固定时点；提单/App<T0，放款/整笔结清≤T0；支付<T0，已确认整笔同秒结清订单的已知同秒支付可=T0；当前条件为T0已知值。来源可得时间仍待上线核验。,已入模,选定候选保留,1.4698749136448488e-05,2.41785342972509e-05,0.0,0.0146344566350011,43.15669918060303,V2继承
app_all_plan_7d_ratio_prior7,全部日期｜查看还款计划次数与前7日比,NOW7/PREV7,S04｜event_track_record（App埋点）,NOW7：T0日前6日及T0截断日；PREV7：T0日前13日到前7日；应用相同日期排除,比值,float32,PREV7≤0或缺失为NaN；早期历史不足不补齐前窗，需结合观察日数,behavior_features(),V3-F0840,全量App行为,T0固定时点；提单/App<T0，放款/整笔结清≤T0；支付<T0，已确认整笔同秒结清订单的已知同秒支付可=T0；当前条件为T0已知值。来源可得时间仍待上线核验。,已入模,选定候选保留,0.7033498449281966,0.704884869879188,0.7089128741515522,0.0060787409581125,138.17290115356445,V2继承
app_all_term_7d_delta_prior7,全部日期｜切换借款期次次数与前7日差,NOW7-PREV7,S04｜event_track_record（App埋点）,NOW7：T0日前6日及T0截断日；PREV7：T0日前13日到前7日；应用相同日期排除,次,float32,NOW7缺失则NaN；PREV7无记录累加0；早期历史不足不补齐前窗，需结合观察日数,behavior_features(),V3-F0841,全量App行为,T0固定时点；提单/App<T0，放款/整笔结清≤T0；支付<T0，已确认整笔同秒结清订单的已知同秒支付可=T0；当前条件为T0已知值。来源可得时间仍待上线核验。,已入模,选定候选保留,1.4698749136448488e-05,2.41785342972509e-05,0.0,0.0034751760017723,10.939599990844728,V2继承
app_all_term_7d_ratio_prior7,全部日期｜切换借款期次次数与前7日比,NOW7/PREV7,S04｜event_track_record（App埋点）,NOW7：T0日前6日及T0截断日；PREV7：T0日前13日到前7日；应用相同日期排除,比值,float32,PREV7≤0或缺失为NaN；早期历史不足不补齐前窗，需结合观察日数,behavior_features(),V3-F0842,全量App行为,T0固定时点；提单/App<T0，放款/整笔结清≤T0；支付<T0，已确认整笔同秒结清订单的已知同秒支付可=T0；当前条件为T0已知值。来源可得时间仍待上线核验。,已入模,选定候选保留,0.8452515690914704,0.8350943365813165,0.8516746411483254,0.0022909789756111,0.0,V2继承
app_all_confirm_7d_delta_prior7,全部日期｜确认提单埋点次数与前7日差,NOW7-PREV7,S04｜event_track_record（App埋点）,NOW7：T0日前6日及T0截断日；PREV7：T0日前13日到前7日；应用相同日期排除,次,float32,NOW7缺失则NaN；PREV7无记录累加0；早期历史不足不补齐前窗，需结合观察日数,behavior_features(),V3-F0843,全量App行为,T0固定时点；提单/App<T0，放款/整笔结清≤T0；支付<T0，已确认整笔同秒结清订单的已知同秒支付可=T0；当前条件为T0已知值。来源可得时间仍待上线核验。,已入模,选定候选保留,1.4698749136448488e-05,2.41785342972509e-05,0.0,0.0973019573468926,46.24410057067871,V2继承
app_all_confirm_7d_ratio_prior7,全部日期｜确认提单埋点次数与前7日比,NOW7/PREV7,S04｜event_track_record（App埋点）,NOW7：T0日前6日及T0截断日；PREV7：T0日前13日到前7日；应用相同日期排除,比值,float32,PREV7≤0或缺失为NaN；早期历史不足不补齐前窗，需结合观察日数,behavior_features(),V3-F0844,全量App行为,T0固定时点；提单/App<T0，放款/整笔结清≤T0；支付<T0，已确认整笔同秒结清订单的已知同秒支付可=T0；当前条件为T0已知值。来源可得时间仍待上线核验。,已入模,选定候选保留,0.561428522432741,0.5259475970566664,0.6698564593301436,0.090933802782036,111.04090023040771,V2继承
app_all_duration_7d_delta_prior7,全部日期｜已结束页面累计停留与前7日差,NOW7-PREV7,S04｜event_track_record（App埋点）,NOW7：T0日前6日及T0截断日；PREV7：T0日前13日到前7日；应用相同日期排除,秒,float32,NOW7缺失则NaN；PREV7无记录累加0；早期历史不足不补齐前窗，需结合观察日数,behavior_features(),V3-F0845,全量App行为,T0固定时点；提单/App<T0，放款/整笔结清≤T0；支付<T0，已确认整笔同秒结清订单的已知同秒支付可=T0；当前条件为T0已知值。来源可得时间仍待上线核验。,已入模,选定候选保留,1.4698749136448488e-05,2.41785342972509e-05,0.0,0.0281414834106526,164.07379817962646,V2继承
app_all_duration_7d_ratio_prior7,全部日期｜已结束页面累计停留与前7日比,NOW7/PREV7,S04｜event_track_record（App埋点）,NOW7：T0日前6日及T0截断日；PREV7：T0日前13日到前7日；应用相同日期排除,比值,float32,PREV7≤0或缺失为NaN；早期历史不足不补齐前窗，需结合观察日数,behavior_features(),V3-F0846,全量App行为,T0固定时点；提单/App<T0，放款/整笔结清≤T0；支付<T0，已确认整笔同秒结清订单的已知同秒支付可=T0；当前条件为T0已知值。来源可得时间仍待上线核验。,已入模,选定候选保留,0.14500316023106433,0.1545653102508926,0.1267386224546567,0.0309161871238722,233.21699905395508,V2继承
app_all_events_3d_perday_vs14d,全部日期｜活跃埋点条数近3日与近14日日均差,app_all_3d_events/app_all_3d_eligible_days - app_all_14d_events/app_all_14d_eligible_days,S04｜event_track_record（App埋点）,近3 / 14个自然日，均含T0截断日,条/自然日,float32,任一eligible_days==0为NaN,behavior_features()；两个窗口相互包含,V3-F0847,全量App行为,T0固定时点；提单/App<T0，放款/整笔结清≤T0；支付<T0，已确认整笔同秒结清订单的已知同秒支付可=T0；当前条件为T0已知值。来源可得时间仍待上线核验。,已入模,选定候选保留,1.4698749136448488e-05,2.41785342972509e-05,0.0,0.0435634846989665,1078.1891040802002,V2继承
app_all_newpage_3d_perday_vs14d,全部日期｜进入提单页次数近3日与近14日日均差,app_all_3d_newpage/app_all_3d_eligible_days - app_all_14d_newpage/app_all_14d_eligible_days,S04｜event_track_record（App埋点）,近3 / 14个自然日，均含T0截断日,次/自然日,float32,任一eligible_days==0为NaN,behavior_features()；两个窗口相互包含,V3-F0848,全量App行为,T0固定时点；提单/App<T0，放款/整笔结清≤T0；支付<T0，已确认整笔同秒结清订单的已知同秒支付可=T0；当前条件为T0已知值。来源可得时间仍待上线核验。,已入模,选定候选保留,1.4698749136448488e-05,2.41785342972509e-05,0.0,0.1489463995898325,153.15940380096436,V2继承
app_all_amount_3d_perday_vs14d,全部日期｜切换借款金额次数近3日与近14日日均差,app_all_3d_amount/app_all_3d_eligible_days - app_all_14d_amount/app_all_14d_eligible_days,S04｜event_track_record（App埋点）,近3 / 14个自然日，均含T0截断日,次/自然日,float32,任一eligible_days==0为NaN,behavior_features()；两个窗口相互包含,V3-F0849,全量App行为,T0固定时点；提单/App<T0，放款/整笔结清≤T0；支付<T0，已确认整笔同秒结清订单的已知同秒支付可=T0；当前条件为T0已知值。来源可得时间仍待上线核验。,已入模,选定候选保留,1.4698749136448488e-05,2.41785342972509e-05,0.0,0.0193509539100076,37.67140007019043,V2继承
app_all_plan_3d_perday_vs14d,全部日期｜查看还款计划次数近3日与近14日日均差,app_all_3d_plan/app_all_3d_eligible_days - app_all_14d_plan/app_all_14d_eligible_days,S04｜event_track_record（App埋点）,近3 / 14个自然日，均含T0截断日,次/自然日,float32,任一eligible_days==0为NaN,behavior_features()；两个窗口相互包含,V3-F0850,全量App行为,T0固定时点；提单/App<T0，放款/整笔结清≤T0；支付<T0，已确认整笔同秒结清订单的已知同秒支付可=T0；当前条件为T0已知值。来源可得时间仍待上线核验。,已入模,选定候选保留,1.4698749136448488e-05,2.41785342972509e-05,0.0,0.0164528169042656,67.37399864196777,V2继承
app_all_duration_3d_perday_vs14d,全部日期｜已结束页面累计停留近3日与近14日日均差,app_all_3d_duration/app_all_3d_eligible_days - app_all_14d_duration/app_all_14d_eligible_days,S04｜event_track_record（App埋点）,近3 / 14个自然日，均含T0截断日,秒/自然日,float32,任一eligible_days==0为NaN,behavior_features()；两个窗口相互包含,V3-F0851,全量App行为,T0固定时点；提单/App<T0，放款/整笔结清≤T0；支付<T0，已确认整笔同秒结清订单的已知同秒支付可=T0；当前条件为T0已知值。来源可得时间仍待上线核验。,已入模,选定候选保留,1.4698749136448488e-05,2.41785342972509e-05,0.0,0.0483567288690558,174.58559894561768,V2继承
app_nonpay_1d_eligible_days,非还款日｜可观察且未排除日期数,"max(0,DATE(T0)-start+1-排除还款日数)",S04｜event_track_record（App埋点）；S01｜order_loan_f_v2_copy（整笔订单）；S03｜repayment_record_copy（正向入账）,"近1个自然日：start=max(可观察起点,DATE(T0)-(1-1)日)，create_time<T0；排除Pknown发生支付的整个自然日",自然日,float32,无日期为0,behavior_features()；T0部分当天仍按1个可观察自然日计，不是24小时标准化,V3-F0852,非还款日行为,T0固定时点；提单/App<T0，放款/整笔结清≤T0；支付<T0，已确认整笔同秒结清订单的已知同秒支付可=T0；当前条件为T0已知值。来源可得时间仍待上线核验。,未入模,训练期全缺失或常量,0.0,0.0,0.0,0.0,0,V2继承
app_nonpay_1d_empty_eligible,非还款日｜无可观察日期标记,INT(eligible_days==0),S04｜event_track_record（App埋点）；S01｜order_loan_f_v2_copy（整笔订单）；S03｜repayment_record_copy（正向入账）,"近1个自然日：start=max(可观察起点,DATE(T0)-(1-1)日)，create_time<T0；排除Pknown发生支付的整个自然日",0/1,float32,无日期为1,behavior_features()；T0部分当天仍按1个可观察自然日计，不是24小时标准化,V3-F0853,非还款日行为,T0固定时点；提单/App<T0，放款/整笔结清≤T0；支付<T0，已确认整笔同秒结清订单的已知同秒支付可=T0；当前条件为T0已知值。来源可得时间仍待上线核验。,未入模,训练期全缺失或常量,0.0,0.0,0.0,0.0,0,V2继承
app_nonpay_1d_active_days,非还款日｜有埋点的日期数,COUNT(窗口内event_count>0的日期),S04｜event_track_record（App埋点）；S01｜order_loan_f_v2_copy（整笔订单）；S03｜repayment_record_copy（正向入账）,"近1个自然日：start=max(可观察起点,DATE(T0)-(1-1)日)，create_time<T0；排除Pknown发生支付的整个自然日",自然日,float32,无活跃或无可观察日期为0,behavior_features()；T0部分当天仍按1个可观察自然日计，不是24小时标准化,V3-F0854,非还款日行为,T0固定时点；提单/App<T0，放款/整笔结清≤T0；支付<T0，已确认整笔同秒结清订单的已知同秒支付可=T0；当前条件为T0已知值。来源可得时间仍待上线核验。,未入模,训练期全缺失或常量,0.0,0.0,0.0,0.0,0,V2继承
app_nonpay_1d_active_day_share,非还款日｜活跃日期占比,active_days/eligible_days,S04｜event_track_record（App埋点）；S01｜order_loan_f_v2_copy（整笔订单）；S03｜repayment_record_copy（正向入账）,"近1个自然日：start=max(可观察起点,DATE(T0)-(1-1)日)，create_time<T0；排除Pknown发生支付的整个自然日",比例,float32,eligible_days==0为NaN,behavior_features()；T0部分当天仍按1个可观察自然日计，不是24小时标准化,V3-F0855,非还款日行为,T0固定时点；提单/App<T0，放款/整笔结清≤T0；支付<T0，已确认整笔同秒结清订单的已知同秒支付可=T0；当前条件为T0已知值。来源可得时间仍待上线核验。,未入模,训练期全缺失或常量,1.0,1.0,1.0,,0,V2继承
app_nonpay_1d_events,非还款日｜活跃埋点条数,COUNT(e.user_id)；按窗口允许日期累加,S04｜event_track_record（App埋点）；S03｜repayment_record_copy（正向入账）,"近1个自然日：start=max(可观察起点,DATE(T0)-(1-1)日)，create_time<T0；排除Pknown发生支付的整个自然日",条,float32,eligible_days==0为NaN；有可观察日期而无行为为0,behavior_features()；次数不是人数，时长不去除重叠,V3-F0856,非还款日行为,T0固定时点；提单/App<T0，放款/整笔结清≤T0；支付<T0，已确认整笔同秒结清订单的已知同秒支付可=T0；当前条件为T0已知值。来源可得时间仍待上线核验。,未入模,训练期全缺失或常量,1.0,1.0,1.0,,0,V2继承
app_nonpay_1d_newpage,非还款日｜进入提单页次数,"SUM(INT(e.event_type='page_view_in' AND e.props_id IN ('Loan_newpage','Loan_newpage_select')))；按窗口允许日期累加",S04｜event_track_record（App埋点）；S03｜repayment_record_copy（正向入账）,"近1个自然日：start=max(可观察起点,DATE(T0)-(1-1)日)，create_time<T0；排除Pknown发生支付的整个自然日",次,float32,eligible_days==0为NaN；有可观察日期而无行为为0,behavior_features()；次数不是人数，时长不去除重叠,V3-F0857,非还款日行为,T0固定时点；提单/App<T0，放款/整笔结清≤T0；支付<T0，已确认整笔同秒结清订单的已知同秒支付可=T0；当前条件为T0已知值。来源可得时间仍待上线核验。,未入模,训练期全缺失或常量,1.0,1.0,1.0,,0,V2继承
app_nonpay_1d_amount,非还款日｜切换借款金额次数,"SUM(INT(e.props_id IN ('amount_modification','loan_form_loan_amount_selectionn_new','loan_form_loan_amount_selectionn_new_select')))；按窗口允许日期累加",S04｜event_track_record（App埋点）；S03｜repayment_record_copy（正向入账）,"近1个自然日：start=max(可观察起点,DATE(T0)-(1-1)日)，create_time<T0；排除Pknown发生支付的整个自然日",次,float32,eligible_days==0为NaN；有可观察日期而无行为为0,behavior_features()；次数不是人数，时长不去除重叠,V3-F0858,非还款日行为,T0固定时点；提单/App<T0，放款/整笔结清≤T0；支付<T0，已确认整笔同秒结清订单的已知同秒支付可=T0；当前条件为T0已知值。来源可得时间仍待上线核验。,未入模,训练期全缺失或常量,1.0,1.0,1.0,,0,V2继承
app_nonpay_1d_contract,非还款日｜查看借款合同次数,"SUM(INT(e.props_id IN ('Loan_contract_newdetails','Loan_contract_newdetails_select')))；按窗口允许日期累加",S04｜event_track_record（App埋点）；S03｜repayment_record_copy（正向入账）,"近1个自然日：start=max(可观察起点,DATE(T0)-(1-1)日)，create_time<T0；排除Pknown发生支付的整个自然日",次,float32,eligible_days==0为NaN；有可观察日期而无行为为0,behavior_features()；次数不是人数，时长不去除重叠,V3-F0859,非还款日行为,T0固定时点；提单/App<T0，放款/整笔结清≤T0；支付<T0，已确认整笔同秒结清订单的已知同秒支付可=T0；当前条件为T0已知值。来源可得时间仍待上线核验。,未入模,训练期全缺失或常量,1.0,1.0,1.0,,0,V2继承
app_nonpay_1d_term,非还款日｜切换借款期次次数,"SUM(INT(e.props_id IN ('loan_form_term_selection_new','loan_form_term_selection_new_select')))；按窗口允许日期累加",S04｜event_track_record（App埋点）；S03｜repayment_record_copy（正向入账）,"近1个自然日：start=max(可观察起点,DATE(T0)-(1-1)日)，create_time<T0；排除Pknown发生支付的整个自然日",次,float32,eligible_days==0为NaN；有可观察日期而无行为为0,behavior_features()；次数不是人数，时长不去除重叠,V3-F0860,非还款日行为,T0固定时点；提单/App<T0，放款/整笔结清≤T0；支付<T0，已确认整笔同秒结清订单的已知同秒支付可=T0；当前条件为T0已知值。来源可得时间仍待上线核验。,未入模,训练期全缺失或常量,1.0,1.0,1.0,,0,V2继承
app_nonpay_1d_confirm,非还款日｜确认提单埋点次数,"SUM(INT(e.props_id IN ('Loan_newconfirm','Loan_newconfirm_select')))；按窗口允许日期累加",S04｜event_track_record（App埋点）；S03｜repayment_record_copy（正向入账）,"近1个自然日：start=max(可观察起点,DATE(T0)-(1-1)日)，create_time<T0；排除Pknown发生支付的整个自然日",次,float32,eligible_days==0为NaN；有可观察日期而无行为为0,behavior_features()；次数不是人数，时长不去除重叠,V3-F0861,非还款日行为,T0固定时点；提单/App<T0，放款/整笔结清≤T0；支付<T0，已确认整笔同秒结清订单的已知同秒支付可=T0；当前条件为T0已知值。来源可得时间仍待上线核验。,未入模,训练期全缺失或常量,1.0,1.0,1.0,,0,V2继承
app_nonpay_1d_plan,非还款日｜查看还款计划次数,"SUM(INT(e.props_id IN ('Loan_plan_newdetails','Loan_plan_newdetails_select')))；按窗口允许日期累加",S04｜event_track_record（App埋点）；S03｜repayment_record_copy（正向入账）,"近1个自然日：start=max(可观察起点,DATE(T0)-(1-1)日)，create_time<T0；排除Pknown发生支付的整个自然日",次,float32,eligible_days==0为NaN；有可观察日期而无行为为0,behavior_features()；次数不是人数，时长不去除重叠,V3-F0862,非还款日行为,T0固定时点；提单/App<T0，放款/整笔结清≤T0；支付<T0，已确认整笔同秒结清订单的已知同秒支付可=T0；当前条件为T0已知值。来源可得时间仍待上线核验。,未入模,训练期全缺失或常量,1.0,1.0,1.0,,0,V2继承
app_nonpay_1d_purpose,非还款日｜选择借款用途次数,"SUM(INT(e.props_id IN ('Loan_purpose_newdetails','Loan_purpose_newdetails_select')))；按窗口允许日期累加",S04｜event_track_record（App埋点）；S03｜repayment_record_copy（正向入账）,"近1个自然日：start=max(可观察起点,DATE(T0)-(1-1)日)，create_time<T0；排除Pknown发生支付的整个自然日",次,float32,eligible_days==0为NaN；有可观察日期而无行为为0,behavior_features()；次数不是人数，时长不去除重叠,V3-F0863,非还款日行为,T0固定时点；提单/App<T0，放款/整笔结清≤T0；支付<T0，已确认整笔同秒结清订单的已知同秒支付可=T0；当前条件为T0已知值。来源可得时间仍待上线核验。,未入模,训练期全缺失或常量,1.0,1.0,1.0,,0,V2继承
app_nonpay_1d_coupon_back,非还款日｜关闭优惠券拦截次数,"SUM(INT(e.props_id IN ('Order_coupons_back','Order_coupons_back_select')))；按窗口允许日期累加",S04｜event_track_record（App埋点）；S03｜repayment_record_copy（正向入账）,"近1个自然日：start=max(可观察起点,DATE(T0)-(1-1)日)，create_time<T0；排除Pknown发生支付的整个自然日",次,float32,eligible_days==0为NaN；有可观察日期而无行为为0,behavior_features()；次数不是人数，时长不去除重叠,V3-F0864,非还款日行为,T0固定时点；提单/App<T0，放款/整笔结清≤T0；支付<T0，已确认整笔同秒结清订单的已知同秒支付可=T0；当前条件为T0已知值。来源可得时间仍待上线核验。,未入模,训练期全缺失或常量,1.0,1.0,1.0,,0,V2继承
app_nonpay_1d_coupon_confirm,非还款日｜点击优惠券拦截次数,"SUM(INT(e.props_id IN ('Order_coupons_confirm','Order_coupons_confirm_select')))；按窗口允许日期累加",S04｜event_track_record（App埋点）；S03｜repayment_record_copy（正向入账）,"近1个自然日：start=max(可观察起点,DATE(T0)-(1-1)日)，create_time<T0；排除Pknown发生支付的整个自然日",次,float32,eligible_days==0为NaN；有可观察日期而无行为为0,behavior_features()；次数不是人数，时长不去除重叠,V3-F0865,非还款日行为,T0固定时点；提单/App<T0，放款/整笔结清≤T0；支付<T0，已确认整笔同秒结清订单的已知同秒支付可=T0；当前条件为T0已知值。来源可得时间仍待上线核验。,未入模,训练期全缺失或常量,1.0,1.0,1.0,,0,V2继承
app_nonpay_1d_coupon_page,非还款日｜进入优惠券挽留页次数,"SUM(INT(e.props_id IN ('Order_coupons_page','Order_coupons_page_select')))；按窗口允许日期累加",S04｜event_track_record（App埋点）；S03｜repayment_record_copy（正向入账）,"近1个自然日：start=max(可观察起点,DATE(T0)-(1-1)日)，create_time<T0；排除Pknown发生支付的整个自然日",次,float32,eligible_days==0为NaN；有可观察日期而无行为为0,behavior_features()；次数不是人数，时长不去除重叠,V3-F0866,非还款日行为,T0固定时点；提单/App<T0，放款/整笔结清≤T0；支付<T0，已确认整笔同秒结清订单的已知同秒支付可=T0；当前条件为T0已知值。来源可得时间仍待上线核验。,未入模,训练期全缺失或常量,1.0,1.0,1.0,,0,V2继承
app_nonpay_1d_repayment_page,非还款日｜名称含repay的辅助页面次数,"SUM(INT(lower(COALESCE(e.props_id,'')||' '||COALESCE(e.page_name,'')) LIKE '%repay%'))；按窗口允许日期累加",S04｜event_track_record（App埋点）；S03｜repayment_record_copy（正向入账）,"近1个自然日：start=max(可观察起点,DATE(T0)-(1-1)日)，create_time<T0；排除Pknown发生支付的整个自然日",次,float32,eligible_days==0为NaN；有可观察日期而无行为为0,behavior_features()；次数不是人数，时长不去除重叠,V3-F0867,非还款日行为,T0固定时点；提单/App<T0，放款/整笔结清≤T0；支付<T0，已确认整笔同秒结清订单的已知同秒支付可=T0；当前条件为T0已知值。来源可得时间仍待上线核验。,未入模,训练期全缺失或常量,1.0,1.0,1.0,,0,V2继承
app_nonpay_1d_duration,非还款日｜已结束页面累计停留,"SUM(min((event_end_time-event_start_time)/1000,3600))；仅page_view_out、end≥start且end≤截断时刻；按窗口允许日期累加",S04｜event_track_record（App埋点）；S03｜repayment_record_copy（正向入账）,"近1个自然日：start=max(可观察起点,DATE(T0)-(1-1)日)，create_time<T0；排除Pknown发生支付的整个自然日",秒,float32,eligible_days==0为NaN；有可观察日期而无行为为0,behavior_features()；次数不是人数，时长不去除重叠,V3-F0868,非还款日行为,T0固定时点；提单/App<T0，放款/整笔结清≤T0；支付<T0，已确认整笔同秒结清订单的已知同秒支付可=T0；当前条件为T0已知值。来源可得时间仍待上线核验。,未入模,训练期全缺失或常量,1.0,1.0,1.0,,0,V2继承
app_nonpay_1d_apply_duration,非还款日｜已结束提单页累计停留,与duration相同，另限定props_id为Loan_newpage/Loan_newpage_select；按窗口允许日期累加,S04｜event_track_record（App埋点）；S03｜repayment_record_copy（正向入账）,"近1个自然日：start=max(可观察起点,DATE(T0)-(1-1)日)，create_time<T0；排除Pknown发生支付的整个自然日",秒,float32,eligible_days==0为NaN；有可观察日期而无行为为0,behavior_features()；次数不是人数，时长不去除重叠,V3-F0869,非还款日行为,T0固定时点；提单/App<T0，放款/整笔结清≤T0；支付<T0，已确认整笔同秒结清订单的已知同秒支付可=T0；当前条件为T0已知值。来源可得时间仍待上线核验。,未入模,训练期全缺失或常量,1.0,1.0,1.0,,0,V2继承
app_nonpay_1d_non_apply_duration,非还款日｜非提单页累计停留,duration-apply_duration,S04｜event_track_record（App埋点）；S01｜order_loan_f_v2_copy（整笔订单）；S03｜repayment_record_copy（正向入账）,"近1个自然日：start=max(可观察起点,DATE(T0)-(1-1)日)，create_time<T0；排除Pknown发生支付的整个自然日",秒,float32,eligible_days==0为NaN，否则无行为为0,behavior_features()；T0部分当天仍按1个可观察自然日计，不是24小时标准化,V3-F0870,非还款日行为,T0固定时点；提单/App<T0，放款/整笔结清≤T0；支付<T0，已确认整笔同秒结清订单的已知同秒支付可=T0；当前条件为T0已知值。来源可得时间仍待上线核验。,未入模,训练期全缺失或常量,1.0,1.0,1.0,,0,V2继承
app_nonpay_1d_events_per_eligible_day,非还款日｜每可观察日活跃频次,events/eligible_days,S04｜event_track_record（App埋点）；S01｜order_loan_f_v2_copy（整笔订单）；S03｜repayment_record_copy（正向入账）,"近1个自然日：start=max(可观察起点,DATE(T0)-(1-1)日)，create_time<T0；排除Pknown发生支付的整个自然日",条/自然日,float32,eligible_days==0为NaN,behavior_features()；T0部分当天仍按1个可观察自然日计，不是24小时标准化,V3-F0871,非还款日行为,T0固定时点；提单/App<T0，放款/整笔结清≤T0；支付<T0，已确认整笔同秒结清订单的已知同秒支付可=T0；当前条件为T0已知值。来源可得时间仍待上线核验。,未入模,训练期全缺失或常量,1.0,1.0,1.0,,0,V2继承
app_nonpay_1d_duration_per_active_day,非还款日｜每活跃日累计页面停留,duration/active_days,S04｜event_track_record（App埋点）；S01｜order_loan_f_v2_copy（整笔订单）；S03｜repayment_record_copy（正向入账）,"近1个自然日：start=max(可观察起点,DATE(T0)-(1-1)日)，create_time<T0；排除Pknown发生支付的整个自然日",秒/活跃日,float32,active_days==0为NaN,behavior_features()；T0部分当天仍按1个可观察自然日计，不是24小时标准化,V3-F0872,非还款日行为,T0固定时点；提单/App<T0，放款/整笔结清≤T0；支付<T0，已确认整笔同秒结清订单的已知同秒支付可=T0；当前条件为T0已知值。来源可得时间仍待上线核验。,未入模,训练期全缺失或常量,1.0,1.0,1.0,,0,V2继承
app_nonpay_1d_apply_duration_share,非还款日｜提单页停留占比,apply_duration/duration,S04｜event_track_record（App埋点）；S01｜order_loan_f_v2_copy（整笔订单）；S03｜repayment_record_copy（正向入账）,"近1个自然日：start=max(可观察起点,DATE(T0)-(1-1)日)，create_time<T0；排除Pknown发生支付的整个自然日",比例,float32,duration==0为NaN,behavior_features()；T0部分当天仍按1个可观察自然日计，不是24小时标准化,V3-F0873,非还款日行为,T0固定时点；提单/App<T0，放款/整笔结清≤T0；支付<T0，已确认整笔同秒结清订单的已知同秒支付可=T0；当前条件为T0已知值。来源可得时间仍待上线核验。,未入模,训练期全缺失或常量,1.0,1.0,1.0,,0,V2继承
app_nonpay_1d_amount_per_newpage,非还款日｜切换金额次数对进页比,amount/newpage,S04｜event_track_record（App埋点）；S01｜order_loan_f_v2_copy（整笔订单）；S03｜repayment_record_copy（正向入账）,"近1个自然日：start=max(可观察起点,DATE(T0)-(1-1)日)，create_time<T0；排除Pknown发生支付的整个自然日",次数比,float32,newpage==0为NaN；可能>1,behavior_features()；T0部分当天仍按1个可观察自然日计，不是24小时标准化,V3-F0874,非还款日行为,T0固定时点；提单/App<T0，放款/整笔结清≤T0；支付<T0，已确认整笔同秒结清订单的已知同秒支付可=T0；当前条件为T0已知值。来源可得时间仍待上线核验。,未入模,训练期全缺失或常量,1.0,1.0,1.0,,0,V2继承
app_nonpay_1d_plan_per_newpage,非还款日｜查看计划次数对进页比,plan/newpage,S04｜event_track_record（App埋点）；S01｜order_loan_f_v2_copy（整笔订单）；S03｜repayment_record_copy（正向入账）,"近1个自然日：start=max(可观察起点,DATE(T0)-(1-1)日)，create_time<T0；排除Pknown发生支付的整个自然日",次数比,float32,newpage==0为NaN；可能>1,behavior_features()；T0部分当天仍按1个可观察自然日计，不是24小时标准化,V3-F0875,非还款日行为,T0固定时点；提单/App<T0，放款/整笔结清≤T0；支付<T0，已确认整笔同秒结清订单的已知同秒支付可=T0；当前条件为T0已知值。来源可得时间仍待上线核验。,未入模,训练期全缺失或常量,1.0,1.0,1.0,,0,V2继承
app_nonpay_1d_confirm_per_newpage,非还款日｜确认埋点次数对进页比,confirm/newpage,S04｜event_track_record（App埋点）；S01｜order_loan_f_v2_copy（整笔订单）；S03｜repayment_record_copy（正向入账）,"近1个自然日：start=max(可观察起点,DATE(T0)-(1-1)日)，create_time<T0；排除Pknown发生支付的整个自然日",次数比（非用户确认率）,float32,newpage==0为NaN；可能>1，不等于成功提单,behavior_features()；T0部分当天仍按1个可观察自然日计，不是24小时标准化,V3-F0876,非还款日行为,T0固定时点；提单/App<T0，放款/整笔结清≤T0；支付<T0，已确认整笔同秒结清订单的已知同秒支付可=T0；当前条件为T0已知值。来源可得时间仍待上线核验。,未入模,训练期全缺失或常量,1.0,1.0,1.0,,0,V2继承
app_nonpay_1d_coupon_accept_share,非还款日｜券点击对点击加关闭比,coupon_confirm/(coupon_confirm+coupon_back),S04｜event_track_record（App埋点）；S01｜order_loan_f_v2_copy（整笔订单）；S03｜repayment_record_copy（正向入账）,"近1个自然日：start=max(可观察起点,DATE(T0)-(1-1)日)，create_time<T0；排除Pknown发生支付的整个自然日",比例,float32,分母==0为NaN,behavior_features()；T0部分当天仍按1个可观察自然日计，不是24小时标准化,V3-F0877,非还款日行为,T0固定时点；提单/App<T0，放款/整笔结清≤T0；支付<T0，已确认整笔同秒结清订单的已知同秒支付可=T0；当前条件为T0已知值。来源可得时间仍待上线核验。,未入模,训练期全缺失或常量,1.0,1.0,1.0,,0,V2继承
app_nonpay_3d_eligible_days,非还款日｜可观察且未排除日期数,"max(0,DATE(T0)-start+1-排除还款日数)",S04｜event_track_record（App埋点）；S01｜order_loan_f_v2_copy（整笔订单）；S03｜repayment_record_copy（正向入账）,"近3个自然日：start=max(可观察起点,DATE(T0)-(3-1)日)，create_time<T0；排除Pknown发生支付的整个自然日",自然日,float32,无日期为0,behavior_features()；T0部分当天仍按1个可观察自然日计，不是24小时标准化,V3-F0878,非还款日行为,T0固定时点；提单/App<T0，放款/整笔结清≤T0；支付<T0，已确认整笔同秒结清订单的已知同秒支付可=T0；当前条件为T0已知值。来源可得时间仍待上线核验。,已入模,选定候选保留,0.0,0.0,0.0,1.967910328092423e-05,59.04699897766113,V2继承
app_nonpay_3d_empty_eligible,非还款日｜无可观察日期标记,INT(eligible_days==0),S04｜event_track_record（App埋点）；S01｜order_loan_f_v2_copy（整笔订单）；S03｜repayment_record_copy（正向入账）,"近3个自然日：start=max(可观察起点,DATE(T0)-(3-1)日)，create_time<T0；排除Pknown发生支付的整个自然日",0/1,float32,无日期为1,behavior_features()；T0部分当天仍按1个可观察自然日计，不是24小时标准化,V3-F0879,非还款日行为,T0固定时点；提单/App<T0，放款/整笔结清≤T0；支付<T0，已确认整笔同秒结清订单的已知同秒支付可=T0；当前条件为T0已知值。来源可得时间仍待上线核验。,已入模,选定候选保留,0.0,0.0,0.0,0.0,0.0,V2继承
app_nonpay_3d_active_days,非还款日｜有埋点的日期数,COUNT(窗口内event_count>0的日期),S04｜event_track_record（App埋点）；S01｜order_loan_f_v2_copy（整笔订单）；S03｜repayment_record_copy（正向入账）,"近3个自然日：start=max(可观察起点,DATE(T0)-(3-1)日)，create_time<T0；排除Pknown发生支付的整个自然日",自然日,float32,无活跃或无可观察日期为0,behavior_features()；T0部分当天仍按1个可观察自然日计，不是24小时标准化,V3-F0880,非还款日行为,T0固定时点；提单/App<T0，放款/整笔结清≤T0；支付<T0，已确认整笔同秒结清订单的已知同秒支付可=T0；当前条件为T0已知值。来源可得时间仍待上线核验。,已入模,选定候选保留,0.0,0.0,0.0,0.0069202168305641,41.193400382995605,V2继承
app_nonpay_3d_active_day_share,非还款日｜活跃日期占比,active_days/eligible_days,S04｜event_track_record（App埋点）；S01｜order_loan_f_v2_copy（整笔订单）；S03｜repayment_record_copy（正向入账）,"近3个自然日：start=max(可观察起点,DATE(T0)-(3-1)日)，create_time<T0；排除Pknown发生支付的整个自然日",比例,float32,eligible_days==0为NaN,behavior_features()；T0部分当天仍按1个可观察自然日计，不是24小时标准化,V3-F0881,非还款日行为,T0固定时点；提单/App<T0，放款/整笔结清≤T0；支付<T0，已确认整笔同秒结清订单的已知同秒支付可=T0；当前条件为T0已知值。来源可得时间仍待上线核验。,已入模,选定候选保留,0.00796672203195508,0.0079466782723631,0.0083453877823522,0.0070427284727299,0.0,V2继承
app_nonpay_3d_events,非还款日｜活跃埋点条数,COUNT(e.user_id)；按窗口允许日期累加,S04｜event_track_record（App埋点）；S03｜repayment_record_copy（正向入账）,"近3个自然日：start=max(可观察起点,DATE(T0)-(3-1)日)，create_time<T0；排除Pknown发生支付的整个自然日",条,float32,eligible_days==0为NaN；有可观察日期而无行为为0,behavior_features()；次数不是人数，时长不去除重叠,V3-F0882,非还款日行为,T0固定时点；提单/App<T0，放款/整笔结清≤T0；支付<T0，已确认整笔同秒结清订单的已知同秒支付可=T0；当前条件为T0已知值。来源可得时间仍待上线核验。,已入模,选定候选保留,0.00796672203195508,0.0079466782723631,0.0083453877823522,0.0119793840973384,30.199501037597656,V2继承
app_nonpay_3d_newpage,非还款日｜进入提单页次数,"SUM(INT(e.event_type='page_view_in' AND e.props_id IN ('Loan_newpage','Loan_newpage_select')))；按窗口允许日期累加",S04｜event_track_record（App埋点）；S03｜repayment_record_copy（正向入账）,"近3个自然日：start=max(可观察起点,DATE(T0)-(3-1)日)，create_time<T0；排除Pknown发生支付的整个自然日",次,float32,eligible_days==0为NaN；有可观察日期而无行为为0,behavior_features()；次数不是人数，时长不去除重叠,V3-F0883,非还款日行为,T0固定时点；提单/App<T0，放款/整笔结清≤T0；支付<T0，已确认整笔同秒结清订单的已知同秒支付可=T0；当前条件为T0已知值。来源可得时间仍待上线核验。,已入模,选定候选保留,0.00796672203195508,0.0079466782723631,0.0083453877823522,1.967910328092423e-05,0.0,V2继承
app_nonpay_3d_amount,非还款日｜切换借款金额次数,"SUM(INT(e.props_id IN ('amount_modification','loan_form_loan_amount_selectionn_new','loan_form_loan_amount_selectionn_new_select')))；按窗口允许日期累加",S04｜event_track_record（App埋点）；S03｜repayment_record_copy（正向入账）,"近3个自然日：start=max(可观察起点,DATE(T0)-(3-1)日)，create_time<T0；排除Pknown发生支付的整个自然日",次,float32,eligible_days==0为NaN；有可观察日期而无行为为0,behavior_features()；次数不是人数，时长不去除重叠,V3-F0884,非还款日行为,T0固定时点；提单/App<T0，放款/整笔结清≤T0；支付<T0，已确认整笔同秒结清订单的已知同秒支付可=T0；当前条件为T0已知值。来源可得时间仍待上线核验。,已入模,选定候选保留,0.00796672203195508,0.0079466782723631,0.0083453877823522,1.967910328092423e-05,0.0,V2继承
app_nonpay_3d_contract,非还款日｜查看借款合同次数,"SUM(INT(e.props_id IN ('Loan_contract_newdetails','Loan_contract_newdetails_select')))；按窗口允许日期累加",S04｜event_track_record（App埋点）；S03｜repayment_record_copy（正向入账）,"近3个自然日：start=max(可观察起点,DATE(T0)-(3-1)日)，create_time<T0；排除Pknown发生支付的整个自然日",次,float32,eligible_days==0为NaN；有可观察日期而无行为为0,behavior_features()；次数不是人数，时长不去除重叠,V3-F0885,非还款日行为,T0固定时点；提单/App<T0，放款/整笔结清≤T0；支付<T0，已确认整笔同秒结清订单的已知同秒支付可=T0；当前条件为T0已知值。来源可得时间仍待上线核验。,已入模,选定候选保留,0.00796672203195508,0.0079466782723631,0.0083453877823522,1.967910328092423e-05,0.0,V2继承
app_nonpay_3d_term,非还款日｜切换借款期次次数,"SUM(INT(e.props_id IN ('loan_form_term_selection_new','loan_form_term_selection_new_select')))；按窗口允许日期累加",S04｜event_track_record（App埋点）；S03｜repayment_record_copy（正向入账）,"近3个自然日：start=max(可观察起点,DATE(T0)-(3-1)日)，create_time<T0；排除Pknown发生支付的整个自然日",次,float32,eligible_days==0为NaN；有可观察日期而无行为为0,behavior_features()；次数不是人数，时长不去除重叠,V3-F0886,非还款日行为,T0固定时点；提单/App<T0，放款/整笔结清≤T0；支付<T0，已确认整笔同秒结清订单的已知同秒支付可=T0；当前条件为T0已知值。来源可得时间仍待上线核验。,已入模,选定候选保留,0.00796672203195508,0.0079466782723631,0.0083453877823522,1.967910328092423e-05,0.0,V2继承
app_nonpay_3d_confirm,非还款日｜确认提单埋点次数,"SUM(INT(e.props_id IN ('Loan_newconfirm','Loan_newconfirm_select')))；按窗口允许日期累加",S04｜event_track_record（App埋点）；S03｜repayment_record_copy（正向入账）,"近3个自然日：start=max(可观察起点,DATE(T0)-(3-1)日)，create_time<T0；排除Pknown发生支付的整个自然日",次,float32,eligible_days==0为NaN；有可观察日期而无行为为0,behavior_features()；次数不是人数，时长不去除重叠,V3-F0887,非还款日行为,T0固定时点；提单/App<T0，放款/整笔结清≤T0；支付<T0，已确认整笔同秒结清订单的已知同秒支付可=T0；当前条件为T0已知值。来源可得时间仍待上线核验。,已入模,选定候选保留,0.00796672203195508,0.0079466782723631,0.0083453877823522,1.967910328092423e-05,0.0,V2继承
app_nonpay_3d_plan,非还款日｜查看还款计划次数,"SUM(INT(e.props_id IN ('Loan_plan_newdetails','Loan_plan_newdetails_select')))；按窗口允许日期累加",S04｜event_track_record（App埋点）；S03｜repayment_record_copy（正向入账）,"近3个自然日：start=max(可观察起点,DATE(T0)-(3-1)日)，create_time<T0；排除Pknown发生支付的整个自然日",次,float32,eligible_days==0为NaN；有可观察日期而无行为为0,behavior_features()；次数不是人数，时长不去除重叠,V3-F0888,非还款日行为,T0固定时点；提单/App<T0，放款/整笔结清≤T0；支付<T0，已确认整笔同秒结清订单的已知同秒支付可=T0；当前条件为T0已知值。来源可得时间仍待上线核验。,已入模,选定候选保留,0.00796672203195508,0.0079466782723631,0.0083453877823522,1.967910328092423e-05,0.0,V2继承
app_nonpay_3d_purpose,非还款日｜选择借款用途次数,"SUM(INT(e.props_id IN ('Loan_purpose_newdetails','Loan_purpose_newdetails_select')))；按窗口允许日期累加",S04｜event_track_record（App埋点）；S03｜repayment_record_copy（正向入账）,"近3个自然日：start=max(可观察起点,DATE(T0)-(3-1)日)，create_time<T0；排除Pknown发生支付的整个自然日",次,float32,eligible_days==0为NaN；有可观察日期而无行为为0,behavior_features()；次数不是人数，时长不去除重叠,V3-F0889,非还款日行为,T0固定时点；提单/App<T0，放款/整笔结清≤T0；支付<T0，已确认整笔同秒结清订单的已知同秒支付可=T0；当前条件为T0已知值。来源可得时间仍待上线核验。,已入模,选定候选保留,0.00796672203195508,0.0079466782723631,0.0083453877823522,1.967910328092423e-05,0.0,V2继承
app_nonpay_3d_coupon_back,非还款日｜关闭优惠券拦截次数,"SUM(INT(e.props_id IN ('Order_coupons_back','Order_coupons_back_select')))；按窗口允许日期累加",S04｜event_track_record（App埋点）；S03｜repayment_record_copy（正向入账）,"近3个自然日：start=max(可观察起点,DATE(T0)-(3-1)日)，create_time<T0；排除Pknown发生支付的整个自然日",次,float32,eligible_days==0为NaN；有可观察日期而无行为为0,behavior_features()；次数不是人数，时长不去除重叠,V3-F0890,非还款日行为,T0固定时点；提单/App<T0，放款/整笔结清≤T0；支付<T0，已确认整笔同秒结清订单的已知同秒支付可=T0；当前条件为T0已知值。来源可得时间仍待上线核验。,已入模,选定候选保留,0.00796672203195508,0.0079466782723631,0.0083453877823522,1.967910328092423e-05,0.0,V2继承
app_nonpay_3d_coupon_confirm,非还款日｜点击优惠券拦截次数,"SUM(INT(e.props_id IN ('Order_coupons_confirm','Order_coupons_confirm_select')))；按窗口允许日期累加",S04｜event_track_record（App埋点）；S03｜repayment_record_copy（正向入账）,"近3个自然日：start=max(可观察起点,DATE(T0)-(3-1)日)，create_time<T0；排除Pknown发生支付的整个自然日",次,float32,eligible_days==0为NaN；有可观察日期而无行为为0,behavior_features()；次数不是人数，时长不去除重叠,V3-F0891,非还款日行为,T0固定时点；提单/App<T0，放款/整笔结清≤T0；支付<T0，已确认整笔同秒结清订单的已知同秒支付可=T0；当前条件为T0已知值。来源可得时间仍待上线核验。,已入模,选定候选保留,0.00796672203195508,0.0079466782723631,0.0083453877823522,1.967910328092423e-05,0.0,V2继承
app_nonpay_3d_coupon_page,非还款日｜进入优惠券挽留页次数,"SUM(INT(e.props_id IN ('Order_coupons_page','Order_coupons_page_select')))；按窗口允许日期累加",S04｜event_track_record（App埋点）；S03｜repayment_record_copy（正向入账）,"近3个自然日：start=max(可观察起点,DATE(T0)-(3-1)日)，create_time<T0；排除Pknown发生支付的整个自然日",次,float32,eligible_days==0为NaN；有可观察日期而无行为为0,behavior_features()；次数不是人数，时长不去除重叠,V3-F0892,非还款日行为,T0固定时点；提单/App<T0，放款/整笔结清≤T0；支付<T0，已确认整笔同秒结清订单的已知同秒支付可=T0；当前条件为T0已知值。来源可得时间仍待上线核验。,已入模,选定候选保留,0.00796672203195508,0.0079466782723631,0.0083453877823522,1.967910328092423e-05,0.0,V2继承
app_nonpay_3d_repayment_page,非还款日｜名称含repay的辅助页面次数,"SUM(INT(lower(COALESCE(e.props_id,'')||' '||COALESCE(e.page_name,'')) LIKE '%repay%'))；按窗口允许日期累加",S04｜event_track_record（App埋点）；S03｜repayment_record_copy（正向入账）,"近3个自然日：start=max(可观察起点,DATE(T0)-(3-1)日)，create_time<T0；排除Pknown发生支付的整个自然日",次,float32,eligible_days==0为NaN；有可观察日期而无行为为0,behavior_features()；次数不是人数，时长不去除重叠,V3-F0893,非还款日行为,T0固定时点；提单/App<T0，放款/整笔结清≤T0；支付<T0，已确认整笔同秒结清订单的已知同秒支付可=T0；当前条件为T0已知值。来源可得时间仍待上线核验。,已入模,选定候选保留,0.00796672203195508,0.0079466782723631,0.0083453877823522,1.967910328092423e-05,0.0,V2继承
app_nonpay_3d_duration,非还款日｜已结束页面累计停留,"SUM(min((event_end_time-event_start_time)/1000,3600))；仅page_view_out、end≥start且end≤截断时刻；按窗口允许日期累加",S04｜event_track_record（App埋点）；S03｜repayment_record_copy（正向入账）,"近3个自然日：start=max(可观察起点,DATE(T0)-(3-1)日)，create_time<T0；排除Pknown发生支付的整个自然日",秒,float32,eligible_days==0为NaN；有可观察日期而无行为为0,behavior_features()；次数不是人数，时长不去除重叠,V3-F0894,非还款日行为,T0固定时点；提单/App<T0，放款/整笔结清≤T0；支付<T0，已确认整笔同秒结清订单的已知同秒支付可=T0；当前条件为T0已知值。来源可得时间仍待上线核验。,已入模,选定候选保留,0.00796672203195508,0.0079466782723631,0.0083453877823522,0.006020326595912,130.01710033416748,V2继承
app_nonpay_3d_apply_duration,非还款日｜已结束提单页累计停留,与duration相同，另限定props_id为Loan_newpage/Loan_newpage_select；按窗口允许日期累加,S04｜event_track_record（App埋点）；S03｜repayment_record_copy（正向入账）,"近3个自然日：start=max(可观察起点,DATE(T0)-(3-1)日)，create_time<T0；排除Pknown发生支付的整个自然日",秒,float32,eligible_days==0为NaN；有可观察日期而无行为为0,behavior_features()；次数不是人数，时长不去除重叠,V3-F0895,非还款日行为,T0固定时点；提单/App<T0，放款/整笔结清≤T0；支付<T0，已确认整笔同秒结清订单的已知同秒支付可=T0；当前条件为T0已知值。来源可得时间仍待上线核验。,已入模,选定候选保留,0.00796672203195508,0.0079466782723631,0.0083453877823522,1.967910328092423e-05,27.00819969177246,V2继承
app_nonpay_3d_non_apply_duration,非还款日｜非提单页累计停留,duration-apply_duration,S04｜event_track_record（App埋点）；S01｜order_loan_f_v2_copy（整笔订单）；S03｜repayment_record_copy（正向入账）,"近3个自然日：start=max(可观察起点,DATE(T0)-(3-1)日)，create_time<T0；排除Pknown发生支付的整个自然日",秒,float32,eligible_days==0为NaN，否则无行为为0,behavior_features()；T0部分当天仍按1个可观察自然日计，不是24小时标准化,V3-F0896,非还款日行为,T0固定时点；提单/App<T0，放款/整笔结清≤T0；支付<T0，已确认整笔同秒结清订单的已知同秒支付可=T0；当前条件为T0已知值。来源可得时间仍待上线核验。,已入模,选定候选保留,0.00796672203195508,0.0079466782723631,0.0083453877823522,0.0013025387141468,164.42530250549316,V2继承
app_nonpay_3d_events_per_eligible_day,非还款日｜每可观察日活跃频次,events/eligible_days,S04｜event_track_record（App埋点）；S01｜order_loan_f_v2_copy（整笔订单）；S03｜repayment_record_copy（正向入账）,"近3个自然日：start=max(可观察起点,DATE(T0)-(3-1)日)，create_time<T0；排除Pknown发生支付的整个自然日",条/自然日,float32,eligible_days==0为NaN,behavior_features()；T0部分当天仍按1个可观察自然日计，不是24小时标准化,V3-F0897,非还款日行为,T0固定时点；提单/App<T0，放款/整笔结清≤T0；支付<T0，已确认整笔同秒结清订单的已知同秒支付可=T0；当前条件为T0已知值。来源可得时间仍待上线核验。,已入模,选定候选保留,0.00796672203195508,0.0079466782723631,0.0083453877823522,0.0118105101768061,12.248299598693848,V2继承
app_nonpay_3d_duration_per_active_day,非还款日｜每活跃日累计页面停留,duration/active_days,S04｜event_track_record（App埋点）；S01｜order_loan_f_v2_copy（整笔订单）；S03｜repayment_record_copy（正向入账）,"近3个自然日：start=max(可观察起点,DATE(T0)-(3-1)日)，create_time<T0；排除Pknown发生支付的整个自然日",秒/活跃日,float32,active_days==0为NaN,behavior_features()；T0部分当天仍按1个可观察自然日计，不是24小时标准化,V3-F0898,非还款日行为,T0固定时点；提单/App<T0，放款/整笔结清≤T0；支付<T0，已确认整笔同秒结清订单的已知同秒支付可=T0；当前条件为T0已知值。来源可得时间仍待上线核验。,已入模,选定候选保留,0.5660096325802674,0.5871112293172788,0.5458996328029376,0.0140614321001169,3410.023696899414,V2继承
app_nonpay_3d_apply_duration_share,非还款日｜提单页停留占比,apply_duration/duration,S04｜event_track_record（App埋点）；S01｜order_loan_f_v2_copy（整笔订单）；S03｜repayment_record_copy（正向入账）,"近3个自然日：start=max(可观察起点,DATE(T0)-(3-1)日)，create_time<T0；排除Pknown发生支付的整个自然日",比例,float32,duration==0为NaN,behavior_features()；T0部分当天仍按1个可观察自然日计，不是24小时标准化,V3-F0899,非还款日行为,T0固定时点；提单/App<T0，放款/整笔结清≤T0；支付<T0，已确认整笔同秒结清订单的已知同秒支付可=T0；当前条件为T0已知值。来源可得时间仍待上线核验。,已入模,选定候选保留,0.5984203744261364,0.6231372454201827,0.5749415822855235,0.0786648044160413,13.107500076293944,V2继承
app_nonpay_3d_amount_per_newpage,非还款日｜切换金额次数对进页比,amount/newpage,S04｜event_track_record（App埋点）；S01｜order_loan_f_v2_copy（整笔订单）；S03｜repayment_record_copy（正向入账）,"近3个自然日：start=max(可观察起点,DATE(T0)-(3-1)日)，create_time<T0；排除Pknown发生支付的整个自然日",次数比,float32,newpage==0为NaN；可能>1,behavior_features()；T0部分当天仍按1个可观察自然日计，不是24小时标准化,V3-F0900,非还款日行为,T0固定时点；提单/App<T0，放款/整笔结清≤T0；支付<T0，已确认整笔同秒结清订单的已知同秒支付可=T0；当前条件为T0已知值。来源可得时间仍待上线核验。,已入模,选定候选保留,0.9070402108780543,0.9369423825527696,0.8491153888950707,0.087069321520904,18.79949951171875,V2继承
app_nonpay_3d_plan_per_newpage,非还款日｜查看计划次数对进页比,plan/newpage,S04｜event_track_record（App埋点）；S01｜order_loan_f_v2_copy（整笔订单）；S03｜repayment_record_copy（正向入账）,"近3个自然日：start=max(可观察起点,DATE(T0)-(3-1)日)，create_time<T0；排除Pknown发生支付的整个自然日",次数比,float32,newpage==0为NaN；可能>1,behavior_features()；T0部分当天仍按1个可观察自然日计，不是24小时标准化,V3-F0901,非还款日行为,T0固定时点；提单/App<T0，放款/整笔结清≤T0；支付<T0，已确认整笔同秒结清订单的已知同秒支付可=T0；当前条件为T0已知值。来源可得时间仍待上线核验。,已入模,选定候选保留,0.9070402108780543,0.9369423825527696,0.8491153888950707,0.0888542550555784,26.929000854492188,V2继承
app_nonpay_3d_confirm_per_newpage,非还款日｜确认埋点次数对进页比,confirm/newpage,S04｜event_track_record（App埋点）；S01｜order_loan_f_v2_copy（整笔订单）；S03｜repayment_record_copy（正向入账）,"近3个自然日：start=max(可观察起点,DATE(T0)-(3-1)日)，create_time<T0；排除Pknown发生支付的整个自然日",次数比（非用户确认率）,float32,newpage==0为NaN；可能>1，不等于成功提单,behavior_features()；T0部分当天仍按1个可观察自然日计，不是24小时标准化,V3-F0902,非还款日行为,T0固定时点；提单/App<T0，放款/整笔结清≤T0；支付<T0，已确认整笔同秒结清订单的已知同秒支付可=T0；当前条件为T0已知值。来源可得时间仍待上线核验。,已入模,选定候选保留,0.9070402108780543,0.9369423825527696,0.8491153888950707,0.1069630863017801,109.19300079345705,V2继承
app_nonpay_3d_coupon_accept_share,非还款日｜券点击对点击加关闭比,coupon_confirm/(coupon_confirm+coupon_back),S04｜event_track_record（App埋点）；S01｜order_loan_f_v2_copy（整笔订单）；S03｜repayment_record_copy（正向入账）,"近3个自然日：start=max(可观察起点,DATE(T0)-(3-1)日)，create_time<T0；排除Pknown发生支付的整个自然日",比例,float32,分母==0为NaN,behavior_features()；T0部分当天仍按1个可观察自然日计，不是24小时标准化,V3-F0903,非还款日行为,T0固定时点；提单/App<T0，放款/整笔结清≤T0；支付<T0，已确认整笔同秒结清订单的已知同秒支付可=T0；当前条件为T0已知值。来源可得时间仍待上线核验。,已入模,选定候选保留,0.9982263509375352,0.9978481104475446,0.99944364081451,0.0023787720592129,0.0,V2继承
app_nonpay_7d_eligible_days,非还款日｜可观察且未排除日期数,"max(0,DATE(T0)-start+1-排除还款日数)",S04｜event_track_record（App埋点）；S01｜order_loan_f_v2_copy（整笔订单）；S03｜repayment_record_copy（正向入账）,"近7个自然日：start=max(可观察起点,DATE(T0)-(7-1)日)，create_time<T0；排除Pknown发生支付的整个自然日",自然日,float32,无日期为0,behavior_features()；T0部分当天仍按1个可观察自然日计，不是24小时标准化,V3-F0904,非还款日行为,T0固定时点；提单/App<T0，放款/整笔结清≤T0；支付<T0，已确认整笔同秒结清订单的已知同秒支付可=T0；当前条件为T0已知值。来源可得时间仍待上线核验。,已入模,选定候选保留,0.0,0.0,0.0,0.0019518399082546,3455.434956550598,V2继承
app_nonpay_7d_empty_eligible,非还款日｜无可观察日期标记,INT(eligible_days==0),S04｜event_track_record（App埋点）；S01｜order_loan_f_v2_copy（整笔订单）；S03｜repayment_record_copy（正向入账）,"近7个自然日：start=max(可观察起点,DATE(T0)-(7-1)日)，create_time<T0；排除Pknown发生支付的整个自然日",0/1,float32,无日期为1,behavior_features()；T0部分当天仍按1个可观察自然日计，不是24小时标准化,V3-F0905,非还款日行为,T0固定时点；提单/App<T0，放款/整笔结清≤T0；支付<T0，已确认整笔同秒结清订单的已知同秒支付可=T0；当前条件为T0已知值。来源可得时间仍待上线核验。,已入模,选定候选保留,0.0,0.0,0.0,0.0,0.0,V2继承
app_nonpay_7d_active_days,非还款日｜有埋点的日期数,COUNT(窗口内event_count>0的日期),S04｜event_track_record（App埋点）；S01｜order_loan_f_v2_copy（整笔订单）；S03｜repayment_record_copy（正向入账）,"近7个自然日：start=max(可观察起点,DATE(T0)-(7-1)日)，create_time<T0；排除Pknown发生支付的整个自然日",自然日,float32,无活跃或无可观察日期为0,behavior_features()；T0部分当天仍按1个可观察自然日计，不是24小时标准化,V3-F0906,非还款日行为,T0固定时点；提单/App<T0，放款/整笔结清≤T0；支付<T0，已确认整笔同秒结清订单的已知同秒支付可=T0；当前条件为T0已知值。来源可得时间仍待上线核验。,已入模,选定候选保留,0.0,0.0,0.0,0.0123315007864329,310.7970018386841,V2继承
app_nonpay_7d_active_day_share,非还款日｜活跃日期占比,active_days/eligible_days,S04｜event_track_record（App埋点）；S01｜order_loan_f_v2_copy（整笔订单）；S03｜repayment_record_copy（正向入账）,"近7个自然日：start=max(可观察起点,DATE(T0)-(7-1)日)，create_time<T0；排除Pknown发生支付的整个自然日",比例,float32,eligible_days==0为NaN,behavior_features()；T0部分当天仍按1个可观察自然日计，不是24小时标准化,V3-F0907,非还款日行为,T0固定时点；提单/App<T0，放款/整笔结清≤T0；支付<T0，已确认整笔同秒结清订单的已知同秒支付可=T0；当前条件为T0已知值。来源可得时间仍待上线核验。,已入模,选定候选保留,0.001381682418826158,0.0016924974008075,0.0007789028596862,0.0134620462728698,2240.254821777344,V2继承
app_nonpay_7d_events,非还款日｜活跃埋点条数,COUNT(e.user_id)；按窗口允许日期累加,S04｜event_track_record（App埋点）；S03｜repayment_record_copy（正向入账）,"近7个自然日：start=max(可观察起点,DATE(T0)-(7-1)日)，create_time<T0；排除Pknown发生支付的整个自然日",条,float32,eligible_days==0为NaN；有可观察日期而无行为为0,behavior_features()；次数不是人数，时长不去除重叠,V3-F0908,非还款日行为,T0固定时点；提单/App<T0，放款/整笔结清≤T0；支付<T0，已确认整笔同秒结清订单的已知同秒支付可=T0；当前条件为T0已知值。来源可得时间仍待上线核验。,已入模,选定候选保留,0.001381682418826158,0.0016924974008075,0.0007789028596862,0.0178358465822599,251.8751001358032,V2继承
app_nonpay_7d_newpage,非还款日｜进入提单页次数,"SUM(INT(e.event_type='page_view_in' AND e.props_id IN ('Loan_newpage','Loan_newpage_select')))；按窗口允许日期累加",S04｜event_track_record（App埋点）；S03｜repayment_record_copy（正向入账）,"近7个自然日：start=max(可观察起点,DATE(T0)-(7-1)日)，create_time<T0；排除Pknown发生支付的整个自然日",次,float32,eligible_days==0为NaN；有可观察日期而无行为为0,behavior_features()；次数不是人数，时长不去除重叠,V3-F0909,非还款日行为,T0固定时点；提单/App<T0，放款/整笔结清≤T0；支付<T0，已确认整笔同秒结清订单的已知同秒支付可=T0；当前条件为T0已知值。来源可得时间仍待上线核验。,已入模,选定候选保留,0.001381682418826158,0.0016924974008075,0.0007789028596862,0.0152001519006264,18.054800033569336,V2继承
app_nonpay_7d_amount,非还款日｜切换借款金额次数,"SUM(INT(e.props_id IN ('amount_modification','loan_form_loan_amount_selectionn_new','loan_form_loan_amount_selectionn_new_select')))；按窗口允许日期累加",S04｜event_track_record（App埋点）；S03｜repayment_record_copy（正向入账）,"近7个自然日：start=max(可观察起点,DATE(T0)-(7-1)日)，create_time<T0；排除Pknown发生支付的整个自然日",次,float32,eligible_days==0为NaN；有可观察日期而无行为为0,behavior_features()；次数不是人数，时长不去除重叠,V3-F0910,非还款日行为,T0固定时点；提单/App<T0，放款/整笔结清≤T0；支付<T0，已确认整笔同秒结清订单的已知同秒支付可=T0；当前条件为T0已知值。来源可得时间仍待上线核验。,已入模,选定候选保留,0.001381682418826158,0.0016924974008075,0.0007789028596862,0.0007098527761136,0.0,V2继承
app_nonpay_7d_contract,非还款日｜查看借款合同次数,"SUM(INT(e.props_id IN ('Loan_contract_newdetails','Loan_contract_newdetails_select')))；按窗口允许日期累加",S04｜event_track_record（App埋点）；S03｜repayment_record_copy（正向入账）,"近7个自然日：start=max(可观察起点,DATE(T0)-(7-1)日)，create_time<T0；排除Pknown发生支付的整个自然日",次,float32,eligible_days==0为NaN；有可观察日期而无行为为0,behavior_features()；次数不是人数，时长不去除重叠,V3-F0911,非还款日行为,T0固定时点；提单/App<T0，放款/整笔结清≤T0；支付<T0，已确认整笔同秒结清订单的已知同秒支付可=T0；当前条件为T0已知值。来源可得时间仍待上线核验。,已入模,选定候选保留,0.001381682418826158,0.0016924974008075,0.0007789028596862,0.0007098527761136,0.0,V2继承
app_nonpay_7d_term,非还款日｜切换借款期次次数,"SUM(INT(e.props_id IN ('loan_form_term_selection_new','loan_form_term_selection_new_select')))；按窗口允许日期累加",S04｜event_track_record（App埋点）；S03｜repayment_record_copy（正向入账）,"近7个自然日：start=max(可观察起点,DATE(T0)-(7-1)日)，create_time<T0；排除Pknown发生支付的整个自然日",次,float32,eligible_days==0为NaN；有可观察日期而无行为为0,behavior_features()；次数不是人数，时长不去除重叠,V3-F0912,非还款日行为,T0固定时点；提单/App<T0，放款/整笔结清≤T0；支付<T0，已确认整笔同秒结清订单的已知同秒支付可=T0；当前条件为T0已知值。来源可得时间仍待上线核验。,已入模,选定候选保留,0.001381682418826158,0.0016924974008075,0.0007789028596862,0.0007098527761136,0.0,V2继承
app_nonpay_7d_confirm,非还款日｜确认提单埋点次数,"SUM(INT(e.props_id IN ('Loan_newconfirm','Loan_newconfirm_select')))；按窗口允许日期累加",S04｜event_track_record（App埋点）；S03｜repayment_record_copy（正向入账）,"近7个自然日：start=max(可观察起点,DATE(T0)-(7-1)日)，create_time<T0；排除Pknown发生支付的整个自然日",次,float32,eligible_days==0为NaN；有可观察日期而无行为为0,behavior_features()；次数不是人数，时长不去除重叠,V3-F0913,非还款日行为,T0固定时点；提单/App<T0，放款/整笔结清≤T0；支付<T0，已确认整笔同秒结清订单的已知同秒支付可=T0；当前条件为T0已知值。来源可得时间仍待上线核验。,已入模,选定候选保留,0.001381682418826158,0.0016924974008075,0.0007789028596862,0.0187450006194469,0.0,V2继承
app_nonpay_7d_plan,非还款日｜查看还款计划次数,"SUM(INT(e.props_id IN ('Loan_plan_newdetails','Loan_plan_newdetails_select')))；按窗口允许日期累加",S04｜event_track_record（App埋点）；S03｜repayment_record_copy（正向入账）,"近7个自然日：start=max(可观察起点,DATE(T0)-(7-1)日)，create_time<T0；排除Pknown发生支付的整个自然日",次,float32,eligible_days==0为NaN；有可观察日期而无行为为0,behavior_features()；次数不是人数，时长不去除重叠,V3-F0914,非还款日行为,T0固定时点；提单/App<T0，放款/整笔结清≤T0；支付<T0，已确认整笔同秒结清订单的已知同秒支付可=T0；当前条件为T0已知值。来源可得时间仍待上线核验。,已入模,选定候选保留,0.001381682418826158,0.0016924974008075,0.0007789028596862,0.0111222816471378,0.0,V2继承
app_nonpay_7d_purpose,非还款日｜选择借款用途次数,"SUM(INT(e.props_id IN ('Loan_purpose_newdetails','Loan_purpose_newdetails_select')))；按窗口允许日期累加",S04｜event_track_record（App埋点）；S03｜repayment_record_copy（正向入账）,"近7个自然日：start=max(可观察起点,DATE(T0)-(7-1)日)，create_time<T0；排除Pknown发生支付的整个自然日",次,float32,eligible_days==0为NaN；有可观察日期而无行为为0,behavior_features()；次数不是人数，时长不去除重叠,V3-F0915,非还款日行为,T0固定时点；提单/App<T0，放款/整笔结清≤T0；支付<T0，已确认整笔同秒结清订单的已知同秒支付可=T0；当前条件为T0已知值。来源可得时间仍待上线核验。,已入模,选定候选保留,0.001381682418826158,0.0016924974008075,0.0007789028596862,0.0007098527761136,24.859800338745117,V2继承
app_nonpay_7d_coupon_back,非还款日｜关闭优惠券拦截次数,"SUM(INT(e.props_id IN ('Order_coupons_back','Order_coupons_back_select')))；按窗口允许日期累加",S04｜event_track_record（App埋点）；S03｜repayment_record_copy（正向入账）,"近7个自然日：start=max(可观察起点,DATE(T0)-(7-1)日)，create_time<T0；排除Pknown发生支付的整个自然日",次,float32,eligible_days==0为NaN；有可观察日期而无行为为0,behavior_features()；次数不是人数，时长不去除重叠,V3-F0916,非还款日行为,T0固定时点；提单/App<T0，放款/整笔结清≤T0；支付<T0，已确认整笔同秒结清订单的已知同秒支付可=T0；当前条件为T0已知值。来源可得时间仍待上线核验。,已入模,选定候选保留,0.001381682418826158,0.0016924974008075,0.0007789028596862,0.0007098527761136,12.391400337219238,V2继承
app_nonpay_7d_coupon_confirm,非还款日｜点击优惠券拦截次数,"SUM(INT(e.props_id IN ('Order_coupons_confirm','Order_coupons_confirm_select')))；按窗口允许日期累加",S04｜event_track_record（App埋点）；S03｜repayment_record_copy（正向入账）,"近7个自然日：start=max(可观察起点,DATE(T0)-(7-1)日)，create_time<T0；排除Pknown发生支付的整个自然日",次,float32,eligible_days==0为NaN；有可观察日期而无行为为0,behavior_features()；次数不是人数，时长不去除重叠,V3-F0917,非还款日行为,T0固定时点；提单/App<T0，放款/整笔结清≤T0；支付<T0，已确认整笔同秒结清订单的已知同秒支付可=T0；当前条件为T0已知值。来源可得时间仍待上线核验。,已入模,选定候选保留,0.001381682418826158,0.0016924974008075,0.0007789028596862,0.0007098527761136,0.0,V2继承
app_nonpay_7d_coupon_page,非还款日｜进入优惠券挽留页次数,"SUM(INT(e.props_id IN ('Order_coupons_page','Order_coupons_page_select')))；按窗口允许日期累加",S04｜event_track_record（App埋点）；S03｜repayment_record_copy（正向入账）,"近7个自然日：start=max(可观察起点,DATE(T0)-(7-1)日)，create_time<T0；排除Pknown发生支付的整个自然日",次,float32,eligible_days==0为NaN；有可观察日期而无行为为0,behavior_features()；次数不是人数，时长不去除重叠,V3-F0918,非还款日行为,T0固定时点；提单/App<T0，放款/整笔结清≤T0；支付<T0，已确认整笔同秒结清订单的已知同秒支付可=T0；当前条件为T0已知值。来源可得时间仍待上线核验。,已入模,选定候选保留,0.001381682418826158,0.0016924974008075,0.0007789028596862,0.0007098527761136,0.0,V2继承
app_nonpay_7d_repayment_page,非还款日｜名称含repay的辅助页面次数,"SUM(INT(lower(COALESCE(e.props_id,'')||' '||COALESCE(e.page_name,'')) LIKE '%repay%'))；按窗口允许日期累加",S04｜event_track_record（App埋点）；S03｜repayment_record_copy（正向入账）,"近7个自然日：start=max(可观察起点,DATE(T0)-(7-1)日)，create_time<T0；排除Pknown发生支付的整个自然日",次,float32,eligible_days==0为NaN；有可观察日期而无行为为0,behavior_features()；次数不是人数，时长不去除重叠,V3-F0919,非还款日行为,T0固定时点；提单/App<T0，放款/整笔结清≤T0；支付<T0，已确认整笔同秒结清订单的已知同秒支付可=T0；当前条件为T0已知值。来源可得时间仍待上线核验。,已入模,选定候选保留,0.001381682418826158,0.0016924974008075,0.0007789028596862,0.0007098527761136,0.0,V2继承
app_nonpay_7d_duration,非还款日｜已结束页面累计停留,"SUM(min((event_end_time-event_start_time)/1000,3600))；仅page_view_out、end≥start且end≤截断时刻；按窗口允许日期累加",S04｜event_track_record（App埋点）；S03｜repayment_record_copy（正向入账）,"近7个自然日：start=max(可观察起点,DATE(T0)-(7-1)日)，create_time<T0；排除Pknown发生支付的整个自然日",秒,float32,eligible_days==0为NaN；有可观察日期而无行为为0,behavior_features()；次数不是人数，时长不去除重叠,V3-F0920,非还款日行为,T0固定时点；提单/App<T0，放款/整笔结清≤T0；支付<T0，已确认整笔同秒结清订单的已知同秒支付可=T0；当前条件为T0已知值。来源可得时间仍待上线核验。,已入模,选定候选保留,0.001381682418826158,0.0016924974008075,0.0007789028596862,0.0149523061132647,0.0,V2继承
app_nonpay_7d_apply_duration,非还款日｜已结束提单页累计停留,与duration相同，另限定props_id为Loan_newpage/Loan_newpage_select；按窗口允许日期累加,S04｜event_track_record（App埋点）；S03｜repayment_record_copy（正向入账）,"近7个自然日：start=max(可观察起点,DATE(T0)-(7-1)日)，create_time<T0；排除Pknown发生支付的整个自然日",秒,float32,eligible_days==0为NaN；有可观察日期而无行为为0,behavior_features()；次数不是人数，时长不去除重叠,V3-F0921,非还款日行为,T0固定时点；提单/App<T0，放款/整笔结清≤T0；支付<T0，已确认整笔同秒结清订单的已知同秒支付可=T0；当前条件为T0已知值。来源可得时间仍待上线核验。,已入模,选定候选保留,0.001381682418826158,0.0016924974008075,0.0007789028596862,0.0046373700966891,83.4871997833252,V2继承
app_nonpay_7d_non_apply_duration,非还款日｜非提单页累计停留,duration-apply_duration,S04｜event_track_record（App埋点）；S01｜order_loan_f_v2_copy（整笔订单）；S03｜repayment_record_copy（正向入账）,"近7个自然日：start=max(可观察起点,DATE(T0)-(7-1)日)，create_time<T0；排除Pknown发生支付的整个自然日",秒,float32,eligible_days==0为NaN，否则无行为为0,behavior_features()；T0部分当天仍按1个可观察自然日计，不是24小时标准化,V3-F0922,非还款日行为,T0固定时点；提单/App<T0，放款/整笔结清≤T0；支付<T0，已确认整笔同秒结清订单的已知同秒支付可=T0；当前条件为T0已知值。来源可得时间仍待上线核验。,已入模,选定候选保留,0.001381682418826158,0.0016924974008075,0.0007789028596862,0.038291522778311,64.16209983825684,V2继承
app_nonpay_7d_events_per_eligible_day,非还款日｜每可观察日活跃频次,events/eligible_days,S04｜event_track_record（App埋点）；S01｜order_loan_f_v2_copy（整笔订单）；S03｜repayment_record_copy（正向入账）,"近7个自然日：start=max(可观察起点,DATE(T0)-(7-1)日)，create_time<T0；排除Pknown发生支付的整个自然日",条/自然日,float32,eligible_days==0为NaN,behavior_features()；T0部分当天仍按1个可观察自然日计，不是24小时标准化,V3-F0923,非还款日行为,T0固定时点；提单/App<T0，放款/整笔结清≤T0；支付<T0，已确认整笔同秒结清订单的已知同秒支付可=T0；当前条件为T0已知值。来源可得时间仍待上线核验。,已入模,选定候选保留,0.001381682418826158,0.0016924974008075,0.0007789028596862,0.0154572870308068,243.92029666900635,V2继承
app_nonpay_7d_duration_per_active_day,非还款日｜每活跃日累计页面停留,duration/active_days,S04｜event_track_record（App埋点）；S01｜order_loan_f_v2_copy（整笔订单）；S03｜repayment_record_copy（正向入账）,"近7个自然日：start=max(可观察起点,DATE(T0)-(7-1)日)，create_time<T0；排除Pknown发生支付的整个自然日",秒/活跃日,float32,active_days==0为NaN,behavior_features()；T0部分当天仍按1个可观察自然日计，不是24小时标准化,V3-F0924,非还款日行为,T0固定时点；提单/App<T0，放款/整笔结清≤T0；支付<T0，已确认整笔同秒结清订单的已知同秒支付可=T0；当前条件为T0已知值。来源可得时间仍待上线核验。,已入模,选定候选保留,0.23416577249276085,0.2506911031053297,0.2195393345944141,0.0200888895996348,3956.224681854248,V2继承
app_nonpay_7d_apply_duration_share,非还款日｜提单页停留占比,apply_duration/duration,S04｜event_track_record（App埋点）；S01｜order_loan_f_v2_copy（整笔订单）；S03｜repayment_record_copy（正向入账）,"近7个自然日：start=max(可观察起点,DATE(T0)-(7-1)日)，create_time<T0；排除Pknown发生支付的整个自然日",比例,float32,duration==0为NaN,behavior_features()；T0部分当天仍按1个可观察自然日计，不是24小时标准化,V3-F0925,非还款日行为,T0固定时点；提单/App<T0，放款/整笔结清≤T0；支付<T0，已确认整笔同秒结清订单的已知同秒支付可=T0；当前条件为T0已知值。来源可得时间仍待上线核验。,已入模,选定候选保留,0.2705892728528802,0.2914480524190623,0.2549237787915878,0.0936434531948013,1173.4342012405396,V2继承
app_nonpay_7d_amount_per_newpage,非还款日｜切换金额次数对进页比,amount/newpage,S04｜event_track_record（App埋点）；S01｜order_loan_f_v2_copy（整笔订单）；S03｜repayment_record_copy（正向入账）,"近7个自然日：start=max(可观察起点,DATE(T0)-(7-1)日)，create_time<T0；排除Pknown发生支付的整个自然日",次数比,float32,newpage==0为NaN；可能>1,behavior_features()；T0部分当天仍按1个可观察自然日计，不是24小时标准化,V3-F0926,非还款日行为,T0固定时点；提单/App<T0，放款/整笔结清≤T0；支付<T0，已确认整笔同秒结清订单的已知同秒支付可=T0；当前条件为T0已知值。来源可得时间仍待上线核验。,已入模,选定候选保留,0.6851870905785917,0.7122432038169846,0.6420385000556359,0.0438852516728422,16.68670082092285,V2继承
app_nonpay_7d_plan_per_newpage,非还款日｜查看计划次数对进页比,plan/newpage,S04｜event_track_record（App埋点）；S01｜order_loan_f_v2_copy（整笔订单）；S03｜repayment_record_copy（正向入账）,"近7个自然日：start=max(可观察起点,DATE(T0)-(7-1)日)，create_time<T0；排除Pknown发生支付的整个自然日",次数比,float32,newpage==0为NaN；可能>1,behavior_features()；T0部分当天仍按1个可观察自然日计，不是24小时标准化,V3-F0927,非还款日行为,T0固定时点；提单/App<T0，放款/整笔结清≤T0；支付<T0，已确认整笔同秒结清订单的已知同秒支付可=T0；当前条件为T0已知值。来源可得时间仍待上线核验。,已入模,选定候选保留,0.6851870905785917,0.7122432038169846,0.6420385000556359,0.0237275298325412,179.3745994567871,V2继承
app_nonpay_7d_confirm_per_newpage,非还款日｜确认埋点次数对进页比,confirm/newpage,S04｜event_track_record（App埋点）；S01｜order_loan_f_v2_copy（整笔订单）；S03｜repayment_record_copy（正向入账）,"近7个自然日：start=max(可观察起点,DATE(T0)-(7-1)日)，create_time<T0；排除Pknown发生支付的整个自然日",次数比（非用户确认率）,float32,newpage==0为NaN；可能>1，不等于成功提单,behavior_features()；T0部分当天仍按1个可观察自然日计，不是24小时标准化,V3-F0928,非还款日行为,T0固定时点；提单/App<T0，放款/整笔结清≤T0；支付<T0，已确认整笔同秒结清订单的已知同秒支付可=T0；当前条件为T0已知值。来源可得时间仍待上线核验。,已入模,选定候选保留,0.6851870905785917,0.7122432038169846,0.6420385000556359,0.1448895043978719,1260.6822814941406,V2继承
app_nonpay_7d_coupon_accept_share,非还款日｜券点击对点击加关闭比,coupon_confirm/(coupon_confirm+coupon_back),S04｜event_track_record（App埋点）；S01｜order_loan_f_v2_copy（整笔订单）；S03｜repayment_record_copy（正向入账）,"近7个自然日：start=max(可观察起点,DATE(T0)-(7-1)日)，create_time<T0；排除Pknown发生支付的整个自然日",比例,float32,分母==0为NaN,behavior_features()；T0部分当天仍按1个可观察自然日计，不是24小时标准化,V3-F0929,非还款日行为,T0固定时点；提单/App<T0，放款/整笔结清≤T0；支付<T0，已确认整笔同秒结清订单的已知同秒支付可=T0；当前条件为T0已知值。来源可得时间仍待上线核验。,已入模,选定候选保留,0.9733952640630282,0.9713806749034872,0.9794147101368644,0.0027666434401108,13.911399841308594,V2继承
app_nonpay_14d_eligible_days,非还款日｜可观察且未排除日期数,"max(0,DATE(T0)-start+1-排除还款日数)",S04｜event_track_record（App埋点）；S01｜order_loan_f_v2_copy（整笔订单）；S03｜repayment_record_copy（正向入账）,"近14个自然日：start=max(可观察起点,DATE(T0)-(14-1)日)，create_time<T0；排除Pknown发生支付的整个自然日",自然日,float32,无日期为0,behavior_features()；T0部分当天仍按1个可观察自然日计，不是24小时标准化,V3-F0930,非还款日行为,T0固定时点；提单/App<T0，放款/整笔结清≤T0；支付<T0，已确认整笔同秒结清订单的已知同秒支付可=T0；当前条件为T0已知值。来源可得时间仍待上线核验。,已入模,选定候选保留,0.0,0.0,0.0,0.0185749763226103,187.87929725646973,V2继承
app_nonpay_14d_empty_eligible,非还款日｜无可观察日期标记,INT(eligible_days==0),S04｜event_track_record（App埋点）；S01｜order_loan_f_v2_copy（整笔订单）；S03｜repayment_record_copy（正向入账）,"近14个自然日：start=max(可观察起点,DATE(T0)-(14-1)日)，create_time<T0；排除Pknown发生支付的整个自然日",0/1,float32,无日期为1,behavior_features()；T0部分当天仍按1个可观察自然日计，不是24小时标准化,V3-F0931,非还款日行为,T0固定时点；提单/App<T0，放款/整笔结清≤T0；支付<T0，已确认整笔同秒结清订单的已知同秒支付可=T0；当前条件为T0已知值。来源可得时间仍待上线核验。,已入模,选定候选保留,0.0,0.0,0.0,0.0,0.0,V2继承
app_nonpay_14d_active_days,非还款日｜有埋点的日期数,COUNT(窗口内event_count>0的日期),S04｜event_track_record（App埋点）；S01｜order_loan_f_v2_copy（整笔订单）；S03｜repayment_record_copy（正向入账）,"近14个自然日：start=max(可观察起点,DATE(T0)-(14-1)日)，create_time<T0；排除Pknown发生支付的整个自然日",自然日,float32,无活跃或无可观察日期为0,behavior_features()；T0部分当天仍按1个可观察自然日计，不是24小时标准化,V3-F0932,非还款日行为,T0固定时点；提单/App<T0，放款/整笔结清≤T0；支付<T0，已确认整笔同秒结清订单的已知同秒支付可=T0；当前条件为T0已知值。来源可得时间仍待上线核验。,已入模,选定候选保留,0.0,0.0,0.0,0.0167165173306662,29.622100830078125,V2继承
app_nonpay_14d_active_day_share,非还款日｜活跃日期占比,active_days/eligible_days,S04｜event_track_record（App埋点）；S01｜order_loan_f_v2_copy（整笔订单）；S03｜repayment_record_copy（正向入账）,"近14个自然日：start=max(可观察起点,DATE(T0)-(14-1)日)，create_time<T0；排除Pknown发生支付的整个自然日",比例,float32,eligible_days==0为NaN,behavior_features()；T0部分当天仍按1个可观察自然日计，不是24小时标准化,V3-F0933,非还款日行为,T0固定时点；提单/App<T0，放款/整笔结清≤T0；支付<T0，已确认整笔同秒结清订单的已知同秒支付可=T0；当前条件为T0已知值。来源可得时间仍待上线核验。,已入模,选定候选保留,0.0013375861714168124,0.0016360808207806,0.0007789028596862,0.0120737619693257,199.57849788665771,V2继承
app_nonpay_14d_events,非还款日｜活跃埋点条数,COUNT(e.user_id)；按窗口允许日期累加,S04｜event_track_record（App埋点）；S03｜repayment_record_copy（正向入账）,"近14个自然日：start=max(可观察起点,DATE(T0)-(14-1)日)，create_time<T0；排除Pknown发生支付的整个自然日",条,float32,eligible_days==0为NaN；有可观察日期而无行为为0,behavior_features()；次数不是人数，时长不去除重叠,V3-F0934,非还款日行为,T0固定时点；提单/App<T0，放款/整笔结清≤T0；支付<T0，已确认整笔同秒结清订单的已知同秒支付可=T0；当前条件为T0已知值。来源可得时间仍待上线核验。,已入模,选定候选保留,0.0013375861714168124,0.0016360808207806,0.0007789028596862,0.0206054175896127,159.98730278015137,V2继承
app_nonpay_14d_newpage,非还款日｜进入提单页次数,"SUM(INT(e.event_type='page_view_in' AND e.props_id IN ('Loan_newpage','Loan_newpage_select')))；按窗口允许日期累加",S04｜event_track_record（App埋点）；S03｜repayment_record_copy（正向入账）,"近14个自然日：start=max(可观察起点,DATE(T0)-(14-1)日)，create_time<T0；排除Pknown发生支付的整个自然日",次,float32,eligible_days==0为NaN；有可观察日期而无行为为0,behavior_features()；次数不是人数，时长不去除重叠,V3-F0935,非还款日行为,T0固定时点；提单/App<T0，放款/整笔结清≤T0；支付<T0，已确认整笔同秒结清订单的已知同秒支付可=T0；当前条件为T0已知值。来源可得时间仍待上线核验。,已入模,选定候选保留,0.0013375861714168124,0.0016360808207806,0.0007789028596862,0.0369515825504666,29.802799224853516,V2继承
app_nonpay_14d_amount,非还款日｜切换借款金额次数,"SUM(INT(e.props_id IN ('amount_modification','loan_form_loan_amount_selectionn_new','loan_form_loan_amount_selectionn_new_select')))；按窗口允许日期累加",S04｜event_track_record（App埋点）；S03｜repayment_record_copy（正向入账）,"近14个自然日：start=max(可观察起点,DATE(T0)-(14-1)日)，create_time<T0；排除Pknown发生支付的整个自然日",次,float32,eligible_days==0为NaN；有可观察日期而无行为为0,behavior_features()；次数不是人数，时长不去除重叠,V3-F0936,非还款日行为,T0固定时点；提单/App<T0，放款/整笔结清≤T0；支付<T0，已确认整笔同秒结清订单的已知同秒支付可=T0；当前条件为T0已知值。来源可得时间仍待上线核验。,已入模,选定候选保留,0.0013375861714168124,0.0016360808207806,0.0007789028596862,0.0584787950627627,0.0,V2继承
app_nonpay_14d_contract,非还款日｜查看借款合同次数,"SUM(INT(e.props_id IN ('Loan_contract_newdetails','Loan_contract_newdetails_select')))；按窗口允许日期累加",S04｜event_track_record（App埋点）；S03｜repayment_record_copy（正向入账）,"近14个自然日：start=max(可观察起点,DATE(T0)-(14-1)日)，create_time<T0；排除Pknown发生支付的整个自然日",次,float32,eligible_days==0为NaN；有可观察日期而无行为为0,behavior_features()；次数不是人数，时长不去除重叠,V3-F0937,非还款日行为,T0固定时点；提单/App<T0，放款/整笔结清≤T0；支付<T0，已确认整笔同秒结清订单的已知同秒支付可=T0；当前条件为T0已知值。来源可得时间仍待上线核验。,已入模,选定候选保留,0.0013375861714168124,0.0016360808207806,0.0007789028596862,0.0006369096196057,200.60059928894043,V2继承
app_nonpay_14d_term,非还款日｜切换借款期次次数,"SUM(INT(e.props_id IN ('loan_form_term_selection_new','loan_form_term_selection_new_select')))；按窗口允许日期累加",S04｜event_track_record（App埋点）；S03｜repayment_record_copy（正向入账）,"近14个自然日：start=max(可观察起点,DATE(T0)-(14-1)日)，create_time<T0；排除Pknown发生支付的整个自然日",次,float32,eligible_days==0为NaN；有可观察日期而无行为为0,behavior_features()；次数不是人数，时长不去除重叠,V3-F0938,非还款日行为,T0固定时点；提单/App<T0，放款/整笔结清≤T0；支付<T0，已确认整笔同秒结清订单的已知同秒支付可=T0；当前条件为T0已知值。来源可得时间仍待上线核验。,已入模,选定候选保留,0.0013375861714168124,0.0016360808207806,0.0007789028596862,0.00261631152784,13.759200096130373,V2继承
app_nonpay_14d_confirm,非还款日｜确认提单埋点次数,"SUM(INT(e.props_id IN ('Loan_newconfirm','Loan_newconfirm_select')))；按窗口允许日期累加",S04｜event_track_record（App埋点）；S03｜repayment_record_copy（正向入账）,"近14个自然日：start=max(可观察起点,DATE(T0)-(14-1)日)，create_time<T0；排除Pknown发生支付的整个自然日",次,float32,eligible_days==0为NaN；有可观察日期而无行为为0,behavior_features()；次数不是人数，时长不去除重叠,V3-F0939,非还款日行为,T0固定时点；提单/App<T0，放款/整笔结清≤T0；支付<T0，已确认整笔同秒结清订单的已知同秒支付可=T0；当前条件为T0已知值。来源可得时间仍待上线核验。,已入模,选定候选保留,0.0013375861714168124,0.0016360808207806,0.0007789028596862,0.0701920355606093,15.562600135803224,V2继承
app_nonpay_14d_plan,非还款日｜查看还款计划次数,"SUM(INT(e.props_id IN ('Loan_plan_newdetails','Loan_plan_newdetails_select')))；按窗口允许日期累加",S04｜event_track_record（App埋点）；S03｜repayment_record_copy（正向入账）,"近14个自然日：start=max(可观察起点,DATE(T0)-(14-1)日)，create_time<T0；排除Pknown发生支付的整个自然日",次,float32,eligible_days==0为NaN；有可观察日期而无行为为0,behavior_features()；次数不是人数，时长不去除重叠,V3-F0940,非还款日行为,T0固定时点；提单/App<T0，放款/整笔结清≤T0；支付<T0，已确认整笔同秒结清订单的已知同秒支付可=T0；当前条件为T0已知值。来源可得时间仍待上线核验。,已入模,选定候选保留,0.0013375861714168124,0.0016360808207806,0.0007789028596862,0.020656329347093,55.7903995513916,V2继承
app_nonpay_14d_purpose,非还款日｜选择借款用途次数,"SUM(INT(e.props_id IN ('Loan_purpose_newdetails','Loan_purpose_newdetails_select')))；按窗口允许日期累加",S04｜event_track_record（App埋点）；S03｜repayment_record_copy（正向入账）,"近14个自然日：start=max(可观察起点,DATE(T0)-(14-1)日)，create_time<T0；排除Pknown发生支付的整个自然日",次,float32,eligible_days==0为NaN；有可观察日期而无行为为0,behavior_features()；次数不是人数，时长不去除重叠,V3-F0941,非还款日行为,T0固定时点；提单/App<T0，放款/整笔结清≤T0；支付<T0，已确认整笔同秒结清订单的已知同秒支付可=T0；当前条件为T0已知值。来源可得时间仍待上线核验。,已入模,选定候选保留,0.0013375861714168124,0.0016360808207806,0.0007789028596862,0.0072272295925065,0.0,V2继承
app_nonpay_14d_coupon_back,非还款日｜关闭优惠券拦截次数,"SUM(INT(e.props_id IN ('Order_coupons_back','Order_coupons_back_select')))；按窗口允许日期累加",S04｜event_track_record（App埋点）；S03｜repayment_record_copy（正向入账）,"近14个自然日：start=max(可观察起点,DATE(T0)-(14-1)日)，create_time<T0；排除Pknown发生支付的整个自然日",次,float32,eligible_days==0为NaN；有可观察日期而无行为为0,behavior_features()；次数不是人数，时长不去除重叠,V3-F0942,非还款日行为,T0固定时点；提单/App<T0，放款/整笔结清≤T0；支付<T0，已确认整笔同秒结清订单的已知同秒支付可=T0；当前条件为T0已知值。来源可得时间仍待上线核验。,已入模,选定候选保留,0.0013375861714168124,0.0016360808207806,0.0007789028596862,0.0006369096196057,0.0,V2继承
app_nonpay_14d_coupon_confirm,非还款日｜点击优惠券拦截次数,"SUM(INT(e.props_id IN ('Order_coupons_confirm','Order_coupons_confirm_select')))；按窗口允许日期累加",S04｜event_track_record（App埋点）；S03｜repayment_record_copy（正向入账）,"近14个自然日：start=max(可观察起点,DATE(T0)-(14-1)日)，create_time<T0；排除Pknown发生支付的整个自然日",次,float32,eligible_days==0为NaN；有可观察日期而无行为为0,behavior_features()；次数不是人数，时长不去除重叠,V3-F0943,非还款日行为,T0固定时点；提单/App<T0，放款/整笔结清≤T0；支付<T0，已确认整笔同秒结清订单的已知同秒支付可=T0；当前条件为T0已知值。来源可得时间仍待上线核验。,已入模,选定候选保留,0.0013375861714168124,0.0016360808207806,0.0007789028596862,0.0006369096196057,0.0,V2继承
app_nonpay_14d_coupon_page,非还款日｜进入优惠券挽留页次数,"SUM(INT(e.props_id IN ('Order_coupons_page','Order_coupons_page_select')))；按窗口允许日期累加",S04｜event_track_record（App埋点）；S03｜repayment_record_copy（正向入账）,"近14个自然日：start=max(可观察起点,DATE(T0)-(14-1)日)，create_time<T0；排除Pknown发生支付的整个自然日",次,float32,eligible_days==0为NaN；有可观察日期而无行为为0,behavior_features()；次数不是人数，时长不去除重叠,V3-F0944,非还款日行为,T0固定时点；提单/App<T0，放款/整笔结清≤T0；支付<T0，已确认整笔同秒结清订单的已知同秒支付可=T0；当前条件为T0已知值。来源可得时间仍待上线核验。,已入模,选定候选保留,0.0013375861714168124,0.0016360808207806,0.0007789028596862,0.0006369096196057,0.0,V2继承
app_nonpay_14d_repayment_page,非还款日｜名称含repay的辅助页面次数,"SUM(INT(lower(COALESCE(e.props_id,'')||' '||COALESCE(e.page_name,'')) LIKE '%repay%'))；按窗口允许日期累加",S04｜event_track_record（App埋点）；S03｜repayment_record_copy（正向入账）,"近14个自然日：start=max(可观察起点,DATE(T0)-(14-1)日)，create_time<T0；排除Pknown发生支付的整个自然日",次,float32,eligible_days==0为NaN；有可观察日期而无行为为0,behavior_features()；次数不是人数，时长不去除重叠,V3-F0945,非还款日行为,T0固定时点；提单/App<T0，放款/整笔结清≤T0；支付<T0，已确认整笔同秒结清订单的已知同秒支付可=T0；当前条件为T0已知值。来源可得时间仍待上线核验。,已入模,选定候选保留,0.0013375861714168124,0.0016360808207806,0.0007789028596862,0.0006369096196057,0.0,V2继承
app_nonpay_14d_duration,非还款日｜已结束页面累计停留,"SUM(min((event_end_time-event_start_time)/1000,3600))；仅page_view_out、end≥start且end≤截断时刻；按窗口允许日期累加",S04｜event_track_record（App埋点）；S03｜repayment_record_copy（正向入账）,"近14个自然日：start=max(可观察起点,DATE(T0)-(14-1)日)，create_time<T0；排除Pknown发生支付的整个自然日",秒,float32,eligible_days==0为NaN；有可观察日期而无行为为0,behavior_features()；次数不是人数，时长不去除重叠,V3-F0946,非还款日行为,T0固定时点；提单/App<T0，放款/整笔结清≤T0；支付<T0，已确认整笔同秒结清订单的已知同秒支付可=T0；当前条件为T0已知值。来源可得时间仍待上线核验。,已入模,选定候选保留,0.0013375861714168124,0.0016360808207806,0.0007789028596862,0.0260665135860651,47.465399742126465,V2继承
app_nonpay_14d_apply_duration,非还款日｜已结束提单页累计停留,与duration相同，另限定props_id为Loan_newpage/Loan_newpage_select；按窗口允许日期累加,S04｜event_track_record（App埋点）；S03｜repayment_record_copy（正向入账）,"近14个自然日：start=max(可观察起点,DATE(T0)-(14-1)日)，create_time<T0；排除Pknown发生支付的整个自然日",秒,float32,eligible_days==0为NaN；有可观察日期而无行为为0,behavior_features()；次数不是人数，时长不去除重叠,V3-F0947,非还款日行为,T0固定时点；提单/App<T0，放款/整笔结清≤T0；支付<T0，已确认整笔同秒结清订单的已知同秒支付可=T0；当前条件为T0已知值。来源可得时间仍待上线核验。,已入模,选定候选保留,0.0013375861714168124,0.0016360808207806,0.0007789028596862,0.0068136317839739,86.64409923553467,V2继承
app_nonpay_14d_non_apply_duration,非还款日｜非提单页累计停留,duration-apply_duration,S04｜event_track_record（App埋点）；S01｜order_loan_f_v2_copy（整笔订单）；S03｜repayment_record_copy（正向入账）,"近14个自然日：start=max(可观察起点,DATE(T0)-(14-1)日)，create_time<T0；排除Pknown发生支付的整个自然日",秒,float32,eligible_days==0为NaN，否则无行为为0,behavior_features()；T0部分当天仍按1个可观察自然日计，不是24小时标准化,V3-F0948,非还款日行为,T0固定时点；提单/App<T0，放款/整笔结清≤T0；支付<T0，已确认整笔同秒结清订单的已知同秒支付可=T0；当前条件为T0已知值。来源可得时间仍待上线核验。,已入模,选定候选保留,0.0013375861714168124,0.0016360808207806,0.0007789028596862,0.0476372639274672,82.88490104675293,V2继承
app_nonpay_14d_events_per_eligible_day,非还款日｜每可观察日活跃频次,events/eligible_days,S04｜event_track_record（App埋点）；S01｜order_loan_f_v2_copy（整笔订单）；S03｜repayment_record_copy（正向入账）,"近14个自然日：start=max(可观察起点,DATE(T0)-(14-1)日)，create_time<T0；排除Pknown发生支付的整个自然日",条/自然日,float32,eligible_days==0为NaN,behavior_features()；T0部分当天仍按1个可观察自然日计，不是24小时标准化,V3-F0949,非还款日行为,T0固定时点；提单/App<T0，放款/整笔结清≤T0；支付<T0，已确认整笔同秒结清订单的已知同秒支付可=T0；当前条件为T0已知值。来源可得时间仍待上线核验。,已入模,选定候选保留,0.0013375861714168124,0.0016360808207806,0.0007789028596862,0.0151278318804782,197.87970352172852,V2继承
app_nonpay_14d_duration_per_active_day,非还款日｜每活跃日累计页面停留,duration/active_days,S04｜event_track_record（App埋点）；S01｜order_loan_f_v2_copy（整笔订单）；S03｜repayment_record_copy（正向入账）,"近14个自然日：start=max(可观察起点,DATE(T0)-(14-1)日)，create_time<T0；排除Pknown发生支付的整个自然日",秒/活跃日,float32,active_days==0为NaN,behavior_features()；T0部分当天仍按1个可观察自然日计，不是24小时标准化,V3-F0950,非还款日行为,T0固定时点；提单/App<T0，放款/整笔结清≤T0；支付<T0，已确认整笔同秒结清订单的已知同秒支付可=T0；当前条件为T0已知值。来源可得时间仍待上线核验。,已入模,选定候选保留,0.07166130162323187,0.0761543235249079,0.0717703349282296,0.0448212657997962,958.3191003799438,V2继承
app_nonpay_14d_apply_duration_share,非还款日｜提单页停留占比,apply_duration/duration,S04｜event_track_record（App埋点）；S01｜order_loan_f_v2_copy（整笔订单）；S03｜repayment_record_copy（正向入账）,"近14个自然日：start=max(可观察起点,DATE(T0)-(14-1)日)，create_time<T0；排除Pknown发生支付的整个自然日",比例,float32,duration==0为NaN,behavior_features()；T0部分当天仍按1个可观察自然日计，不是24小时标准化,V3-F0951,非还款日行为,T0固定时点；提单/App<T0，放款/整笔结清≤T0；支付<T0，已确认整笔同秒结清订单的已知同秒支付可=T0；当前条件为T0已知值。来源可得时间仍待上线核验。,已入模,选定候选保留,0.08899112685510463,0.0953843178026548,0.0889061978413263,0.0965153099403583,175.9488010406494,V2继承
app_nonpay_14d_amount_per_newpage,非还款日｜切换金额次数对进页比,amount/newpage,S04｜event_track_record（App埋点）；S01｜order_loan_f_v2_copy（整笔订单）；S03｜repayment_record_copy（正向入账）,"近14个自然日：start=max(可观察起点,DATE(T0)-(14-1)日)，create_time<T0；排除Pknown发生支付的整个自然日",次数比,float32,newpage==0为NaN；可能>1,behavior_features()；T0部分当天仍按1个可观察自然日计，不是24小时标准化,V3-F0952,非还款日行为,T0固定时点；提单/App<T0，放款/整笔结清≤T0；支付<T0，已确认整笔同秒结清订单的已知同秒支付可=T0；当前条件为T0已知值。来源可得时间仍待上线核验。,已入模,选定候选保留,0.4179687308610037,0.4241720866881049,0.4176032046289084,0.0631634898997345,141.94669914245603,V2继承
app_nonpay_14d_plan_per_newpage,非还款日｜查看计划次数对进页比,plan/newpage,S04｜event_track_record（App埋点）；S01｜order_loan_f_v2_copy（整笔订单）；S03｜repayment_record_copy（正向入账）,"近14个自然日：start=max(可观察起点,DATE(T0)-(14-1)日)，create_time<T0；排除Pknown发生支付的整个自然日",次数比,float32,newpage==0为NaN；可能>1,behavior_features()；T0部分当天仍按1个可观察自然日计，不是24小时标准化,V3-F0953,非还款日行为,T0固定时点；提单/App<T0，放款/整笔结清≤T0；支付<T0，已确认整笔同秒结清订单的已知同秒支付可=T0；当前条件为T0已知值。来源可得时间仍待上线核验。,已入模,选定候选保留,0.4179687308610037,0.4241720866881049,0.4176032046289084,0.0102343342642119,112.11849975585938,V2继承
app_nonpay_14d_confirm_per_newpage,非还款日｜确认埋点次数对进页比,confirm/newpage,S04｜event_track_record（App埋点）；S01｜order_loan_f_v2_copy（整笔订单）；S03｜repayment_record_copy（正向入账）,"近14个自然日：start=max(可观察起点,DATE(T0)-(14-1)日)，create_time<T0；排除Pknown发生支付的整个自然日",次数比（非用户确认率）,float32,newpage==0为NaN；可能>1，不等于成功提单,behavior_features()；T0部分当天仍按1个可观察自然日计，不是24小时标准化,V3-F0954,非还款日行为,T0固定时点；提单/App<T0，放款/整笔结清≤T0；支付<T0，已确认整笔同秒结清订单的已知同秒支付可=T0；当前条件为T0已知值。来源可得时间仍待上线核验。,已入模,选定候选保留,0.4179687308610037,0.4241720866881049,0.4176032046289084,0.2238617845867448,146.70010089874268,V2继承
app_nonpay_14d_coupon_accept_share,非还款日｜券点击对点击加关闭比,coupon_confirm/(coupon_confirm+coupon_back),S04｜event_track_record（App埋点）；S01｜order_loan_f_v2_copy（整笔订单）；S03｜repayment_record_copy（正向入账）,"近14个自然日：start=max(可观察起点,DATE(T0)-(14-1)日)，create_time<T0；排除Pknown发生支付的整个自然日",比例,float32,分母==0为NaN,behavior_features()；T0部分当天仍按1个可观察自然日计，不是24小时标准化,V3-F0955,非还款日行为,T0固定时点；提单/App<T0，放款/整笔结清≤T0；支付<T0，已确认整笔同秒结清订单的已知同秒支付可=T0；当前条件为T0已知值。来源可得时间仍待上线核验。,已入模,选定候选保留,0.920827637568043,0.914528881259218,0.9398019361299657,0.0095589458397103,0.0,V2继承
app_nonpay_30d_eligible_days,非还款日｜可观察且未排除日期数,"max(0,DATE(T0)-start+1-排除还款日数)",S04｜event_track_record（App埋点）；S01｜order_loan_f_v2_copy（整笔订单）；S03｜repayment_record_copy（正向入账）,"近30个自然日：start=max(可观察起点,DATE(T0)-(30-1)日)，create_time<T0；排除Pknown发生支付的整个自然日",自然日,float32,无日期为0,behavior_features()；T0部分当天仍按1个可观察自然日计，不是24小时标准化,V3-F0956,非还款日行为,T0固定时点；提单/App<T0，放款/整笔结清≤T0；支付<T0，已确认整笔同秒结清订单的已知同秒支付可=T0；当前条件为T0已知值。来源可得时间仍待上线核验。,已入模,选定候选保留,0.0,0.0,0.0,0.0413506060787673,140.82460117340088,V2继承
app_nonpay_30d_empty_eligible,非还款日｜无可观察日期标记,INT(eligible_days==0),S04｜event_track_record（App埋点）；S01｜order_loan_f_v2_copy（整笔订单）；S03｜repayment_record_copy（正向入账）,"近30个自然日：start=max(可观察起点,DATE(T0)-(30-1)日)，create_time<T0；排除Pknown发生支付的整个自然日",0/1,float32,无日期为1,behavior_features()；T0部分当天仍按1个可观察自然日计，不是24小时标准化,V3-F0957,非还款日行为,T0固定时点；提单/App<T0，放款/整笔结清≤T0；支付<T0，已确认整笔同秒结清订单的已知同秒支付可=T0；当前条件为T0已知值。来源可得时间仍待上线核验。,已入模,选定候选保留,0.0,0.0,0.0,0.0,0.0,V2继承
app_nonpay_30d_active_days,非还款日｜有埋点的日期数,COUNT(窗口内event_count>0的日期),S04｜event_track_record（App埋点）；S01｜order_loan_f_v2_copy（整笔订单）；S03｜repayment_record_copy（正向入账）,"近30个自然日：start=max(可观察起点,DATE(T0)-(30-1)日)，create_time<T0；排除Pknown发生支付的整个自然日",自然日,float32,无活跃或无可观察日期为0,behavior_features()；T0部分当天仍按1个可观察自然日计，不是24小时标准化,V3-F0958,非还款日行为,T0固定时点；提单/App<T0，放款/整笔结清≤T0；支付<T0，已确认整笔同秒结清订单的已知同秒支付可=T0；当前条件为T0已知值。来源可得时间仍待上线核验。,已入模,选定候选保留,0.0,0.0,0.0,0.0433414407872813,107.01499938964844,V2继承
app_nonpay_30d_active_day_share,非还款日｜活跃日期占比,active_days/eligible_days,S04｜event_track_record（App埋点）；S01｜order_loan_f_v2_copy（整笔订单）；S03｜repayment_record_copy（正向入账）,"近30个自然日：start=max(可观察起点,DATE(T0)-(30-1)日)，create_time<T0；排除Pknown发生支付的整个自然日",比例,float32,eligible_days==0为NaN,behavior_features()；T0部分当天仍按1个可观察自然日计，不是24小时标准化,V3-F0959,非还款日行为,T0固定时点；提单/App<T0，放款/整笔结清≤T0；支付<T0，已确认整笔同秒结清订单的已知同秒支付可=T0；当前条件为T0已知值。来源可得时间仍待上线核验。,已入模,选定候选保留,0.0013375861714168124,0.0016360808207806,0.0007789028596862,0.0089213135808511,70.13490104675293,V2继承
app_nonpay_30d_events,非还款日｜活跃埋点条数,COUNT(e.user_id)；按窗口允许日期累加,S04｜event_track_record（App埋点）；S03｜repayment_record_copy（正向入账）,"近30个自然日：start=max(可观察起点,DATE(T0)-(30-1)日)，create_time<T0；排除Pknown发生支付的整个自然日",条,float32,eligible_days==0为NaN；有可观察日期而无行为为0,behavior_features()；次数不是人数，时长不去除重叠,V3-F0960,非还款日行为,T0固定时点；提单/App<T0，放款/整笔结清≤T0；支付<T0，已确认整笔同秒结清订单的已知同秒支付可=T0；当前条件为T0已知值。来源可得时间仍待上线核验。,已入模,选定候选保留,0.0013375861714168124,0.0016360808207806,0.0007789028596862,0.0156979052785201,141.68620109558103,V2继承
app_nonpay_30d_newpage,非还款日｜进入提单页次数,"SUM(INT(e.event_type='page_view_in' AND e.props_id IN ('Loan_newpage','Loan_newpage_select')))；按窗口允许日期累加",S04｜event_track_record（App埋点）；S03｜repayment_record_copy（正向入账）,"近30个自然日：start=max(可观察起点,DATE(T0)-(30-1)日)，create_time<T0；排除Pknown发生支付的整个自然日",次,float32,eligible_days==0为NaN；有可观察日期而无行为为0,behavior_features()；次数不是人数，时长不去除重叠,V3-F0961,非还款日行为,T0固定时点；提单/App<T0，放款/整笔结清≤T0；支付<T0，已确认整笔同秒结清订单的已知同秒支付可=T0；当前条件为T0已知值。来源可得时间仍待上线核验。,已入模,选定候选保留,0.0013375861714168124,0.0016360808207806,0.0007789028596862,0.0809696439688141,230.20290565490723,V2继承
app_nonpay_30d_amount,非还款日｜切换借款金额次数,"SUM(INT(e.props_id IN ('amount_modification','loan_form_loan_amount_selectionn_new','loan_form_loan_amount_selectionn_new_select')))；按窗口允许日期累加",S04｜event_track_record（App埋点）；S03｜repayment_record_copy（正向入账）,"近30个自然日：start=max(可观察起点,DATE(T0)-(30-1)日)，create_time<T0；排除Pknown发生支付的整个自然日",次,float32,eligible_days==0为NaN；有可观察日期而无行为为0,behavior_features()；次数不是人数，时长不去除重叠,V3-F0962,非还款日行为,T0固定时点；提单/App<T0，放款/整笔结清≤T0；支付<T0，已确认整笔同秒结清订单的已知同秒支付可=T0；当前条件为T0已知值。来源可得时间仍待上线核验。,已入模,选定候选保留,0.0013375861714168124,0.0016360808207806,0.0007789028596862,0.2359262570375292,127.04300117492676,V2继承
app_nonpay_30d_contract,非还款日｜查看借款合同次数,"SUM(INT(e.props_id IN ('Loan_contract_newdetails','Loan_contract_newdetails_select')))；按窗口允许日期累加",S04｜event_track_record（App埋点）；S03｜repayment_record_copy（正向入账）,"近30个自然日：start=max(可观察起点,DATE(T0)-(30-1)日)，create_time<T0；排除Pknown发生支付的整个自然日",次,float32,eligible_days==0为NaN；有可观察日期而无行为为0,behavior_features()；次数不是人数，时长不去除重叠,V3-F0963,非还款日行为,T0固定时点；提单/App<T0，放款/整笔结清≤T0；支付<T0，已确认整笔同秒结清订单的已知同秒支付可=T0；当前条件为T0已知值。来源可得时间仍待上线核验。,已入模,选定候选保留,0.0013375861714168124,0.0016360808207806,0.0007789028596862,0.0006369096196057,0.0,V2继承
app_nonpay_30d_term,非还款日｜切换借款期次次数,"SUM(INT(e.props_id IN ('loan_form_term_selection_new','loan_form_term_selection_new_select')))；按窗口允许日期累加",S04｜event_track_record（App埋点）；S03｜repayment_record_copy（正向入账）,"近30个自然日：start=max(可观察起点,DATE(T0)-(30-1)日)，create_time<T0；排除Pknown发生支付的整个自然日",次,float32,eligible_days==0为NaN；有可观察日期而无行为为0,behavior_features()；次数不是人数，时长不去除重叠,V3-F0964,非还款日行为,T0固定时点；提单/App<T0，放款/整笔结清≤T0；支付<T0，已确认整笔同秒结清订单的已知同秒支付可=T0；当前条件为T0已知值。来源可得时间仍待上线核验。,已入模,选定候选保留,0.0013375861714168124,0.0016360808207806,0.0007789028596862,0.0685183642669262,0.0,V2继承
app_nonpay_30d_confirm,非还款日｜确认提单埋点次数,"SUM(INT(e.props_id IN ('Loan_newconfirm','Loan_newconfirm_select')))；按窗口允许日期累加",S04｜event_track_record（App埋点）；S03｜repayment_record_copy（正向入账）,"近30个自然日：start=max(可观察起点,DATE(T0)-(30-1)日)，create_time<T0；排除Pknown发生支付的整个自然日",次,float32,eligible_days==0为NaN；有可观察日期而无行为为0,behavior_features()；次数不是人数，时长不去除重叠,V3-F0965,非还款日行为,T0固定时点；提单/App<T0，放款/整笔结清≤T0；支付<T0，已确认整笔同秒结清订单的已知同秒支付可=T0；当前条件为T0已知值。来源可得时间仍待上线核验。,已入模,选定候选保留,0.0013375861714168124,0.0016360808207806,0.0007789028596862,0.0017025235417449,55.588500022888184,V2继承
app_nonpay_30d_plan,非还款日｜查看还款计划次数,"SUM(INT(e.props_id IN ('Loan_plan_newdetails','Loan_plan_newdetails_select')))；按窗口允许日期累加",S04｜event_track_record（App埋点）；S03｜repayment_record_copy（正向入账）,"近30个自然日：start=max(可观察起点,DATE(T0)-(30-1)日)，create_time<T0；排除Pknown发生支付的整个自然日",次,float32,eligible_days==0为NaN；有可观察日期而无行为为0,behavior_features()；次数不是人数，时长不去除重叠,V3-F0966,非还款日行为,T0固定时点；提单/App<T0，放款/整笔结清≤T0；支付<T0，已确认整笔同秒结清订单的已知同秒支付可=T0；当前条件为T0已知值。来源可得时间仍待上线核验。,已入模,选定候选保留,0.0013375861714168124,0.0016360808207806,0.0007789028596862,0.0756843009056789,383.6592025756836,V2继承
app_nonpay_30d_purpose,非还款日｜选择借款用途次数,"SUM(INT(e.props_id IN ('Loan_purpose_newdetails','Loan_purpose_newdetails_select')))；按窗口允许日期累加",S04｜event_track_record（App埋点）；S03｜repayment_record_copy（正向入账）,"近30个自然日：start=max(可观察起点,DATE(T0)-(30-1)日)，create_time<T0；排除Pknown发生支付的整个自然日",次,float32,eligible_days==0为NaN；有可观察日期而无行为为0,behavior_features()；次数不是人数，时长不去除重叠,V3-F0967,非还款日行为,T0固定时点；提单/App<T0，放款/整笔结清≤T0；支付<T0，已确认整笔同秒结清订单的已知同秒支付可=T0；当前条件为T0已知值。来源可得时间仍待上线核验。,已入模,选定候选保留,0.0013375861714168124,0.0016360808207806,0.0007789028596862,0.0007240864248407,30.009599685668945,V2继承
app_nonpay_30d_coupon_back,非还款日｜关闭优惠券拦截次数,"SUM(INT(e.props_id IN ('Order_coupons_back','Order_coupons_back_select')))；按窗口允许日期累加",S04｜event_track_record（App埋点）；S03｜repayment_record_copy（正向入账）,"近30个自然日：start=max(可观察起点,DATE(T0)-(30-1)日)，create_time<T0；排除Pknown发生支付的整个自然日",次,float32,eligible_days==0为NaN；有可观察日期而无行为为0,behavior_features()；次数不是人数，时长不去除重叠,V3-F0968,非还款日行为,T0固定时点；提单/App<T0，放款/整笔结清≤T0；支付<T0，已确认整笔同秒结清订单的已知同秒支付可=T0；当前条件为T0已知值。来源可得时间仍待上线核验。,已入模,选定候选保留,0.0013375861714168124,0.0016360808207806,0.0007789028596862,0.0006369096196057,0.0,V2继承
app_nonpay_30d_coupon_confirm,非还款日｜点击优惠券拦截次数,"SUM(INT(e.props_id IN ('Order_coupons_confirm','Order_coupons_confirm_select')))；按窗口允许日期累加",S04｜event_track_record（App埋点）；S03｜repayment_record_copy（正向入账）,"近30个自然日：start=max(可观察起点,DATE(T0)-(30-1)日)，create_time<T0；排除Pknown发生支付的整个自然日",次,float32,eligible_days==0为NaN；有可观察日期而无行为为0,behavior_features()；次数不是人数，时长不去除重叠,V3-F0969,非还款日行为,T0固定时点；提单/App<T0，放款/整笔结清≤T0；支付<T0，已确认整笔同秒结清订单的已知同秒支付可=T0；当前条件为T0已知值。来源可得时间仍待上线核验。,已入模,选定候选保留,0.0013375861714168124,0.0016360808207806,0.0007789028596862,0.0006837327642522,0.0,V2继承
app_nonpay_30d_coupon_page,非还款日｜进入优惠券挽留页次数,"SUM(INT(e.props_id IN ('Order_coupons_page','Order_coupons_page_select')))；按窗口允许日期累加",S04｜event_track_record（App埋点）；S03｜repayment_record_copy（正向入账）,"近30个自然日：start=max(可观察起点,DATE(T0)-(30-1)日)，create_time<T0；排除Pknown发生支付的整个自然日",次,float32,eligible_days==0为NaN；有可观察日期而无行为为0,behavior_features()；次数不是人数，时长不去除重叠,V3-F0970,非还款日行为,T0固定时点；提单/App<T0，放款/整笔结清≤T0；支付<T0，已确认整笔同秒结清订单的已知同秒支付可=T0；当前条件为T0已知值。来源可得时间仍待上线核验。,已入模,选定候选保留,0.0013375861714168124,0.0016360808207806,0.0007789028596862,0.0006402425987913,0.0,V2继承
app_nonpay_30d_repayment_page,非还款日｜名称含repay的辅助页面次数,"SUM(INT(lower(COALESCE(e.props_id,'')||' '||COALESCE(e.page_name,'')) LIKE '%repay%'))；按窗口允许日期累加",S04｜event_track_record（App埋点）；S03｜repayment_record_copy（正向入账）,"近30个自然日：start=max(可观察起点,DATE(T0)-(30-1)日)，create_time<T0；排除Pknown发生支付的整个自然日",次,float32,eligible_days==0为NaN；有可观察日期而无行为为0,behavior_features()；次数不是人数，时长不去除重叠,V3-F0971,非还款日行为,T0固定时点；提单/App<T0，放款/整笔结清≤T0；支付<T0，已确认整笔同秒结清订单的已知同秒支付可=T0；当前条件为T0已知值。来源可得时间仍待上线核验。,已入模,选定候选保留,0.0013375861714168124,0.0016360808207806,0.0007789028596862,0.0006369096196057,0.0,V2继承
app_nonpay_30d_duration,非还款日｜已结束页面累计停留,"SUM(min((event_end_time-event_start_time)/1000,3600))；仅page_view_out、end≥start且end≤截断时刻；按窗口允许日期累加",S04｜event_track_record（App埋点）；S03｜repayment_record_copy（正向入账）,"近30个自然日：start=max(可观察起点,DATE(T0)-(30-1)日)，create_time<T0；排除Pknown发生支付的整个自然日",秒,float32,eligible_days==0为NaN；有可观察日期而无行为为0,behavior_features()；次数不是人数，时长不去除重叠,V3-F0972,非还款日行为,T0固定时点；提单/App<T0，放款/整笔结清≤T0；支付<T0，已确认整笔同秒结清订单的已知同秒支付可=T0；当前条件为T0已知值。来源可得时间仍待上线核验。,已入模,选定候选保留,0.0013375861714168124,0.0016360808207806,0.0007789028596862,0.0116560597750709,97.70830059051514,V2继承
app_nonpay_30d_apply_duration,非还款日｜已结束提单页累计停留,与duration相同，另限定props_id为Loan_newpage/Loan_newpage_select；按窗口允许日期累加,S04｜event_track_record（App埋点）；S03｜repayment_record_copy（正向入账）,"近30个自然日：start=max(可观察起点,DATE(T0)-(30-1)日)，create_time<T0；排除Pknown发生支付的整个自然日",秒,float32,eligible_days==0为NaN；有可观察日期而无行为为0,behavior_features()；次数不是人数，时长不去除重叠,V3-F0973,非还款日行为,T0固定时点；提单/App<T0，放款/整笔结清≤T0；支付<T0，已确认整笔同秒结清订单的已知同秒支付可=T0；当前条件为T0已知值。来源可得时间仍待上线核验。,已入模,选定候选保留,0.0013375861714168124,0.0016360808207806,0.0007789028596862,0.0409020621061518,225.5857000350952,V2继承
app_nonpay_30d_non_apply_duration,非还款日｜非提单页累计停留,duration-apply_duration,S04｜event_track_record（App埋点）；S01｜order_loan_f_v2_copy（整笔订单）；S03｜repayment_record_copy（正向入账）,"近30个自然日：start=max(可观察起点,DATE(T0)-(30-1)日)，create_time<T0；排除Pknown发生支付的整个自然日",秒,float32,eligible_days==0为NaN，否则无行为为0,behavior_features()；T0部分当天仍按1个可观察自然日计，不是24小时标准化,V3-F0974,非还款日行为,T0固定时点；提单/App<T0，放款/整笔结清≤T0；支付<T0，已确认整笔同秒结清订单的已知同秒支付可=T0；当前条件为T0已知值。来源可得时间仍待上线核验。,已入模,选定候选保留,0.0013375861714168124,0.0016360808207806,0.0007789028596862,0.003398031745902,99.13740062713624,V2继承
app_nonpay_30d_events_per_eligible_day,非还款日｜每可观察日活跃频次,events/eligible_days,S04｜event_track_record（App埋点）；S01｜order_loan_f_v2_copy（整笔订单）；S03｜repayment_record_copy（正向入账）,"近30个自然日：start=max(可观察起点,DATE(T0)-(30-1)日)，create_time<T0；排除Pknown发生支付的整个自然日",条/自然日,float32,eligible_days==0为NaN,behavior_features()；T0部分当天仍按1个可观察自然日计，不是24小时标准化,V3-F0975,非还款日行为,T0固定时点；提单/App<T0，放款/整笔结清≤T0；支付<T0，已确认整笔同秒结清订单的已知同秒支付可=T0；当前条件为T0已知值。来源可得时间仍待上线核验。,已入模,选定候选保留,0.0013375861714168124,0.0016360808207806,0.0007789028596862,0.0342187769208573,96.35059928894044,V2继承
app_nonpay_30d_duration_per_active_day,非还款日｜每活跃日累计页面停留,duration/active_days,S04｜event_track_record（App埋点）；S01｜order_loan_f_v2_copy（整笔订单）；S03｜repayment_record_copy（正向入账）,"近30个自然日：start=max(可观察起点,DATE(T0)-(30-1)日)，create_time<T0；排除Pknown发生支付的整个自然日",秒/活跃日,float32,active_days==0为NaN,behavior_features()；T0部分当天仍按1个可观察自然日计，不是24小时标准化,V3-F0976,非还款日行为,T0固定时点；提单/App<T0，放款/整笔结清≤T0；支付<T0，已确认整笔同秒结清订单的已知同秒支付可=T0；当前条件为T0已知值。来源可得时间仍待上线核验。,已入模,选定候选保留,0.007780537876226733,0.008929938667118,0.0053410481807054,0.0071362726280361,19.59950065612793,V2继承
app_nonpay_30d_apply_duration_share,非还款日｜提单页停留占比,apply_duration/duration,S04｜event_track_record（App埋点）；S01｜order_loan_f_v2_copy（整笔订单）；S03｜repayment_record_copy（正向入账）,"近30个自然日：start=max(可观察起点,DATE(T0)-(30-1)日)，create_time<T0；排除Pknown发生支付的整个自然日",比例,float32,duration==0为NaN,behavior_features()；T0部分当天仍按1个可观察自然日计，不是24小时标准化,V3-F0977,非还款日行为,T0固定时点；提单/App<T0，放款/整笔结清≤T0；支付<T0，已确认整笔同秒结清订单的已知同秒支付可=T0；当前条件为T0已知值。来源可得时间仍待上线核验。,已入模,选定候选保留,0.009916756084057246,0.0113800301425727,0.0079003004339601,0.047467831486996,407.588098526001,V2继承
app_nonpay_30d_amount_per_newpage,非还款日｜切换金额次数对进页比,amount/newpage,S04｜event_track_record（App埋点）；S01｜order_loan_f_v2_copy（整笔订单）；S03｜repayment_record_copy（正向入账）,"近30个自然日：start=max(可观察起点,DATE(T0)-(30-1)日)，create_time<T0；排除Pknown发生支付的整个自然日",次数比,float32,newpage==0为NaN；可能>1,behavior_features()；T0部分当天仍按1个可观察自然日计，不是24小时标准化,V3-F0978,非还款日行为,T0固定时点；提单/App<T0，放款/整笔结清≤T0；支付<T0，已确认整笔同秒结清订单的已知同秒支付可=T0；当前条件为T0已知值。来源可得时间仍待上线核验。,已入模,选定候选保留,0.10928030024644902,0.1151704183692384,0.0992544786914432,0.2037068757063235,361.097599029541,V2继承
app_nonpay_30d_plan_per_newpage,非还款日｜查看计划次数对进页比,plan/newpage,S04｜event_track_record（App埋点）；S01｜order_loan_f_v2_copy（整笔订单）；S03｜repayment_record_copy（正向入账）,"近30个自然日：start=max(可观察起点,DATE(T0)-(30-1)日)，create_time<T0；排除Pknown发生支付的整个自然日",次数比,float32,newpage==0为NaN；可能>1,behavior_features()；T0部分当天仍按1个可观察自然日计，不是24小时标准化,V3-F0979,非还款日行为,T0固定时点；提单/App<T0，放款/整笔结清≤T0；支付<T0，已确认整笔同秒结清订单的已知同秒支付可=T0；当前条件为T0已知值。来源可得时间仍待上线核验。,已入模,选定候选保留,0.10928030024644902,0.1151704183692384,0.0992544786914432,0.0640024155008052,731.5495042800903,V2继承
app_nonpay_30d_confirm_per_newpage,非还款日｜确认埋点次数对进页比,confirm/newpage,S04｜event_track_record（App埋点）；S01｜order_loan_f_v2_copy（整笔订单）；S03｜repayment_record_copy（正向入账）,"近30个自然日：start=max(可观察起点,DATE(T0)-(30-1)日)，create_time<T0；排除Pknown发生支付的整个自然日",次数比（非用户确认率）,float32,newpage==0为NaN；可能>1，不等于成功提单,behavior_features()；T0部分当天仍按1个可观察自然日计，不是24小时标准化,V3-F0980,非还款日行为,T0固定时点；提单/App<T0，放款/整笔结清≤T0；支付<T0，已确认整笔同秒结清订单的已知同秒支付可=T0；当前条件为T0已知值。来源可得时间仍待上线核验。,已入模,选定候选保留,0.10928030024644902,0.1151704183692384,0.0992544786914432,0.1209445279102446,1116.4127073287964,V2继承
app_nonpay_30d_coupon_accept_share,非还款日｜券点击对点击加关闭比,coupon_confirm/(coupon_confirm+coupon_back),S04｜event_track_record（App埋点）；S01｜order_loan_f_v2_copy（整笔订单）；S03｜repayment_record_copy（正向入账）,"近30个自然日：start=max(可观察起点,DATE(T0)-(30-1)日)，create_time<T0；排除Pknown发生支付的整个自然日",比例,float32,分母==0为NaN,behavior_features()；T0部分当天仍按1个可观察自然日计，不是24小时标准化,V3-F0981,非还款日行为,T0固定时点；提单/App<T0，放款/整笔结清≤T0；支付<T0，已确认整笔同秒结清订单的已知同秒支付可=T0；当前条件为T0已知值。来源可得时间仍待上线核验。,已入模,选定候选保留,0.8171867574069447,0.8205549779572362,0.8206297985979748,0.0003393869516992,0.0,V2继承
app_nonpay_60d_eligible_days,非还款日｜可观察且未排除日期数,"max(0,DATE(T0)-start+1-排除还款日数)",S04｜event_track_record（App埋点）；S01｜order_loan_f_v2_copy（整笔订单）；S03｜repayment_record_copy（正向入账）,"近60个自然日：start=max(可观察起点,DATE(T0)-(60-1)日)，create_time<T0；排除Pknown发生支付的整个自然日",自然日,float32,无日期为0,behavior_features()；T0部分当天仍按1个可观察自然日计，不是24小时标准化,V3-F0982,非还款日行为,T0固定时点；提单/App<T0，放款/整笔结清≤T0；支付<T0，已确认整笔同秒结清订单的已知同秒支付可=T0；当前条件为T0已知值。来源可得时间仍待上线核验。,已入模,选定候选保留,0.0,0.0,0.0,0.0328324022527298,0.0,V2继承
app_nonpay_60d_empty_eligible,非还款日｜无可观察日期标记,INT(eligible_days==0),S04｜event_track_record（App埋点）；S01｜order_loan_f_v2_copy（整笔订单）；S03｜repayment_record_copy（正向入账）,"近60个自然日：start=max(可观察起点,DATE(T0)-(60-1)日)，create_time<T0；排除Pknown发生支付的整个自然日",0/1,float32,无日期为1,behavior_features()；T0部分当天仍按1个可观察自然日计，不是24小时标准化,V3-F0983,非还款日行为,T0固定时点；提单/App<T0，放款/整笔结清≤T0；支付<T0，已确认整笔同秒结清订单的已知同秒支付可=T0；当前条件为T0已知值。来源可得时间仍待上线核验。,已入模,选定候选保留,0.0,0.0,0.0,0.0,0.0,V2继承
app_nonpay_60d_active_days,非还款日｜有埋点的日期数,COUNT(窗口内event_count>0的日期),S04｜event_track_record（App埋点）；S01｜order_loan_f_v2_copy（整笔订单）；S03｜repayment_record_copy（正向入账）,"近60个自然日：start=max(可观察起点,DATE(T0)-(60-1)日)，create_time<T0；排除Pknown发生支付的整个自然日",自然日,float32,无活跃或无可观察日期为0,behavior_features()；T0部分当天仍按1个可观察自然日计，不是24小时标准化,V3-F0984,非还款日行为,T0固定时点；提单/App<T0，放款/整笔结清≤T0；支付<T0，已确认整笔同秒结清订单的已知同秒支付可=T0；当前条件为T0已知值。来源可得时间仍待上线核验。,已入模,选定候选保留,0.0,0.0,0.0,0.0385048202560629,204.1861982345581,V2继承
app_nonpay_60d_active_day_share,非还款日｜活跃日期占比,active_days/eligible_days,S04｜event_track_record（App埋点）；S01｜order_loan_f_v2_copy（整笔订单）；S03｜repayment_record_copy（正向入账）,"近60个自然日：start=max(可观察起点,DATE(T0)-(60-1)日)，create_time<T0；排除Pknown发生支付的整个自然日",比例,float32,eligible_days==0为NaN,behavior_features()；T0部分当天仍按1个可观察自然日计，不是24小时标准化,V3-F0985,非还款日行为,T0固定时点；提单/App<T0，放款/整笔结清≤T0；支付<T0，已确认整笔同秒结清订单的已知同秒支付可=T0；当前条件为T0已知值。来源可得时间仍待上线核验。,已入模,选定候选保留,0.0013375861714168124,0.0016360808207806,0.0007789028596862,0.0054038483658746,132.7524003982544,V2继承
app_nonpay_60d_events,非还款日｜活跃埋点条数,COUNT(e.user_id)；按窗口允许日期累加,S04｜event_track_record（App埋点）；S03｜repayment_record_copy（正向入账）,"近60个自然日：start=max(可观察起点,DATE(T0)-(60-1)日)，create_time<T0；排除Pknown发生支付的整个自然日",条,float32,eligible_days==0为NaN；有可观察日期而无行为为0,behavior_features()；次数不是人数，时长不去除重叠,V3-F0986,非还款日行为,T0固定时点；提单/App<T0，放款/整笔结清≤T0；支付<T0，已确认整笔同秒结清订单的已知同秒支付可=T0；当前条件为T0已知值。来源可得时间仍待上线核验。,已入模,选定候选保留,0.0013375861714168124,0.0016360808207806,0.0007789028596862,0.0338167700149498,144.7634983062744,V2继承
app_nonpay_60d_newpage,非还款日｜进入提单页次数,"SUM(INT(e.event_type='page_view_in' AND e.props_id IN ('Loan_newpage','Loan_newpage_select')))；按窗口允许日期累加",S04｜event_track_record（App埋点）；S03｜repayment_record_copy（正向入账）,"近60个自然日：start=max(可观察起点,DATE(T0)-(60-1)日)，create_time<T0；排除Pknown发生支付的整个自然日",次,float32,eligible_days==0为NaN；有可观察日期而无行为为0,behavior_features()；次数不是人数，时长不去除重叠,V3-F0987,非还款日行为,T0固定时点；提单/App<T0，放款/整笔结清≤T0；支付<T0，已确认整笔同秒结清订单的已知同秒支付可=T0；当前条件为T0已知值。来源可得时间仍待上线核验。,已入模,选定候选保留,0.0013375861714168124,0.0016360808207806,0.0007789028596862,0.1013852299821386,353.8707027435303,V2继承
app_nonpay_60d_amount,非还款日｜切换借款金额次数,"SUM(INT(e.props_id IN ('amount_modification','loan_form_loan_amount_selectionn_new','loan_form_loan_amount_selectionn_new_select')))；按窗口允许日期累加",S04｜event_track_record（App埋点）；S03｜repayment_record_copy（正向入账）,"近60个自然日：start=max(可观察起点,DATE(T0)-(60-1)日)，create_time<T0；排除Pknown发生支付的整个自然日",次,float32,eligible_days==0为NaN；有可观察日期而无行为为0,behavior_features()；次数不是人数，时长不去除重叠,V3-F0988,非还款日行为,T0固定时点；提单/App<T0，放款/整笔结清≤T0；支付<T0，已确认整笔同秒结清订单的已知同秒支付可=T0；当前条件为T0已知值。来源可得时间仍待上线核验。,已入模,选定候选保留,0.0013375861714168124,0.0016360808207806,0.0007789028596862,0.2864069025633497,325.0087003707886,V2继承
app_nonpay_60d_contract,非还款日｜查看借款合同次数,"SUM(INT(e.props_id IN ('Loan_contract_newdetails','Loan_contract_newdetails_select')))；按窗口允许日期累加",S04｜event_track_record（App埋点）；S03｜repayment_record_copy（正向入账）,"近60个自然日：start=max(可观察起点,DATE(T0)-(60-1)日)，create_time<T0；排除Pknown发生支付的整个自然日",次,float32,eligible_days==0为NaN；有可观察日期而无行为为0,behavior_features()；次数不是人数，时长不去除重叠,V3-F0989,非还款日行为,T0固定时点；提单/App<T0，放款/整笔结清≤T0；支付<T0，已确认整笔同秒结清订单的已知同秒支付可=T0；当前条件为T0已知值。来源可得时间仍待上线核验。,已入模,选定候选保留,0.0013375861714168124,0.0016360808207806,0.0007789028596862,0.0006369096196057,30.333399772644043,V2继承
app_nonpay_60d_term,非还款日｜切换借款期次次数,"SUM(INT(e.props_id IN ('loan_form_term_selection_new','loan_form_term_selection_new_select')))；按窗口允许日期累加",S04｜event_track_record（App埋点）；S03｜repayment_record_copy（正向入账）,"近60个自然日：start=max(可观察起点,DATE(T0)-(60-1)日)，create_time<T0；排除Pknown发生支付的整个自然日",次,float32,eligible_days==0为NaN；有可观察日期而无行为为0,behavior_features()；次数不是人数，时长不去除重叠,V3-F0990,非还款日行为,T0固定时点；提单/App<T0，放款/整笔结清≤T0；支付<T0，已确认整笔同秒结清订单的已知同秒支付可=T0；当前条件为T0已知值。来源可得时间仍待上线核验。,已入模,选定候选保留,0.0013375861714168124,0.0016360808207806,0.0007789028596862,0.0907551953202768,36.523399353027344,V2继承
app_nonpay_60d_confirm,非还款日｜确认提单埋点次数,"SUM(INT(e.props_id IN ('Loan_newconfirm','Loan_newconfirm_select')))；按窗口允许日期累加",S04｜event_track_record（App埋点）；S03｜repayment_record_copy（正向入账）,"近60个自然日：start=max(可观察起点,DATE(T0)-(60-1)日)，create_time<T0；排除Pknown发生支付的整个自然日",次,float32,eligible_days==0为NaN；有可观察日期而无行为为0,behavior_features()；次数不是人数，时长不去除重叠,V3-F0991,非还款日行为,T0固定时点；提单/App<T0，放款/整笔结清≤T0；支付<T0，已确认整笔同秒结清订单的已知同秒支付可=T0；当前条件为T0已知值。来源可得时间仍待上线核验。,已入模,选定候选保留,0.0013375861714168124,0.0016360808207806,0.0007789028596862,0.0019396379790665,109.58790111541748,V2继承
app_nonpay_60d_plan,非还款日｜查看还款计划次数,"SUM(INT(e.props_id IN ('Loan_plan_newdetails','Loan_plan_newdetails_select')))；按窗口允许日期累加",S04｜event_track_record（App埋点）；S03｜repayment_record_copy（正向入账）,"近60个自然日：start=max(可观察起点,DATE(T0)-(60-1)日)，create_time<T0；排除Pknown发生支付的整个自然日",次,float32,eligible_days==0为NaN；有可观察日期而无行为为0,behavior_features()；次数不是人数，时长不去除重叠,V3-F0992,非还款日行为,T0固定时点；提单/App<T0，放款/整笔结清≤T0；支付<T0，已确认整笔同秒结清订单的已知同秒支付可=T0；当前条件为T0已知值。来源可得时间仍待上线核验。,已入模,选定候选保留,0.0013375861714168124,0.0016360808207806,0.0007789028596862,0.0896744455319078,1133.8243923187256,V2继承
app_nonpay_60d_purpose,非还款日｜选择借款用途次数,"SUM(INT(e.props_id IN ('Loan_purpose_newdetails','Loan_purpose_newdetails_select')))；按窗口允许日期累加",S04｜event_track_record（App埋点）；S03｜repayment_record_copy（正向入账）,"近60个自然日：start=max(可观察起点,DATE(T0)-(60-1)日)，create_time<T0；排除Pknown发生支付的整个自然日",次,float32,eligible_days==0为NaN；有可观察日期而无行为为0,behavior_features()；次数不是人数，时长不去除重叠,V3-F0993,非还款日行为,T0固定时点；提单/App<T0，放款/整笔结清≤T0；支付<T0，已确认整笔同秒结清订单的已知同秒支付可=T0；当前条件为T0已知值。来源可得时间仍待上线核验。,已入模,选定候选保留,0.0013375861714168124,0.0016360808207806,0.0007789028596862,0.0027894472161564,0.0,V2继承
app_nonpay_60d_coupon_back,非还款日｜关闭优惠券拦截次数,"SUM(INT(e.props_id IN ('Order_coupons_back','Order_coupons_back_select')))；按窗口允许日期累加",S04｜event_track_record（App埋点）；S03｜repayment_record_copy（正向入账）,"近60个自然日：start=max(可观察起点,DATE(T0)-(60-1)日)，create_time<T0；排除Pknown发生支付的整个自然日",次,float32,eligible_days==0为NaN；有可观察日期而无行为为0,behavior_features()；次数不是人数，时长不去除重叠,V3-F0994,非还款日行为,T0固定时点；提单/App<T0，放款/整笔结清≤T0；支付<T0，已确认整笔同秒结清订单的已知同秒支付可=T0；当前条件为T0已知值。来源可得时间仍待上线核验。,已入模,选定候选保留,0.0013375861714168124,0.0016360808207806,0.0007789028596862,0.0033682791857045,0.0,V2继承
app_nonpay_60d_coupon_confirm,非还款日｜点击优惠券拦截次数,"SUM(INT(e.props_id IN ('Order_coupons_confirm','Order_coupons_confirm_select')))；按窗口允许日期累加",S04｜event_track_record（App埋点）；S03｜repayment_record_copy（正向入账）,"近60个自然日：start=max(可观察起点,DATE(T0)-(60-1)日)，create_time<T0；排除Pknown发生支付的整个自然日",次,float32,eligible_days==0为NaN；有可观察日期而无行为为0,behavior_features()；次数不是人数，时长不去除重叠,V3-F0995,非还款日行为,T0固定时点；提单/App<T0，放款/整笔结清≤T0；支付<T0，已确认整笔同秒结清订单的已知同秒支付可=T0；当前条件为T0已知值。来源可得时间仍待上线核验。,已入模,选定候选保留,0.0013375861714168124,0.0016360808207806,0.0007789028596862,0.0018776821689802,0.0,V2继承
app_nonpay_60d_coupon_page,非还款日｜进入优惠券挽留页次数,"SUM(INT(e.props_id IN ('Order_coupons_page','Order_coupons_page_select')))；按窗口允许日期累加",S04｜event_track_record（App埋点）；S03｜repayment_record_copy（正向入账）,"近60个自然日：start=max(可观察起点,DATE(T0)-(60-1)日)，create_time<T0；排除Pknown发生支付的整个自然日",次,float32,eligible_days==0为NaN；有可观察日期而无行为为0,behavior_features()；次数不是人数，时长不去除重叠,V3-F0996,非还款日行为,T0固定时点；提单/App<T0，放款/整笔结清≤T0；支付<T0，已确认整笔同秒结清订单的已知同秒支付可=T0；当前条件为T0已知值。来源可得时间仍待上线核验。,已入模,选定候选保留,0.0013375861714168124,0.0016360808207806,0.0007789028596862,0.020573757406102,484.5854024887085,V2继承
app_nonpay_60d_repayment_page,非还款日｜名称含repay的辅助页面次数,"SUM(INT(lower(COALESCE(e.props_id,'')||' '||COALESCE(e.page_name,'')) LIKE '%repay%'))；按窗口允许日期累加",S04｜event_track_record（App埋点）；S03｜repayment_record_copy（正向入账）,"近60个自然日：start=max(可观察起点,DATE(T0)-(60-1)日)，create_time<T0；排除Pknown发生支付的整个自然日",次,float32,eligible_days==0为NaN；有可观察日期而无行为为0,behavior_features()；次数不是人数，时长不去除重叠,V3-F0997,非还款日行为,T0固定时点；提单/App<T0，放款/整笔结清≤T0；支付<T0，已确认整笔同秒结清订单的已知同秒支付可=T0；当前条件为T0已知值。来源可得时间仍待上线核验。,已入模,选定候选保留,0.0013375861714168124,0.0016360808207806,0.0007789028596862,0.0006369096196057,0.0,V2继承
app_nonpay_60d_duration,非还款日｜已结束页面累计停留,"SUM(min((event_end_time-event_start_time)/1000,3600))；仅page_view_out、end≥start且end≤截断时刻；按窗口允许日期累加",S04｜event_track_record（App埋点）；S03｜repayment_record_copy（正向入账）,"近60个自然日：start=max(可观察起点,DATE(T0)-(60-1)日)，create_time<T0；排除Pknown发生支付的整个自然日",秒,float32,eligible_days==0为NaN；有可观察日期而无行为为0,behavior_features()；次数不是人数，时长不去除重叠,V3-F0998,非还款日行为,T0固定时点；提单/App<T0，放款/整笔结清≤T0；支付<T0，已确认整笔同秒结清订单的已知同秒支付可=T0；当前条件为T0已知值。来源可得时间仍待上线核验。,已入模,选定候选保留,0.0013375861714168124,0.0016360808207806,0.0007789028596862,0.0254108927731548,183.1902008056641,V2继承
app_nonpay_60d_apply_duration,非还款日｜已结束提单页累计停留,与duration相同，另限定props_id为Loan_newpage/Loan_newpage_select；按窗口允许日期累加,S04｜event_track_record（App埋点）；S03｜repayment_record_copy（正向入账）,"近60个自然日：start=max(可观察起点,DATE(T0)-(60-1)日)，create_time<T0；排除Pknown发生支付的整个自然日",秒,float32,eligible_days==0为NaN；有可观察日期而无行为为0,behavior_features()；次数不是人数，时长不去除重叠,V3-F0999,非还款日行为,T0固定时点；提单/App<T0，放款/整笔结清≤T0；支付<T0，已确认整笔同秒结清订单的已知同秒支付可=T0；当前条件为T0已知值。来源可得时间仍待上线核验。,已入模,选定候选保留,0.0013375861714168124,0.0016360808207806,0.0007789028596862,0.0513012741576534,376.079496383667,V2继承
app_nonpay_60d_non_apply_duration,非还款日｜非提单页累计停留,duration-apply_duration,S04｜event_track_record（App埋点）；S01｜order_loan_f_v2_copy（整笔订单）；S03｜repayment_record_copy（正向入账）,"近60个自然日：start=max(可观察起点,DATE(T0)-(60-1)日)，create_time<T0；排除Pknown发生支付的整个自然日",秒,float32,eligible_days==0为NaN，否则无行为为0,behavior_features()；T0部分当天仍按1个可观察自然日计，不是24小时标准化,V3-F1000,非还款日行为,T0固定时点；提单/App<T0，放款/整笔结清≤T0；支付<T0，已确认整笔同秒结清订单的已知同秒支付可=T0；当前条件为T0已知值。来源可得时间仍待上线核验。,已入模,选定候选保留,0.0013375861714168124,0.0016360808207806,0.0007789028596862,0.0074586312349063,158.57110023498535,V2继承
app_nonpay_60d_events_per_eligible_day,非还款日｜每可观察日活跃频次,events/eligible_days,S04｜event_track_record（App埋点）；S01｜order_loan_f_v2_copy（整笔订单）；S03｜repayment_record_copy（正向入账）,"近60个自然日：start=max(可观察起点,DATE(T0)-(60-1)日)，create_time<T0；排除Pknown发生支付的整个自然日",条/自然日,float32,eligible_days==0为NaN,behavior_features()；T0部分当天仍按1个可观察自然日计，不是24小时标准化,V3-F1001,非还款日行为,T0固定时点；提单/App<T0，放款/整笔结清≤T0；支付<T0，已确认整笔同秒结清订单的已知同秒支付可=T0；当前条件为T0已知值。来源可得时间仍待上线核验。,已入模,选定候选保留,0.0013375861714168124,0.0016360808207806,0.0007789028596862,0.0204787614693437,207.21190357208252,V2继承
app_nonpay_60d_duration_per_active_day,非还款日｜每活跃日累计页面停留,duration/active_days,S04｜event_track_record（App埋点）；S01｜order_loan_f_v2_copy（整笔订单）；S03｜repayment_record_copy（正向入账）,"近60个自然日：start=max(可观察起点,DATE(T0)-(60-1)日)，create_time<T0；排除Pknown发生支付的整个自然日",秒/活跃日,float32,active_days==0为NaN,behavior_features()；T0部分当天仍按1个可观察自然日计，不是24小时标准化,V3-F1002,非还款日行为,T0固定时点；提单/App<T0，放款/整笔结清≤T0；支付<T0，已确认整笔同秒结清订单的已知同秒支付可=T0；当前条件为T0已知值。来源可得时间仍待上线核验。,已入模,选定候选保留,0.0025428836006055884,0.0028933646042376,0.0014465338822743,0.0077176248145153,0.0,V2继承
app_nonpay_60d_apply_duration_share,非还款日｜提单页停留占比,apply_duration/duration,S04｜event_track_record（App埋点）；S01｜order_loan_f_v2_copy（整笔订单）；S03｜repayment_record_copy（正向入账）,"近60个自然日：start=max(可观察起点,DATE(T0)-(60-1)日)，create_time<T0；排除Pknown发生支付的整个自然日",比例,float32,duration==0为NaN,behavior_features()；T0部分当天仍按1个可观察自然日计，不是24小时标准化,V3-F1003,非还款日行为,T0固定时点；提单/App<T0，放款/整笔结清≤T0；支付<T0，已确认整笔同秒结清订单的已知同秒支付可=T0；当前条件为T0已知值。来源可得时间仍待上线核验。,已入模,选定候选保留,0.0028221598341981098,0.0032238045729667,0.0018916212306665,0.0435219469333151,343.98100090026855,V2继承
app_nonpay_60d_amount_per_newpage,非还款日｜切换金额次数对进页比,amount/newpage,S04｜event_track_record（App埋点）；S01｜order_loan_f_v2_copy（整笔订单）；S03｜repayment_record_copy（正向入账）,"近60个自然日：start=max(可观察起点,DATE(T0)-(60-1)日)，create_time<T0；排除Pknown发生支付的整个自然日",次数比,float32,newpage==0为NaN；可能>1,behavior_features()；T0部分当天仍按1个可观察自然日计，不是24小时标准化,V3-F1004,非还款日行为,T0固定时点；提单/App<T0，放款/整笔结清≤T0；支付<T0，已确认整笔同秒结清订单的已知同秒支付可=T0；当前条件为T0已知值。来源可得时间仍待上线核验。,已入模,选定候选保留,0.026227468042469587,0.0293446811254301,0.0199176588405474,0.2824064686744139,162.66399955749512,V2继承
app_nonpay_60d_plan_per_newpage,非还款日｜查看计划次数对进页比,plan/newpage,S04｜event_track_record（App埋点）；S01｜order_loan_f_v2_copy（整笔订单）；S03｜repayment_record_copy（正向入账）,"近60个自然日：start=max(可观察起点,DATE(T0)-(60-1)日)，create_time<T0；排除Pknown发生支付的整个自然日",次数比,float32,newpage==0为NaN；可能>1,behavior_features()；T0部分当天仍按1个可观察自然日计，不是24小时标准化,V3-F1005,非还款日行为,T0固定时点；提单/App<T0，放款/整笔结清≤T0；支付<T0，已确认整笔同秒结清订单的已知同秒支付可=T0；当前条件为T0已知值。来源可得时间仍待上线核验。,已入模,选定候选保留,0.026227468042469587,0.0293446811254301,0.0199176588405474,0.0638990364132302,57.5560998916626,V2继承
app_nonpay_60d_confirm_per_newpage,非还款日｜确认埋点次数对进页比,confirm/newpage,S04｜event_track_record（App埋点）；S01｜order_loan_f_v2_copy（整笔订单）；S03｜repayment_record_copy（正向入账）,"近60个自然日：start=max(可观察起点,DATE(T0)-(60-1)日)，create_time<T0；排除Pknown发生支付的整个自然日",次数比（非用户确认率）,float32,newpage==0为NaN；可能>1，不等于成功提单,behavior_features()；T0部分当天仍按1个可观察自然日计，不是24小时标准化,V3-F1006,非还款日行为,T0固定时点；提单/App<T0，放款/整笔结清≤T0；支付<T0，已确认整笔同秒结清订单的已知同秒支付可=T0；当前条件为T0已知值。来源可得时间仍待上线核验。,已入模,选定候选保留,0.026227468042469587,0.0293446811254301,0.0199176588405474,0.1336399730758944,217.6215000152588,V2继承
app_nonpay_60d_coupon_accept_share,非还款日｜券点击对点击加关闭比,coupon_confirm/(coupon_confirm+coupon_back),S04｜event_track_record（App埋点）；S01｜order_loan_f_v2_copy（整笔订单）；S03｜repayment_record_copy（正向入账）,"近60个自然日：start=max(可观察起点,DATE(T0)-(60-1)日)，create_time<T0；排除Pknown发生支付的整个自然日",比例,float32,分母==0为NaN,behavior_features()；T0部分当天仍按1个可观察自然日计，不是24小时标准化,V3-F1007,非还款日行为,T0固定时点；提单/App<T0，放款/整笔结清≤T0；支付<T0，已确认整笔同秒结清订单的已知同秒支付可=T0；当前条件为T0已知值。来源可得时间仍待上线核验。,已入模,选定候选保留,0.7379409012293053,0.7496957534434262,0.7368421052631579,0.0020376807334707,0.0,V2继承
app_nonpay_90d_eligible_days,非还款日｜可观察且未排除日期数,"max(0,DATE(T0)-start+1-排除还款日数)",S04｜event_track_record（App埋点）；S01｜order_loan_f_v2_copy（整笔订单）；S03｜repayment_record_copy（正向入账）,"近90个自然日：start=max(可观察起点,DATE(T0)-(90-1)日)，create_time<T0；排除Pknown发生支付的整个自然日",自然日,float32,无日期为0,behavior_features()；T0部分当天仍按1个可观察自然日计，不是24小时标准化,V3-F1008,非还款日行为,T0固定时点；提单/App<T0，放款/整笔结清≤T0；支付<T0，已确认整笔同秒结清订单的已知同秒支付可=T0；当前条件为T0已知值。来源可得时间仍待上线核验。,已入模,选定候选保留,0.0,0.0,0.0,0.0347125406175259,68.24610042572021,V2继承
app_nonpay_90d_empty_eligible,非还款日｜无可观察日期标记,INT(eligible_days==0),S04｜event_track_record（App埋点）；S01｜order_loan_f_v2_copy（整笔订单）；S03｜repayment_record_copy（正向入账）,"近90个自然日：start=max(可观察起点,DATE(T0)-(90-1)日)，create_time<T0；排除Pknown发生支付的整个自然日",0/1,float32,无日期为1,behavior_features()；T0部分当天仍按1个可观察自然日计，不是24小时标准化,V3-F1009,非还款日行为,T0固定时点；提单/App<T0，放款/整笔结清≤T0；支付<T0，已确认整笔同秒结清订单的已知同秒支付可=T0；当前条件为T0已知值。来源可得时间仍待上线核验。,已入模,选定候选保留,0.0,0.0,0.0,0.0,0.0,V2继承
app_nonpay_90d_active_days,非还款日｜有埋点的日期数,COUNT(窗口内event_count>0的日期),S04｜event_track_record（App埋点）；S01｜order_loan_f_v2_copy（整笔订单）；S03｜repayment_record_copy（正向入账）,"近90个自然日：start=max(可观察起点,DATE(T0)-(90-1)日)，create_time<T0；排除Pknown发生支付的整个自然日",自然日,float32,无活跃或无可观察日期为0,behavior_features()；T0部分当天仍按1个可观察自然日计，不是24小时标准化,V3-F1010,非还款日行为,T0固定时点；提单/App<T0，放款/整笔结清≤T0；支付<T0，已确认整笔同秒结清订单的已知同秒支付可=T0；当前条件为T0已知值。来源可得时间仍待上线核验。,已入模,选定候选保留,0.0,0.0,0.0,0.0349070839002734,139.10969924926758,V2继承
app_nonpay_90d_active_day_share,非还款日｜活跃日期占比,active_days/eligible_days,S04｜event_track_record（App埋点）；S01｜order_loan_f_v2_copy（整笔订单）；S03｜repayment_record_copy（正向入账）,"近90个自然日：start=max(可观察起点,DATE(T0)-(90-1)日)，create_time<T0；排除Pknown发生支付的整个自然日",比例,float32,eligible_days==0为NaN,behavior_features()；T0部分当天仍按1个可观察自然日计，不是24小时标准化,V3-F1011,非还款日行为,T0固定时点；提单/App<T0，放款/整笔结清≤T0；支付<T0，已确认整笔同秒结清订单的已知同秒支付可=T0；当前条件为T0已知值。来源可得时间仍待上线核验。,已入模,选定候选保留,0.0013375861714168124,0.0016360808207806,0.0007789028596862,0.0047309296217887,65.67239952087402,V2继承
app_nonpay_90d_events,非还款日｜活跃埋点条数,COUNT(e.user_id)；按窗口允许日期累加,S04｜event_track_record（App埋点）；S03｜repayment_record_copy（正向入账）,"近90个自然日：start=max(可观察起点,DATE(T0)-(90-1)日)，create_time<T0；排除Pknown发生支付的整个自然日",条,float32,eligible_days==0为NaN；有可观察日期而无行为为0,behavior_features()；次数不是人数，时长不去除重叠,V3-F1012,非还款日行为,T0固定时点；提单/App<T0，放款/整笔结清≤T0；支付<T0，已确认整笔同秒结清订单的已知同秒支付可=T0；当前条件为T0已知值。来源可得时间仍待上线核验。,已入模,选定候选保留,0.0013375861714168124,0.0016360808207806,0.0007789028596862,0.0404664081008178,118.15210056304932,V2继承
app_nonpay_90d_newpage,非还款日｜进入提单页次数,"SUM(INT(e.event_type='page_view_in' AND e.props_id IN ('Loan_newpage','Loan_newpage_select')))；按窗口允许日期累加",S04｜event_track_record（App埋点）；S03｜repayment_record_copy（正向入账）,"近90个自然日：start=max(可观察起点,DATE(T0)-(90-1)日)，create_time<T0；排除Pknown发生支付的整个自然日",次,float32,eligible_days==0为NaN；有可观察日期而无行为为0,behavior_features()；次数不是人数，时长不去除重叠,V3-F1013,非还款日行为,T0固定时点；提单/App<T0，放款/整笔结清≤T0；支付<T0，已确认整笔同秒结清订单的已知同秒支付可=T0；当前条件为T0已知值。来源可得时间仍待上线核验。,已入模,选定候选保留,0.0013375861714168124,0.0016360808207806,0.0007789028596862,0.0997830958285755,297.5834970474243,V2继承
app_nonpay_90d_amount,非还款日｜切换借款金额次数,"SUM(INT(e.props_id IN ('amount_modification','loan_form_loan_amount_selectionn_new','loan_form_loan_amount_selectionn_new_select')))；按窗口允许日期累加",S04｜event_track_record（App埋点）；S03｜repayment_record_copy（正向入账）,"近90个自然日：start=max(可观察起点,DATE(T0)-(90-1)日)，create_time<T0；排除Pknown发生支付的整个自然日",次,float32,eligible_days==0为NaN；有可观察日期而无行为为0,behavior_features()；次数不是人数，时长不去除重叠,V3-F1014,非还款日行为,T0固定时点；提单/App<T0，放款/整笔结清≤T0；支付<T0，已确认整笔同秒结清订单的已知同秒支付可=T0；当前条件为T0已知值。来源可得时间仍待上线核验。,已入模,选定候选保留,0.0013375861714168124,0.0016360808207806,0.0007789028596862,0.299901103365995,157.19850158691406,V2继承
app_nonpay_90d_contract,非还款日｜查看借款合同次数,"SUM(INT(e.props_id IN ('Loan_contract_newdetails','Loan_contract_newdetails_select')))；按窗口允许日期累加",S04｜event_track_record（App埋点）；S03｜repayment_record_copy（正向入账）,"近90个自然日：start=max(可观察起点,DATE(T0)-(90-1)日)，create_time<T0；排除Pknown发生支付的整个自然日",次,float32,eligible_days==0为NaN；有可观察日期而无行为为0,behavior_features()；次数不是人数，时长不去除重叠,V3-F1015,非还款日行为,T0固定时点；提单/App<T0，放款/整笔结清≤T0；支付<T0，已确认整笔同秒结清订单的已知同秒支付可=T0；当前条件为T0已知值。来源可得时间仍待上线核验。,已入模,选定候选保留,0.0013375861714168124,0.0016360808207806,0.0007789028596862,0.0006369096196057,55.49139976501465,V2继承
app_nonpay_90d_term,非还款日｜切换借款期次次数,"SUM(INT(e.props_id IN ('loan_form_term_selection_new','loan_form_term_selection_new_select')))；按窗口允许日期累加",S04｜event_track_record（App埋点）；S03｜repayment_record_copy（正向入账）,"近90个自然日：start=max(可观察起点,DATE(T0)-(90-1)日)，create_time<T0；排除Pknown发生支付的整个自然日",次,float32,eligible_days==0为NaN；有可观察日期而无行为为0,behavior_features()；次数不是人数，时长不去除重叠,V3-F1016,非还款日行为,T0固定时点；提单/App<T0，放款/整笔结清≤T0；支付<T0，已确认整笔同秒结清订单的已知同秒支付可=T0；当前条件为T0已知值。来源可得时间仍待上线核验。,已入模,选定候选保留,0.0013375861714168124,0.0016360808207806,0.0007789028596862,0.0886624569440783,0.0,V2继承
app_nonpay_90d_confirm,非还款日｜确认提单埋点次数,"SUM(INT(e.props_id IN ('Loan_newconfirm','Loan_newconfirm_select')))；按窗口允许日期累加",S04｜event_track_record（App埋点）；S03｜repayment_record_copy（正向入账）,"近90个自然日：start=max(可观察起点,DATE(T0)-(90-1)日)，create_time<T0；排除Pknown发生支付的整个自然日",次,float32,eligible_days==0为NaN；有可观察日期而无行为为0,behavior_features()；次数不是人数，时长不去除重叠,V3-F1017,非还款日行为,T0固定时点；提单/App<T0，放款/整笔结清≤T0；支付<T0，已确认整笔同秒结清订单的已知同秒支付可=T0；当前条件为T0已知值。来源可得时间仍待上线核验。,已入模,选定候选保留,0.0013375861714168124,0.0016360808207806,0.0007789028596862,0.0014818774436681,37.551899909973145,V2继承
app_nonpay_90d_plan,非还款日｜查看还款计划次数,"SUM(INT(e.props_id IN ('Loan_plan_newdetails','Loan_plan_newdetails_select')))；按窗口允许日期累加",S04｜event_track_record（App埋点）；S03｜repayment_record_copy（正向入账）,"近90个自然日：start=max(可观察起点,DATE(T0)-(90-1)日)，create_time<T0；排除Pknown发生支付的整个自然日",次,float32,eligible_days==0为NaN；有可观察日期而无行为为0,behavior_features()；次数不是人数，时长不去除重叠,V3-F1018,非还款日行为,T0固定时点；提单/App<T0，放款/整笔结清≤T0；支付<T0，已确认整笔同秒结清订单的已知同秒支付可=T0；当前条件为T0已知值。来源可得时间仍待上线核验。,已入模,选定候选保留,0.0013375861714168124,0.0016360808207806,0.0007789028596862,0.0868266350841522,126.41440105438232,V2继承
app_nonpay_90d_purpose,非还款日｜选择借款用途次数,"SUM(INT(e.props_id IN ('Loan_purpose_newdetails','Loan_purpose_newdetails_select')))；按窗口允许日期累加",S04｜event_track_record（App埋点）；S03｜repayment_record_copy（正向入账）,"近90个自然日：start=max(可观察起点,DATE(T0)-(90-1)日)，create_time<T0；排除Pknown发生支付的整个自然日",次,float32,eligible_days==0为NaN；有可观察日期而无行为为0,behavior_features()；次数不是人数，时长不去除重叠,V3-F1019,非还款日行为,T0固定时点；提单/App<T0，放款/整笔结清≤T0；支付<T0，已确认整笔同秒结清订单的已知同秒支付可=T0；当前条件为T0已知值。来源可得时间仍待上线核验。,已入模,选定候选保留,0.0013375861714168124,0.0016360808207806,0.0007789028596862,0.0040983276626602,0.0,V2继承
app_nonpay_90d_coupon_back,非还款日｜关闭优惠券拦截次数,"SUM(INT(e.props_id IN ('Order_coupons_back','Order_coupons_back_select')))；按窗口允许日期累加",S04｜event_track_record（App埋点）；S03｜repayment_record_copy（正向入账）,"近90个自然日：start=max(可观察起点,DATE(T0)-(90-1)日)，create_time<T0；排除Pknown发生支付的整个自然日",次,float32,eligible_days==0为NaN；有可观察日期而无行为为0,behavior_features()；次数不是人数，时长不去除重叠,V3-F1020,非还款日行为,T0固定时点；提单/App<T0，放款/整笔结清≤T0；支付<T0，已确认整笔同秒结清订单的已知同秒支付可=T0；当前条件为T0已知值。来源可得时间仍待上线核验。,已入模,选定候选保留,0.0013375861714168124,0.0016360808207806,0.0007789028596862,0.0066412548610798,12.31369972229004,V2继承
app_nonpay_90d_coupon_confirm,非还款日｜点击优惠券拦截次数,"SUM(INT(e.props_id IN ('Order_coupons_confirm','Order_coupons_confirm_select')))；按窗口允许日期累加",S04｜event_track_record（App埋点）；S03｜repayment_record_copy（正向入账）,"近90个自然日：start=max(可观察起点,DATE(T0)-(90-1)日)，create_time<T0；排除Pknown发生支付的整个自然日",次,float32,eligible_days==0为NaN；有可观察日期而无行为为0,behavior_features()；次数不是人数，时长不去除重叠,V3-F1021,非还款日行为,T0固定时点；提单/App<T0，放款/整笔结清≤T0；支付<T0，已确认整笔同秒结清订单的已知同秒支付可=T0；当前条件为T0已知值。来源可得时间仍待上线核验。,已入模,选定候选保留,0.0013375861714168124,0.0016360808207806,0.0007789028596862,0.0034857305544636,30.870800018310547,V2继承
app_nonpay_90d_coupon_page,非还款日｜进入优惠券挽留页次数,"SUM(INT(e.props_id IN ('Order_coupons_page','Order_coupons_page_select')))；按窗口允许日期累加",S04｜event_track_record（App埋点）；S03｜repayment_record_copy（正向入账）,"近90个自然日：start=max(可观察起点,DATE(T0)-(90-1)日)，create_time<T0；排除Pknown发生支付的整个自然日",次,float32,eligible_days==0为NaN；有可观察日期而无行为为0,behavior_features()；次数不是人数，时长不去除重叠,V3-F1022,非还款日行为,T0固定时点；提单/App<T0，放款/整笔结清≤T0；支付<T0，已确认整笔同秒结清订单的已知同秒支付可=T0；当前条件为T0已知值。来源可得时间仍待上线核验。,已入模,选定候选保留,0.0013375861714168124,0.0016360808207806,0.0007789028596862,0.0278725324950674,441.0844039916992,V2继承
app_nonpay_90d_repayment_page,非还款日｜名称含repay的辅助页面次数,"SUM(INT(lower(COALESCE(e.props_id,'')||' '||COALESCE(e.page_name,'')) LIKE '%repay%'))；按窗口允许日期累加",S04｜event_track_record（App埋点）；S03｜repayment_record_copy（正向入账）,"近90个自然日：start=max(可观察起点,DATE(T0)-(90-1)日)，create_time<T0；排除Pknown发生支付的整个自然日",次,float32,eligible_days==0为NaN；有可观察日期而无行为为0,behavior_features()；次数不是人数，时长不去除重叠,V3-F1023,非还款日行为,T0固定时点；提单/App<T0，放款/整笔结清≤T0；支付<T0，已确认整笔同秒结清订单的已知同秒支付可=T0；当前条件为T0已知值。来源可得时间仍待上线核验。,已入模,选定候选保留,0.0013375861714168124,0.0016360808207806,0.0007789028596862,0.0008844559022408,0.0,V2继承
app_nonpay_90d_duration,非还款日｜已结束页面累计停留,"SUM(min((event_end_time-event_start_time)/1000,3600))；仅page_view_out、end≥start且end≤截断时刻；按窗口允许日期累加",S04｜event_track_record（App埋点）；S03｜repayment_record_copy（正向入账）,"近90个自然日：start=max(可观察起点,DATE(T0)-(90-1)日)，create_time<T0；排除Pknown发生支付的整个自然日",秒,float32,eligible_days==0为NaN；有可观察日期而无行为为0,behavior_features()；次数不是人数，时长不去除重叠,V3-F1024,非还款日行为,T0固定时点；提单/App<T0，放款/整笔结清≤T0；支付<T0，已确认整笔同秒结清订单的已知同秒支付可=T0；当前条件为T0已知值。来源可得时间仍待上线核验。,已入模,选定候选保留,0.0013375861714168124,0.0016360808207806,0.0007789028596862,0.0279105660170758,160.2130012512207,V2继承
app_nonpay_90d_apply_duration,非还款日｜已结束提单页累计停留,与duration相同，另限定props_id为Loan_newpage/Loan_newpage_select；按窗口允许日期累加,S04｜event_track_record（App埋点）；S03｜repayment_record_copy（正向入账）,"近90个自然日：start=max(可观察起点,DATE(T0)-(90-1)日)，create_time<T0；排除Pknown发生支付的整个自然日",秒,float32,eligible_days==0为NaN；有可观察日期而无行为为0,behavior_features()；次数不是人数，时长不去除重叠,V3-F1025,非还款日行为,T0固定时点；提单/App<T0，放款/整笔结清≤T0；支付<T0，已确认整笔同秒结清订单的已知同秒支付可=T0；当前条件为T0已知值。来源可得时间仍待上线核验。,已入模,选定候选保留,0.0013375861714168124,0.0016360808207806,0.0007789028596862,0.0498125585444967,227.012300491333,V2继承
app_nonpay_90d_non_apply_duration,非还款日｜非提单页累计停留,duration-apply_duration,S04｜event_track_record（App埋点）；S01｜order_loan_f_v2_copy（整笔订单）；S03｜repayment_record_copy（正向入账）,"近90个自然日：start=max(可观察起点,DATE(T0)-(90-1)日)，create_time<T0；排除Pknown发生支付的整个自然日",秒,float32,eligible_days==0为NaN，否则无行为为0,behavior_features()；T0部分当天仍按1个可观察自然日计，不是24小时标准化,V3-F1026,非还款日行为,T0固定时点；提单/App<T0，放款/整笔结清≤T0；支付<T0，已确认整笔同秒结清订单的已知同秒支付可=T0；当前条件为T0已知值。来源可得时间仍待上线核验。,已入模,选定候选保留,0.0013375861714168124,0.0016360808207806,0.0007789028596862,0.011038784090309,36.76169967651367,V2继承
app_nonpay_90d_events_per_eligible_day,非还款日｜每可观察日活跃频次,events/eligible_days,S04｜event_track_record（App埋点）；S01｜order_loan_f_v2_copy（整笔订单）；S03｜repayment_record_copy（正向入账）,"近90个自然日：start=max(可观察起点,DATE(T0)-(90-1)日)，create_time<T0；排除Pknown发生支付的整个自然日",条/自然日,float32,eligible_days==0为NaN,behavior_features()；T0部分当天仍按1个可观察自然日计，不是24小时标准化,V3-F1027,非还款日行为,T0固定时点；提单/App<T0，放款/整笔结清≤T0；支付<T0，已确认整笔同秒结清订单的已知同秒支付可=T0；当前条件为T0已知值。来源可得时间仍待上线核验。,已入模,选定候选保留,0.0013375861714168124,0.0016360808207806,0.0007789028596862,0.0161718889226295,69.75829887390137,V2继承
app_nonpay_90d_duration_per_active_day,非还款日｜每活跃日累计页面停留,duration/active_days,S04｜event_track_record（App埋点）；S01｜order_loan_f_v2_copy（整笔订单）；S03｜repayment_record_copy（正向入账）,"近90个自然日：start=max(可观察起点,DATE(T0)-(90-1)日)，create_time<T0；排除Pknown发生支付的整个自然日",秒/活跃日,float32,active_days==0为NaN,behavior_features()；T0部分当天仍按1个可观察自然日计，不是24小时标准化,V3-F1028,非还款日行为,T0固定时点；提单/App<T0，放款/整笔结清≤T0；支付<T0，已确认整笔同秒结清订单的已知同秒支付可=T0；当前条件为T0已知值。来源可得时间仍待上线核验。,已入模,选定候选保留,0.002155816540012445,0.0024823295211844,0.0012239902080783,0.0079949511851896,43.82670021057129,V2继承
app_nonpay_90d_apply_duration_share,非还款日｜提单页停留占比,apply_duration/duration,S04｜event_track_record（App埋点）；S01｜order_loan_f_v2_copy（整笔订单）；S03｜repayment_record_copy（正向入账）,"近90个自然日：start=max(可观察起点,DATE(T0)-(90-1)日)，create_time<T0；排除Pknown发生支付的整个自然日",比例,float32,duration==0为NaN,behavior_features()；T0部分当天仍按1个可观察自然日计，不是24小时标准化,V3-F1029,非还款日行为,T0固定时点；提单/App<T0，放款/整笔结清≤T0；支付<T0，已确认整笔同秒结清订单的已知同秒支付可=T0；当前条件为T0已知值。来源可得时间仍待上线核验。,已入模,选定候选保留,0.0023175027805133783,0.0026918768184272,0.0013352620451763,0.0426428322228938,214.2332010269165,V2继承
app_nonpay_90d_amount_per_newpage,非还款日｜切换金额次数对进页比,amount/newpage,S04｜event_track_record（App埋点）；S01｜order_loan_f_v2_copy（整笔订单）；S03｜repayment_record_copy（正向入账）,"近90个自然日：start=max(可观察起点,DATE(T0)-(90-1)日)，create_time<T0；排除Pknown发生支付的整个自然日",次数比,float32,newpage==0为NaN；可能>1,behavior_features()；T0部分当天仍按1个可观察自然日计，不是24小时标准化,V3-F1030,非还款日行为,T0固定时点；提单/App<T0，放款/整笔结清≤T0；支付<T0，已确认整笔同秒结清订单的已知同秒支付可=T0；当前条件为T0已知值。来源可得时间仍待上线核验。,已入模,选定候选保留,0.011994179295341967,0.0136366933436495,0.0084566596194503,0.2974110883433415,205.43480110168457,V2继承
app_nonpay_90d_plan_per_newpage,非还款日｜查看计划次数对进页比,plan/newpage,S04｜event_track_record（App埋点）；S01｜order_loan_f_v2_copy（整笔订单）；S03｜repayment_record_copy（正向入账）,"近90个自然日：start=max(可观察起点,DATE(T0)-(90-1)日)，create_time<T0；排除Pknown发生支付的整个自然日",次数比,float32,newpage==0为NaN；可能>1,behavior_features()；T0部分当天仍按1个可观察自然日计，不是24小时标准化,V3-F1031,非还款日行为,T0固定时点；提单/App<T0，放款/整笔结清≤T0；支付<T0，已确认整笔同秒结清订单的已知同秒支付可=T0；当前条件为T0已知值。来源可得时间仍待上线核验。,已入模,选定候选保留,0.011994179295341967,0.0136366933436495,0.0084566596194503,0.0602577135700566,297.0948009490967,V2继承
app_nonpay_90d_confirm_per_newpage,非还款日｜确认埋点次数对进页比,confirm/newpage,S04｜event_track_record（App埋点）；S01｜order_loan_f_v2_copy（整笔订单）；S03｜repayment_record_copy（正向入账）,"近90个自然日：start=max(可观察起点,DATE(T0)-(90-1)日)，create_time<T0；排除Pknown发生支付的整个自然日",次数比（非用户确认率）,float32,newpage==0为NaN；可能>1，不等于成功提单,behavior_features()；T0部分当天仍按1个可观察自然日计，不是24小时标准化,V3-F1032,非还款日行为,T0固定时点；提单/App<T0，放款/整笔结清≤T0；支付<T0，已确认整笔同秒结清订单的已知同秒支付可=T0；当前条件为T0已知值。来源可得时间仍待上线核验。,已入模,选定候选保留,0.011994179295341967,0.0136366933436495,0.0084566596194503,0.1426482231424631,819.8986101150513,V2继承
app_nonpay_90d_coupon_accept_share,非还款日｜券点击对点击加关闭比,coupon_confirm/(coupon_confirm+coupon_back),S04｜event_track_record（App埋点）；S01｜order_loan_f_v2_copy（整笔订单）；S03｜repayment_record_copy（正向入账）,"近90个自然日：start=max(可观察起点,DATE(T0)-(90-1)日)，create_time<T0；排除Pknown发生支付的整个自然日",比例,float32,分母==0为NaN,behavior_features()；T0部分当天仍按1个可观察自然日计，不是24小时标准化,V3-F1033,非还款日行为,T0固定时点；提单/App<T0，放款/整笔结清≤T0；支付<T0，已确认整笔同秒结清订单的已知同秒支付可=T0；当前条件为T0已知值。来源可得时间仍待上线核验。,已入模,选定候选保留,0.7021984429125081,0.7168532443563271,0.6925559140981418,0.0048418545233613,0.0,V2继承
app_nonpay_lifed_eligible_days,非还款日｜可观察且未排除日期数,"max(0,DATE(T0)-start+1-排除还款日数)",S04｜event_track_record（App埋点）；S01｜order_loan_f_v2_copy（整笔订单）；S03｜repayment_record_copy（正向入账）,"从max(reg_date,2024-01-01)至T0；当天只取create_time<T0；排除Pknown发生支付的整个自然日",自然日,float32,无日期为0,behavior_features()；T0部分当天仍按1个可观察自然日计，不是24小时标准化,V3-F1034,非还款日行为,T0固定时点；提单/App<T0，放款/整笔结清≤T0；支付<T0，已确认整笔同秒结清订单的已知同秒支付可=T0；当前条件为T0已知值。来源可得时间仍待上线核验。,已入模,选定候选保留,0.0,0.0,0.0,0.032389951907942,116.7413969039917,V2继承
app_nonpay_lifed_empty_eligible,非还款日｜无可观察日期标记,INT(eligible_days==0),S04｜event_track_record（App埋点）；S01｜order_loan_f_v2_copy（整笔订单）；S03｜repayment_record_copy（正向入账）,"从max(reg_date,2024-01-01)至T0；当天只取create_time<T0；排除Pknown发生支付的整个自然日",0/1,float32,无日期为1,behavior_features()；T0部分当天仍按1个可观察自然日计，不是24小时标准化,V3-F1035,非还款日行为,T0固定时点；提单/App<T0，放款/整笔结清≤T0；支付<T0，已确认整笔同秒结清订单的已知同秒支付可=T0；当前条件为T0已知值。来源可得时间仍待上线核验。,已入模,选定候选保留,0.0,0.0,0.0,0.0,0.0,V2继承
app_nonpay_lifed_active_days,非还款日｜有埋点的日期数,COUNT(窗口内event_count>0的日期),S04｜event_track_record（App埋点）；S01｜order_loan_f_v2_copy（整笔订单）；S03｜repayment_record_copy（正向入账）,"从max(reg_date,2024-01-01)至T0；当天只取create_time<T0；排除Pknown发生支付的整个自然日",自然日,float32,无活跃或无可观察日期为0,behavior_features()；T0部分当天仍按1个可观察自然日计，不是24小时标准化,V3-F1036,非还款日行为,T0固定时点；提单/App<T0，放款/整笔结清≤T0；支付<T0，已确认整笔同秒结清订单的已知同秒支付可=T0；当前条件为T0已知值。来源可得时间仍待上线核验。,已入模,选定候选保留,0.0,0.0,0.0,0.0307489120816218,167.6742992401123,V2继承
app_nonpay_lifed_active_day_share,非还款日｜活跃日期占比,active_days/eligible_days,S04｜event_track_record（App埋点）；S01｜order_loan_f_v2_copy（整笔订单）；S03｜repayment_record_copy（正向入账）,"从max(reg_date,2024-01-01)至T0；当天只取create_time<T0；排除Pknown发生支付的整个自然日",比例,float32,eligible_days==0为NaN,behavior_features()；T0部分当天仍按1个可观察自然日计，不是24小时标准化,V3-F1037,非还款日行为,T0固定时点；提单/App<T0，放款/整笔结清≤T0；支付<T0，已确认整笔同秒结清订单的已知同秒支付可=T0；当前条件为T0已知值。来源可得时间仍待上线核验。,已入模,选定候选保留,0.0013375861714168124,0.0016360808207806,0.0007789028596862,0.0022606146409805,357.0650005340576,V2继承
app_nonpay_lifed_events,非还款日｜活跃埋点条数,COUNT(e.user_id)；按窗口允许日期累加,S04｜event_track_record（App埋点）；S03｜repayment_record_copy（正向入账）,"从max(reg_date,2024-01-01)至T0；当天只取create_time<T0；排除Pknown发生支付的整个自然日",条,float32,eligible_days==0为NaN；有可观察日期而无行为为0,behavior_features()；次数不是人数，时长不去除重叠,V3-F1038,非还款日行为,T0固定时点；提单/App<T0，放款/整笔结清≤T0；支付<T0，已确认整笔同秒结清订单的已知同秒支付可=T0；当前条件为T0已知值。来源可得时间仍待上线核验。,已入模,选定候选保留,0.0013375861714168124,0.0016360808207806,0.0007789028596862,0.0435146129535387,358.0594005584717,V2继承
app_nonpay_lifed_newpage,非还款日｜进入提单页次数,"SUM(INT(e.event_type='page_view_in' AND e.props_id IN ('Loan_newpage','Loan_newpage_select')))；按窗口允许日期累加",S04｜event_track_record（App埋点）；S03｜repayment_record_copy（正向入账）,"从max(reg_date,2024-01-01)至T0；当天只取create_time<T0；排除Pknown发生支付的整个自然日",次,float32,eligible_days==0为NaN；有可观察日期而无行为为0,behavior_features()；次数不是人数，时长不去除重叠,V3-F1039,非还款日行为,T0固定时点；提单/App<T0，放款/整笔结清≤T0；支付<T0，已确认整笔同秒结清订单的已知同秒支付可=T0；当前条件为T0已知值。来源可得时间仍待上线核验。,已入模,选定候选保留,0.0013375861714168124,0.0016360808207806,0.0007789028596862,0.0975200080147405,88.90579891204834,V2继承
app_nonpay_lifed_amount,非还款日｜切换借款金额次数,"SUM(INT(e.props_id IN ('amount_modification','loan_form_loan_amount_selectionn_new','loan_form_loan_amount_selectionn_new_select')))；按窗口允许日期累加",S04｜event_track_record（App埋点）；S03｜repayment_record_copy（正向入账）,"从max(reg_date,2024-01-01)至T0；当天只取create_time<T0；排除Pknown发生支付的整个自然日",次,float32,eligible_days==0为NaN；有可观察日期而无行为为0,behavior_features()；次数不是人数，时长不去除重叠,V3-F1040,非还款日行为,T0固定时点；提单/App<T0，放款/整笔结清≤T0；支付<T0，已确认整笔同秒结清订单的已知同秒支付可=T0；当前条件为T0已知值。来源可得时间仍待上线核验。,已入模,选定候选保留,0.0013375861714168124,0.0016360808207806,0.0007789028596862,0.30328493849742,334.51720237731934,V2继承
app_nonpay_lifed_contract,非还款日｜查看借款合同次数,"SUM(INT(e.props_id IN ('Loan_contract_newdetails','Loan_contract_newdetails_select')))；按窗口允许日期累加",S04｜event_track_record（App埋点）；S03｜repayment_record_copy（正向入账）,"从max(reg_date,2024-01-01)至T0；当天只取create_time<T0；排除Pknown发生支付的整个自然日",次,float32,eligible_days==0为NaN；有可观察日期而无行为为0,behavior_features()；次数不是人数，时长不去除重叠,V3-F1041,非还款日行为,T0固定时点；提单/App<T0，放款/整笔结清≤T0；支付<T0，已确认整笔同秒结清订单的已知同秒支付可=T0；当前条件为T0已知值。来源可得时间仍待上线核验。,已入模,选定候选保留,0.0013375861714168124,0.0016360808207806,0.0007789028596862,0.0010905242853353,0.0,V2继承
app_nonpay_lifed_term,非还款日｜切换借款期次次数,"SUM(INT(e.props_id IN ('loan_form_term_selection_new','loan_form_term_selection_new_select')))；按窗口允许日期累加",S04｜event_track_record（App埋点）；S03｜repayment_record_copy（正向入账）,"从max(reg_date,2024-01-01)至T0；当天只取create_time<T0；排除Pknown发生支付的整个自然日",次,float32,eligible_days==0为NaN；有可观察日期而无行为为0,behavior_features()；次数不是人数，时长不去除重叠,V3-F1042,非还款日行为,T0固定时点；提单/App<T0，放款/整笔结清≤T0；支付<T0，已确认整笔同秒结清订单的已知同秒支付可=T0；当前条件为T0已知值。来源可得时间仍待上线核验。,已入模,选定候选保留,0.0013375861714168124,0.0016360808207806,0.0007789028596862,0.0955301960533754,138.10060119628906,V2继承
app_nonpay_lifed_confirm,非还款日｜确认提单埋点次数,"SUM(INT(e.props_id IN ('Loan_newconfirm','Loan_newconfirm_select')))；按窗口允许日期累加",S04｜event_track_record（App埋点）；S03｜repayment_record_copy（正向入账）,"从max(reg_date,2024-01-01)至T0；当天只取create_time<T0；排除Pknown发生支付的整个自然日",次,float32,eligible_days==0为NaN；有可观察日期而无行为为0,behavior_features()；次数不是人数，时长不去除重叠,V3-F1043,非还款日行为,T0固定时点；提单/App<T0，放款/整笔结清≤T0；支付<T0，已确认整笔同秒结清订单的已知同秒支付可=T0；当前条件为T0已知值。来源可得时间仍待上线核验。,已入模,选定候选保留,0.0013375861714168124,0.0016360808207806,0.0007789028596862,0.0017208995293375,28.95419979095459,V2继承
app_nonpay_lifed_plan,非还款日｜查看还款计划次数,"SUM(INT(e.props_id IN ('Loan_plan_newdetails','Loan_plan_newdetails_select')))；按窗口允许日期累加",S04｜event_track_record（App埋点）；S03｜repayment_record_copy（正向入账）,"从max(reg_date,2024-01-01)至T0；当天只取create_time<T0；排除Pknown发生支付的整个自然日",次,float32,eligible_days==0为NaN；有可观察日期而无行为为0,behavior_features()；次数不是人数，时长不去除重叠,V3-F1044,非还款日行为,T0固定时点；提单/App<T0，放款/整笔结清≤T0；支付<T0，已确认整笔同秒结清订单的已知同秒支付可=T0；当前条件为T0已知值。来源可得时间仍待上线核验。,已入模,选定候选保留,0.0013375861714168124,0.0016360808207806,0.0007789028596862,0.0861608432740016,724.5071048736572,V2继承
app_nonpay_lifed_purpose,非还款日｜选择借款用途次数,"SUM(INT(e.props_id IN ('Loan_purpose_newdetails','Loan_purpose_newdetails_select')))；按窗口允许日期累加",S04｜event_track_record（App埋点）；S03｜repayment_record_copy（正向入账）,"从max(reg_date,2024-01-01)至T0；当天只取create_time<T0；排除Pknown发生支付的整个自然日",次,float32,eligible_days==0为NaN；有可观察日期而无行为为0,behavior_features()；次数不是人数，时长不去除重叠,V3-F1045,非还款日行为,T0固定时点；提单/App<T0，放款/整笔结清≤T0；支付<T0，已确认整笔同秒结清订单的已知同秒支付可=T0；当前条件为T0已知值。来源可得时间仍待上线核验。,已入模,选定候选保留,0.0013375861714168124,0.0016360808207806,0.0007789028596862,0.0108839062426393,10.08199977874756,V2继承
app_nonpay_lifed_coupon_back,非还款日｜关闭优惠券拦截次数,"SUM(INT(e.props_id IN ('Order_coupons_back','Order_coupons_back_select')))；按窗口允许日期累加",S04｜event_track_record（App埋点）；S03｜repayment_record_copy（正向入账）,"从max(reg_date,2024-01-01)至T0；当天只取create_time<T0；排除Pknown发生支付的整个自然日",次,float32,eligible_days==0为NaN；有可观察日期而无行为为0,behavior_features()；次数不是人数，时长不去除重叠,V3-F1046,非还款日行为,T0固定时点；提单/App<T0，放款/整笔结清≤T0；支付<T0，已确认整笔同秒结清订单的已知同秒支付可=T0；当前条件为T0已知值。来源可得时间仍待上线核验。,已入模,选定候选保留,0.0013375861714168124,0.0016360808207806,0.0007789028596862,0.0147054079273583,20.11720085144043,V2继承
app_nonpay_lifed_coupon_confirm,非还款日｜点击优惠券拦截次数,"SUM(INT(e.props_id IN ('Order_coupons_confirm','Order_coupons_confirm_select')))；按窗口允许日期累加",S04｜event_track_record（App埋点）；S03｜repayment_record_copy（正向入账）,"从max(reg_date,2024-01-01)至T0；当天只取create_time<T0；排除Pknown发生支付的整个自然日",次,float32,eligible_days==0为NaN；有可观察日期而无行为为0,behavior_features()；次数不是人数，时长不去除重叠,V3-F1047,非还款日行为,T0固定时点；提单/App<T0，放款/整笔结清≤T0；支付<T0，已确认整笔同秒结清订单的已知同秒支付可=T0；当前条件为T0已知值。来源可得时间仍待上线核验。,已入模,选定候选保留,0.0013375861714168124,0.0016360808207806,0.0007789028596862,0.0072249240830514,0.0,V2继承
app_nonpay_lifed_coupon_page,非还款日｜进入优惠券挽留页次数,"SUM(INT(e.props_id IN ('Order_coupons_page','Order_coupons_page_select')))；按窗口允许日期累加",S04｜event_track_record（App埋点）；S03｜repayment_record_copy（正向入账）,"从max(reg_date,2024-01-01)至T0；当天只取create_time<T0；排除Pknown发生支付的整个自然日",次,float32,eligible_days==0为NaN；有可观察日期而无行为为0,behavior_features()；次数不是人数，时长不去除重叠,V3-F1048,非还款日行为,T0固定时点；提单/App<T0，放款/整笔结清≤T0；支付<T0，已确认整笔同秒结清订单的已知同秒支付可=T0；当前条件为T0已知值。来源可得时间仍待上线核验。,已入模,选定候选保留,0.0013375861714168124,0.0016360808207806,0.0007789028596862,0.0426551573077462,541.0949993133545,V2继承
app_nonpay_lifed_repayment_page,非还款日｜名称含repay的辅助页面次数,"SUM(INT(lower(COALESCE(e.props_id,'')||' '||COALESCE(e.page_name,'')) LIKE '%repay%'))；按窗口允许日期累加",S04｜event_track_record（App埋点）；S03｜repayment_record_copy（正向入账）,"从max(reg_date,2024-01-01)至T0；当天只取create_time<T0；排除Pknown发生支付的整个自然日",次,float32,eligible_days==0为NaN；有可观察日期而无行为为0,behavior_features()；次数不是人数，时长不去除重叠,V3-F1049,非还款日行为,T0固定时点；提单/App<T0，放款/整笔结清≤T0；支付<T0，已确认整笔同秒结清订单的已知同秒支付可=T0；当前条件为T0已知值。来源可得时间仍待上线核验。,已入模,选定候选保留,0.0013375861714168124,0.0016360808207806,0.0007789028596862,0.0015381402313356,19.75239944458008,V2继承
app_nonpay_lifed_duration,非还款日｜已结束页面累计停留,"SUM(min((event_end_time-event_start_time)/1000,3600))；仅page_view_out、end≥start且end≤截断时刻；按窗口允许日期累加",S04｜event_track_record（App埋点）；S03｜repayment_record_copy（正向入账）,"从max(reg_date,2024-01-01)至T0；当天只取create_time<T0；排除Pknown发生支付的整个自然日",秒,float32,eligible_days==0为NaN；有可观察日期而无行为为0,behavior_features()；次数不是人数，时长不去除重叠,V3-F1050,非还款日行为,T0固定时点；提单/App<T0，放款/整笔结清≤T0；支付<T0，已确认整笔同秒结清订单的已知同秒支付可=T0；当前条件为T0已知值。来源可得时间仍待上线核验。,已入模,选定候选保留,0.0013375861714168124,0.0016360808207806,0.0007789028596862,0.0237751372034702,205.56239795684817,V2继承
app_nonpay_lifed_apply_duration,非还款日｜已结束提单页累计停留,与duration相同，另限定props_id为Loan_newpage/Loan_newpage_select；按窗口允许日期累加,S04｜event_track_record（App埋点）；S03｜repayment_record_copy（正向入账）,"从max(reg_date,2024-01-01)至T0；当天只取create_time<T0；排除Pknown发生支付的整个自然日",秒,float32,eligible_days==0为NaN；有可观察日期而无行为为0,behavior_features()；次数不是人数，时长不去除重叠,V3-F1051,非还款日行为,T0固定时点；提单/App<T0，放款/整笔结清≤T0；支付<T0，已确认整笔同秒结清订单的已知同秒支付可=T0；当前条件为T0已知值。来源可得时间仍待上线核验。,已入模,选定候选保留,0.0013375861714168124,0.0016360808207806,0.0007789028596862,0.05170965111559,142.40880012512207,V2继承
app_nonpay_lifed_non_apply_duration,非还款日｜非提单页累计停留,duration-apply_duration,S04｜event_track_record（App埋点）；S01｜order_loan_f_v2_copy（整笔订单）；S03｜repayment_record_copy（正向入账）,"从max(reg_date,2024-01-01)至T0；当天只取create_time<T0；排除Pknown发生支付的整个自然日",秒,float32,eligible_days==0为NaN，否则无行为为0,behavior_features()；T0部分当天仍按1个可观察自然日计，不是24小时标准化,V3-F1052,非还款日行为,T0固定时点；提单/App<T0，放款/整笔结清≤T0；支付<T0，已确认整笔同秒结清订单的已知同秒支付可=T0；当前条件为T0已知值。来源可得时间仍待上线核验。,已入模,选定候选保留,0.0013375861714168124,0.0016360808207806,0.0007789028596862,0.0119646943268598,205.31132984161377,V2继承
app_nonpay_lifed_events_per_eligible_day,非还款日｜每可观察日活跃频次,events/eligible_days,S04｜event_track_record（App埋点）；S01｜order_loan_f_v2_copy（整笔订单）；S03｜repayment_record_copy（正向入账）,"从max(reg_date,2024-01-01)至T0；当天只取create_time<T0；排除Pknown发生支付的整个自然日",条/自然日,float32,eligible_days==0为NaN,behavior_features()；T0部分当天仍按1个可观察自然日计，不是24小时标准化,V3-F1053,非还款日行为,T0固定时点；提单/App<T0，放款/整笔结清≤T0；支付<T0，已确认整笔同秒结清订单的已知同秒支付可=T0；当前条件为T0已知值。来源可得时间仍待上线核验。,已入模,选定候选保留,0.0013375861714168124,0.0016360808207806,0.0007789028596862,0.0140578240356896,209.25357151031497,V2继承
app_nonpay_lifed_duration_per_active_day,非还款日｜每活跃日累计页面停留,duration/active_days,S04｜event_track_record（App埋点）；S01｜order_loan_f_v2_copy（整笔订单）；S03｜repayment_record_copy（正向入账）,"从max(reg_date,2024-01-01)至T0；当天只取create_time<T0；排除Pknown发生支付的整个自然日",秒/活跃日,float32,active_days==0为NaN,behavior_features()；T0部分当天仍按1个可观察自然日计，不是24小时标准化,V3-F1054,非还款日行为,T0固定时点；提单/App<T0，放款/整笔结清≤T0；支付<T0，已确认整笔同秒结清订单的已知同秒支付可=T0；当前条件为T0已知值。来源可得时间仍待上线核验。,已入模,选定候选保留,0.0017099544828735075,0.0020874134609959,0.0008901746967842,0.0112584773425685,252.47309684753415,V2继承
app_nonpay_lifed_apply_duration_share,非还款日｜提单页停留占比,apply_duration/duration,S04｜event_track_record（App埋点）；S01｜order_loan_f_v2_copy（整笔订单）；S03｜repayment_record_copy（正向入账）,"从max(reg_date,2024-01-01)至T0；当天只取create_time<T0；排除Pknown发生支付的整个自然日",比例,float32,duration==0为NaN,behavior_features()；T0部分当天仍按1个可观察自然日计，不是24小时标准化,V3-F1055,非还款日行为,T0固定时点；提单/App<T0，放款/整笔结清≤T0；支付<T0，已确认整笔同秒结清订单的已知同秒支付可=T0；当前条件为T0已知值。来源可得时间仍待上线核验。,已入模,选定候选保留,0.0018177453098741298,0.0022405441782119,0.0008901746967842,0.0538303887201809,189.80350017547607,V2继承
app_nonpay_lifed_amount_per_newpage,非还款日｜切换金额次数对进页比,amount/newpage,S04｜event_track_record（App埋点）；S01｜order_loan_f_v2_copy（整笔订单）；S03｜repayment_record_copy（正向入账）,"从max(reg_date,2024-01-01)至T0；当天只取create_time<T0；排除Pknown发生支付的整个自然日",次数比,float32,newpage==0为NaN；可能>1,behavior_features()；T0部分当天仍按1个可观察自然日计，不是24小时标准化,V3-F1056,非还款日行为,T0固定时点；提单/App<T0，放款/整笔结清≤T0；支付<T0，已确认整笔同秒结清订单的已知同秒支付可=T0；当前条件为T0已知值。来源可得时间仍待上线核验。,已入模,选定候选保留,0.005355244268712733,0.0060365740628803,0.003783242461333,0.3048855473756601,253.9718027114868,V2继承
app_nonpay_lifed_plan_per_newpage,非还款日｜查看计划次数对进页比,plan/newpage,S04｜event_track_record（App埋点）；S01｜order_loan_f_v2_copy（整笔订单）；S03｜repayment_record_copy（正向入账）,"从max(reg_date,2024-01-01)至T0；当天只取create_time<T0；排除Pknown发生支付的整个自然日",次数比,float32,newpage==0为NaN；可能>1,behavior_features()；T0部分当天仍按1个可观察自然日计，不是24小时标准化,V3-F1057,非还款日行为,T0固定时点；提单/App<T0，放款/整笔结清≤T0；支付<T0，已确认整笔同秒结清订单的已知同秒支付可=T0；当前条件为T0已知值。来源可得时间仍待上线核验。,已入模,选定候选保留,0.005355244268712733,0.0060365740628803,0.003783242461333,0.056254717147141,396.8314037322998,V2继承
app_nonpay_lifed_confirm_per_newpage,非还款日｜确认埋点次数对进页比,confirm/newpage,S04｜event_track_record（App埋点）；S01｜order_loan_f_v2_copy（整笔订单）；S03｜repayment_record_copy（正向入账）,"从max(reg_date,2024-01-01)至T0；当天只取create_time<T0；排除Pknown发生支付的整个自然日",次数比（非用户确认率）,float32,newpage==0为NaN；可能>1，不等于成功提单,behavior_features()；T0部分当天仍按1个可观察自然日计，不是24小时标准化,V3-F1058,非还款日行为,T0固定时点；提单/App<T0，放款/整笔结清≤T0；支付<T0，已确认整笔同秒结清订单的已知同秒支付可=T0；当前条件为T0已知值。来源可得时间仍待上线核验。,已入模,选定候选保留,0.005355244268712733,0.0060365740628803,0.003783242461333,0.148387990309349,698.0125999450684,V2继承
app_nonpay_lifed_coupon_accept_share,非还款日｜券点击对点击加关闭比,coupon_confirm/(coupon_confirm+coupon_back),S04｜event_track_record（App埋点）；S01｜order_loan_f_v2_copy（整笔订单）；S03｜repayment_record_copy（正向入账）,"从max(reg_date,2024-01-01)至T0；当天只取create_time<T0；排除Pknown发生支付的整个自然日",比例,float32,分母==0为NaN,behavior_features()；T0部分当天仍按1个可观察自然日计，不是24小时标准化,V3-F1059,非还款日行为,T0固定时点；提单/App<T0，放款/整笔结清≤T0；支付<T0，已确认整笔同秒结清订单的已知同秒支付可=T0；当前条件为T0已知值。来源可得时间仍待上线核验。,已入模,选定候选保留,0.627460203136713,0.6492420029497812,0.6032046289084233,0.0126932565096291,114.65214157104492,V2继承
app_nonpay_events_7d_delta_prior7,非还款日｜活跃埋点条数与前7日差,NOW7-PREV7,S04｜event_track_record（App埋点）；S03｜repayment_record_copy（正向入账）,NOW7：T0日前6日及T0截断日；PREV7：T0日前13日到前7日；应用相同日期排除,条,float32,NOW7缺失则NaN；PREV7无记录累加0；早期历史不足不补齐前窗，需结合观察日数,behavior_features(),V3-F1060,非还款日行为,T0固定时点；提单/App<T0，放款/整笔结清≤T0；支付<T0，已确认整笔同秒结清订单的已知同秒支付可=T0；当前条件为T0已知值。来源可得时间仍待上线核验。,已入模,选定候选保留,0.001381682418826158,0.0016924974008075,0.0007789028596862,0.0349517933129829,80.41320037841797,V2继承
app_nonpay_events_7d_ratio_prior7,非还款日｜活跃埋点条数与前7日比,NOW7/PREV7,S04｜event_track_record（App埋点）；S03｜repayment_record_copy（正向入账）,NOW7：T0日前6日及T0截断日；PREV7：T0日前13日到前7日；应用相同日期排除,比值,float32,PREV7≤0或缺失为NaN；早期历史不足不补齐前窗，需结合观察日数,behavior_features(),V3-F1061,非还款日行为,T0固定时点；提单/App<T0，放款/整笔结清≤T0；支付<T0，已确认整笔同秒结清订单的已知同秒支付可=T0；当前条件为T0已知值。来源可得时间仍待上线核验。,已入模,选定候选保留,0.27380829891376246,0.2851132764331826,0.2572604873706465,0.0366196825813489,309.983904838562,V2继承
app_nonpay_newpage_7d_delta_prior7,非还款日｜进入提单页次数与前7日差,NOW7-PREV7,S04｜event_track_record（App埋点）；S03｜repayment_record_copy（正向入账）,NOW7：T0日前6日及T0截断日；PREV7：T0日前13日到前7日；应用相同日期排除,次,float32,NOW7缺失则NaN；PREV7无记录累加0；早期历史不足不补齐前窗，需结合观察日数,behavior_features(),V3-F1062,非还款日行为,T0固定时点；提单/App<T0，放款/整笔结清≤T0；支付<T0，已确认整笔同秒结清订单的已知同秒支付可=T0；当前条件为T0已知值。来源可得时间仍待上线核验。,已入模,选定候选保留,0.001381682418826158,0.0016924974008075,0.0007789028596862,0.0179066639718745,0.0,V2继承
app_nonpay_newpage_7d_ratio_prior7,非还款日｜进入提单页次数与前7日比,NOW7/PREV7,S04｜event_track_record（App埋点）；S03｜repayment_record_copy（正向入账）,NOW7：T0日前6日及T0截断日；PREV7：T0日前13日到前7日；应用相同日期排除,比值,float32,PREV7≤0或缺失为NaN；早期历史不足不补齐前窗，需结合观察日数,behavior_features(),V3-F1063,非还款日行为,T0固定时点；提单/App<T0，放款/整笔结清≤T0；支付<T0，已确认整笔同秒结清订单的已知同秒支付可=T0；当前条件为T0已知值。来源可得时间仍待上线核验。,已入模,选定候选保留,0.6198511506670782,0.6190107755667852,0.6129965505730499,0.0476106518589131,62.137200355529785,V2继承
app_nonpay_amount_7d_delta_prior7,非还款日｜切换借款金额次数与前7日差,NOW7-PREV7,S04｜event_track_record（App埋点）；S03｜repayment_record_copy（正向入账）,NOW7：T0日前6日及T0截断日；PREV7：T0日前13日到前7日；应用相同日期排除,次,float32,NOW7缺失则NaN；PREV7无记录累加0；早期历史不足不补齐前窗，需结合观察日数,behavior_features(),V3-F1064,非还款日行为,T0固定时点；提单/App<T0，放款/整笔结清≤T0；支付<T0，已确认整笔同秒结清订单的已知同秒支付可=T0；当前条件为T0已知值。来源可得时间仍待上线核验。,已入模,选定候选保留,0.001381682418826158,0.0016924974008075,0.0007789028596862,0.0223233925412827,0.0,V2继承
app_nonpay_amount_7d_ratio_prior7,非还款日｜切换借款金额次数与前7日比,NOW7/PREV7,S04｜event_track_record（App埋点）；S03｜repayment_record_copy（正向入账）,NOW7：T0日前6日及T0截断日；PREV7：T0日前13日到前7日；应用相同日期排除,比值,float32,PREV7≤0或缺失为NaN；早期历史不足不补齐前窗，需结合观察日数,behavior_features(),V3-F1065,非还款日行为,T0固定时点；提单/App<T0，放款/整笔结清≤T0；支付<T0，已确认整笔同秒结清订单的已知同秒支付可=T0；当前条件为T0已知值。来源可得时间仍待上线核验。,已入模,选定候选保留,0.8603961802850577,0.8777613901045319,0.817625458996328,0.0319599499207841,16.59510040283203,V2继承
app_nonpay_plan_7d_delta_prior7,非还款日｜查看还款计划次数与前7日差,NOW7-PREV7,S04｜event_track_record（App埋点）；S03｜repayment_record_copy（正向入账）,NOW7：T0日前6日及T0截断日；PREV7：T0日前13日到前7日；应用相同日期排除,次,float32,NOW7缺失则NaN；PREV7无记录累加0；早期历史不足不补齐前窗，需结合观察日数,behavior_features(),V3-F1066,非还款日行为,T0固定时点；提单/App<T0，放款/整笔结清≤T0；支付<T0，已确认整笔同秒结清订单的已知同秒支付可=T0；当前条件为T0已知值。来源可得时间仍待上线核验。,已入模,选定候选保留,0.001381682418826158,0.0016924974008075,0.0007789028596862,0.0154443663407626,32.795599937438965,V2继承
app_nonpay_plan_7d_ratio_prior7,非还款日｜查看还款计划次数与前7日比,NOW7/PREV7,S04｜event_track_record（App埋点）；S03｜repayment_record_copy（正向入账）,NOW7：T0日前6日及T0截断日；PREV7：T0日前13日到前7日；应用相同日期排除,比值,float32,PREV7≤0或缺失为NaN；早期历史不足不补齐前窗，需结合观察日数,behavior_features(),V3-F1067,非还款日行为,T0固定时点；提单/App<T0，放款/整笔结清≤T0；支付<T0，已确认整笔同秒结清订单的已知同秒支付可=T0；当前条件为T0已知值。来源可得时间仍待上线核验。,已入模,选定候选保留,0.792845628836986,0.7948128984420965,0.788360965839546,0.0043389184844421,0.0,V2继承
app_nonpay_term_7d_delta_prior7,非还款日｜切换借款期次次数与前7日差,NOW7-PREV7,S04｜event_track_record（App埋点）；S03｜repayment_record_copy（正向入账）,NOW7：T0日前6日及T0截断日；PREV7：T0日前13日到前7日；应用相同日期排除,次,float32,NOW7缺失则NaN；PREV7无记录累加0；早期历史不足不补齐前窗，需结合观察日数,behavior_features(),V3-F1068,非还款日行为,T0固定时点；提单/App<T0，放款/整笔结清≤T0；支付<T0，已确认整笔同秒结清订单的已知同秒支付可=T0；当前条件为T0已知值。来源可得时间仍待上线核验。,已入模,选定候选保留,0.001381682418826158,0.0016924974008075,0.0007789028596862,0.0008958558203605,12.832900047302246,V2继承
app_nonpay_term_7d_ratio_prior7,非还款日｜切换借款期次次数与前7日比,NOW7/PREV7,S04｜event_track_record（App埋点）；S03｜repayment_record_copy（正向入账）,NOW7：T0日前6日及T0截断日；PREV7：T0日前13日到前7日；应用相同日期排除,比值,float32,PREV7≤0或缺失为NaN；早期历史不足不补齐前窗，需结合观察日数,behavior_features(),V3-F1069,非还款日行为,T0固定时点；提单/App<T0，放款/整笔结清≤T0；支付<T0，已确认整笔同秒结清订单的已知同秒支付可=T0；当前条件为T0已知值。来源可得时间仍待上线核验。,已入模,选定候选保留,0.9030960465264406,0.901480532250135,0.8946255702681651,0.0017528365377784,0.0,V2继承
app_nonpay_confirm_7d_delta_prior7,非还款日｜确认提单埋点次数与前7日差,NOW7-PREV7,S04｜event_track_record（App埋点）；S03｜repayment_record_copy（正向入账）,NOW7：T0日前6日及T0截断日；PREV7：T0日前13日到前7日；应用相同日期排除,次,float32,NOW7缺失则NaN；PREV7无记录累加0；早期历史不足不补齐前窗，需结合观察日数,behavior_features(),V3-F1070,非还款日行为,T0固定时点；提单/App<T0，放款/整笔结清≤T0；支付<T0，已确认整笔同秒结清订单的已知同秒支付可=T0；当前条件为T0已知值。来源可得时间仍待上线核验。,已入模,选定候选保留,0.001381682418826158,0.0016924974008075,0.0007789028596862,0.0649930836788522,79.01609897613525,V2继承
app_nonpay_confirm_7d_ratio_prior7,非还款日｜确认提单埋点次数与前7日比,NOW7/PREV7,S04｜event_track_record（App埋点）；S03｜repayment_record_copy（正向入账）,NOW7：T0日前6日及T0截断日；PREV7：T0日前13日到前7日；应用相同日期排除,比值,float32,PREV7≤0或缺失为NaN；早期历史不足不补齐前窗，需结合观察日数,behavior_features(),V3-F1071,非还款日行为,T0固定时点；提单/App<T0，放款/整笔结清≤T0；支付<T0，已确认整笔同秒结清订单的已知同秒支付可=T0；当前条件为T0已知值。来源可得时间仍待上线核验。,已入模,选定候选保留,0.6938201559047326,0.6710268623516042,0.75876265717147,0.0379961512158595,94.3016996383667,V2继承
app_nonpay_duration_7d_delta_prior7,非还款日｜已结束页面累计停留与前7日差,NOW7-PREV7,S04｜event_track_record（App埋点）；S03｜repayment_record_copy（正向入账）,NOW7：T0日前6日及T0截断日；PREV7：T0日前13日到前7日；应用相同日期排除,秒,float32,NOW7缺失则NaN；PREV7无记录累加0；早期历史不足不补齐前窗，需结合观察日数,behavior_features(),V3-F1072,非还款日行为,T0固定时点；提单/App<T0，放款/整笔结清≤T0；支付<T0，已确认整笔同秒结清订单的已知同秒支付可=T0；当前条件为T0已知值。来源可得时间仍待上线核验。,已入模,选定候选保留,0.001381682418826158,0.0016924974008075,0.0007789028596862,0.0356704397933153,164.13340187072754,V2继承
app_nonpay_duration_7d_ratio_prior7,非还款日｜已结束页面累计停留与前7日比,NOW7/PREV7,S04｜event_track_record（App埋点）；S03｜repayment_record_copy（正向入账）,NOW7：T0日前6日及T0截断日；PREV7：T0日前13日到前7日；应用相同日期排除,比值,float32,PREV7≤0或缺失为NaN；早期历史不足不补齐前窗，需结合观察日数,behavior_features(),V3-F1073,非还款日行为,T0固定时点；提单/App<T0，放款/整笔结清≤T0；支付<T0，已确认整笔同秒结清订单的已知同秒支付可=T0；当前条件为T0已知值。来源可得时间仍待上线核验。,已入模,选定候选保留,0.29854139412735975,0.3113711646799971,0.2835206409257816,0.0259980196403666,363.82250022888184,V2继承
app_nonpay_events_3d_perday_vs14d,非还款日｜活跃埋点条数近3日与近14日日均差,app_nonpay_3d_events/app_nonpay_3d_eligible_days - app_nonpay_14d_events/app_nonpay_14d_eligible_days,S04｜event_track_record（App埋点）；S03｜repayment_record_copy（正向入账）,近3 / 14个自然日，均含T0截断日,条/自然日,float32,任一eligible_days==0为NaN,behavior_features()；两个窗口相互包含,V3-F1074,非还款日行为,T0固定时点；提单/App<T0，放款/整笔结清≤T0；支付<T0，已确认整笔同秒结清订单的已知同秒支付可=T0；当前条件为T0已知值。来源可得时间仍待上线核验。,已入模,选定候选保留,0.00796672203195508,0.0079466782723631,0.0083453877823522,0.0354977635435844,203.98889923095703,V2继承
app_nonpay_newpage_3d_perday_vs14d,非还款日｜进入提单页次数近3日与近14日日均差,app_nonpay_3d_newpage/app_nonpay_3d_eligible_days - app_nonpay_14d_newpage/app_nonpay_14d_eligible_days,S04｜event_track_record（App埋点）；S03｜repayment_record_copy（正向入账）,近3 / 14个自然日，均含T0截断日,次/自然日,float32,任一eligible_days==0为NaN,behavior_features()；两个窗口相互包含,V3-F1075,非还款日行为,T0固定时点；提单/App<T0，放款/整笔结清≤T0；支付<T0，已确认整笔同秒结清订单的已知同秒支付可=T0；当前条件为T0已知值。来源可得时间仍待上线核验。,已入模,选定候选保留,0.00796672203195508,0.0079466782723631,0.0083453877823522,0.0288362862511511,25.625,V2继承
app_nonpay_amount_3d_perday_vs14d,非还款日｜切换借款金额次数近3日与近14日日均差,app_nonpay_3d_amount/app_nonpay_3d_eligible_days - app_nonpay_14d_amount/app_nonpay_14d_eligible_days,S04｜event_track_record（App埋点）；S03｜repayment_record_copy（正向入账）,近3 / 14个自然日，均含T0截断日,次/自然日,float32,任一eligible_days==0为NaN,behavior_features()；两个窗口相互包含,V3-F1076,非还款日行为,T0固定时点；提单/App<T0，放款/整笔结清≤T0；支付<T0，已确认整笔同秒结清订单的已知同秒支付可=T0；当前条件为T0已知值。来源可得时间仍待上线核验。,已入模,选定候选保留,0.00796672203195508,0.0079466782723631,0.0083453877823522,0.041851953366144,51.13080024719238,V2继承
app_nonpay_plan_3d_perday_vs14d,非还款日｜查看还款计划次数近3日与近14日日均差,app_nonpay_3d_plan/app_nonpay_3d_eligible_days - app_nonpay_14d_plan/app_nonpay_14d_eligible_days,S04｜event_track_record（App埋点）；S03｜repayment_record_copy（正向入账）,近3 / 14个自然日，均含T0截断日,次/自然日,float32,任一eligible_days==0为NaN,behavior_features()；两个窗口相互包含,V3-F1077,非还款日行为,T0固定时点；提单/App<T0，放款/整笔结清≤T0；支付<T0，已确认整笔同秒结清订单的已知同秒支付可=T0；当前条件为T0已知值。来源可得时间仍待上线核验。,已入模,选定候选保留,0.00796672203195508,0.0079466782723631,0.0083453877823522,0.0083224648561691,34.57140064239502,V2继承
app_nonpay_duration_3d_perday_vs14d,非还款日｜已结束页面累计停留近3日与近14日日均差,app_nonpay_3d_duration/app_nonpay_3d_eligible_days - app_nonpay_14d_duration/app_nonpay_14d_eligible_days,S04｜event_track_record（App埋点）；S03｜repayment_record_copy（正向入账）,近3 / 14个自然日，均含T0截断日,秒/自然日,float32,任一eligible_days==0为NaN,behavior_features()；两个窗口相互包含,V3-F1078,非还款日行为,T0固定时点；提单/App<T0，放款/整笔结清≤T0；支付<T0，已确认整笔同秒结清订单的已知同秒支付可=T0；当前条件为T0已知值。来源可得时间仍待上线核验。,已入模,选定候选保留,0.00796672203195508,0.0079466782723631,0.0083453877823522,0.036186558580645,137.06679821014404,V2继承
app_nonpay_events_share_7d,近7自然日非还款日活跃埋点条数占比,app_nonpay_7d_events/app_all_7d_events,S04｜event_track_record（App埋点）；S01｜order_loan_f_v2_copy（整笔订单）；S03｜repayment_record_copy（正向入账）,同口径近7自然日，含T0截断日,比例,float32,全量行为≤0或非还款窗口无可观察日为NaN,behavior_features(),V3-F1079,非还款日行为,T0固定时点；提单/App<T0，放款/整笔结清≤T0；支付<T0，已确认整笔同秒结清订单的已知同秒支付可=T0；当前条件为T0已知值。来源可得时间仍待上线核验。,已入模,选定候选保留,0.030901670267860205,0.0353328981197159,0.0265939690664292,0.0181301608083391,364.6827001571655,V2继承
app_nonpay_newpage_share_7d,近7自然日非还款日进入提单页次数占比,app_nonpay_7d_newpage/app_all_7d_newpage,S04｜event_track_record（App埋点）；S01｜order_loan_f_v2_copy（整笔订单）；S03｜repayment_record_copy（正向入账）,同口径近7自然日，含T0截断日,比例,float32,全量行为≤0或非还款窗口无可观察日为NaN,behavior_features(),V3-F1080,非还款日行为,T0固定时点；提单/App<T0，放款/整笔结清≤T0；支付<T0，已确认整笔同秒结清订单的已知同秒支付可=T0；当前条件为T0已知值。来源可得时间仍待上线核验。,已入模,选定候选保留,0.5297870151250129,0.5551955640449076,0.4987203738733726,0.0636144926928714,44.49589920043945,V2继承
app_nonpay_amount_share_7d,近7自然日非还款日切换借款金额次数占比,app_nonpay_7d_amount/app_all_7d_amount,S04｜event_track_record（App埋点）；S01｜order_loan_f_v2_copy（整笔订单）；S03｜repayment_record_copy（正向入账）,同口径近7自然日，含T0截断日,比例,float32,全量行为≤0或非还款窗口无可观察日为NaN,behavior_features(),V3-F1081,非还款日行为,T0固定时点；提单/App<T0，放款/整笔结清≤T0；支付<T0，已确认整笔同秒结清订单的已知同秒支付可=T0；当前条件为T0已知值。来源可得时间仍待上线核验。,已入模,选定候选保留,0.8198178335023689,0.8436777162568405,0.773561811505508,0.0368052331020842,208.66840076446533,V2继承
app_nonpay_plan_share_7d,近7自然日非还款日查看还款计划次数占比,app_nonpay_7d_plan/app_all_7d_plan,S04｜event_track_record（App埋点）；S01｜order_loan_f_v2_copy（整笔订单）；S03｜repayment_record_copy（正向入账）,同口径近7自然日，含T0截断日,比例,float32,全量行为≤0或非还款窗口无可观察日为NaN,behavior_features(),V3-F1082,非还款日行为,T0固定时点；提单/App<T0，放款/整笔结清≤T0；支付<T0，已确认整笔同秒结清订单的已知同秒支付可=T0；当前条件为T0已知值。来源可得时间仍待上线核验。,已入模,选定候选保留,0.7745652844942895,0.7913150704804275,0.7526427061310782,0.0093494228780247,47.64360046386719,V2继承
app_nonpay_duration_share_7d,近7自然日非还款日已结束页面累计停留占比,app_nonpay_7d_duration/app_all_7d_duration,S04｜event_track_record（App埋点）；S01｜order_loan_f_v2_copy（整笔订单）；S03｜repayment_record_copy（正向入账）,同口径近7自然日，含T0截断日,比例,float32,全量行为≤0或非还款窗口无可观察日为NaN,behavior_features(),V3-F1083,非还款日行为,T0固定时点；提单/App<T0，放款/整笔结清≤T0；支付<T0，已确认整笔同秒结清订单的已知同秒支付可=T0；当前条件为T0已知值。来源可得时间仍待上线核验。,已入模,选定候选保留,0.03809915776167448,0.0433843500407005,0.0333815511294091,0.0122730153833979,408.4442014694214,V2继承
app_nonpay_events_share_30d,近30自然日非还款日活跃埋点条数占比,app_nonpay_30d_events/app_all_30d_events,S04｜event_track_record（App埋点）；S01｜order_loan_f_v2_copy（整笔订单）；S03｜repayment_record_copy（正向入账）,同口径近30自然日，含T0截断日,比例,float32,全量行为≤0或非还款窗口无可观察日为NaN,behavior_features(),V3-F1084,非还款日行为,T0固定时点；提单/App<T0，放款/整笔结清≤T0；支付<T0，已确认整笔同秒结清订单的已知同秒支付可=T0；当前条件为T0已知值。来源可得时间仍待上线核验。,已入模,选定候选保留,0.0013914815849171236,0.0016763783779427,0.0010014465338822,0.017587650075909,253.0271987915039,V2继承
app_nonpay_newpage_share_30d,近30自然日非还款日进入提单页次数占比,app_nonpay_30d_newpage/app_all_30d_newpage,S04｜event_track_record（App埋点）；S01｜order_loan_f_v2_copy（整笔订单）；S03｜repayment_record_copy（正向入账）,同口径近30自然日，含T0截断日,比例,float32,全量行为≤0或非还款窗口无可观察日为NaN,behavior_features(),V3-F1085,非还款日行为,T0固定时点；提单/App<T0，放款/整笔结清≤T0；支付<T0，已确认整笔同秒结清订单的已知同秒支付可=T0；当前条件为T0已知值。来源可得时间仍待上线核验。,已入模,选定候选保留,0.0060754829763987085,0.0056980745827187,0.0063424947145877,0.0183801674622167,57.7972993850708,V2继承
app_nonpay_amount_share_30d,近30自然日非还款日切换借款金额次数占比,app_nonpay_30d_amount/app_all_30d_amount,S04｜event_track_record（App埋点）；S01｜order_loan_f_v2_copy（整笔订单）；S03｜repayment_record_copy（正向入账）,同口径近30自然日，含T0截断日,比例,float32,全量行为≤0或非还款窗口无可观察日为NaN,behavior_features(),V3-F1086,非还款日行为,T0固定时点；提单/App<T0，放款/整笔结清≤T0；支付<T0，已确认整笔同秒结清订单的已知同秒支付可=T0；当前条件为T0已知值。来源可得时间仍待上线核验。,已入模,选定候选保留,0.4668371721566495,0.5196853566736784,0.3295871814843663,0.2181511044959222,132.64959716796875,V2继承
app_nonpay_plan_share_30d,近30自然日非还款日查看还款计划次数占比,app_nonpay_30d_plan/app_all_30d_plan,S04｜event_track_record（App埋点）；S01｜order_loan_f_v2_copy（整笔订单）；S03｜repayment_record_copy（正向入账）,同口径近30自然日，含T0截断日,比例,float32,全量行为≤0或非还款窗口无可观察日为NaN,behavior_features(),V3-F1087,非还款日行为,T0固定时点；提单/App<T0，放款/整笔结清≤T0；支付<T0，已确认整笔同秒结清订单的已知同秒支付可=T0；当前条件为T0已知值。来源可得时间仍待上线核验。,已入模,选定候选保留,0.3262289379173832,0.3478565729345487,0.2753977968176254,0.031568081046417,94.46170043945312,V2继承
app_nonpay_duration_share_30d,近30自然日非还款日已结束页面累计停留占比,app_nonpay_30d_duration/app_all_30d_duration,S04｜event_track_record（App埋点）；S01｜order_loan_f_v2_copy（整笔订单）；S03｜repayment_record_copy（正向入账）,同口径近30自然日，含T0截断日,比例,float32,全量行为≤0或非还款窗口无可观察日为NaN,behavior_features(),V3-F1088,非还款日行为,T0固定时点；提单/App<T0，放款/整笔结清≤T0；支付<T0，已确认整笔同秒结清订单的已知同秒支付可=T0；当前条件为T0已知值。来源可得时间仍待上线核验。,已入模,选定候选保留,0.001435577832326469,0.0017166759351048,0.0011127183709803,0.0136143383211447,252.3081111907959,V2继承
app_nonpay_events_share_90d,近90自然日非还款日活跃埋点条数占比,app_nonpay_90d_events/app_all_90d_events,S04｜event_track_record（App埋点）；S01｜order_loan_f_v2_copy（整笔订单）；S03｜repayment_record_copy（正向入账）,同口径近90自然日，含T0截断日,比例,float32,全量行为≤0或非还款窗口无可观察日为NaN,behavior_features(),V3-F1089,非还款日行为,T0固定时点；提单/App<T0，放款/整笔结清≤T0；支付<T0，已确认整笔同秒结清订单的已知同秒支付可=T0；当前条件为T0已知值。来源可得时间仍待上线核验。,已入模,选定候选保留,0.0013522849205532608,0.0016360808207806,0.0007789028596862,0.0180933305298947,1233.3454895019531,V2继承
app_nonpay_newpage_share_90d,近90自然日非还款日进入提单页次数占比,app_nonpay_90d_newpage/app_all_90d_newpage,S04｜event_track_record（App埋点）；S01｜order_loan_f_v2_copy（整笔订单）；S03｜repayment_record_copy（正向入账）,同口径近90自然日，含T0截断日,比例,float32,全量行为≤0或非还款窗口无可观察日为NaN,behavior_features(),V3-F1090,非还款日行为,T0固定时点；提单/App<T0，放款/整笔结清≤T0；支付<T0，已确认整笔同秒结清订单的已知同秒支付可=T0；当前条件为T0已知值。来源可得时间仍待上线核验。,已入模,选定候选保留,0.002057824879102788,0.0024903890326168,0.0007789028596862,0.0223876655529611,274.0401020050049,V2继承
app_nonpay_amount_share_90d,近90自然日非还款日切换借款金额次数占比,app_nonpay_90d_amount/app_all_90d_amount,S04｜event_track_record（App埋点）；S01｜order_loan_f_v2_copy（整笔订单）；S03｜repayment_record_copy（正向入账）,同口径近90自然日，含T0截断日,比例,float32,全量行为≤0或非还款窗口无可观察日为NaN,behavior_features(),V3-F1091,非还款日行为,T0固定时点；提单/App<T0，放款/整笔结清≤T0；支付<T0，已确认整笔同秒结清订单的已知同秒支付可=T0；当前条件为T0已知值。来源可得时间仍待上线核验。,已入模,选定候选保留,0.3978608420423422,0.4547095755055328,0.2472460220318237,0.2946095683576295,262.70749855041504,V2继承
app_nonpay_plan_share_90d,近90自然日非还款日查看还款计划次数占比,app_nonpay_90d_plan/app_all_90d_plan,S04｜event_track_record（App埋点）；S01｜order_loan_f_v2_copy（整笔订单）；S03｜repayment_record_copy（正向入账）,同口径近90自然日，含T0截断日,比例,float32,全量行为≤0或非还款窗口无可观察日为NaN,behavior_features(),V3-F1092,非还款日行为,T0固定时点；提单/App<T0，放款/整笔结清≤T0；支付<T0，已确认整笔同秒结清订单的已知同秒支付可=T0；当前条件为T0已知值。来源可得时间仍待上线核验。,已入模,选定候选保留,0.25816393024953577,0.2803420456651918,0.2067430733281406,0.044855687669823,1788.828112602234,V2继承
app_nonpay_duration_share_90d,近90自然日非还款日已结束页面累计停留占比,app_nonpay_90d_duration/app_all_90d_duration,S04｜event_track_record（App埋点）；S01｜order_loan_f_v2_copy（整笔订单）；S03｜repayment_record_copy（正向入账）,同口径近90自然日，含T0截断日,比例,float32,全量行为≤0或非还款窗口无可观察日为NaN,behavior_features(),V3-F1093,非还款日行为,T0固定时点；提单/App<T0，放款/整笔结清≤T0；支付<T0，已确认整笔同秒结清订单的已知同秒支付可=T0；当前条件为T0已知值。来源可得时间仍待上线核验。,已入模,选定候选保留,0.0013620840866442267,0.001644140332213,0.0008901746967842,0.0184501923239464,735.2589979171753,V2继承
app_t0_day_repaid_before_prediction,T0日存在已知支付标记,INT(DATE(T0) IN DATE(Pknown.payment_time)),S01｜order_loan_f_v2_copy（整笔订单）；S03｜repayment_record_copy（正向入账）,截至T0的全部可观察生命周期,0/1,float32,无已知支付返回0；T0后支付不改变此标记,直接字段：loan_features() / behavior_features() / main(),V3-F1094,全量App行为,T0固定时点；提单/App<T0，放款/整笔结清≤T0；支付<T0，已确认整笔同秒结清订单的已知同秒支付可=T0；当前条件为T0已知值。来源可得时间仍待上线核验。,未入模,训练期全缺失或常量,0.0,0.0,0.0,0.0,0,V2继承
current_total_term_known,当前获额订单已知期次,current_total_term if current_total_term>0 else NaN,S05｜冻结T0母表与过去月份产品画像；S02｜order_vir_f_copy（获额）,当前T0条件 / 触发订单,期,float32,非正值或缺失为NaN,直接字段：loan_features() / behavior_features() / main(),V3-F1095,当前产品与变额条件,T0固定时点；提单/App<T0，放款/整笔结清≤T0；支付<T0，已确认整笔同秒结清订单的已知同秒支付可=T0；当前条件为T0已知值。来源可得时间仍待上线核验。,已入模,选定候选保留,0.3043327012871205,0.4231243502018907,0.2684989429175475,0.7855566859365766,16.95829963684082,V2继承
current_term_to_previous,当前产品最长平均期次比,current_history_max_terms/previous_total_term,S05｜冻结T0母表与过去月份产品画像；S01｜order_loan_f_v2_copy（整笔订单）,当前T0条件 / 触发订单,倍,float32,分母非正或缺失为NaN；多产品独立max,直接字段：loan_features() / behavior_features() / main(),V3-F1096,当前产品与变额条件,T0固定时点；提单/App<T0，放款/整笔结清≤T0；支付<T0，已确认整笔同秒结清订单的已知同秒支付可=T0；当前条件为T0已知值。来源可得时间仍待上线核验。,已入模,选定候选保留,0.00929940862032641,0.0078257856008768,0.0,0.2583353272259093,62.68439865112305,V2继承
current_days_to_previous,当前产品最长平均天数比,current_history_max_loan_days/previous_loan_day,S05｜冻结T0母表与过去月份产品画像；S01｜order_loan_f_v2_copy（整笔订单）,当前T0条件 / 触发订单,倍,float32,分母非正或缺失为NaN；多产品独立max,直接字段：loan_features() / behavior_features() / main(),V3-F1097,当前产品与变额条件,T0固定时点；提单/App<T0，放款/整笔结清≤T0；支付<T0，已确认整笔同秒结清订单的已知同秒支付可=T0；当前条件为T0已知值。来源可得时间仍待上线核验。,已入模,选定候选保留,0.00929940862032641,0.0078257856008768,0.0,0.2477054182885494,91.26759910583496,V2继承
current_fee_to_previous,当前产品最低平均息费率比,current_history_min_fee_rate/previous_fee_rate,S05｜冻结T0母表与过去月份产品画像；S01｜order_loan_f_v2_copy（整笔订单）,当前T0条件 / 触发订单,倍,float32,分母非正或缺失为NaN；多产品独立min,直接字段：loan_features() / behavior_features() / main(),V3-F1098,当前产品与变额条件,T0固定时点；提单/App<T0，放款/整笔结清≤T0；支付<T0，已确认整笔同秒结清订单的已知同秒支付可=T0；当前条件为T0已知值。来源可得时间仍待上线核验。,已入模,选定候选保留,0.00929940862032641,0.0078257856008768,0.0,2.104588369995824,262.1887969970703,V2继承
current_daily_to_previous,当前产品最低平均日息比,current_history_min_daily_rate/previous_daily_rate,S05｜冻结T0母表与过去月份产品画像；S01｜order_loan_f_v2_copy（整笔订单）,当前T0条件 / 触发订单,倍,float32,分母非正或缺失为NaN；多产品独立min,直接字段：loan_features() / behavior_features() / main(),V3-F1099,当前产品与变额条件,T0固定时点；提单/App<T0，放款/整笔结清≤T0；支付<T0，已确认整笔同秒结清订单的已知同秒支付可=T0；当前条件为T0已知值。来源可得时间仍待上线核验。,已入模,选定候选保留,0.00929940862032641,0.0078257856008768,0.0,0.9613677484420334,395.93470287323,V2继承
current_credit_change_abs_band,当前变额绝对金额档,"digitize(abs(current_credit_amt-previous_credit_amt), [500,1000,2000,3000])",S05｜冻结T0母表与过去月份产品画像；S01｜order_loan_f_v2_copy（整笔订单）；S02｜order_vir_f_copy（获额）,当前T0条件 / 触发订单,编码0/1/2/3/4,float32,变额缺失为NaN；恰好边界进入较高档,直接字段：loan_features() / behavior_features() / main(),V3-F1100,当前产品与变额条件,T0固定时点；提单/App<T0，放款/整笔结清≤T0；支付<T0，已确认整笔同秒结清订单的已知同秒支付可=T0；当前条件为T0已知值。来源可得时间仍待上线核验。,已入模,选定候选保留,0.0033170177217918756,0.0038363274418304,0.0013352620451763,0.0133304266460389,163.6992998123169,V2继承
current_credit_change_relative_band,当前变额绝对比例档,"digitize(abs(current_credit_amt-previous_credit_amt)/previous_credit_amt, [0.1,0.25,0.5,1])",S05｜冻结T0母表与过去月份产品画像；S01｜order_loan_f_v2_copy（整笔订单）；S02｜order_vir_f_copy（获额）,当前T0条件 / 触发订单,编码0/1/2/3/4,float32,上一笔额度非正或缺失为NaN；恰好边界进入较高档,直接字段：loan_features() / behavior_features() / main(),V3-F1101,当前产品与变额条件,T0固定时点；提单/App<T0，放款/整笔结清≤T0；支付<T0，已确认整笔同秒结清订单的已知同秒支付可=T0；当前条件为T0已知值。来源可得时间仍待上线核验。,已入模,选定候选保留,0.0033170177217918756,0.0038363274418304,0.0013352620451763,0.0176484119569071,110.73749923706056,V2继承
current_fee_rate_direction_tolerance,息费变化容差方向,"z=round(current_history_min_fee_rate-previous_fee_rate,12)；abs(z)<0.01→0，否则sign(z)",S05｜冻结T0母表与过去月份产品画像；S01｜order_loan_f_v2_copy（整笔订单）,当前T0条件 / 触发订单,-1/0/1,float32,差值缺失为NaN；绝对差恰好1pp计为变化,直接字段：loan_features() / behavior_features() / main(),V3-F1102,当前产品与变额条件,T0固定时点；提单/App<T0，放款/整笔结清≤T0；支付<T0，已确认整笔同秒结清订单的已知同秒支付可=T0；当前条件为T0已知值。来源可得时间仍待上线核验。,已入模,选定候选保留,0.00929940862032641,0.0078257856008768,0.0,0.0912503189845636,0.0,V2继承
current_daily_rate_direction_tolerance,日息变化容差方向,"z=round(current_history_min_daily_rate-previous_daily_rate,12)；abs(z)<0.0005→0，否则sign(z)",S05｜冻结T0母表与过去月份产品画像；S01｜order_loan_f_v2_copy（整笔订单）,当前T0条件 / 触发订单,-1/0/1,float32,差值缺失为NaN；绝对差恰好0.05pp计为变化,直接字段：loan_features() / behavior_features() / main(),V3-F1103,当前产品与变额条件,T0固定时点；提单/App<T0，放款/整笔结清≤T0；支付<T0，已确认整笔同秒结清订单的已知同秒支付可=T0；当前条件为T0已知值。来源可得时间仍待上线核验。,已入模,选定候选保留,0.00929940862032641,0.0078257856008768,0.0,0.0731275143058504,26.05820083618164,V2继承
cyc_ever_eligible,曾有循环贷可提单资格,INT(type2且is_pass1=1历史获额批次>0),order_vir_f_copy + side_recycle_type_copy + order_loan_f_v2_copy（V2冻结订单历史）,截至当前T0之前的可观察生命周期,0/1,float32,无历史次数为0；比率零分母/无有效值为NaN,history_features.py / snapshot()；历史结果按当前预测时刻重算，不能读取历史事件最终标签,V3-F1104,历史循环贷资格与订单转化,资格credit_time<当前T0；历史提单apply_time<当前T0；历史T0!=当前event_id；未来结果不参与,未入模,未被选定的特征族候选,0.0,0.0,0.0,0.0,0,V3新增
cyc_no_eligibility_history,无历史循环贷资格,INT(历史type2批次=0)，不是循环贷转化率0,order_vir_f_copy + side_recycle_type_copy + order_loan_f_v2_copy（V2冻结订单历史）,截至当前T0之前的可观察生命周期,0/1,float32,无历史次数为0；比率零分母/无有效值为NaN,history_features.py / snapshot()；历史结果按当前预测时刻重算，不能读取历史事件最终标签,V3-F1105,历史循环贷资格与订单转化,资格credit_time<当前T0；历史提单apply_time<当前T0；历史T0!=当前event_id；未来结果不参与,未入模,未被选定的特征族候选,0.0,0.0,0.0,0.0,0,V3新增
cyc_ever_applied,曾实际提单循环贷订单,INT(历史type2获额serial与apply_time<当前T0订单关联>0),order_vir_f_copy + side_recycle_type_copy + order_loan_f_v2_copy（V2冻结订单历史）,截至当前T0之前的可观察生命周期,0/1,float32,无历史次数为0；比率零分母/无有效值为NaN,history_features.py / snapshot()；历史结果按当前预测时刻重算，不能读取历史事件最终标签,V3-F1106,历史循环贷资格与订单转化,资格credit_time<当前T0；历史提单apply_time<当前T0；历史T0!=当前event_id；未来结果不参与,未入模,未被选定的特征族候选,0.0,0.0,0.0,0.0,0,V3新增
cyc_eligible_never_applied,曾有循环贷资格但从未提单,INT(资格>0且同serial历史提单=0),order_vir_f_copy + side_recycle_type_copy + order_loan_f_v2_copy（V2冻结订单历史）,截至当前T0之前的可观察生命周期,0/1,float32,无历史次数为0；比率零分母/无有效值为NaN,history_features.py / snapshot()；历史结果按当前预测时刻重算，不能读取历史事件最终标签,V3-F1107,历史循环贷资格与订单转化,资格credit_time<当前T0；历史提单apply_time<当前T0；历史T0!=当前event_id；未来结果不参与,未入模,未被选定的特征族候选,0.0,0.0,0.0,0.0,0,V3新增
cyc_ever_funded,曾成功放款循环贷订单,循环贷历史serial匹配订单且remit_time<当前T0；不同于是否提单,order_vir_f_copy + side_recycle_type_copy + order_loan_f_v2_copy（V2冻结订单历史）,截至当前T0之前的可观察生命周期,0/1,float32,无历史次数为0；比率零分母/无有效值为NaN,history_features.py / snapshot()；历史结果按当前预测时刻重算，不能读取历史事件最终标签,V3-F1108,历史循环贷资格与订单转化,资格credit_time<当前T0；历史提单apply_time<当前T0；历史T0!=当前event_id；未来结果不参与,未入模,未被选定的特征族候选,0.0,0.0,0.0,0.0,0,V3新增
cyc_offer_before_first_funding_n,循环贷资格早于首次已知放款的异常数,COUNT(cycle.credit_time<=first_known_remit_time或无历史放款)；审计不冒充首贷循环贷,order_vir_f_copy + side_recycle_type_copy + order_loan_f_v2_copy（V2冻结订单历史）,截至当前T0之前的可观察生命周期,次数,float32,无历史次数为0；比率零分母/无有效值为NaN,history_features.py / snapshot()；历史结果按当前预测时刻重算，不能读取历史事件最终标签,V3-F1109,历史循环贷资格与订单转化,资格credit_time<当前T0；历史提单apply_time<当前T0；历史T0!=当前event_id；未来结果不参与,未入模,训练期全缺失或常量,0.0,0.0,0.0,0.0,0,V3新增
cyc_first_eligible_age_days,距首次循环贷资格天数,当前T0−最早历史type2获额,order_vir_f_copy + side_recycle_type_copy + order_loan_f_v2_copy（V2冻结订单历史）,截至当前T0之前的可观察生命周期,天,float32,无历史次数为0；比率零分母/无有效值为NaN,history_features.py / snapshot()；历史结果按当前预测时刻重算，不能读取历史事件最终标签,V3-F1110,历史循环贷资格与订单转化,资格credit_time<当前T0；历史提单apply_time<当前T0；历史T0!=当前event_id；未来结果不参与,未入模,未被选定的特征族候选,0.5579645172195846,0.601400743086954,0.4824746856570602,0.072392557721224,0,V3新增
cyc_last_eligible_age_days,距最近循环贷资格天数,当前T0−最后历史type2获额,order_vir_f_copy + side_recycle_type_copy + order_loan_f_v2_copy（V2冻结订单历史）,截至当前T0之前的可观察生命周期,天,float32,无历史次数为0；比率零分母/无有效值为NaN,history_features.py / snapshot()；历史结果按当前预测时刻重算，不能读取历史事件最终标签,V3-F1111,历史循环贷资格与订单转化,资格credit_time<当前T0；历史提单apply_time<当前T0；历史T0!=当前event_id；未来结果不参与,未入模,未被选定的特征族候选,0.5579645172195846,0.601400743086954,0.4824746856570602,0.0686007170688603,0,V3新增
cyc_last_apply_age_days,距最近循环贷提单天数,当前T0−已知循环贷同serial最后提单时间,order_vir_f_copy + side_recycle_type_copy + order_loan_f_v2_copy（V2冻结订单历史）,截至当前T0之前的可观察生命周期,天,float32,无历史次数为0；比率零分母/无有效值为NaN,history_features.py / snapshot()；历史结果按当前预测时刻重算，不能读取历史事件最终标签,V3-F1112,历史循环贷资格与订单转化,资格credit_time<当前T0；历史提单apply_time<当前T0；历史T0!=当前event_id；未来结果不参与,未入模,未被选定的特征族候选,0.7552805256272691,0.7754297734471336,0.7237120284855902,0.0222737734903378,0,V3新增
cyc_first_eligible_loan_ordinal,首次循环贷资格对应潜在第几笔贷款,首次资格之前已成功放款次数+1；资格最早为潜在第2笔，不要求已经成功放款2次,order_vir_f_copy + side_recycle_type_copy + order_loan_f_v2_copy（V2冻结订单历史）,截至当前T0之前的可观察生命周期,贷款序号,float32,无历史次数为0；比率零分母/无有效值为NaN,history_features.py / snapshot()；历史结果按当前预测时刻重算，不能读取历史事件最终标签,V3-F1113,历史循环贷资格与订单转化,资格credit_time<当前T0；历史提单apply_time<当前T0；历史T0!=当前event_id；未来结果不参与,未入模,未被选定的特征族候选,0.5579645172195846,0.601400743086954,0.4824746856570602,0.0647296546672363,0,V3新增
cyc_life_offer_n,循环贷｜全可观察历史｜可提单资格次数,COUNT(范围内type2批准批次),order_vir_f_copy + side_recycle_type_copy + order_loan_f_v2_copy（V2冻结订单历史）,life，30/90/180d按获额时点滚动经过天数；last3/5按原批次序列,次数,float32,无历史次数为0；比率零分母/无有效值为NaN,history_features.py / snapshot()；历史结果按当前预测时刻重算，不能读取历史事件最终标签,V3-F1114,历史循环贷资格与订单转化,资格credit_time<当前T0；历史提单apply_time<当前T0；历史T0!=当前event_id；未来结果不参与,未入模,未被选定的特征族候选,0.0,0.0,0.0,0.0573467225418277,0,V3新增
cyc_life_applied_n,循环贷｜全可观察历史｜已同订单提单次数,COUNT(范围内同serial匹配且apply_time<当前T0),order_vir_f_copy + side_recycle_type_copy + order_loan_f_v2_copy（V2冻结订单历史）,life，30/90/180d按获额时点滚动经过天数；last3/5按原批次序列,次数,float32,无历史次数为0；比率零分母/无有效值为NaN,history_features.py / snapshot()；历史结果按当前预测时刻重算，不能读取历史事件最终标签,V3-F1115,历史循环贷资格与订单转化,资格credit_time<当前T0；历史提单apply_time<当前T0；历史T0!=当前event_id；未来结果不参与,未入模,未被选定的特征族候选,0.0,0.0,0.0,0.0195526171532321,0,V3新增
cyc_life_not_applied_asof_n,循环贷｜全可观察历史｜截至预测时点未提单次数,offer_n−applied_n，包含未结束机会,order_vir_f_copy + side_recycle_type_copy + order_loan_f_v2_copy（V2冻结订单历史）,life，30/90/180d按获额时点滚动经过天数；last3/5按原批次序列,次数,float32,无历史次数为0；比率零分母/无有效值为NaN,history_features.py / snapshot()；历史结果按当前预测时刻重算，不能读取历史事件最终标签,V3-F1116,历史循环贷资格与订单转化,资格credit_time<当前T0；历史提单apply_time<当前T0；历史T0!=当前event_id；未来结果不参与,未入模,未被选定的特征族候选,0.0,0.0,0.0,0.0530772181408749,0,V3新增
cyc_life_ended_n,循环贷｜全可观察历史｜机会已结束次数,"COUNT(范围内min(获额+15天,后续type2/3获额,当前T0)<=当前T0)",order_vir_f_copy + side_recycle_type_copy + order_loan_f_v2_copy（V2冻结订单历史）,life，30/90/180d按获额时点滚动经过天数；last3/5按原批次序列,次数,float32,无历史次数为0；比率零分母/无有效值为NaN,history_features.py / snapshot()；历史结果按当前预测时刻重算，不能读取历史事件最终标签,V3-F1117,历史循环贷资格与订单转化,资格credit_time<当前T0；历史提单apply_time<当前T0；历史T0!=当前event_id；未来结果不参与,未入模,未被选定的特征族候选,0.0,0.0,0.0,0.0573467225418277,0,V3新增
cyc_life_ended_applied_n,循环贷｜全可观察历史｜已结束且曾同订单提单次数,COUNT(ended且同serial匹配已知提单),order_vir_f_copy + side_recycle_type_copy + order_loan_f_v2_copy（V2冻结订单历史）,life，30/90/180d按获额时点滚动经过天数；last3/5按原批次序列,次数,float32,无历史次数为0；比率零分母/无有效值为NaN,history_features.py / snapshot()；历史结果按当前预测时刻重算，不能读取历史事件最终标签,V3-F1118,历史循环贷资格与订单转化,资格credit_time<当前T0；历史提单apply_time<当前T0；历史T0!=当前event_id；未来结果不参与,未入模,未被选定的特征族候选,0.0,0.0,0.0,0.0195526171532321,0,V3新增
cyc_life_expired_noapply_n,循环贷｜全可观察历史｜到15天自然失效且未提单次数,COUNT(未匹配提单且ended且expiry<=override),order_vir_f_copy + side_recycle_type_copy + order_loan_f_v2_copy（V2冻结订单历史）,life，30/90/180d按获额时点滚动经过天数；last3/5按原批次序列,次数,float32,无历史次数为0；比率零分母/无有效值为NaN,history_features.py / snapshot()；历史结果按当前预测时刻重算，不能读取历史事件最终标签,V3-F1119,历史循环贷资格与订单转化,资格credit_time<当前T0；历史提单apply_time<当前T0；历史T0!=当前event_id；未来结果不参与,未入模,未被选定的特征族候选,0.0,0.0,0.0,0.0,0,V3新增
cyc_life_overridden_noapply_n,循环贷｜全可观察历史｜后续获额覆盖且未提单次数,COUNT(未匹配提单且ended且override<expiry),order_vir_f_copy + side_recycle_type_copy + order_loan_f_v2_copy（V2冻结订单历史）,life，30/90/180d按获额时点滚动经过天数；last3/5按原批次序列,次数,float32,无历史次数为0；比率零分母/无有效值为NaN,history_features.py / snapshot()；历史结果按当前预测时刻重算，不能读取历史事件最终标签,V3-F1120,历史循环贷资格与订单转化,资格credit_time<当前T0；历史提单apply_time<当前T0；历史T0!=当前event_id；未来结果不参与,未入模,未被选定的特征族候选,0.0,0.0,0.0,0.0493627164358065,0,V3新增
cyc_life_pending_n,循环贷｜全可观察历史｜尚在有效期未提单次数,COUNT(未匹配提单且deadline>当前T0),order_vir_f_copy + side_recycle_type_copy + order_loan_f_v2_copy（V2冻结订单历史）,life，30/90/180d按获额时点滚动经过天数；last3/5按原批次序列,次数,float32,无历史次数为0；比率零分母/无有效值为NaN,history_features.py / snapshot()；历史结果按当前预测时刻重算，不能读取历史事件最终标签,V3-F1121,历史循环贷资格与订单转化,资格credit_time<当前T0；历史提单apply_time<当前T0；历史T0!=当前event_id；未来结果不参与,未入模,训练期全缺失或常量,0.0,0.0,0.0,0.0,0,V3新增
cyc_life_serial_apply_rate,循环贷｜全可观察历史｜截至时点同订单提单率,applied_n/offer_n，含待结束机会；0分母NaN,order_vir_f_copy + side_recycle_type_copy + order_loan_f_v2_copy（V2冻结订单历史）,life，30/90/180d按获额时点滚动经过天数；last3/5按原批次序列,比例,float32,无历史次数为0；比率零分母/无有效值为NaN,history_features.py / snapshot()；历史结果按当前预测时刻重算，不能读取历史事件最终标签,V3-F1122,历史循环贷资格与订单转化,资格credit_time<当前T0；历史提单apply_time<当前T0；历史T0!=当前event_id；未来结果不参与,未入模,未被选定的特征族候选,0.5579645172195846,0.601400743086954,0.4824746856570602,0.0697017238314929,0,V3新增
cyc_life_ended_apply_rate,循环贷｜全可观察历史｜已结束机会同订单提单率,ended_applied_n/ended_n；0分母NaN,order_vir_f_copy + side_recycle_type_copy + order_loan_f_v2_copy（V2冻结订单历史）,life，30/90/180d按获额时点滚动经过天数；last3/5按原批次序列,比例,float32,无历史次数为0；比率零分母/无有效值为NaN,history_features.py / snapshot()；历史结果按当前预测时刻重算，不能读取历史事件最终标签,V3-F1123,历史循环贷资格与订单转化,资格credit_time<当前T0；历史提单apply_time<当前T0；历史T0!=当前event_id；未来结果不参与,未入模,未被选定的特征族候选,0.5579645172195846,0.601400743086954,0.4824746856570602,0.0697017238314929,0,V3新增
cyc_life_late_or_negative_time_n,循环贷｜全可观察历史｜时间异常同订单提单次数,COUNT(同serial匹配且apply<credit或apply>=expiry或apply>=override),order_vir_f_copy + side_recycle_type_copy + order_loan_f_v2_copy（V2冻结订单历史）,life，30/90/180d按获额时点滚动经过天数；last3/5按原批次序列,次数,float32,无历史次数为0；比率零分母/无有效值为NaN,history_features.py / snapshot()；历史结果按当前预测时刻重算，不能读取历史事件最终标签,V3-F1124,历史循环贷资格与订单转化,资格credit_time<当前T0；历史提单apply_time<当前T0；历史T0!=当前event_id；未来结果不参与,未入模,未被选定的特征族候选,0.0,0.0,0.0,0.0,0,V3新增
cyc_life_d0_eligible_n,循环贷｜全可观察历史｜D0｜有效观察已结束资格数,"COUNT(min(窗口右界,deadline)<=当前T0)；窗口右界=DATE(获额)+1日00:00；deadline=min(15天失效,后续已知获额,当前T0)",order_vir_f_copy + side_recycle_type_copy + order_loan_f_v2_copy（V2冻结订单历史）,life,次数,float32,无历史次数为0；比率零分母/无有效值为NaN,history_features.py / snapshot()；历史结果按当前预测时刻重算，不能读取历史事件最终标签,V3-F1125,历史循环贷资格与订单转化,资格credit_time<当前T0；历史提单apply_time<当前T0；历史T0!=当前event_id；未来结果不参与,未入模,未被选定的特征族候选,0.0,0.0,0.0,0.0573467225418277,0,V3新增
cyc_life_d0_positive_n,循环贷｜全可观察历史｜D0｜有效观察内同订单提单数,"COUNT(eligible且同serial匹配，credit<=apply<窗口右界且apply<deadline)；窗口右界=DATE(获额)+1日00:00；deadline=min(15天失效,后续已知获额,当前T0)",order_vir_f_copy + side_recycle_type_copy + order_loan_f_v2_copy（V2冻结订单历史）,life,次数,float32,无历史次数为0；比率零分母/无有效值为NaN,history_features.py / snapshot()；历史结果按当前预测时刻重算，不能读取历史事件最终标签,V3-F1126,历史循环贷资格与订单转化,资格credit_time<当前T0；历史提单apply_time<当前T0；历史T0!=当前event_id；未来结果不参与,未入模,未被选定的特征族候选,0.0,0.0,0.0,0.0028382684508442,0,V3新增
cyc_life_d0_rate,循环贷｜全可观察历史｜D0｜成熟原订单提单率,"positive_n/eligible_n；0分母NaN；窗口右界=DATE(获额)+1日00:00；deadline=min(15天失效,后续已知获额,当前T0)",order_vir_f_copy + side_recycle_type_copy + order_loan_f_v2_copy（V2冻结订单历史）,life,比例,float32,无历史次数为0；比率零分母/无有效值为NaN,history_features.py / snapshot()；历史结果按当前预测时刻重算，不能读取历史事件最终标签,V3-F1127,历史循环贷资格与订单转化,资格credit_time<当前T0；历史提单apply_time<当前T0；历史T0!=当前event_id；未来结果不参与,未入模,未被选定的特征族候选,0.5579645172195846,0.601400743086954,0.4824746856570602,0.0642198357349818,0,V3新增
cyc_life_d3_eligible_n,循环贷｜全可观察历史｜D3｜有效观察已结束资格数,"COUNT(min(窗口右界,deadline)<=当前T0)；窗口右界=DATE(获额)+4日00:00；deadline=min(15天失效,后续已知获额,当前T0)",order_vir_f_copy + side_recycle_type_copy + order_loan_f_v2_copy（V2冻结订单历史）,life,次数,float32,无历史次数为0；比率零分母/无有效值为NaN,history_features.py / snapshot()；历史结果按当前预测时刻重算，不能读取历史事件最终标签,V3-F1128,历史循环贷资格与订单转化,资格credit_time<当前T0；历史提单apply_time<当前T0；历史T0!=当前event_id；未来结果不参与,未入模,未被选定的特征族候选,0.0,0.0,0.0,0.0573467225418277,0,V3新增
cyc_life_d3_positive_n,循环贷｜全可观察历史｜D3｜有效观察内同订单提单数,"COUNT(eligible且同serial匹配，credit<=apply<窗口右界且apply<deadline)；窗口右界=DATE(获额)+4日00:00；deadline=min(15天失效,后续已知获额,当前T0)",order_vir_f_copy + side_recycle_type_copy + order_loan_f_v2_copy（V2冻结订单历史）,life,次数,float32,无历史次数为0；比率零分母/无有效值为NaN,history_features.py / snapshot()；历史结果按当前预测时刻重算，不能读取历史事件最终标签,V3-F1129,历史循环贷资格与订单转化,资格credit_time<当前T0；历史提单apply_time<当前T0；历史T0!=当前event_id；未来结果不参与,未入模,未被选定的特征族候选,0.0,0.0,0.0,0.0117781149692403,0,V3新增
cyc_life_d3_rate,循环贷｜全可观察历史｜D3｜成熟原订单提单率,"positive_n/eligible_n；0分母NaN；窗口右界=DATE(获额)+4日00:00；deadline=min(15天失效,后续已知获额,当前T0)",order_vir_f_copy + side_recycle_type_copy + order_loan_f_v2_copy（V2冻结订单历史）,life,比例,float32,无历史次数为0；比率零分母/无有效值为NaN,history_features.py / snapshot()；历史结果按当前预测时刻重算，不能读取历史事件最终标签,V3-F1130,历史循环贷资格与订单转化,资格credit_time<当前T0；历史提单apply_time<当前T0；历史T0!=当前event_id；未来结果不参与,未入模,未被选定的特征族候选,0.5579645172195846,0.601400743086954,0.4824746856570602,0.076832852676743,0,V3新增
cyc_life_d7_eligible_n,循环贷｜全可观察历史｜D7｜有效观察已结束资格数,"COUNT(min(窗口右界,deadline)<=当前T0)；窗口右界=DATE(获额)+8日00:00；deadline=min(15天失效,后续已知获额,当前T0)",order_vir_f_copy + side_recycle_type_copy + order_loan_f_v2_copy（V2冻结订单历史）,life,次数,float32,无历史次数为0；比率零分母/无有效值为NaN,history_features.py / snapshot()；历史结果按当前预测时刻重算，不能读取历史事件最终标签,V3-F1131,历史循环贷资格与订单转化,资格credit_time<当前T0；历史提单apply_time<当前T0；历史T0!=当前event_id；未来结果不参与,未入模,未被选定的特征族候选,0.0,0.0,0.0,0.0573467225418277,0,V3新增
cyc_life_d7_positive_n,循环贷｜全可观察历史｜D7｜有效观察内同订单提单数,"COUNT(eligible且同serial匹配，credit<=apply<窗口右界且apply<deadline)；窗口右界=DATE(获额)+8日00:00；deadline=min(15天失效,后续已知获额,当前T0)",order_vir_f_copy + side_recycle_type_copy + order_loan_f_v2_copy（V2冻结订单历史）,life,次数,float32,无历史次数为0；比率零分母/无有效值为NaN,history_features.py / snapshot()；历史结果按当前预测时刻重算，不能读取历史事件最终标签,V3-F1132,历史循环贷资格与订单转化,资格credit_time<当前T0；历史提单apply_time<当前T0；历史T0!=当前event_id；未来结果不参与,未入模,未被选定的特征族候选,0.0,0.0,0.0,0.0162421928142378,0,V3新增
cyc_life_d7_rate,循环贷｜全可观察历史｜D7｜成熟原订单提单率,"positive_n/eligible_n；0分母NaN；窗口右界=DATE(获额)+8日00:00；deadline=min(15天失效,后续已知获额,当前T0)",order_vir_f_copy + side_recycle_type_copy + order_loan_f_v2_copy（V2冻结订单历史）,life,比例,float32,无历史次数为0；比率零分母/无有效值为NaN,history_features.py / snapshot()；历史结果按当前预测时刻重算，不能读取历史事件最终标签,V3-F1133,历史循环贷资格与订单转化,资格credit_time<当前T0；历史提单apply_time<当前T0；历史T0!=当前event_id；未来结果不参与,未入模,未被选定的特征族候选,0.5579645172195846,0.601400743086954,0.4824746856570602,0.0707575341333335,0,V3新增
cyc_life_d15_eligible_n,循环贷｜全可观察历史｜D15｜有效观察已结束资格数,"COUNT(min(窗口右界,deadline)<=当前T0)；窗口右界=获额时点+15×24小时；deadline=min(15天失效,后续已知获额,当前T0)",order_vir_f_copy + side_recycle_type_copy + order_loan_f_v2_copy（V2冻结订单历史）,life,次数,float32,无历史次数为0；比率零分母/无有效值为NaN,history_features.py / snapshot()；历史结果按当前预测时刻重算，不能读取历史事件最终标签,V3-F1134,历史循环贷资格与订单转化,资格credit_time<当前T0；历史提单apply_time<当前T0；历史T0!=当前event_id；未来结果不参与,未入模,未被选定的特征族候选,0.0,0.0,0.0,0.0573467225418277,0,V3新增
cyc_life_d15_positive_n,循环贷｜全可观察历史｜D15｜有效观察内同订单提单数,"COUNT(eligible且同serial匹配，credit<=apply<窗口右界且apply<deadline)；窗口右界=获额时点+15×24小时；deadline=min(15天失效,后续已知获额,当前T0)",order_vir_f_copy + side_recycle_type_copy + order_loan_f_v2_copy（V2冻结订单历史）,life,次数,float32,无历史次数为0；比率零分母/无有效值为NaN,history_features.py / snapshot()；历史结果按当前预测时刻重算，不能读取历史事件最终标签,V3-F1135,历史循环贷资格与订单转化,资格credit_time<当前T0；历史提单apply_time<当前T0；历史T0!=当前event_id；未来结果不参与,未入模,未被选定的特征族候选,0.0,0.0,0.0,0.0195526171532321,0,V3新增
cyc_life_d15_rate,循环贷｜全可观察历史｜D15｜成熟原订单提单率,"positive_n/eligible_n；0分母NaN；窗口右界=获额时点+15×24小时；deadline=min(15天失效,后续已知获额,当前T0)",order_vir_f_copy + side_recycle_type_copy + order_loan_f_v2_copy（V2冻结订单历史）,life,比例,float32,无历史次数为0；比率零分母/无有效值为NaN,history_features.py / snapshot()；历史结果按当前预测时刻重算，不能读取历史事件最终标签,V3-F1136,历史循环贷资格与订单转化,资格credit_time<当前T0；历史提单apply_time<当前T0；历史T0!=当前event_id；未来结果不参与,未入模,未被选定的特征族候选,0.5579645172195846,0.601400743086954,0.4824746856570602,0.0697017238314929,0,V3新增
cyc_last3_offer_n,循环贷｜最近3次资格/事件｜可提单资格次数,COUNT(范围内type2批准批次),order_vir_f_copy + side_recycle_type_copy + order_loan_f_v2_copy（V2冻结订单历史）,last3，30/90/180d按获额时点滚动经过天数；last3/5按原批次序列,次数,float32,无历史次数为0；比率零分母/无有效值为NaN,history_features.py / snapshot()；历史结果按当前预测时刻重算，不能读取历史事件最终标签,V3-F1137,历史循环贷资格与订单转化,资格credit_time<当前T0；历史提单apply_time<当前T0；历史T0!=当前event_id；未来结果不参与,未入模,未被选定的特征族候选,0.0,0.0,0.0,0.0573438237317735,0,V3新增
cyc_last3_applied_n,循环贷｜最近3次资格/事件｜已同订单提单次数,COUNT(范围内同serial匹配且apply_time<当前T0),order_vir_f_copy + side_recycle_type_copy + order_loan_f_v2_copy（V2冻结订单历史）,last3，30/90/180d按获额时点滚动经过天数；last3/5按原批次序列,次数,float32,无历史次数为0；比率零分母/无有效值为NaN,history_features.py / snapshot()；历史结果按当前预测时刻重算，不能读取历史事件最终标签,V3-F1138,历史循环贷资格与订单转化,资格credit_time<当前T0；历史提单apply_time<当前T0；历史T0!=当前event_id；未来结果不参与,未入模,未被选定的特征族候选,0.0,0.0,0.0,0.0019046562478723,0,V3新增
cyc_last3_not_applied_asof_n,循环贷｜最近3次资格/事件｜截至预测时点未提单次数,offer_n−applied_n，包含未结束机会,order_vir_f_copy + side_recycle_type_copy + order_loan_f_v2_copy（V2冻结订单历史）,last3，30/90/180d按获额时点滚动经过天数；last3/5按原批次序列,次数,float32,无历史次数为0；比率零分母/无有效值为NaN,history_features.py / snapshot()；历史结果按当前预测时刻重算，不能读取历史事件最终标签,V3-F1139,历史循环贷资格与订单转化,资格credit_time<当前T0；历史提单apply_time<当前T0；历史T0!=当前event_id；未来结果不参与,未入模,未被选定的特征族候选,0.0,0.0,0.0,0.03679279827919,0,V3新增
cyc_last3_ended_n,循环贷｜最近3次资格/事件｜机会已结束次数,"COUNT(范围内min(获额+15天,后续type2/3获额,当前T0)<=当前T0)",order_vir_f_copy + side_recycle_type_copy + order_loan_f_v2_copy（V2冻结订单历史）,last3，30/90/180d按获额时点滚动经过天数；last3/5按原批次序列,次数,float32,无历史次数为0；比率零分母/无有效值为NaN,history_features.py / snapshot()；历史结果按当前预测时刻重算，不能读取历史事件最终标签,V3-F1140,历史循环贷资格与订单转化,资格credit_time<当前T0；历史提单apply_time<当前T0；历史T0!=当前event_id；未来结果不参与,未入模,未被选定的特征族候选,0.0,0.0,0.0,0.0573438237317735,0,V3新增
cyc_last3_ended_applied_n,循环贷｜最近3次资格/事件｜已结束且曾同订单提单次数,COUNT(ended且同serial匹配已知提单),order_vir_f_copy + side_recycle_type_copy + order_loan_f_v2_copy（V2冻结订单历史）,last3，30/90/180d按获额时点滚动经过天数；last3/5按原批次序列,次数,float32,无历史次数为0；比率零分母/无有效值为NaN,history_features.py / snapshot()；历史结果按当前预测时刻重算，不能读取历史事件最终标签,V3-F1141,历史循环贷资格与订单转化,资格credit_time<当前T0；历史提单apply_time<当前T0；历史T0!=当前event_id；未来结果不参与,未入模,未被选定的特征族候选,0.0,0.0,0.0,0.0019046562478723,0,V3新增
cyc_last3_expired_noapply_n,循环贷｜最近3次资格/事件｜到15天自然失效且未提单次数,COUNT(未匹配提单且ended且expiry<=override),order_vir_f_copy + side_recycle_type_copy + order_loan_f_v2_copy（V2冻结订单历史）,last3，30/90/180d按获额时点滚动经过天数；last3/5按原批次序列,次数,float32,无历史次数为0；比率零分母/无有效值为NaN,history_features.py / snapshot()；历史结果按当前预测时刻重算，不能读取历史事件最终标签,V3-F1142,历史循环贷资格与订单转化,资格credit_time<当前T0；历史提单apply_time<当前T0；历史T0!=当前event_id；未来结果不参与,未入模,未被选定的特征族候选,0.0,0.0,0.0,0.0,0,V3新增
cyc_last3_overridden_noapply_n,循环贷｜最近3次资格/事件｜后续获额覆盖且未提单次数,COUNT(未匹配提单且ended且override<expiry),order_vir_f_copy + side_recycle_type_copy + order_loan_f_v2_copy（V2冻结订单历史）,last3，30/90/180d按获额时点滚动经过天数；last3/5按原批次序列,次数,float32,无历史次数为0；比率零分母/无有效值为NaN,history_features.py / snapshot()；历史结果按当前预测时刻重算，不能读取历史事件最终标签,V3-F1143,历史循环贷资格与订单转化,资格credit_time<当前T0；历史提单apply_time<当前T0；历史T0!=当前event_id；未来结果不参与,未入模,未被选定的特征族候选,0.0,0.0,0.0,0.0332122491443482,0,V3新增
cyc_last3_pending_n,循环贷｜最近3次资格/事件｜尚在有效期未提单次数,COUNT(未匹配提单且deadline>当前T0),order_vir_f_copy + side_recycle_type_copy + order_loan_f_v2_copy（V2冻结订单历史）,last3，30/90/180d按获额时点滚动经过天数；last3/5按原批次序列,次数,float32,无历史次数为0；比率零分母/无有效值为NaN,history_features.py / snapshot()；历史结果按当前预测时刻重算，不能读取历史事件最终标签,V3-F1144,历史循环贷资格与订单转化,资格credit_time<当前T0；历史提单apply_time<当前T0；历史T0!=当前event_id；未来结果不参与,未入模,训练期全缺失或常量,0.0,0.0,0.0,0.0,0,V3新增
cyc_last3_serial_apply_rate,循环贷｜最近3次资格/事件｜截至时点同订单提单率,applied_n/offer_n，含待结束机会；0分母NaN,order_vir_f_copy + side_recycle_type_copy + order_loan_f_v2_copy（V2冻结订单历史）,last3，30/90/180d按获额时点滚动经过天数；last3/5按原批次序列,比例,float32,无历史次数为0；比率零分母/无有效值为NaN,history_features.py / snapshot()；历史结果按当前预测时刻重算，不能读取历史事件最终标签,V3-F1145,历史循环贷资格与订单转化,资格credit_time<当前T0；历史提单apply_time<当前T0；历史T0!=当前event_id；未来结果不参与,未入模,未被选定的特征族候选,0.5579645172195846,0.601400743086954,0.4824746856570602,0.0720072616352009,0,V3新增
cyc_last3_ended_apply_rate,循环贷｜最近3次资格/事件｜已结束机会同订单提单率,ended_applied_n/ended_n；0分母NaN,order_vir_f_copy + side_recycle_type_copy + order_loan_f_v2_copy（V2冻结订单历史）,last3，30/90/180d按获额时点滚动经过天数；last3/5按原批次序列,比例,float32,无历史次数为0；比率零分母/无有效值为NaN,history_features.py / snapshot()；历史结果按当前预测时刻重算，不能读取历史事件最终标签,V3-F1146,历史循环贷资格与订单转化,资格credit_time<当前T0；历史提单apply_time<当前T0；历史T0!=当前event_id；未来结果不参与,未入模,未被选定的特征族候选,0.5579645172195846,0.601400743086954,0.4824746856570602,0.0720072616352009,0,V3新增
cyc_last3_late_or_negative_time_n,循环贷｜最近3次资格/事件｜时间异常同订单提单次数,COUNT(同serial匹配且apply<credit或apply>=expiry或apply>=override),order_vir_f_copy + side_recycle_type_copy + order_loan_f_v2_copy（V2冻结订单历史）,last3，30/90/180d按获额时点滚动经过天数；last3/5按原批次序列,次数,float32,无历史次数为0；比率零分母/无有效值为NaN,history_features.py / snapshot()；历史结果按当前预测时刻重算，不能读取历史事件最终标签,V3-F1147,历史循环贷资格与订单转化,资格credit_time<当前T0；历史提单apply_time<当前T0；历史T0!=当前event_id；未来结果不参与,未入模,训练期全缺失或常量,0.0,0.0,0.0,0.0,0,V3新增
cyc_last3_d0_eligible_n,循环贷｜最近3次资格/事件｜D0｜有效观察已结束资格数,"COUNT(min(窗口右界,deadline)<=当前T0)；窗口右界=DATE(获额)+1日00:00；deadline=min(15天失效,后续已知获额,当前T0)",order_vir_f_copy + side_recycle_type_copy + order_loan_f_v2_copy（V2冻结订单历史）,last3,次数,float32,无历史次数为0；比率零分母/无有效值为NaN,history_features.py / snapshot()；历史结果按当前预测时刻重算，不能读取历史事件最终标签,V3-F1148,历史循环贷资格与订单转化,资格credit_time<当前T0；历史提单apply_time<当前T0；历史T0!=当前event_id；未来结果不参与,未入模,未被选定的特征族候选,0.0,0.0,0.0,0.0573438237317735,0,V3新增
cyc_last3_d0_positive_n,循环贷｜最近3次资格/事件｜D0｜有效观察内同订单提单数,"COUNT(eligible且同serial匹配，credit<=apply<窗口右界且apply<deadline)；窗口右界=DATE(获额)+1日00:00；deadline=min(15天失效,后续已知获额,当前T0)",order_vir_f_copy + side_recycle_type_copy + order_loan_f_v2_copy（V2冻结订单历史）,last3,次数,float32,无历史次数为0；比率零分母/无有效值为NaN,history_features.py / snapshot()；历史结果按当前预测时刻重算，不能读取历史事件最终标签,V3-F1149,历史循环贷资格与订单转化,资格credit_time<当前T0；历史提单apply_time<当前T0；历史T0!=当前event_id；未来结果不参与,未入模,未被选定的特征族候选,0.0,0.0,0.0,6.220401945252075e-05,0,V3新增
cyc_last3_d0_rate,循环贷｜最近3次资格/事件｜D0｜成熟原订单提单率,"positive_n/eligible_n；0分母NaN；窗口右界=DATE(获额)+1日00:00；deadline=min(15天失效,后续已知获额,当前T0)",order_vir_f_copy + side_recycle_type_copy + order_loan_f_v2_copy（V2冻结订单历史）,last3,比例,float32,无历史次数为0；比率零分母/无有效值为NaN,history_features.py / snapshot()；历史结果按当前预测时刻重算，不能读取历史事件最终标签,V3-F1150,历史循环贷资格与订单转化,资格credit_time<当前T0；历史提单apply_time<当前T0；历史T0!=当前event_id；未来结果不参与,未入模,未被选定的特征族候选,0.5579645172195846,0.601400743086954,0.4824746856570602,0.0691289553546281,0,V3新增
cyc_last3_d3_eligible_n,循环贷｜最近3次资格/事件｜D3｜有效观察已结束资格数,"COUNT(min(窗口右界,deadline)<=当前T0)；窗口右界=DATE(获额)+4日00:00；deadline=min(15天失效,后续已知获额,当前T0)",order_vir_f_copy + side_recycle_type_copy + order_loan_f_v2_copy（V2冻结订单历史）,last3,次数,float32,无历史次数为0；比率零分母/无有效值为NaN,history_features.py / snapshot()；历史结果按当前预测时刻重算，不能读取历史事件最终标签,V3-F1151,历史循环贷资格与订单转化,资格credit_time<当前T0；历史提单apply_time<当前T0；历史T0!=当前event_id；未来结果不参与,未入模,未被选定的特征族候选,0.0,0.0,0.0,0.0573438237317735,0,V3新增
cyc_last3_d3_positive_n,循环贷｜最近3次资格/事件｜D3｜有效观察内同订单提单数,"COUNT(eligible且同serial匹配，credit<=apply<窗口右界且apply<deadline)；窗口右界=DATE(获额)+4日00:00；deadline=min(15天失效,后续已知获额,当前T0)",order_vir_f_copy + side_recycle_type_copy + order_loan_f_v2_copy（V2冻结订单历史）,last3,次数,float32,无历史次数为0；比率零分母/无有效值为NaN,history_features.py / snapshot()；历史结果按当前预测时刻重算，不能读取历史事件最终标签,V3-F1152,历史循环贷资格与订单转化,资格credit_time<当前T0；历史提单apply_time<当前T0；历史T0!=当前event_id；未来结果不参与,未入模,未被选定的特征族候选,0.0,0.0,0.0,0.000265565922174,0,V3新增
cyc_last3_d3_rate,循环贷｜最近3次资格/事件｜D3｜成熟原订单提单率,"positive_n/eligible_n；0分母NaN；窗口右界=DATE(获额)+4日00:00；deadline=min(15天失效,后续已知获额,当前T0)",order_vir_f_copy + side_recycle_type_copy + order_loan_f_v2_copy（V2冻结订单历史）,last3,比例,float32,无历史次数为0；比率零分母/无有效值为NaN,history_features.py / snapshot()；历史结果按当前预测时刻重算，不能读取历史事件最终标签,V3-F1153,历史循环贷资格与订单转化,资格credit_time<当前T0；历史提单apply_time<当前T0；历史T0!=当前event_id；未来结果不参与,未入模,未被选定的特征族候选,0.5579645172195846,0.601400743086954,0.4824746856570602,0.074662569971983,0,V3新增
cyc_last3_d7_eligible_n,循环贷｜最近3次资格/事件｜D7｜有效观察已结束资格数,"COUNT(min(窗口右界,deadline)<=当前T0)；窗口右界=DATE(获额)+8日00:00；deadline=min(15天失效,后续已知获额,当前T0)",order_vir_f_copy + side_recycle_type_copy + order_loan_f_v2_copy（V2冻结订单历史）,last3,次数,float32,无历史次数为0；比率零分母/无有效值为NaN,history_features.py / snapshot()；历史结果按当前预测时刻重算，不能读取历史事件最终标签,V3-F1154,历史循环贷资格与订单转化,资格credit_time<当前T0；历史提单apply_time<当前T0；历史T0!=当前event_id；未来结果不参与,未入模,未被选定的特征族候选,0.0,0.0,0.0,0.0573438237317735,0,V3新增
cyc_last3_d7_positive_n,循环贷｜最近3次资格/事件｜D7｜有效观察内同订单提单数,"COUNT(eligible且同serial匹配，credit<=apply<窗口右界且apply<deadline)；窗口右界=DATE(获额)+8日00:00；deadline=min(15天失效,后续已知获额,当前T0)",order_vir_f_copy + side_recycle_type_copy + order_loan_f_v2_copy（V2冻结订单历史）,last3,次数,float32,无历史次数为0；比率零分母/无有效值为NaN,history_features.py / snapshot()；历史结果按当前预测时刻重算，不能读取历史事件最终标签,V3-F1155,历史循环贷资格与订单转化,资格credit_time<当前T0；历史提单apply_time<当前T0；历史T0!=当前event_id；未来结果不参与,未入模,未被选定的特征族候选,0.0,0.0,0.0,0.0011006227921439,0,V3新增
cyc_last3_d7_rate,循环贷｜最近3次资格/事件｜D7｜成熟原订单提单率,"positive_n/eligible_n；0分母NaN；窗口右界=DATE(获额)+8日00:00；deadline=min(15天失效,后续已知获额,当前T0)",order_vir_f_copy + side_recycle_type_copy + order_loan_f_v2_copy（V2冻结订单历史）,last3,比例,float32,无历史次数为0；比率零分母/无有效值为NaN,history_features.py / snapshot()；历史结果按当前预测时刻重算，不能读取历史事件最终标签,V3-F1156,历史循环贷资格与订单转化,资格credit_time<当前T0；历史提单apply_time<当前T0；历史T0!=当前event_id；未来结果不参与,未入模,未被选定的特征族候选,0.5579645172195846,0.601400743086954,0.4824746856570602,0.0743711651098971,0,V3新增
cyc_last3_d15_eligible_n,循环贷｜最近3次资格/事件｜D15｜有效观察已结束资格数,"COUNT(min(窗口右界,deadline)<=当前T0)；窗口右界=获额时点+15×24小时；deadline=min(15天失效,后续已知获额,当前T0)",order_vir_f_copy + side_recycle_type_copy + order_loan_f_v2_copy（V2冻结订单历史）,last3,次数,float32,无历史次数为0；比率零分母/无有效值为NaN,history_features.py / snapshot()；历史结果按当前预测时刻重算，不能读取历史事件最终标签,V3-F1157,历史循环贷资格与订单转化,资格credit_time<当前T0；历史提单apply_time<当前T0；历史T0!=当前event_id；未来结果不参与,未入模,未被选定的特征族候选,0.0,0.0,0.0,0.0573438237317735,0,V3新增
cyc_last3_d15_positive_n,循环贷｜最近3次资格/事件｜D15｜有效观察内同订单提单数,"COUNT(eligible且同serial匹配，credit<=apply<窗口右界且apply<deadline)；窗口右界=获额时点+15×24小时；deadline=min(15天失效,后续已知获额,当前T0)",order_vir_f_copy + side_recycle_type_copy + order_loan_f_v2_copy（V2冻结订单历史）,last3,次数,float32,无历史次数为0；比率零分母/无有效值为NaN,history_features.py / snapshot()；历史结果按当前预测时刻重算，不能读取历史事件最终标签,V3-F1158,历史循环贷资格与订单转化,资格credit_time<当前T0；历史提单apply_time<当前T0；历史T0!=当前event_id；未来结果不参与,未入模,未被选定的特征族候选,0.0,0.0,0.0,0.0019046562478723,0,V3新增
cyc_last3_d15_rate,循环贷｜最近3次资格/事件｜D15｜成熟原订单提单率,"positive_n/eligible_n；0分母NaN；窗口右界=获额时点+15×24小时；deadline=min(15天失效,后续已知获额,当前T0)",order_vir_f_copy + side_recycle_type_copy + order_loan_f_v2_copy（V2冻结订单历史）,last3,比例,float32,无历史次数为0；比率零分母/无有效值为NaN,history_features.py / snapshot()；历史结果按当前预测时刻重算，不能读取历史事件最终标签,V3-F1159,历史循环贷资格与订单转化,资格credit_time<当前T0；历史提单apply_time<当前T0；历史T0!=当前event_id；未来结果不参与,未入模,未被选定的特征族候选,0.5579645172195846,0.601400743086954,0.4824746856570602,0.0720072616352009,0,V3新增
cyc_last5_offer_n,循环贷｜最近5次资格/事件｜可提单资格次数,COUNT(范围内type2批准批次),order_vir_f_copy + side_recycle_type_copy + order_loan_f_v2_copy（V2冻结订单历史）,last5，30/90/180d按获额时点滚动经过天数；last3/5按原批次序列,次数,float32,无历史次数为0；比率零分母/无有效值为NaN,history_features.py / snapshot()；历史结果按当前预测时刻重算，不能读取历史事件最终标签,V3-F1160,历史循环贷资格与订单转化,资格credit_time<当前T0；历史提单apply_time<当前T0；历史T0!=当前event_id；未来结果不参与,未入模,未被选定的特征族候选,0.0,0.0,0.0,0.0573467225418277,0,V3新增
cyc_last5_applied_n,循环贷｜最近5次资格/事件｜已同订单提单次数,COUNT(范围内同serial匹配且apply_time<当前T0),order_vir_f_copy + side_recycle_type_copy + order_loan_f_v2_copy（V2冻结订单历史）,last5，30/90/180d按获额时点滚动经过天数；last3/5按原批次序列,次数,float32,无历史次数为0；比率零分母/无有效值为NaN,history_features.py / snapshot()；历史结果按当前预测时刻重算，不能读取历史事件最终标签,V3-F1161,历史循环贷资格与订单转化,资格credit_time<当前T0；历史提单apply_time<当前T0；历史T0!=当前event_id；未来结果不参与,未入模,未被选定的特征族候选,0.0,0.0,0.0,0.0240566353810851,0,V3新增
cyc_last5_not_applied_asof_n,循环贷｜最近5次资格/事件｜截至预测时点未提单次数,offer_n−applied_n，包含未结束机会,order_vir_f_copy + side_recycle_type_copy + order_loan_f_v2_copy（V2冻结订单历史）,last5，30/90/180d按获额时点滚动经过天数；last3/5按原批次序列,次数,float32,无历史次数为0；比率零分母/无有效值为NaN,history_features.py / snapshot()；历史结果按当前预测时刻重算，不能读取历史事件最终标签,V3-F1162,历史循环贷资格与订单转化,资格credit_time<当前T0；历史提单apply_time<当前T0；历史T0!=当前event_id；未来结果不参与,未入模,未被选定的特征族候选,0.0,0.0,0.0,0.0577089018934425,0,V3新增
cyc_last5_ended_n,循环贷｜最近5次资格/事件｜机会已结束次数,"COUNT(范围内min(获额+15天,后续type2/3获额,当前T0)<=当前T0)",order_vir_f_copy + side_recycle_type_copy + order_loan_f_v2_copy（V2冻结订单历史）,last5，30/90/180d按获额时点滚动经过天数；last3/5按原批次序列,次数,float32,无历史次数为0；比率零分母/无有效值为NaN,history_features.py / snapshot()；历史结果按当前预测时刻重算，不能读取历史事件最终标签,V3-F1163,历史循环贷资格与订单转化,资格credit_time<当前T0；历史提单apply_time<当前T0；历史T0!=当前event_id；未来结果不参与,未入模,未被选定的特征族候选,0.0,0.0,0.0,0.0573467225418277,0,V3新增
cyc_last5_ended_applied_n,循环贷｜最近5次资格/事件｜已结束且曾同订单提单次数,COUNT(ended且同serial匹配已知提单),order_vir_f_copy + side_recycle_type_copy + order_loan_f_v2_copy（V2冻结订单历史）,last5，30/90/180d按获额时点滚动经过天数；last3/5按原批次序列,次数,float32,无历史次数为0；比率零分母/无有效值为NaN,history_features.py / snapshot()；历史结果按当前预测时刻重算，不能读取历史事件最终标签,V3-F1164,历史循环贷资格与订单转化,资格credit_time<当前T0；历史提单apply_time<当前T0；历史T0!=当前event_id；未来结果不参与,未入模,未被选定的特征族候选,0.0,0.0,0.0,0.0240566353810851,0,V3新增
cyc_last5_expired_noapply_n,循环贷｜最近5次资格/事件｜到15天自然失效且未提单次数,COUNT(未匹配提单且ended且expiry<=override),order_vir_f_copy + side_recycle_type_copy + order_loan_f_v2_copy（V2冻结订单历史）,last5，30/90/180d按获额时点滚动经过天数；last3/5按原批次序列,次数,float32,无历史次数为0；比率零分母/无有效值为NaN,history_features.py / snapshot()；历史结果按当前预测时刻重算，不能读取历史事件最终标签,V3-F1165,历史循环贷资格与订单转化,资格credit_time<当前T0；历史提单apply_time<当前T0；历史T0!=当前event_id；未来结果不参与,未入模,未被选定的特征族候选,0.0,0.0,0.0,0.0,0,V3新增
cyc_last5_overridden_noapply_n,循环贷｜最近5次资格/事件｜后续获额覆盖且未提单次数,COUNT(未匹配提单且ended且override<expiry),order_vir_f_copy + side_recycle_type_copy + order_loan_f_v2_copy（V2冻结订单历史）,last5，30/90/180d按获额时点滚动经过天数；last3/5按原批次序列,次数,float32,无历史次数为0；比率零分母/无有效值为NaN,history_features.py / snapshot()；历史结果按当前预测时刻重算，不能读取历史事件最终标签,V3-F1166,历史循环贷资格与订单转化,资格credit_time<当前T0；历史提单apply_time<当前T0；历史T0!=当前event_id；未来结果不参与,未入模,未被选定的特征族候选,0.0,0.0,0.0,0.0542595164104835,0,V3新增
cyc_last5_pending_n,循环贷｜最近5次资格/事件｜尚在有效期未提单次数,COUNT(未匹配提单且deadline>当前T0),order_vir_f_copy + side_recycle_type_copy + order_loan_f_v2_copy（V2冻结订单历史）,last5，30/90/180d按获额时点滚动经过天数；last3/5按原批次序列,次数,float32,无历史次数为0；比率零分母/无有效值为NaN,history_features.py / snapshot()；历史结果按当前预测时刻重算，不能读取历史事件最终标签,V3-F1167,历史循环贷资格与订单转化,资格credit_time<当前T0；历史提单apply_time<当前T0；历史T0!=当前event_id；未来结果不参与,未入模,训练期全缺失或常量,0.0,0.0,0.0,0.0,0,V3新增
cyc_last5_serial_apply_rate,循环贷｜最近5次资格/事件｜截至时点同订单提单率,applied_n/offer_n，含待结束机会；0分母NaN,order_vir_f_copy + side_recycle_type_copy + order_loan_f_v2_copy（V2冻结订单历史）,last5，30/90/180d按获额时点滚动经过天数；last3/5按原批次序列,比例,float32,无历史次数为0；比率零分母/无有效值为NaN,history_features.py / snapshot()；历史结果按当前预测时刻重算，不能读取历史事件最终标签,V3-F1168,历史循环贷资格与订单转化,资格credit_time<当前T0；历史提单apply_time<当前T0；历史T0!=当前event_id；未来结果不参与,未入模,未被选定的特征族候选,0.5579645172195846,0.601400743086954,0.4824746856570602,0.0752907934046846,0,V3新增
cyc_last5_ended_apply_rate,循环贷｜最近5次资格/事件｜已结束机会同订单提单率,ended_applied_n/ended_n；0分母NaN,order_vir_f_copy + side_recycle_type_copy + order_loan_f_v2_copy（V2冻结订单历史）,last5，30/90/180d按获额时点滚动经过天数；last3/5按原批次序列,比例,float32,无历史次数为0；比率零分母/无有效值为NaN,history_features.py / snapshot()；历史结果按当前预测时刻重算，不能读取历史事件最终标签,V3-F1169,历史循环贷资格与订单转化,资格credit_time<当前T0；历史提单apply_time<当前T0；历史T0!=当前event_id；未来结果不参与,未入模,未被选定的特征族候选,0.5579645172195846,0.601400743086954,0.4824746856570602,0.0752907934046846,0,V3新增
cyc_last5_late_or_negative_time_n,循环贷｜最近5次资格/事件｜时间异常同订单提单次数,COUNT(同serial匹配且apply<credit或apply>=expiry或apply>=override),order_vir_f_copy + side_recycle_type_copy + order_loan_f_v2_copy（V2冻结订单历史）,last5，30/90/180d按获额时点滚动经过天数；last3/5按原批次序列,次数,float32,无历史次数为0；比率零分母/无有效值为NaN,history_features.py / snapshot()；历史结果按当前预测时刻重算，不能读取历史事件最终标签,V3-F1170,历史循环贷资格与订单转化,资格credit_time<当前T0；历史提单apply_time<当前T0；历史T0!=当前event_id；未来结果不参与,未入模,训练期全缺失或常量,0.0,0.0,0.0,0.0,0,V3新增
cyc_last5_d0_eligible_n,循环贷｜最近5次资格/事件｜D0｜有效观察已结束资格数,"COUNT(min(窗口右界,deadline)<=当前T0)；窗口右界=DATE(获额)+1日00:00；deadline=min(15天失效,后续已知获额,当前T0)",order_vir_f_copy + side_recycle_type_copy + order_loan_f_v2_copy（V2冻结订单历史）,last5,次数,float32,无历史次数为0；比率零分母/无有效值为NaN,history_features.py / snapshot()；历史结果按当前预测时刻重算，不能读取历史事件最终标签,V3-F1171,历史循环贷资格与订单转化,资格credit_time<当前T0；历史提单apply_time<当前T0；历史T0!=当前event_id；未来结果不参与,未入模,未被选定的特征族候选,0.0,0.0,0.0,0.0573467225418277,0,V3新增
cyc_last5_d0_positive_n,循环贷｜最近5次资格/事件｜D0｜有效观察内同订单提单数,"COUNT(eligible且同serial匹配，credit<=apply<窗口右界且apply<deadline)；窗口右界=DATE(获额)+1日00:00；deadline=min(15天失效,后续已知获额,当前T0)",order_vir_f_copy + side_recycle_type_copy + order_loan_f_v2_copy（V2冻结订单历史）,last5,次数,float32,无历史次数为0；比率零分母/无有效值为NaN,history_features.py / snapshot()；历史结果按当前预测时刻重算，不能读取历史事件最终标签,V3-F1172,历史循环贷资格与订单转化,资格credit_time<当前T0；历史提单apply_time<当前T0；历史T0!=当前event_id；未来结果不参与,未入模,未被选定的特征族候选,0.0,0.0,0.0,0.0004999719632119,0,V3新增
cyc_last5_d0_rate,循环贷｜最近5次资格/事件｜D0｜成熟原订单提单率,"positive_n/eligible_n；0分母NaN；窗口右界=DATE(获额)+1日00:00；deadline=min(15天失效,后续已知获额,当前T0)",order_vir_f_copy + side_recycle_type_copy + order_loan_f_v2_copy（V2冻结订单历史）,last5,比例,float32,无历史次数为0；比率零分母/无有效值为NaN,history_features.py / snapshot()；历史结果按当前预测时刻重算，不能读取历史事件最终标签,V3-F1173,历史循环贷资格与订单转化,资格credit_time<当前T0；历史提单apply_time<当前T0；历史T0!=当前event_id；未来结果不参与,未入模,未被选定的特征族候选,0.5579645172195846,0.601400743086954,0.4824746856570602,0.0653804457351421,0,V3新增
cyc_last5_d3_eligible_n,循环贷｜最近5次资格/事件｜D3｜有效观察已结束资格数,"COUNT(min(窗口右界,deadline)<=当前T0)；窗口右界=DATE(获额)+4日00:00；deadline=min(15天失效,后续已知获额,当前T0)",order_vir_f_copy + side_recycle_type_copy + order_loan_f_v2_copy（V2冻结订单历史）,last5,次数,float32,无历史次数为0；比率零分母/无有效值为NaN,history_features.py / snapshot()；历史结果按当前预测时刻重算，不能读取历史事件最终标签,V3-F1174,历史循环贷资格与订单转化,资格credit_time<当前T0；历史提单apply_time<当前T0；历史T0!=当前event_id；未来结果不参与,未入模,未被选定的特征族候选,0.0,0.0,0.0,0.0573467225418277,0,V3新增
cyc_last5_d3_positive_n,循环贷｜最近5次资格/事件｜D3｜有效观察内同订单提单数,"COUNT(eligible且同serial匹配，credit<=apply<窗口右界且apply<deadline)；窗口右界=DATE(获额)+4日00:00；deadline=min(15天失效,后续已知获额,当前T0)",order_vir_f_copy + side_recycle_type_copy + order_loan_f_v2_copy（V2冻结订单历史）,last5,次数,float32,无历史次数为0；比率零分母/无有效值为NaN,history_features.py / snapshot()；历史结果按当前预测时刻重算，不能读取历史事件最终标签,V3-F1175,历史循环贷资格与订单转化,资格credit_time<当前T0；历史提单apply_time<当前T0；历史T0!=当前event_id；未来结果不参与,未入模,未被选定的特征族候选,0.0,0.0,0.0,0.0034378984116625,0,V3新增
cyc_last5_d3_rate,循环贷｜最近5次资格/事件｜D3｜成熟原订单提单率,"positive_n/eligible_n；0分母NaN；窗口右界=DATE(获额)+4日00:00；deadline=min(15天失效,后续已知获额,当前T0)",order_vir_f_copy + side_recycle_type_copy + order_loan_f_v2_copy（V2冻结订单历史）,last5,比例,float32,无历史次数为0；比率零分母/无有效值为NaN,history_features.py / snapshot()；历史结果按当前预测时刻重算，不能读取历史事件最终标签,V3-F1176,历史循环贷资格与订单转化,资格credit_time<当前T0；历史提单apply_time<当前T0；历史T0!=当前event_id；未来结果不参与,未入模,未被选定的特征族候选,0.5579645172195846,0.601400743086954,0.4824746856570602,0.0745301531005092,0,V3新增
cyc_last5_d7_eligible_n,循环贷｜最近5次资格/事件｜D7｜有效观察已结束资格数,"COUNT(min(窗口右界,deadline)<=当前T0)；窗口右界=DATE(获额)+8日00:00；deadline=min(15天失效,后续已知获额,当前T0)",order_vir_f_copy + side_recycle_type_copy + order_loan_f_v2_copy（V2冻结订单历史）,last5,次数,float32,无历史次数为0；比率零分母/无有效值为NaN,history_features.py / snapshot()；历史结果按当前预测时刻重算，不能读取历史事件最终标签,V3-F1177,历史循环贷资格与订单转化,资格credit_time<当前T0；历史提单apply_time<当前T0；历史T0!=当前event_id；未来结果不参与,未入模,未被选定的特征族候选,0.0,0.0,0.0,0.0573467225418277,0,V3新增
cyc_last5_d7_positive_n,循环贷｜最近5次资格/事件｜D7｜有效观察内同订单提单数,"COUNT(eligible且同serial匹配，credit<=apply<窗口右界且apply<deadline)；窗口右界=DATE(获额)+8日00:00；deadline=min(15天失效,后续已知获额,当前T0)",order_vir_f_copy + side_recycle_type_copy + order_loan_f_v2_copy（V2冻结订单历史）,last5,次数,float32,无历史次数为0；比率零分母/无有效值为NaN,history_features.py / snapshot()；历史结果按当前预测时刻重算，不能读取历史事件最终标签,V3-F1178,历史循环贷资格与订单转化,资格credit_time<当前T0；历史提单apply_time<当前T0；历史T0!=当前event_id；未来结果不参与,未入模,未被选定的特征族候选,0.0,0.0,0.0,0.0207174108858919,0,V3新增
cyc_last5_d7_rate,循环贷｜最近5次资格/事件｜D7｜成熟原订单提单率,"positive_n/eligible_n；0分母NaN；窗口右界=DATE(获额)+8日00:00；deadline=min(15天失效,后续已知获额,当前T0)",order_vir_f_copy + side_recycle_type_copy + order_loan_f_v2_copy（V2冻结订单历史）,last5,比例,float32,无历史次数为0；比率零分母/无有效值为NaN,history_features.py / snapshot()；历史结果按当前预测时刻重算，不能读取历史事件最终标签,V3-F1179,历史循环贷资格与订单转化,资格credit_time<当前T0；历史提单apply_time<当前T0；历史T0!=当前event_id；未来结果不参与,未入模,未被选定的特征族候选,0.5579645172195846,0.601400743086954,0.4824746856570602,0.0767735313569864,0,V3新增
cyc_last5_d15_eligible_n,循环贷｜最近5次资格/事件｜D15｜有效观察已结束资格数,"COUNT(min(窗口右界,deadline)<=当前T0)；窗口右界=获额时点+15×24小时；deadline=min(15天失效,后续已知获额,当前T0)",order_vir_f_copy + side_recycle_type_copy + order_loan_f_v2_copy（V2冻结订单历史）,last5,次数,float32,无历史次数为0；比率零分母/无有效值为NaN,history_features.py / snapshot()；历史结果按当前预测时刻重算，不能读取历史事件最终标签,V3-F1180,历史循环贷资格与订单转化,资格credit_time<当前T0；历史提单apply_time<当前T0；历史T0!=当前event_id；未来结果不参与,未入模,未被选定的特征族候选,0.0,0.0,0.0,0.0573467225418277,0,V3新增
cyc_last5_d15_positive_n,循环贷｜最近5次资格/事件｜D15｜有效观察内同订单提单数,"COUNT(eligible且同serial匹配，credit<=apply<窗口右界且apply<deadline)；窗口右界=获额时点+15×24小时；deadline=min(15天失效,后续已知获额,当前T0)",order_vir_f_copy + side_recycle_type_copy + order_loan_f_v2_copy（V2冻结订单历史）,last5,次数,float32,无历史次数为0；比率零分母/无有效值为NaN,history_features.py / snapshot()；历史结果按当前预测时刻重算，不能读取历史事件最终标签,V3-F1181,历史循环贷资格与订单转化,资格credit_time<当前T0；历史提单apply_time<当前T0；历史T0!=当前event_id；未来结果不参与,未入模,未被选定的特征族候选,0.0,0.0,0.0,0.0240566353810851,0,V3新增
cyc_last5_d15_rate,循环贷｜最近5次资格/事件｜D15｜成熟原订单提单率,"positive_n/eligible_n；0分母NaN；窗口右界=获额时点+15×24小时；deadline=min(15天失效,后续已知获额,当前T0)",order_vir_f_copy + side_recycle_type_copy + order_loan_f_v2_copy（V2冻结订单历史）,last5,比例,float32,无历史次数为0；比率零分母/无有效值为NaN,history_features.py / snapshot()；历史结果按当前预测时刻重算，不能读取历史事件最终标签,V3-F1182,历史循环贷资格与订单转化,资格credit_time<当前T0；历史提单apply_time<当前T0；历史T0!=当前event_id；未来结果不参与,未入模,未被选定的特征族候选,0.5579645172195846,0.601400743086954,0.4824746856570602,0.0752907934046846,0,V3新增
cyc_30d_offer_n,循环贷｜最近30天｜可提单资格次数,COUNT(范围内type2批准批次),order_vir_f_copy + side_recycle_type_copy + order_loan_f_v2_copy（V2冻结订单历史）,30d，30/90/180d按获额时点滚动经过天数；last3/5按原批次序列,次数,float32,无历史次数为0；比率零分母/无有效值为NaN,history_features.py / snapshot()；历史结果按当前预测时刻重算，不能读取历史事件最终标签,V3-F1183,历史循环贷资格与订单转化,资格credit_time<当前T0；历史提单apply_time<当前T0；历史T0!=当前event_id；未来结果不参与,未入模,未被选定的特征族候选,0.0,0.0,0.0,0.0642517928296623,0,V3新增
cyc_30d_applied_n,循环贷｜最近30天｜已同订单提单次数,COUNT(范围内同serial匹配且apply_time<当前T0),order_vir_f_copy + side_recycle_type_copy + order_loan_f_v2_copy（V2冻结订单历史）,30d，30/90/180d按获额时点滚动经过天数；last3/5按原批次序列,次数,float32,无历史次数为0；比率零分母/无有效值为NaN,history_features.py / snapshot()；历史结果按当前预测时刻重算，不能读取历史事件最终标签,V3-F1184,历史循环贷资格与订单转化,资格credit_time<当前T0；历史提单apply_time<当前T0；历史T0!=当前event_id；未来结果不参与,未入模,未被选定的特征族候选,0.0,0.0,0.0,0.0129939365571039,0,V3新增
cyc_30d_not_applied_asof_n,循环贷｜最近30天｜截至预测时点未提单次数,offer_n−applied_n，包含未结束机会,order_vir_f_copy + side_recycle_type_copy + order_loan_f_v2_copy（V2冻结订单历史）,30d，30/90/180d按获额时点滚动经过天数；last3/5按原批次序列,次数,float32,无历史次数为0；比率零分母/无有效值为NaN,history_features.py / snapshot()；历史结果按当前预测时刻重算，不能读取历史事件最终标签,V3-F1185,历史循环贷资格与订单转化,资格credit_time<当前T0；历史提单apply_time<当前T0；历史T0!=当前event_id；未来结果不参与,未入模,未被选定的特征族候选,0.0,0.0,0.0,0.0452188366395224,0,V3新增
cyc_30d_ended_n,循环贷｜最近30天｜机会已结束次数,"COUNT(范围内min(获额+15天,后续type2/3获额,当前T0)<=当前T0)",order_vir_f_copy + side_recycle_type_copy + order_loan_f_v2_copy（V2冻结订单历史）,30d，30/90/180d按获额时点滚动经过天数；last3/5按原批次序列,次数,float32,无历史次数为0；比率零分母/无有效值为NaN,history_features.py / snapshot()；历史结果按当前预测时刻重算，不能读取历史事件最终标签,V3-F1186,历史循环贷资格与订单转化,资格credit_time<当前T0；历史提单apply_time<当前T0；历史T0!=当前event_id；未来结果不参与,未入模,未被选定的特征族候选,0.0,0.0,0.0,0.0642517928296623,0,V3新增
cyc_30d_ended_applied_n,循环贷｜最近30天｜已结束且曾同订单提单次数,COUNT(ended且同serial匹配已知提单),order_vir_f_copy + side_recycle_type_copy + order_loan_f_v2_copy（V2冻结订单历史）,30d，30/90/180d按获额时点滚动经过天数；last3/5按原批次序列,次数,float32,无历史次数为0；比率零分母/无有效值为NaN,history_features.py / snapshot()；历史结果按当前预测时刻重算，不能读取历史事件最终标签,V3-F1187,历史循环贷资格与订单转化,资格credit_time<当前T0；历史提单apply_time<当前T0；历史T0!=当前event_id；未来结果不参与,未入模,未被选定的特征族候选,0.0,0.0,0.0,0.0129939365571039,0,V3新增
cyc_30d_expired_noapply_n,循环贷｜最近30天｜到15天自然失效且未提单次数,COUNT(未匹配提单且ended且expiry<=override),order_vir_f_copy + side_recycle_type_copy + order_loan_f_v2_copy（V2冻结订单历史）,30d，30/90/180d按获额时点滚动经过天数；last3/5按原批次序列,次数,float32,无历史次数为0；比率零分母/无有效值为NaN,history_features.py / snapshot()；历史结果按当前预测时刻重算，不能读取历史事件最终标签,V3-F1188,历史循环贷资格与订单转化,资格credit_time<当前T0；历史提单apply_time<当前T0；历史T0!=当前event_id；未来结果不参与,未入模,未被选定的特征族候选,0.0,0.0,0.0,0.0,0,V3新增
cyc_30d_overridden_noapply_n,循环贷｜最近30天｜后续获额覆盖且未提单次数,COUNT(未匹配提单且ended且override<expiry),order_vir_f_copy + side_recycle_type_copy + order_loan_f_v2_copy（V2冻结订单历史）,30d，30/90/180d按获额时点滚动经过天数；last3/5按原批次序列,次数,float32,无历史次数为0；比率零分母/无有效值为NaN,history_features.py / snapshot()；历史结果按当前预测时刻重算，不能读取历史事件最终标签,V3-F1189,历史循环贷资格与订单转化,资格credit_time<当前T0；历史提单apply_time<当前T0；历史T0!=当前event_id；未来结果不参与,未入模,未被选定的特征族候选,0.0,0.0,0.0,0.0401920719621141,0,V3新增
cyc_30d_pending_n,循环贷｜最近30天｜尚在有效期未提单次数,COUNT(未匹配提单且deadline>当前T0),order_vir_f_copy + side_recycle_type_copy + order_loan_f_v2_copy（V2冻结订单历史）,30d，30/90/180d按获额时点滚动经过天数；last3/5按原批次序列,次数,float32,无历史次数为0；比率零分母/无有效值为NaN,history_features.py / snapshot()；历史结果按当前预测时刻重算，不能读取历史事件最终标签,V3-F1190,历史循环贷资格与订单转化,资格credit_time<当前T0；历史提单apply_time<当前T0；历史T0!=当前event_id；未来结果不参与,未入模,训练期全缺失或常量,0.0,0.0,0.0,0.0,0,V3新增
cyc_30d_serial_apply_rate,循环贷｜最近30天｜截至时点同订单提单率,applied_n/offer_n，含待结束机会；0分母NaN,order_vir_f_copy + side_recycle_type_copy + order_loan_f_v2_copy（V2冻结订单历史）,30d，30/90/180d按获额时点滚动经过天数；last3/5按原批次序列,比例,float32,无历史次数为0；比率零分母/无有效值为NaN,history_features.py / snapshot()；历史结果按当前预测时刻重算，不能读取历史事件最终标签,V3-F1191,历史循环贷资格与订单转化,资格credit_time<当前T0；历史提单apply_time<当前T0；历史T0!=当前event_id；未来结果不参与,未入模,未被选定的特征族候选,0.6501305738881621,0.6895153815775688,0.5740514075887393,0.070195024991578,0,V3新增
cyc_30d_ended_apply_rate,循环贷｜最近30天｜已结束机会同订单提单率,ended_applied_n/ended_n；0分母NaN,order_vir_f_copy + side_recycle_type_copy + order_loan_f_v2_copy（V2冻结订单历史）,30d，30/90/180d按获额时点滚动经过天数；last3/5按原批次序列,比例,float32,无历史次数为0；比率零分母/无有效值为NaN,history_features.py / snapshot()；历史结果按当前预测时刻重算，不能读取历史事件最终标签,V3-F1192,历史循环贷资格与订单转化,资格credit_time<当前T0；历史提单apply_time<当前T0；历史T0!=当前event_id；未来结果不参与,未入模,未被选定的特征族候选,0.6501305738881621,0.6895153815775688,0.5740514075887393,0.070195024991578,0,V3新增
cyc_30d_late_or_negative_time_n,循环贷｜最近30天｜时间异常同订单提单次数,COUNT(同serial匹配且apply<credit或apply>=expiry或apply>=override),order_vir_f_copy + side_recycle_type_copy + order_loan_f_v2_copy（V2冻结订单历史）,30d，30/90/180d按获额时点滚动经过天数；last3/5按原批次序列,次数,float32,无历史次数为0；比率零分母/无有效值为NaN,history_features.py / snapshot()；历史结果按当前预测时刻重算，不能读取历史事件最终标签,V3-F1193,历史循环贷资格与订单转化,资格credit_time<当前T0；历史提单apply_time<当前T0；历史T0!=当前event_id；未来结果不参与,未入模,训练期全缺失或常量,0.0,0.0,0.0,0.0,0,V3新增
cyc_30d_d0_eligible_n,循环贷｜最近30天｜D0｜有效观察已结束资格数,"COUNT(min(窗口右界,deadline)<=当前T0)；窗口右界=DATE(获额)+1日00:00；deadline=min(15天失效,后续已知获额,当前T0)",order_vir_f_copy + side_recycle_type_copy + order_loan_f_v2_copy（V2冻结订单历史）,30d,次数,float32,无历史次数为0；比率零分母/无有效值为NaN,history_features.py / snapshot()；历史结果按当前预测时刻重算，不能读取历史事件最终标签,V3-F1194,历史循环贷资格与订单转化,资格credit_time<当前T0；历史提单apply_time<当前T0；历史T0!=当前event_id；未来结果不参与,未入模,未被选定的特征族候选,0.0,0.0,0.0,0.0642517928296623,0,V3新增
cyc_30d_d0_positive_n,循环贷｜最近30天｜D0｜有效观察内同订单提单数,"COUNT(eligible且同serial匹配，credit<=apply<窗口右界且apply<deadline)；窗口右界=DATE(获额)+1日00:00；deadline=min(15天失效,后续已知获额,当前T0)",order_vir_f_copy + side_recycle_type_copy + order_loan_f_v2_copy（V2冻结订单历史）,30d,次数,float32,无历史次数为0；比率零分母/无有效值为NaN,history_features.py / snapshot()；历史结果按当前预测时刻重算，不能读取历史事件最终标签,V3-F1195,历史循环贷资格与订单转化,资格credit_time<当前T0；历史提单apply_time<当前T0；历史T0!=当前event_id；未来结果不参与,未入模,未被选定的特征族候选,0.0,0.0,0.0,0.0,0,V3新增
cyc_30d_d0_rate,循环贷｜最近30天｜D0｜成熟原订单提单率,"positive_n/eligible_n；0分母NaN；窗口右界=DATE(获额)+1日00:00；deadline=min(15天失效,后续已知获额,当前T0)",order_vir_f_copy + side_recycle_type_copy + order_loan_f_v2_copy（V2冻结订单历史）,30d,比例,float32,无历史次数为0；比率零分母/无有效值为NaN,history_features.py / snapshot()；历史结果按当前预测时刻重算，不能读取历史事件最终标签,V3-F1196,历史循环贷资格与订单转化,资格credit_time<当前T0；历史提单apply_time<当前T0；历史T0!=当前event_id；未来结果不参与,未入模,未被选定的特征族候选,0.6501305738881621,0.6895153815775688,0.5740514075887393,0.0654324536089783,0,V3新增
cyc_30d_d3_eligible_n,循环贷｜最近30天｜D3｜有效观察已结束资格数,"COUNT(min(窗口右界,deadline)<=当前T0)；窗口右界=DATE(获额)+4日00:00；deadline=min(15天失效,后续已知获额,当前T0)",order_vir_f_copy + side_recycle_type_copy + order_loan_f_v2_copy（V2冻结订单历史）,30d,次数,float32,无历史次数为0；比率零分母/无有效值为NaN,history_features.py / snapshot()；历史结果按当前预测时刻重算，不能读取历史事件最终标签,V3-F1197,历史循环贷资格与订单转化,资格credit_time<当前T0；历史提单apply_time<当前T0；历史T0!=当前event_id；未来结果不参与,未入模,未被选定的特征族候选,0.0,0.0,0.0,0.0642517928296623,0,V3新增
cyc_30d_d3_positive_n,循环贷｜最近30天｜D3｜有效观察内同订单提单数,"COUNT(eligible且同serial匹配，credit<=apply<窗口右界且apply<deadline)；窗口右界=DATE(获额)+4日00:00；deadline=min(15天失效,后续已知获额,当前T0)",order_vir_f_copy + side_recycle_type_copy + order_loan_f_v2_copy（V2冻结订单历史）,30d,次数,float32,无历史次数为0；比率零分母/无有效值为NaN,history_features.py / snapshot()；历史结果按当前预测时刻重算，不能读取历史事件最终标签,V3-F1198,历史循环贷资格与订单转化,资格credit_time<当前T0；历史提单apply_time<当前T0；历史T0!=当前event_id；未来结果不参与,未入模,未被选定的特征族候选,0.0,0.0,0.0,0.0069868819273456,0,V3新增
cyc_30d_d3_rate,循环贷｜最近30天｜D3｜成熟原订单提单率,"positive_n/eligible_n；0分母NaN；窗口右界=DATE(获额)+4日00:00；deadline=min(15天失效,后续已知获额,当前T0)",order_vir_f_copy + side_recycle_type_copy + order_loan_f_v2_copy（V2冻结订单历史）,30d,比例,float32,无历史次数为0；比率零分母/无有效值为NaN,history_features.py / snapshot()；历史结果按当前预测时刻重算，不能读取历史事件最终标签,V3-F1199,历史循环贷资格与订单转化,资格credit_time<当前T0；历史提单apply_time<当前T0；历史T0!=当前event_id；未来结果不参与,未入模,未被选定的特征族候选,0.6501305738881621,0.6895153815775688,0.5740514075887393,0.0799432064470797,0,V3新增
cyc_30d_d7_eligible_n,循环贷｜最近30天｜D7｜有效观察已结束资格数,"COUNT(min(窗口右界,deadline)<=当前T0)；窗口右界=DATE(获额)+8日00:00；deadline=min(15天失效,后续已知获额,当前T0)",order_vir_f_copy + side_recycle_type_copy + order_loan_f_v2_copy（V2冻结订单历史）,30d,次数,float32,无历史次数为0；比率零分母/无有效值为NaN,history_features.py / snapshot()；历史结果按当前预测时刻重算，不能读取历史事件最终标签,V3-F1200,历史循环贷资格与订单转化,资格credit_time<当前T0；历史提单apply_time<当前T0；历史T0!=当前event_id；未来结果不参与,未入模,未被选定的特征族候选,0.0,0.0,0.0,0.0642517928296623,0,V3新增
cyc_30d_d7_positive_n,循环贷｜最近30天｜D7｜有效观察内同订单提单数,"COUNT(eligible且同serial匹配，credit<=apply<窗口右界且apply<deadline)；窗口右界=DATE(获额)+8日00:00；deadline=min(15天失效,后续已知获额,当前T0)",order_vir_f_copy + side_recycle_type_copy + order_loan_f_v2_copy（V2冻结订单历史）,30d,次数,float32,无历史次数为0；比率零分母/无有效值为NaN,history_features.py / snapshot()；历史结果按当前预测时刻重算，不能读取历史事件最终标签,V3-F1201,历史循环贷资格与订单转化,资格credit_time<当前T0；历史提单apply_time<当前T0；历史T0!=当前event_id；未来结果不参与,未入模,未被选定的特征族候选,0.0,0.0,0.0,0.0110392713110166,0,V3新增
cyc_30d_d7_rate,循环贷｜最近30天｜D7｜成熟原订单提单率,"positive_n/eligible_n；0分母NaN；窗口右界=DATE(获额)+8日00:00；deadline=min(15天失效,后续已知获额,当前T0)",order_vir_f_copy + side_recycle_type_copy + order_loan_f_v2_copy（V2冻结订单历史）,30d,比例,float32,无历史次数为0；比率零分母/无有效值为NaN,history_features.py / snapshot()；历史结果按当前预测时刻重算，不能读取历史事件最终标签,V3-F1202,历史循环贷资格与订单转化,资格credit_time<当前T0；历史提单apply_time<当前T0；历史T0!=当前event_id；未来结果不参与,未入模,未被选定的特征族候选,0.6501305738881621,0.6895153815775688,0.5740514075887393,0.0720410626412504,0,V3新增
cyc_30d_d15_eligible_n,循环贷｜最近30天｜D15｜有效观察已结束资格数,"COUNT(min(窗口右界,deadline)<=当前T0)；窗口右界=获额时点+15×24小时；deadline=min(15天失效,后续已知获额,当前T0)",order_vir_f_copy + side_recycle_type_copy + order_loan_f_v2_copy（V2冻结订单历史）,30d,次数,float32,无历史次数为0；比率零分母/无有效值为NaN,history_features.py / snapshot()；历史结果按当前预测时刻重算，不能读取历史事件最终标签,V3-F1203,历史循环贷资格与订单转化,资格credit_time<当前T0；历史提单apply_time<当前T0；历史T0!=当前event_id；未来结果不参与,未入模,未被选定的特征族候选,0.0,0.0,0.0,0.0642517928296623,0,V3新增
cyc_30d_d15_positive_n,循环贷｜最近30天｜D15｜有效观察内同订单提单数,"COUNT(eligible且同serial匹配，credit<=apply<窗口右界且apply<deadline)；窗口右界=获额时点+15×24小时；deadline=min(15天失效,后续已知获额,当前T0)",order_vir_f_copy + side_recycle_type_copy + order_loan_f_v2_copy（V2冻结订单历史）,30d,次数,float32,无历史次数为0；比率零分母/无有效值为NaN,history_features.py / snapshot()；历史结果按当前预测时刻重算，不能读取历史事件最终标签,V3-F1204,历史循环贷资格与订单转化,资格credit_time<当前T0；历史提单apply_time<当前T0；历史T0!=当前event_id；未来结果不参与,未入模,未被选定的特征族候选,0.0,0.0,0.0,0.0129939365571039,0,V3新增
cyc_30d_d15_rate,循环贷｜最近30天｜D15｜成熟原订单提单率,"positive_n/eligible_n；0分母NaN；窗口右界=获额时点+15×24小时；deadline=min(15天失效,后续已知获额,当前T0)",order_vir_f_copy + side_recycle_type_copy + order_loan_f_v2_copy（V2冻结订单历史）,30d,比例,float32,无历史次数为0；比率零分母/无有效值为NaN,history_features.py / snapshot()；历史结果按当前预测时刻重算，不能读取历史事件最终标签,V3-F1205,历史循环贷资格与订单转化,资格credit_time<当前T0；历史提单apply_time<当前T0；历史T0!=当前event_id；未来结果不参与,未入模,未被选定的特征族候选,0.6501305738881621,0.6895153815775688,0.5740514075887393,0.070195024991578,0,V3新增
cyc_90d_offer_n,循环贷｜最近90天｜可提单资格次数,COUNT(范围内type2批准批次),order_vir_f_copy + side_recycle_type_copy + order_loan_f_v2_copy（V2冻结订单历史）,90d，30/90/180d按获额时点滚动经过天数；last3/5按原批次序列,次数,float32,无历史次数为0；比率零分母/无有效值为NaN,history_features.py / snapshot()；历史结果按当前预测时刻重算，不能读取历史事件最终标签,V3-F1206,历史循环贷资格与订单转化,资格credit_time<当前T0；历史提单apply_time<当前T0；历史T0!=当前event_id；未来结果不参与,未入模,未被选定的特征族候选,0.0,0.0,0.0,0.0615224011151816,0,V3新增
cyc_90d_applied_n,循环贷｜最近90天｜已同订单提单次数,COUNT(范围内同serial匹配且apply_time<当前T0),order_vir_f_copy + side_recycle_type_copy + order_loan_f_v2_copy（V2冻结订单历史）,90d，30/90/180d按获额时点滚动经过天数；last3/5按原批次序列,次数,float32,无历史次数为0；比率零分母/无有效值为NaN,history_features.py / snapshot()；历史结果按当前预测时刻重算，不能读取历史事件最终标签,V3-F1207,历史循环贷资格与订单转化,资格credit_time<当前T0；历史提单apply_time<当前T0；历史T0!=当前event_id；未来结果不参与,未入模,未被选定的特征族候选,0.0,0.0,0.0,0.0155437033378014,0,V3新增
cyc_90d_not_applied_asof_n,循环贷｜最近90天｜截至预测时点未提单次数,offer_n−applied_n，包含未结束机会,order_vir_f_copy + side_recycle_type_copy + order_loan_f_v2_copy（V2冻结订单历史）,90d，30/90/180d按获额时点滚动经过天数；last3/5按原批次序列,次数,float32,无历史次数为0；比率零分母/无有效值为NaN,history_features.py / snapshot()；历史结果按当前预测时刻重算，不能读取历史事件最终标签,V3-F1208,历史循环贷资格与订单转化,资格credit_time<当前T0；历史提单apply_time<当前T0；历史T0!=当前event_id；未来结果不参与,未入模,未被选定的特征族候选,0.0,0.0,0.0,0.0389521619817966,0,V3新增
cyc_90d_ended_n,循环贷｜最近90天｜机会已结束次数,"COUNT(范围内min(获额+15天,后续type2/3获额,当前T0)<=当前T0)",order_vir_f_copy + side_recycle_type_copy + order_loan_f_v2_copy（V2冻结订单历史）,90d，30/90/180d按获额时点滚动经过天数；last3/5按原批次序列,次数,float32,无历史次数为0；比率零分母/无有效值为NaN,history_features.py / snapshot()；历史结果按当前预测时刻重算，不能读取历史事件最终标签,V3-F1209,历史循环贷资格与订单转化,资格credit_time<当前T0；历史提单apply_time<当前T0；历史T0!=当前event_id；未来结果不参与,未入模,未被选定的特征族候选,0.0,0.0,0.0,0.0615224011151816,0,V3新增
cyc_90d_ended_applied_n,循环贷｜最近90天｜已结束且曾同订单提单次数,COUNT(ended且同serial匹配已知提单),order_vir_f_copy + side_recycle_type_copy + order_loan_f_v2_copy（V2冻结订单历史）,90d，30/90/180d按获额时点滚动经过天数；last3/5按原批次序列,次数,float32,无历史次数为0；比率零分母/无有效值为NaN,history_features.py / snapshot()；历史结果按当前预测时刻重算，不能读取历史事件最终标签,V3-F1210,历史循环贷资格与订单转化,资格credit_time<当前T0；历史提单apply_time<当前T0；历史T0!=当前event_id；未来结果不参与,未入模,未被选定的特征族候选,0.0,0.0,0.0,0.0155437033378014,0,V3新增
cyc_90d_expired_noapply_n,循环贷｜最近90天｜到15天自然失效且未提单次数,COUNT(未匹配提单且ended且expiry<=override),order_vir_f_copy + side_recycle_type_copy + order_loan_f_v2_copy（V2冻结订单历史）,90d，30/90/180d按获额时点滚动经过天数；last3/5按原批次序列,次数,float32,无历史次数为0；比率零分母/无有效值为NaN,history_features.py / snapshot()；历史结果按当前预测时刻重算，不能读取历史事件最终标签,V3-F1211,历史循环贷资格与订单转化,资格credit_time<当前T0；历史提单apply_time<当前T0；历史T0!=当前event_id；未来结果不参与,未入模,未被选定的特征族候选,0.0,0.0,0.0,0.0,0,V3新增
cyc_90d_overridden_noapply_n,循环贷｜最近90天｜后续获额覆盖且未提单次数,COUNT(未匹配提单且ended且override<expiry),order_vir_f_copy + side_recycle_type_copy + order_loan_f_v2_copy（V2冻结订单历史）,90d，30/90/180d按获额时点滚动经过天数；last3/5按原批次序列,次数,float32,无历史次数为0；比率零分母/无有效值为NaN,history_features.py / snapshot()；历史结果按当前预测时刻重算，不能读取历史事件最终标签,V3-F1212,历史循环贷资格与订单转化,资格credit_time<当前T0；历史提单apply_time<当前T0；历史T0!=当前event_id；未来结果不参与,未入模,未被选定的特征族候选,0.0,0.0,0.0,0.0348840402613547,0,V3新增
cyc_90d_pending_n,循环贷｜最近90天｜尚在有效期未提单次数,COUNT(未匹配提单且deadline>当前T0),order_vir_f_copy + side_recycle_type_copy + order_loan_f_v2_copy（V2冻结订单历史）,90d，30/90/180d按获额时点滚动经过天数；last3/5按原批次序列,次数,float32,无历史次数为0；比率零分母/无有效值为NaN,history_features.py / snapshot()；历史结果按当前预测时刻重算，不能读取历史事件最终标签,V3-F1213,历史循环贷资格与订单转化,资格credit_time<当前T0；历史提单apply_time<当前T0；历史T0!=当前event_id；未来结果不参与,未入模,训练期全缺失或常量,0.0,0.0,0.0,0.0,0,V3新增
cyc_90d_serial_apply_rate,循环贷｜最近90天｜截至时点同订单提单率,applied_n/offer_n，含待结束机会；0分母NaN,order_vir_f_copy + side_recycle_type_copy + order_loan_f_v2_copy（V2冻结订单历史）,90d，30/90/180d按获额时点滚动经过天数；last3/5按原批次序列,比例,float32,无历史次数为0；比率零分母/无有效值为NaN,history_features.py / snapshot()；历史结果按当前预测时刻重算，不能读取历史事件最终标签,V3-F1214,历史循环贷资格与订单转化,资格credit_time<当前T0；历史提单apply_time<当前T0；历史T0!=当前event_id；未来结果不参与,未入模,未被选定的特征族候选,0.587935266708803,0.6317528631414364,0.5105151886057638,0.074170960656775,0,V3新增
cyc_90d_ended_apply_rate,循环贷｜最近90天｜已结束机会同订单提单率,ended_applied_n/ended_n；0分母NaN,order_vir_f_copy + side_recycle_type_copy + order_loan_f_v2_copy（V2冻结订单历史）,90d，30/90/180d按获额时点滚动经过天数；last3/5按原批次序列,比例,float32,无历史次数为0；比率零分母/无有效值为NaN,history_features.py / snapshot()；历史结果按当前预测时刻重算，不能读取历史事件最终标签,V3-F1215,历史循环贷资格与订单转化,资格credit_time<当前T0；历史提单apply_time<当前T0；历史T0!=当前event_id；未来结果不参与,未入模,未被选定的特征族候选,0.587935266708803,0.6317528631414364,0.5105151886057638,0.074170960656775,0,V3新增
cyc_90d_late_or_negative_time_n,循环贷｜最近90天｜时间异常同订单提单次数,COUNT(同serial匹配且apply<credit或apply>=expiry或apply>=override),order_vir_f_copy + side_recycle_type_copy + order_loan_f_v2_copy（V2冻结订单历史）,90d，30/90/180d按获额时点滚动经过天数；last3/5按原批次序列,次数,float32,无历史次数为0；比率零分母/无有效值为NaN,history_features.py / snapshot()；历史结果按当前预测时刻重算，不能读取历史事件最终标签,V3-F1216,历史循环贷资格与订单转化,资格credit_time<当前T0；历史提单apply_time<当前T0；历史T0!=当前event_id；未来结果不参与,未入模,训练期全缺失或常量,0.0,0.0,0.0,0.0,0,V3新增
cyc_90d_d0_eligible_n,循环贷｜最近90天｜D0｜有效观察已结束资格数,"COUNT(min(窗口右界,deadline)<=当前T0)；窗口右界=DATE(获额)+1日00:00；deadline=min(15天失效,后续已知获额,当前T0)",order_vir_f_copy + side_recycle_type_copy + order_loan_f_v2_copy（V2冻结订单历史）,90d,次数,float32,无历史次数为0；比率零分母/无有效值为NaN,history_features.py / snapshot()；历史结果按当前预测时刻重算，不能读取历史事件最终标签,V3-F1217,历史循环贷资格与订单转化,资格credit_time<当前T0；历史提单apply_time<当前T0；历史T0!=当前event_id；未来结果不参与,未入模,未被选定的特征族候选,0.0,0.0,0.0,0.0615224011151816,0,V3新增
cyc_90d_d0_positive_n,循环贷｜最近90天｜D0｜有效观察内同订单提单数,"COUNT(eligible且同serial匹配，credit<=apply<窗口右界且apply<deadline)；窗口右界=DATE(获额)+1日00:00；deadline=min(15天失效,后续已知获额,当前T0)",order_vir_f_copy + side_recycle_type_copy + order_loan_f_v2_copy（V2冻结订单历史）,90d,次数,float32,无历史次数为0；比率零分母/无有效值为NaN,history_features.py / snapshot()；历史结果按当前预测时刻重算，不能读取历史事件最终标签,V3-F1218,历史循环贷资格与订单转化,资格credit_time<当前T0；历史提单apply_time<当前T0；历史T0!=当前event_id；未来结果不参与,未入模,未被选定的特征族候选,0.0,0.0,0.0,0.0039819329188435,0,V3新增
cyc_90d_d0_rate,循环贷｜最近90天｜D0｜成熟原订单提单率,"positive_n/eligible_n；0分母NaN；窗口右界=DATE(获额)+1日00:00；deadline=min(15天失效,后续已知获额,当前T0)",order_vir_f_copy + side_recycle_type_copy + order_loan_f_v2_copy（V2冻结订单历史）,90d,比例,float32,无历史次数为0；比率零分母/无有效值为NaN,history_features.py / snapshot()；历史结果按当前预测时刻重算，不能读取历史事件最终标签,V3-F1219,历史循环贷资格与订单转化,资格credit_time<当前T0；历史提单apply_time<当前T0；历史T0!=当前event_id；未来结果不参与,未入模,未被选定的特征族候选,0.587935266708803,0.6317528631414364,0.5105151886057638,0.0665724008566867,0,V3新增
cyc_90d_d3_eligible_n,循环贷｜最近90天｜D3｜有效观察已结束资格数,"COUNT(min(窗口右界,deadline)<=当前T0)；窗口右界=DATE(获额)+4日00:00；deadline=min(15天失效,后续已知获额,当前T0)",order_vir_f_copy + side_recycle_type_copy + order_loan_f_v2_copy（V2冻结订单历史）,90d,次数,float32,无历史次数为0；比率零分母/无有效值为NaN,history_features.py / snapshot()；历史结果按当前预测时刻重算，不能读取历史事件最终标签,V3-F1220,历史循环贷资格与订单转化,资格credit_time<当前T0；历史提单apply_time<当前T0；历史T0!=当前event_id；未来结果不参与,未入模,未被选定的特征族候选,0.0,0.0,0.0,0.0615224011151816,0,V3新增
cyc_90d_d3_positive_n,循环贷｜最近90天｜D3｜有效观察内同订单提单数,"COUNT(eligible且同serial匹配，credit<=apply<窗口右界且apply<deadline)；窗口右界=DATE(获额)+4日00:00；deadline=min(15天失效,后续已知获额,当前T0)",order_vir_f_copy + side_recycle_type_copy + order_loan_f_v2_copy（V2冻结订单历史）,90d,次数,float32,无历史次数为0；比率零分母/无有效值为NaN,history_features.py / snapshot()；历史结果按当前预测时刻重算，不能读取历史事件最终标签,V3-F1221,历史循环贷资格与订单转化,资格credit_time<当前T0；历史提单apply_time<当前T0；历史T0!=当前event_id；未来结果不参与,未入模,未被选定的特征族候选,0.0,0.0,0.0,0.0097562406068381,0,V3新增
cyc_90d_d3_rate,循环贷｜最近90天｜D3｜成熟原订单提单率,"positive_n/eligible_n；0分母NaN；窗口右界=DATE(获额)+4日00:00；deadline=min(15天失效,后续已知获额,当前T0)",order_vir_f_copy + side_recycle_type_copy + order_loan_f_v2_copy（V2冻结订单历史）,90d,比例,float32,无历史次数为0；比率零分母/无有效值为NaN,history_features.py / snapshot()；历史结果按当前预测时刻重算，不能读取历史事件最终标签,V3-F1222,历史循环贷资格与订单转化,资格credit_time<当前T0；历史提单apply_time<当前T0；历史T0!=当前event_id；未来结果不参与,未入模,未被选定的特征族候选,0.587935266708803,0.6317528631414364,0.5105151886057638,0.079418622412449,0,V3新增
cyc_90d_d7_eligible_n,循环贷｜最近90天｜D7｜有效观察已结束资格数,"COUNT(min(窗口右界,deadline)<=当前T0)；窗口右界=DATE(获额)+8日00:00；deadline=min(15天失效,后续已知获额,当前T0)",order_vir_f_copy + side_recycle_type_copy + order_loan_f_v2_copy（V2冻结订单历史）,90d,次数,float32,无历史次数为0；比率零分母/无有效值为NaN,history_features.py / snapshot()；历史结果按当前预测时刻重算，不能读取历史事件最终标签,V3-F1223,历史循环贷资格与订单转化,资格credit_time<当前T0；历史提单apply_time<当前T0；历史T0!=当前event_id；未来结果不参与,未入模,未被选定的特征族候选,0.0,0.0,0.0,0.0615224011151816,0,V3新增
cyc_90d_d7_positive_n,循环贷｜最近90天｜D7｜有效观察内同订单提单数,"COUNT(eligible且同serial匹配，credit<=apply<窗口右界且apply<deadline)；窗口右界=DATE(获额)+8日00:00；deadline=min(15天失效,后续已知获额,当前T0)",order_vir_f_copy + side_recycle_type_copy + order_loan_f_v2_copy（V2冻结订单历史）,90d,次数,float32,无历史次数为0；比率零分母/无有效值为NaN,history_features.py / snapshot()；历史结果按当前预测时刻重算，不能读取历史事件最终标签,V3-F1224,历史循环贷资格与订单转化,资格credit_time<当前T0；历史提单apply_time<当前T0；历史T0!=当前event_id；未来结果不参与,未入模,未被选定的特征族候选,0.0,0.0,0.0,0.0132172803740524,0,V3新增
cyc_90d_d7_rate,循环贷｜最近90天｜D7｜成熟原订单提单率,"positive_n/eligible_n；0分母NaN；窗口右界=DATE(获额)+8日00:00；deadline=min(15天失效,后续已知获额,当前T0)",order_vir_f_copy + side_recycle_type_copy + order_loan_f_v2_copy（V2冻结订单历史）,90d,比例,float32,无历史次数为0；比率零分母/无有效值为NaN,history_features.py / snapshot()；历史结果按当前预测时刻重算，不能读取历史事件最终标签,V3-F1225,历史循环贷资格与订单转化,资格credit_time<当前T0；历史提单apply_time<当前T0；历史T0!=当前event_id；未来结果不参与,未入模,未被选定的特征族候选,0.587935266708803,0.6317528631414364,0.5105151886057638,0.0765517342439175,0,V3新增
cyc_90d_d15_eligible_n,循环贷｜最近90天｜D15｜有效观察已结束资格数,"COUNT(min(窗口右界,deadline)<=当前T0)；窗口右界=获额时点+15×24小时；deadline=min(15天失效,后续已知获额,当前T0)",order_vir_f_copy + side_recycle_type_copy + order_loan_f_v2_copy（V2冻结订单历史）,90d,次数,float32,无历史次数为0；比率零分母/无有效值为NaN,history_features.py / snapshot()；历史结果按当前预测时刻重算，不能读取历史事件最终标签,V3-F1226,历史循环贷资格与订单转化,资格credit_time<当前T0；历史提单apply_time<当前T0；历史T0!=当前event_id；未来结果不参与,未入模,未被选定的特征族候选,0.0,0.0,0.0,0.0615224011151816,0,V3新增
cyc_90d_d15_positive_n,循环贷｜最近90天｜D15｜有效观察内同订单提单数,"COUNT(eligible且同serial匹配，credit<=apply<窗口右界且apply<deadline)；窗口右界=获额时点+15×24小时；deadline=min(15天失效,后续已知获额,当前T0)",order_vir_f_copy + side_recycle_type_copy + order_loan_f_v2_copy（V2冻结订单历史）,90d,次数,float32,无历史次数为0；比率零分母/无有效值为NaN,history_features.py / snapshot()；历史结果按当前预测时刻重算，不能读取历史事件最终标签,V3-F1227,历史循环贷资格与订单转化,资格credit_time<当前T0；历史提单apply_time<当前T0；历史T0!=当前event_id；未来结果不参与,未入模,未被选定的特征族候选,0.0,0.0,0.0,0.0155437033378014,0,V3新增
cyc_90d_d15_rate,循环贷｜最近90天｜D15｜成熟原订单提单率,"positive_n/eligible_n；0分母NaN；窗口右界=获额时点+15×24小时；deadline=min(15天失效,后续已知获额,当前T0)",order_vir_f_copy + side_recycle_type_copy + order_loan_f_v2_copy（V2冻结订单历史）,90d,比例,float32,无历史次数为0；比率零分母/无有效值为NaN,history_features.py / snapshot()；历史结果按当前预测时刻重算，不能读取历史事件最终标签,V3-F1228,历史循环贷资格与订单转化,资格credit_time<当前T0；历史提单apply_time<当前T0；历史T0!=当前event_id；未来结果不参与,未入模,未被选定的特征族候选,0.587935266708803,0.6317528631414364,0.5105151886057638,0.074170960656775,0,V3新增
cyc_180d_offer_n,循环贷｜最近180天｜可提单资格次数,COUNT(范围内type2批准批次),order_vir_f_copy + side_recycle_type_copy + order_loan_f_v2_copy（V2冻结订单历史）,180d，30/90/180d按获额时点滚动经过天数；last3/5按原批次序列,次数,float32,无历史次数为0；比率零分母/无有效值为NaN,history_features.py / snapshot()；历史结果按当前预测时刻重算，不能读取历史事件最终标签,V3-F1229,历史循环贷资格与订单转化,资格credit_time<当前T0；历史提单apply_time<当前T0；历史T0!=当前event_id；未来结果不参与,未入模,未被选定的特征族候选,0.0,0.0,0.0,0.0607401170890236,0,V3新增
cyc_180d_applied_n,循环贷｜最近180天｜已同订单提单次数,COUNT(范围内同serial匹配且apply_time<当前T0),order_vir_f_copy + side_recycle_type_copy + order_loan_f_v2_copy（V2冻结订单历史）,180d，30/90/180d按获额时点滚动经过天数；last3/5按原批次序列,次数,float32,无历史次数为0；比率零分母/无有效值为NaN,history_features.py / snapshot()；历史结果按当前预测时刻重算，不能读取历史事件最终标签,V3-F1230,历史循环贷资格与订单转化,资格credit_time<当前T0；历史提单apply_time<当前T0；历史T0!=当前event_id；未来结果不参与,未入模,未被选定的特征族候选,0.0,0.0,0.0,0.0211316683091953,0,V3新增
cyc_180d_not_applied_asof_n,循环贷｜最近180天｜截至预测时点未提单次数,offer_n−applied_n，包含未结束机会,order_vir_f_copy + side_recycle_type_copy + order_loan_f_v2_copy（V2冻结订单历史）,180d，30/90/180d按获额时点滚动经过天数；last3/5按原批次序列,次数,float32,无历史次数为0；比率零分母/无有效值为NaN,history_features.py / snapshot()；历史结果按当前预测时刻重算，不能读取历史事件最终标签,V3-F1231,历史循环贷资格与订单转化,资格credit_time<当前T0；历史提单apply_time<当前T0；历史T0!=当前event_id；未来结果不参与,未入模,未被选定的特征族候选,0.0,0.0,0.0,0.0591377532730289,0,V3新增
cyc_180d_ended_n,循环贷｜最近180天｜机会已结束次数,"COUNT(范围内min(获额+15天,后续type2/3获额,当前T0)<=当前T0)",order_vir_f_copy + side_recycle_type_copy + order_loan_f_v2_copy（V2冻结订单历史）,180d，30/90/180d按获额时点滚动经过天数；last3/5按原批次序列,次数,float32,无历史次数为0；比率零分母/无有效值为NaN,history_features.py / snapshot()；历史结果按当前预测时刻重算，不能读取历史事件最终标签,V3-F1232,历史循环贷资格与订单转化,资格credit_time<当前T0；历史提单apply_time<当前T0；历史T0!=当前event_id；未来结果不参与,未入模,未被选定的特征族候选,0.0,0.0,0.0,0.0607401170890236,0,V3新增
cyc_180d_ended_applied_n,循环贷｜最近180天｜已结束且曾同订单提单次数,COUNT(ended且同serial匹配已知提单),order_vir_f_copy + side_recycle_type_copy + order_loan_f_v2_copy（V2冻结订单历史）,180d，30/90/180d按获额时点滚动经过天数；last3/5按原批次序列,次数,float32,无历史次数为0；比率零分母/无有效值为NaN,history_features.py / snapshot()；历史结果按当前预测时刻重算，不能读取历史事件最终标签,V3-F1233,历史循环贷资格与订单转化,资格credit_time<当前T0；历史提单apply_time<当前T0；历史T0!=当前event_id；未来结果不参与,未入模,未被选定的特征族候选,0.0,0.0,0.0,0.0211316683091953,0,V3新增
cyc_180d_expired_noapply_n,循环贷｜最近180天｜到15天自然失效且未提单次数,COUNT(未匹配提单且ended且expiry<=override),order_vir_f_copy + side_recycle_type_copy + order_loan_f_v2_copy（V2冻结订单历史）,180d，30/90/180d按获额时点滚动经过天数；last3/5按原批次序列,次数,float32,无历史次数为0；比率零分母/无有效值为NaN,history_features.py / snapshot()；历史结果按当前预测时刻重算，不能读取历史事件最终标签,V3-F1234,历史循环贷资格与订单转化,资格credit_time<当前T0；历史提单apply_time<当前T0；历史T0!=当前event_id；未来结果不参与,未入模,未被选定的特征族候选,0.0,0.0,0.0,0.0,0,V3新增
cyc_180d_overridden_noapply_n,循环贷｜最近180天｜后续获额覆盖且未提单次数,COUNT(未匹配提单且ended且override<expiry),order_vir_f_copy + side_recycle_type_copy + order_loan_f_v2_copy（V2冻结订单历史）,180d，30/90/180d按获额时点滚动经过天数；last3/5按原批次序列,次数,float32,无历史次数为0；比率零分母/无有效值为NaN,history_features.py / snapshot()；历史结果按当前预测时刻重算，不能读取历史事件最终标签,V3-F1235,历史循环贷资格与订单转化,资格credit_time<当前T0；历史提单apply_time<当前T0；历史T0!=当前event_id；未来结果不参与,未入模,未被选定的特征族候选,0.0,0.0,0.0,0.0551483224503097,0,V3新增
cyc_180d_pending_n,循环贷｜最近180天｜尚在有效期未提单次数,COUNT(未匹配提单且deadline>当前T0),order_vir_f_copy + side_recycle_type_copy + order_loan_f_v2_copy（V2冻结订单历史）,180d，30/90/180d按获额时点滚动经过天数；last3/5按原批次序列,次数,float32,无历史次数为0；比率零分母/无有效值为NaN,history_features.py / snapshot()；历史结果按当前预测时刻重算，不能读取历史事件最终标签,V3-F1236,历史循环贷资格与订单转化,资格credit_time<当前T0；历史提单apply_time<当前T0；历史T0!=当前event_id；未来结果不参与,未入模,训练期全缺失或常量,0.0,0.0,0.0,0.0,0,V3新增
cyc_180d_serial_apply_rate,循环贷｜最近180天｜截至时点同订单提单率,applied_n/offer_n，含待结束机会；0分母NaN,order_vir_f_copy + side_recycle_type_copy + order_loan_f_v2_copy（V2冻结订单历史）,180d，30/90/180d按获额时点滚动经过天数；last3/5按原批次序列,比例,float32,无历史次数为0；比率零分母/无有效值为NaN,history_features.py / snapshot()；历史结果按当前预测时刻重算，不能读取历史事件最终标签,V3-F1237,历史循环贷资格与订单转化,资格credit_time<当前T0；历史提单apply_time<当前T0；历史T0!=当前event_id；未来结果不参与,未入模,未被选定的特征族候选,0.5691257673971944,0.6131595702668504,0.4912651607878046,0.0726218911518978,0,V3新增
cyc_180d_ended_apply_rate,循环贷｜最近180天｜已结束机会同订单提单率,ended_applied_n/ended_n；0分母NaN,order_vir_f_copy + side_recycle_type_copy + order_loan_f_v2_copy（V2冻结订单历史）,180d，30/90/180d按获额时点滚动经过天数；last3/5按原批次序列,比例,float32,无历史次数为0；比率零分母/无有效值为NaN,history_features.py / snapshot()；历史结果按当前预测时刻重算，不能读取历史事件最终标签,V3-F1238,历史循环贷资格与订单转化,资格credit_time<当前T0；历史提单apply_time<当前T0；历史T0!=当前event_id；未来结果不参与,未入模,未被选定的特征族候选,0.5691257673971944,0.6131595702668504,0.4912651607878046,0.0726218911518978,0,V3新增
cyc_180d_late_or_negative_time_n,循环贷｜最近180天｜时间异常同订单提单次数,COUNT(同serial匹配且apply<credit或apply>=expiry或apply>=override),order_vir_f_copy + side_recycle_type_copy + order_loan_f_v2_copy（V2冻结订单历史）,180d，30/90/180d按获额时点滚动经过天数；last3/5按原批次序列,次数,float32,无历史次数为0；比率零分母/无有效值为NaN,history_features.py / snapshot()；历史结果按当前预测时刻重算，不能读取历史事件最终标签,V3-F1239,历史循环贷资格与订单转化,资格credit_time<当前T0；历史提单apply_time<当前T0；历史T0!=当前event_id；未来结果不参与,未入模,训练期全缺失或常量,0.0,0.0,0.0,0.0,0,V3新增
cyc_180d_d0_eligible_n,循环贷｜最近180天｜D0｜有效观察已结束资格数,"COUNT(min(窗口右界,deadline)<=当前T0)；窗口右界=DATE(获额)+1日00:00；deadline=min(15天失效,后续已知获额,当前T0)",order_vir_f_copy + side_recycle_type_copy + order_loan_f_v2_copy（V2冻结订单历史）,180d,次数,float32,无历史次数为0；比率零分母/无有效值为NaN,history_features.py / snapshot()；历史结果按当前预测时刻重算，不能读取历史事件最终标签,V3-F1240,历史循环贷资格与订单转化,资格credit_time<当前T0；历史提单apply_time<当前T0；历史T0!=当前event_id；未来结果不参与,未入模,未被选定的特征族候选,0.0,0.0,0.0,0.0607401170890236,0,V3新增
cyc_180d_d0_positive_n,循环贷｜最近180天｜D0｜有效观察内同订单提单数,"COUNT(eligible且同serial匹配，credit<=apply<窗口右界且apply<deadline)；窗口右界=DATE(获额)+1日00:00；deadline=min(15天失效,后续已知获额,当前T0)",order_vir_f_copy + side_recycle_type_copy + order_loan_f_v2_copy（V2冻结订单历史）,180d,次数,float32,无历史次数为0；比率零分母/无有效值为NaN,history_features.py / snapshot()；历史结果按当前预测时刻重算，不能读取历史事件最终标签,V3-F1241,历史循环贷资格与订单转化,资格credit_time<当前T0；历史提单apply_time<当前T0；历史T0!=当前event_id；未来结果不参与,未入模,未被选定的特征族候选,0.0,0.0,0.0,0.0035139038569757,0,V3新增
cyc_180d_d0_rate,循环贷｜最近180天｜D0｜成熟原订单提单率,"positive_n/eligible_n；0分母NaN；窗口右界=DATE(获额)+1日00:00；deadline=min(15天失效,后续已知获额,当前T0)",order_vir_f_copy + side_recycle_type_copy + order_loan_f_v2_copy（V2冻结订单历史）,180d,比例,float32,无历史次数为0；比率零分母/无有效值为NaN,history_features.py / snapshot()；历史结果按当前预测时刻重算，不能读取历史事件最终标签,V3-F1242,历史循环贷资格与订单转化,资格credit_time<当前T0；历史提单apply_time<当前T0；历史T0!=当前event_id；未来结果不参与,未入模,未被选定的特征族候选,0.5691257673971944,0.6131595702668504,0.4912651607878046,0.0670147431371887,0,V3新增
cyc_180d_d3_eligible_n,循环贷｜最近180天｜D3｜有效观察已结束资格数,"COUNT(min(窗口右界,deadline)<=当前T0)；窗口右界=DATE(获额)+4日00:00；deadline=min(15天失效,后续已知获额,当前T0)",order_vir_f_copy + side_recycle_type_copy + order_loan_f_v2_copy（V2冻结订单历史）,180d,次数,float32,无历史次数为0；比率零分母/无有效值为NaN,history_features.py / snapshot()；历史结果按当前预测时刻重算，不能读取历史事件最终标签,V3-F1243,历史循环贷资格与订单转化,资格credit_time<当前T0；历史提单apply_time<当前T0；历史T0!=当前event_id；未来结果不参与,未入模,未被选定的特征族候选,0.0,0.0,0.0,0.0607401170890236,0,V3新增
cyc_180d_d3_positive_n,循环贷｜最近180天｜D3｜有效观察内同订单提单数,"COUNT(eligible且同serial匹配，credit<=apply<窗口右界且apply<deadline)；窗口右界=DATE(获额)+4日00:00；deadline=min(15天失效,后续已知获额,当前T0)",order_vir_f_copy + side_recycle_type_copy + order_loan_f_v2_copy（V2冻结订单历史）,180d,次数,float32,无历史次数为0；比率零分母/无有效值为NaN,history_features.py / snapshot()；历史结果按当前预测时刻重算，不能读取历史事件最终标签,V3-F1244,历史循环贷资格与订单转化,资格credit_time<当前T0；历史提单apply_time<当前T0；历史T0!=当前event_id；未来结果不参与,未入模,未被选定的特征族候选,0.0,0.0,0.0,0.008908930512756,0,V3新增
cyc_180d_d3_rate,循环贷｜最近180天｜D3｜成熟原订单提单率,"positive_n/eligible_n；0分母NaN；窗口右界=DATE(获额)+4日00:00；deadline=min(15天失效,后续已知获额,当前T0)",order_vir_f_copy + side_recycle_type_copy + order_loan_f_v2_copy（V2冻结订单历史）,180d,比例,float32,无历史次数为0；比率零分母/无有效值为NaN,history_features.py / snapshot()；历史结果按当前预测时刻重算，不能读取历史事件最终标签,V3-F1245,历史循环贷资格与订单转化,资格credit_time<当前T0；历史提单apply_time<当前T0；历史T0!=当前event_id；未来结果不参与,未入模,未被选定的特征族候选,0.5691257673971944,0.6131595702668504,0.4912651607878046,0.0808759039944168,0,V3新增
cyc_180d_d7_eligible_n,循环贷｜最近180天｜D7｜有效观察已结束资格数,"COUNT(min(窗口右界,deadline)<=当前T0)；窗口右界=DATE(获额)+8日00:00；deadline=min(15天失效,后续已知获额,当前T0)",order_vir_f_copy + side_recycle_type_copy + order_loan_f_v2_copy（V2冻结订单历史）,180d,次数,float32,无历史次数为0；比率零分母/无有效值为NaN,history_features.py / snapshot()；历史结果按当前预测时刻重算，不能读取历史事件最终标签,V3-F1246,历史循环贷资格与订单转化,资格credit_time<当前T0；历史提单apply_time<当前T0；历史T0!=当前event_id；未来结果不参与,未入模,未被选定的特征族候选,0.0,0.0,0.0,0.0607401170890236,0,V3新增
cyc_180d_d7_positive_n,循环贷｜最近180天｜D7｜有效观察内同订单提单数,"COUNT(eligible且同serial匹配，credit<=apply<窗口右界且apply<deadline)；窗口右界=DATE(获额)+8日00:00；deadline=min(15天失效,后续已知获额,当前T0)",order_vir_f_copy + side_recycle_type_copy + order_loan_f_v2_copy（V2冻结订单历史）,180d,次数,float32,无历史次数为0；比率零分母/无有效值为NaN,history_features.py / snapshot()；历史结果按当前预测时刻重算，不能读取历史事件最终标签,V3-F1247,历史循环贷资格与订单转化,资格credit_time<当前T0；历史提单apply_time<当前T0；历史T0!=当前event_id；未来结果不参与,未入模,未被选定的特征族候选,0.0,0.0,0.0,0.017717082332558,0,V3新增
cyc_180d_d7_rate,循环贷｜最近180天｜D7｜成熟原订单提单率,"positive_n/eligible_n；0分母NaN；窗口右界=DATE(获额)+8日00:00；deadline=min(15天失效,后续已知获额,当前T0)",order_vir_f_copy + side_recycle_type_copy + order_loan_f_v2_copy（V2冻结订单历史）,180d,比例,float32,无历史次数为0；比率零分母/无有效值为NaN,history_features.py / snapshot()；历史结果按当前预测时刻重算，不能读取历史事件最终标签,V3-F1248,历史循环贷资格与订单转化,资格credit_time<当前T0；历史提单apply_time<当前T0；历史T0!=当前event_id；未来结果不参与,未入模,未被选定的特征族候选,0.5691257673971944,0.6131595702668504,0.4912651607878046,0.073667360883575,0,V3新增
cyc_180d_d15_eligible_n,循环贷｜最近180天｜D15｜有效观察已结束资格数,"COUNT(min(窗口右界,deadline)<=当前T0)；窗口右界=获额时点+15×24小时；deadline=min(15天失效,后续已知获额,当前T0)",order_vir_f_copy + side_recycle_type_copy + order_loan_f_v2_copy（V2冻结订单历史）,180d,次数,float32,无历史次数为0；比率零分母/无有效值为NaN,history_features.py / snapshot()；历史结果按当前预测时刻重算，不能读取历史事件最终标签,V3-F1249,历史循环贷资格与订单转化,资格credit_time<当前T0；历史提单apply_time<当前T0；历史T0!=当前event_id；未来结果不参与,未入模,未被选定的特征族候选,0.0,0.0,0.0,0.0607401170890236,0,V3新增
cyc_180d_d15_positive_n,循环贷｜最近180天｜D15｜有效观察内同订单提单数,"COUNT(eligible且同serial匹配，credit<=apply<窗口右界且apply<deadline)；窗口右界=获额时点+15×24小时；deadline=min(15天失效,后续已知获额,当前T0)",order_vir_f_copy + side_recycle_type_copy + order_loan_f_v2_copy（V2冻结订单历史）,180d,次数,float32,无历史次数为0；比率零分母/无有效值为NaN,history_features.py / snapshot()；历史结果按当前预测时刻重算，不能读取历史事件最终标签,V3-F1250,历史循环贷资格与订单转化,资格credit_time<当前T0；历史提单apply_time<当前T0；历史T0!=当前event_id；未来结果不参与,未入模,未被选定的特征族候选,0.0,0.0,0.0,0.0211316683091953,0,V3新增
cyc_180d_d15_rate,循环贷｜最近180天｜D15｜成熟原订单提单率,"positive_n/eligible_n；0分母NaN；窗口右界=获额时点+15×24小时；deadline=min(15天失效,后续已知获额,当前T0)",order_vir_f_copy + side_recycle_type_copy + order_loan_f_v2_copy（V2冻结订单历史）,180d,比例,float32,无历史次数为0；比率零分母/无有效值为NaN,history_features.py / snapshot()；历史结果按当前预测时刻重算，不能读取历史事件最终标签,V3-F1251,历史循环贷资格与订单转化,资格credit_time<当前T0；历史提单apply_time<当前T0；历史T0!=当前event_id；未来结果不参与,未入模,未被选定的特征族候选,0.5691257673971944,0.6131595702668504,0.4912651607878046,0.0726218911518978,0,V3新增
cyc_credit_amt_valid_n,历史循环贷获额额度｜有效历史数,valid_n(type2批准批次.credit_amt)；保留缺失原位置，不跳过后重排,order_vir_f_copy + side_recycle_type_copy + order_loan_f_v2_copy（V2冻结订单历史）,截至当前T0之前的可观察生命周期,次数,float32,无历史次数为0；比率零分母/无有效值为NaN,history_features.py / snapshot()；历史结果按当前预测时刻重算，不能读取历史事件最终标签,V3-F1252,历史循环贷资格与订单转化,资格credit_time<当前T0；历史提单apply_time<当前T0；历史T0!=当前event_id；未来结果不参与,未入模,未被选定的特征族候选,0.0,0.0,0.0,0.0573467225418277,0,V3新增
cyc_credit_amt_mean,历史循环贷获额额度｜均值,mean(type2批准批次.credit_amt)；保留缺失原位置，不跳过后重排,order_vir_f_copy + side_recycle_type_copy + order_loan_f_v2_copy（V2冻结订单历史）,截至当前T0之前的可观察生命周期,MXN,float32,无历史次数为0；比率零分母/无有效值为NaN,history_features.py / snapshot()；历史结果按当前预测时刻重算，不能读取历史事件最终标签,V3-F1253,历史循环贷资格与订单转化,资格credit_time<当前T0；历史提单apply_time<当前T0；历史T0!=当前event_id；未来结果不参与,未入模,未被选定的特征族候选,0.5579645172195846,0.601400743086954,0.4824746856570602,0.1187982641340191,0,V3新增
cyc_credit_amt_std,历史循环贷获额额度｜总体标准差,std(type2批准批次.credit_amt)；保留缺失原位置，不跳过后重排,order_vir_f_copy + side_recycle_type_copy + order_loan_f_v2_copy（V2冻结订单历史）,截至当前T0之前的可观察生命周期,MXN,float32,无历史次数为0；比率零分母/无有效值为NaN,history_features.py / snapshot()；历史结果按当前预测时刻重算，不能读取历史事件最终标签,V3-F1254,历史循环贷资格与订单转化,资格credit_time<当前T0；历史提单apply_time<当前T0；历史T0!=当前event_id；未来结果不参与,未入模,未被选定的特征族候选,0.5579645172195846,0.601400743086954,0.4824746856570602,0.064065031740174,0,V3新增
cyc_credit_amt_min,历史循环贷获额额度｜最小值,min(type2批准批次.credit_amt)；保留缺失原位置，不跳过后重排,order_vir_f_copy + side_recycle_type_copy + order_loan_f_v2_copy（V2冻结订单历史）,截至当前T0之前的可观察生命周期,MXN,float32,无历史次数为0；比率零分母/无有效值为NaN,history_features.py / snapshot()；历史结果按当前预测时刻重算，不能读取历史事件最终标签,V3-F1255,历史循环贷资格与订单转化,资格credit_time<当前T0；历史提单apply_time<当前T0；历史T0!=当前event_id；未来结果不参与,未入模,未被选定的特征族候选,0.5579645172195846,0.601400743086954,0.4824746856570602,0.1677394062336829,0,V3新增
cyc_credit_amt_max,历史循环贷获额额度｜最大值,max(type2批准批次.credit_amt)；保留缺失原位置，不跳过后重排,order_vir_f_copy + side_recycle_type_copy + order_loan_f_v2_copy（V2冻结订单历史）,截至当前T0之前的可观察生命周期,MXN,float32,无历史次数为0；比率零分母/无有效值为NaN,history_features.py / snapshot()；历史结果按当前预测时刻重算，不能读取历史事件最终标签,V3-F1256,历史循环贷资格与订单转化,资格credit_time<当前T0；历史提单apply_time<当前T0；历史T0!=当前event_id；未来结果不参与,未入模,未被选定的特征族候选,0.5579645172195846,0.601400743086954,0.4824746856570602,0.12590302491694,0,V3新增
cyc_credit_amt_last_first_delta,历史循环贷获额额度｜最近有效值−最早有效值,last_first_delta(type2批准批次.credit_amt)；保留缺失原位置，不跳过后重排,order_vir_f_copy + side_recycle_type_copy + order_loan_f_v2_copy（V2冻结订单历史）,截至当前T0之前的可观察生命周期,MXN,float32,无历史次数为0；比率零分母/无有效值为NaN,history_features.py / snapshot()；历史结果按当前预测时刻重算，不能读取历史事件最终标签,V3-F1257,历史循环贷资格与订单转化,资格credit_time<当前T0；历史提单apply_time<当前T0；历史T0!=当前event_id；未来结果不参与,未入模,未被选定的特征族候选,0.7669121357772454,0.7866244348267608,0.7193724268387671,0.0423631932402356,0,V3新增
cyc_credit_amt_last3_mean,历史循环贷获额额度｜最近3笔中有效值均值,last3_mean(type2批准批次.credit_amt)；保留缺失原位置，不跳过后重排,order_vir_f_copy + side_recycle_type_copy + order_loan_f_v2_copy（V2冻结订单历史）,截至当前T0之前的可观察生命周期,MXN,float32,无历史次数为0；比率零分母/无有效值为NaN,history_features.py / snapshot()；历史结果按当前预测时刻重算，不能读取历史事件最终标签,V3-F1258,历史循环贷资格与订单转化,资格credit_time<当前T0；历史提单apply_time<当前T0；历史T0!=当前event_id；未来结果不参与,未入模,未被选定的特征族候选,0.5579645172195846,0.601400743086954,0.4824746856570602,0.1197861804246444,0,V3新增
cyc_credit_amt_last5_mean,历史循环贷获额额度｜最近5笔中有效值均值,last5_mean(type2批准批次.credit_amt)；保留缺失原位置，不跳过后重排,order_vir_f_copy + side_recycle_type_copy + order_loan_f_v2_copy（V2冻结订单历史）,截至当前T0之前的可观察生命周期,MXN,float32,无历史次数为0；比率零分母/无有效值为NaN,history_features.py / snapshot()；历史结果按当前预测时刻重算，不能读取历史事件最终标签,V3-F1259,历史循环贷资格与订单转化,资格credit_time<当前T0；历史提单apply_time<当前T0；历史T0!=当前event_id；未来结果不参与,未入模,未被选定的特征族候选,0.5579645172195846,0.601400743086954,0.4824746856570602,0.1195435613719389,0,V3新增
cyc_credit_amt_slope,历史循环贷获额额度｜按原序号OLS斜率,slope(type2批准批次.credit_amt)；保留缺失原位置，不跳过后重排,order_vir_f_copy + side_recycle_type_copy + order_loan_f_v2_copy（V2冻结订单历史）,截至当前T0之前的可观察生命周期,MXN,float32,无历史次数为0；比率零分母/无有效值为NaN,history_features.py / snapshot()；历史结果按当前预测时刻重算，不能读取历史事件最终标签,V3-F1260,历史循环贷资格与订单转化,资格credit_time<当前T0；历史提单apply_time<当前T0；历史T0!=当前event_id；未来结果不参与,未入模,未被选定的特征族候选,0.7669121357772454,0.7866244348267608,0.7193724268387671,0.0374535852215056,0,V3新增
cyc_credit_amt_recent_lifetime_delta,历史循环贷获额额度｜最近3笔均值−全历史均值,recent_lifetime_delta(type2批准批次.credit_amt)；保留缺失原位置，不跳过后重排,order_vir_f_copy + side_recycle_type_copy + order_loan_f_v2_copy（V2冻结订单历史）,截至当前T0之前的可观察生命周期,MXN,float32,无历史次数为0；比率零分母/无有效值为NaN,history_features.py / snapshot()；历史结果按当前预测时刻重算，不能读取历史事件最终标签,V3-F1261,历史循环贷资格与订单转化,资格credit_time<当前T0；历史提单apply_time<当前T0；历史T0!=当前event_id；未来结果不参与,未入模,未被选定的特征族候选,0.5579645172195846,0.601400743086954,0.4824746856570602,0.0578800821990145,0,V3新增
cyc_credit_amt_l1,历史循环贷获额额度｜最近第1笔,type2批准批次.credit_amt原序列倒数第1笔，不足/原缺失为NaN,order_vir_f_copy + side_recycle_type_copy + order_loan_f_v2_copy（V2冻结订单历史）,截至当前T0之前的可观察生命周期,MXN,float32,无历史次数为0；比率零分母/无有效值为NaN,history_features.py / snapshot()；历史结果按当前预测时刻重算，不能读取历史事件最终标签,V3-F1262,历史循环贷资格与订单转化,资格credit_time<当前T0；历史提单apply_time<当前T0；历史T0!=当前event_id；未来结果不参与,未入模,未被选定的特征族候选,0.5579645172195846,0.601400743086954,0.4824746856570602,0.1676962383608212,0,V3新增
cyc_credit_amt_l2,历史循环贷获额额度｜最近第2笔,type2批准批次.credit_amt原序列倒数第2笔，不足/原缺失为NaN,order_vir_f_copy + side_recycle_type_copy + order_loan_f_v2_copy（V2冻结订单历史）,截至当前T0之前的可观察生命周期,MXN,float32,无历史次数为0；比率零分母/无有效值为NaN,history_features.py / snapshot()；历史结果按当前预测时刻重算，不能读取历史事件最终标签,V3-F1263,历史循环贷资格与订单转化,资格credit_time<当前T0；历史提单apply_time<当前T0；历史T0!=当前event_id；未来结果不参与,未入模,未被选定的特征族候选,0.7669121357772454,0.7866244348267608,0.7193724268387671,0.0704848049363444,0,V3新增
cyc_credit_amt_l3,历史循环贷获额额度｜最近第3笔,type2批准批次.credit_amt原序列倒数第3笔，不足/原缺失为NaN,order_vir_f_copy + side_recycle_type_copy + order_loan_f_v2_copy（V2冻结订单历史）,截至当前T0之前的可观察生命周期,MXN,float32,无历史次数为0；比率零分母/无有效值为NaN,history_features.py / snapshot()；历史结果按当前预测时刻重算，不能读取历史事件最终标签,V3-F1264,历史循环贷资格与订单转化,资格credit_time<当前T0；历史提单apply_time<当前T0；历史T0!=当前event_id；未来结果不参与,未入模,未被选定的特征族候选,0.8555406934869842,0.8648984098583944,0.8218537888060532,0.0420897319041697,0,V3新增
cyc_credit_amt_l4,历史循环贷获额额度｜最近第4笔,type2批准批次.credit_amt原序列倒数第4笔，不足/原缺失为NaN,order_vir_f_copy + side_recycle_type_copy + order_loan_f_v2_copy（V2冻结订单历史）,截至当前T0之前的可观察生命周期,MXN,float32,无历史次数为0；比率零分母/无有效值为NaN,history_features.py / snapshot()；历史结果按当前预测时刻重算，不能读取历史事件最终标签,V3-F1265,历史循环贷资格与订单转化,资格credit_time<当前T0；历史提单apply_time<当前T0；历史T0!=当前event_id；未来结果不参与,未入模,未被选定的特征族候选,0.9026403853032107,0.9080651530904196,0.8804940469567153,0.0279607978748213,0,V3新增
cyc_credit_amt_l5,历史循环贷获额额度｜最近第5笔,type2批准批次.credit_amt原序列倒数第5笔，不足/原缺失为NaN,order_vir_f_copy + side_recycle_type_copy + order_loan_f_v2_copy（V2冻结订单历史）,截至当前T0之前的可观察生命周期,MXN,float32,无历史次数为0；比率零分母/无有效值为NaN,history_features.py / snapshot()；历史结果按当前预测时刻重算，不能读取历史事件最终标签,V3-F1266,历史循环贷资格与订单转化,资格credit_time<当前T0；历史提单apply_time<当前T0；历史T0!=当前event_id；未来结果不参与,未入模,未被选定的特征族候选,0.930528811998099,0.93447617205445,0.9132079670635362,0.0169798433399068,0,V3新增
cyc_credit_amt_delta12,历史循环贷获额额度｜最近1−2笔,type2批准批次.credit_amt[−1]−[−2],order_vir_f_copy + side_recycle_type_copy + order_loan_f_v2_copy（V2冻结订单历史）,截至当前T0之前的可观察生命周期,MXN,float32,无历史次数为0；比率零分母/无有效值为NaN,history_features.py / snapshot()；历史结果按当前预测时刻重算，不能读取历史事件最终标签,V3-F1267,历史循环贷资格与订单转化,资格credit_time<当前T0；历史提单apply_time<当前T0；历史T0!=当前event_id；未来结果不参与,未入模,未被选定的特征族候选,0.7669121357772454,0.7866244348267608,0.7193724268387671,0.0474819392019684,0,V3新增
cyc_credit_amt_delta23,历史循环贷获额额度｜最近2−3笔,type2批准批次.credit_amt[−2]−[−3],order_vir_f_copy + side_recycle_type_copy + order_loan_f_v2_copy（V2冻结订单历史）,截至当前T0之前的可观察生命周期,MXN,float32,无历史次数为0；比率零分母/无有效值为NaN,history_features.py / snapshot()；历史结果按当前预测时刻重算，不能读取历史事件最终标签,V3-F1268,历史循环贷资格与订单转化,资格credit_time<当前T0；历史提单apply_time<当前T0；历史T0!=当前event_id；未来结果不参与,未入模,未被选定的特征族候选,0.8555406934869842,0.8648984098583944,0.8218537888060532,0.0300129207931455,0,V3新增
cyc_apply_gap_days_valid_n,循环贷获额至提单经过天数｜有效历史数,valid_n(同serial且apply<当前T0；apply_time−credit_time，未提单/时间倒置NaN)；保留缺失原位置，不跳过后重排,order_vir_f_copy + side_recycle_type_copy + order_loan_f_v2_copy（V2冻结订单历史）,截至当前T0之前的可观察生命周期,次数,float32,无历史次数为0；比率零分母/无有效值为NaN,history_features.py / snapshot()；历史结果按当前预测时刻重算，不能读取历史事件最终标签,V3-F1269,历史循环贷资格与订单转化,资格credit_time<当前T0；历史提单apply_time<当前T0；历史T0!=当前event_id；未来结果不参与,未入模,未被选定的特征族候选,0.0,0.0,0.0,0.0195526171532321,0,V3新增
cyc_apply_gap_days_mean,循环贷获额至提单经过天数｜均值,mean(同serial且apply<当前T0；apply_time−credit_time，未提单/时间倒置NaN)；保留缺失原位置，不跳过后重排,order_vir_f_copy + side_recycle_type_copy + order_loan_f_v2_copy（V2冻结订单历史）,截至当前T0之前的可观察生命周期,天,float32,无历史次数为0；比率零分母/无有效值为NaN,history_features.py / snapshot()；历史结果按当前预测时刻重算，不能读取历史事件最终标签,V3-F1270,历史循环贷资格与订单转化,资格credit_time<当前T0；历史提单apply_time<当前T0；历史T0!=当前event_id；未来结果不参与,未入模,未被选定的特征族候选,0.7552805256272691,0.7754297734471336,0.7237120284855902,0.0333167507005602,0,V3新增
cyc_apply_gap_days_std,循环贷获额至提单经过天数｜总体标准差,std(同serial且apply<当前T0；apply_time−credit_time，未提单/时间倒置NaN)；保留缺失原位置，不跳过后重排,order_vir_f_copy + side_recycle_type_copy + order_loan_f_v2_copy（V2冻结订单历史）,截至当前T0之前的可观察生命周期,天,float32,无历史次数为0；比率零分母/无有效值为NaN,history_features.py / snapshot()；历史结果按当前预测时刻重算，不能读取历史事件最终标签,V3-F1271,历史循环贷资格与订单转化,资格credit_time<当前T0；历史提单apply_time<当前T0；历史T0!=当前event_id；未来结果不参与,未入模,未被选定的特征族候选,0.7552805256272691,0.7754297734471336,0.7237120284855902,0.020703827281725,0,V3新增
cyc_apply_gap_days_min,循环贷获额至提单经过天数｜最小值,min(同serial且apply<当前T0；apply_time−credit_time，未提单/时间倒置NaN)；保留缺失原位置，不跳过后重排,order_vir_f_copy + side_recycle_type_copy + order_loan_f_v2_copy（V2冻结订单历史）,截至当前T0之前的可观察生命周期,天,float32,无历史次数为0；比率零分母/无有效值为NaN,history_features.py / snapshot()；历史结果按当前预测时刻重算，不能读取历史事件最终标签,V3-F1272,历史循环贷资格与订单转化,资格credit_time<当前T0；历史提单apply_time<当前T0；历史T0!=当前event_id；未来结果不参与,未入模,未被选定的特征族候选,0.7552805256272691,0.7754297734471336,0.7237120284855902,0.074648606935165,0,V3新增
cyc_apply_gap_days_max,循环贷获额至提单经过天数｜最大值,max(同serial且apply<当前T0；apply_time−credit_time，未提单/时间倒置NaN)；保留缺失原位置，不跳过后重排,order_vir_f_copy + side_recycle_type_copy + order_loan_f_v2_copy（V2冻结订单历史）,截至当前T0之前的可观察生命周期,天,float32,无历史次数为0；比率零分母/无有效值为NaN,history_features.py / snapshot()；历史结果按当前预测时刻重算，不能读取历史事件最终标签,V3-F1273,历史循环贷资格与订单转化,资格credit_time<当前T0；历史提单apply_time<当前T0；历史T0!=当前event_id；未来结果不参与,未入模,未被选定的特征族候选,0.7552805256272691,0.7754297734471336,0.7237120284855902,0.0295253858106001,0,V3新增
cyc_apply_gap_days_last_first_delta,循环贷获额至提单经过天数｜最近有效值−最早有效值,last_first_delta(同serial且apply<当前T0；apply_time−credit_time，未提单/时间倒置NaN)；保留缺失原位置，不跳过后重排,order_vir_f_copy + side_recycle_type_copy + order_loan_f_v2_copy（V2冻结订单历史）,截至当前T0之前的可观察生命周期,天,float32,无历史次数为0；比率零分母/无有效值为NaN,history_features.py / snapshot()；历史结果按当前预测时刻重算，不能读取历史事件最终标签,V3-F1274,历史循环贷资格与订单转化,资格credit_time<当前T0；历史提单apply_time<当前T0；历史T0!=当前event_id；未来结果不参与,未入模,未被选定的特征族候选,0.8758347664613741,0.8802678981600135,0.8727050183598531,0.0045091549991541,0,V3新增
cyc_apply_gap_days_last3_mean,循环贷获额至提单经过天数｜最近3笔中有效值均值,last3_mean(同serial且apply<当前T0；apply_time−credit_time，未提单/时间倒置NaN)；保留缺失原位置，不跳过后重排,order_vir_f_copy + side_recycle_type_copy + order_loan_f_v2_copy（V2冻结订单历史）,截至当前T0之前的可观察生命周期,天,float32,无历史次数为0；比率零分母/无有效值为NaN,history_features.py / snapshot()；历史结果按当前预测时刻重算，不能读取历史事件最终标签,V3-F1275,历史循环贷资格与订单转化,资格credit_time<当前T0；历史提单apply_time<当前T0；历史T0!=当前event_id；未来结果不参与,未入模,未被选定的特征族候选,0.779004306733497,0.7930720439726944,0.7751196172248804,0.029531490665257,0,V3新增
cyc_apply_gap_days_last5_mean,循环贷获额至提单经过天数｜最近5笔中有效值均值,last5_mean(同serial且apply<当前T0；apply_time−credit_time，未提单/时间倒置NaN)；保留缺失原位置，不跳过后重排,order_vir_f_copy + side_recycle_type_copy + order_loan_f_v2_copy（V2冻结订单历史）,截至当前T0之前的可观察生命周期,天,float32,无历史次数为0；比率零分母/无有效值为NaN,history_features.py / snapshot()；历史结果按当前预测时刻重算，不能读取历史事件最终标签,V3-F1276,历史循环贷资格与订单转化,资格credit_time<当前T0；历史提单apply_time<当前T0；历史T0!=当前event_id；未来结果不参与,未入模,未被选定的特征族候选,0.7604887824046174,0.7790323750574241,0.7389562701680205,0.0342128600043538,0,V3新增
cyc_apply_gap_days_slope,循环贷获额至提单经过天数｜按原序号OLS斜率,slope(同serial且apply<当前T0；apply_time−credit_time，未提单/时间倒置NaN)；保留缺失原位置，不跳过后重排,order_vir_f_copy + side_recycle_type_copy + order_loan_f_v2_copy（V2冻结订单历史）,截至当前T0之前的可观察生命周期,天,float32,无历史次数为0；比率零分母/无有效值为NaN,history_features.py / snapshot()；历史结果按当前预测时刻重算，不能读取历史事件最终标签,V3-F1277,历史循环贷资格与订单转化,资格credit_time<当前T0；历史提单apply_time<当前T0；历史T0!=当前event_id；未来结果不参与,未入模,未被选定的特征族候选,0.8758347664613741,0.8802678981600135,0.8727050183598531,0.0025894295761496,0,V3新增
cyc_apply_gap_days_recent_lifetime_delta,循环贷获额至提单经过天数｜最近3笔均值−全历史均值,recent_lifetime_delta(同serial且apply<当前T0；apply_time−credit_time，未提单/时间倒置NaN)；保留缺失原位置，不跳过后重排,order_vir_f_copy + side_recycle_type_copy + order_loan_f_v2_copy（V2冻结订单历史）,截至当前T0之前的可观察生命周期,天,float32,无历史次数为0；比率零分母/无有效值为NaN,history_features.py / snapshot()；历史结果按当前预测时刻重算，不能读取历史事件最终标签,V3-F1278,历史循环贷资格与订单转化,资格credit_time<当前T0；历史提单apply_time<当前T0；历史T0!=当前event_id；未来结果不参与,未入模,未被选定的特征族候选,0.779004306733497,0.7930720439726944,0.7751196172248804,0.0086567438347521,0,V3新增
cyc_apply_gap_days_l1,循环贷获额至提单经过天数｜最近第1笔,同serial且apply<当前T0；apply_time−credit_time，未提单/时间倒置NaN原序列倒数第1笔，不足/原缺失为NaN,order_vir_f_copy + side_recycle_type_copy + order_loan_f_v2_copy（V2冻结订单历史）,截至当前T0之前的可观察生命周期,天,float32,无历史次数为0；比率零分母/无有效值为NaN,history_features.py / snapshot()；历史结果按当前预测时刻重算，不能读取历史事件最终标签,V3-F1279,历史循环贷资格与订单转化,资格credit_time<当前T0；历史提单apply_time<当前T0；历史T0!=当前event_id；未来结果不参与,未入模,未被选定的特征族候选,0.8662364832752733,0.8783577939505307,0.8485590297095805,0.0379604941124702,0,V3新增
cyc_apply_gap_days_l2,循环贷获额至提单经过天数｜最近第2笔,同serial且apply<当前T0；apply_time−credit_time，未提单/时间倒置NaN原序列倒数第2笔，不足/原缺失为NaN,order_vir_f_copy + side_recycle_type_copy + order_loan_f_v2_copy（V2冻结订单历史）,截至当前T0之前的可观察生命周期,天,float32,无历史次数为0；比率零分母/无有效值为NaN,history_features.py / snapshot()；历史结果按当前预测时刻重算，不能读取历史事件最终标签,V3-F1280,历史循环贷资格与订单转化,资格credit_time<当前T0；历史提单apply_time<当前T0；历史T0!=当前event_id；未来结果不参与,未入模,未被选定的特征族候选,0.8839729738999211,0.8829194774212787,0.9039724045843996,0.0232529502533741,0,V3新增
cyc_apply_gap_days_l3,循环贷获额至提单经过天数｜最近第3笔,同serial且apply<当前T0；apply_time−credit_time，未提单/时间倒置NaN原序列倒数第3笔，不足/原缺失为NaN,order_vir_f_copy + side_recycle_type_copy + order_loan_f_v2_copy（V2冻结订单历史）,截至当前T0之前的可观察生命周期,天,float32,无历史次数为0；比率零分母/无有效值为NaN,history_features.py / snapshot()；历史结果按当前预测时刻重算，不能读取历史事件最终标签,V3-F1281,历史循环贷资格与订单转化,资格credit_time<当前T0；历史提单apply_time<当前T0；历史T0!=当前event_id；未来结果不参与,未入模,未被选定的特征族候选,0.918818808519395,0.919630551995938,0.9330143540669856,0.0112621326252063,0,V3新增
cyc_apply_gap_days_l4,循环贷获额至提单经过天数｜最近第4笔,同serial且apply<当前T0；apply_time−credit_time，未提单/时间倒置NaN原序列倒数第4笔，不足/原缺失为NaN,order_vir_f_copy + side_recycle_type_copy + order_loan_f_v2_copy（V2冻结订单历史）,截至当前T0之前的可观察生命周期,天,float32,无历史次数为0；比率零分母/无有效值为NaN,history_features.py / snapshot()；历史结果按当前预测时刻重算，不能读取历史事件最终标签,V3-F1282,历史循环贷资格与订单转化,资格credit_time<当前T0；历史提单apply_time<当前T0；历史T0!=当前event_id；未来结果不参与,未入模,未被选定的特征族候选,0.9431207404249898,0.9435431224159192,0.9431400912429064,0.0100363525799463,0,V3新增
cyc_apply_gap_days_l5,循环贷获额至提单经过天数｜最近第5笔,同serial且apply<当前T0；apply_time−credit_time，未提单/时间倒置NaN原序列倒数第5笔，不足/原缺失为NaN,order_vir_f_copy + side_recycle_type_copy + order_loan_f_v2_copy（V2冻结订单历史）,截至当前T0之前的可观察生命周期,天,float32,无历史次数为0；比率零分母/无有效值为NaN,history_features.py / snapshot()；历史结果按当前预测时刻重算，不能读取历史事件最终标签,V3-F1283,历史循环贷资格与订单转化,资格credit_time<当前T0；历史提单apply_time<当前T0；历史T0!=当前event_id；未来结果不参与,未入模,未被选定的特征族候选,0.9602055865045884,0.9616931421617222,0.9589406921108268,0.0082044342277915,0,V3新增
cyc_apply_gap_days_delta12,循环贷获额至提单经过天数｜最近1−2笔,同serial且apply<当前T0；apply_time−credit_time，未提单/时间倒置NaN[−1]−[−2],order_vir_f_copy + side_recycle_type_copy + order_loan_f_v2_copy（V2冻结订单历史）,截至当前T0之前的可观察生命周期,天,float32,无历史次数为0；比率零分母/无有效值为NaN,history_features.py / snapshot()；历史结果按当前预测时刻重算，不能读取历史事件最终标签,V3-F1284,历史循环贷资格与订单转化,资格credit_time<当前T0；历史提单apply_time<当前T0；历史T0!=当前event_id；未来结果不参与,未入模,未被选定的特征族候选,0.9436694937260839,0.9440347526132966,0.949371314120396,0.0016947848946222,0,V3新增
cyc_apply_gap_days_delta23,循环贷获额至提单经过天数｜最近2−3笔,同serial且apply<当前T0；apply_time−credit_time，未提单/时间倒置NaN[−2]−[−3],order_vir_f_copy + side_recycle_type_copy + order_loan_f_v2_copy（V2冻结订单历史）,截至当前T0之前的可观察生命周期,天,float32,无历史次数为0；比率零分母/无有效值为NaN,history_features.py / snapshot()；历史结果按当前预测时刻重算，不能读取历史事件最终标签,V3-F1285,历史循环贷资格与订单转化,资格credit_time<当前T0；历史提单apply_time<当前T0；历史T0!=当前event_id；未来结果不参与,未入模,未被选定的特征族候选,0.9551149197203318,0.9521265020914432,0.9677311672415712,0.0071588881922295,0,V3新增
cyc_apply_calendar_days_valid_n,循环贷提单自然日间隔｜有效历史数,valid_n(DATE(同serial已知apply)−DATE(credit_time)，未提单/负值NaN)；保留缺失原位置，不跳过后重排,order_vir_f_copy + side_recycle_type_copy + order_loan_f_v2_copy（V2冻结订单历史）,截至当前T0之前的可观察生命周期,次数,float32,无历史次数为0；比率零分母/无有效值为NaN,history_features.py / snapshot()；历史结果按当前预测时刻重算，不能读取历史事件最终标签,V3-F1286,历史循环贷资格与订单转化,资格credit_time<当前T0；历史提单apply_time<当前T0；历史T0!=当前event_id；未来结果不参与,未入模,未被选定的特征族候选,0.0,0.0,0.0,0.0195526171532321,0,V3新增
cyc_apply_calendar_days_mean,循环贷提单自然日间隔｜均值,mean(DATE(同serial已知apply)−DATE(credit_time)，未提单/负值NaN)；保留缺失原位置，不跳过后重排,order_vir_f_copy + side_recycle_type_copy + order_loan_f_v2_copy（V2冻结订单历史）,截至当前T0之前的可观察生命周期,天,float32,无历史次数为0；比率零分母/无有效值为NaN,history_features.py / snapshot()；历史结果按当前预测时刻重算，不能读取历史事件最终标签,V3-F1287,历史循环贷资格与订单转化,资格credit_time<当前T0；历史提单apply_time<当前T0；历史T0!=当前event_id；未来结果不参与,未入模,未被选定的特征族候选,0.7552805256272691,0.7754297734471336,0.7237120284855902,0.0207717781556778,0,V3新增
cyc_apply_calendar_days_std,循环贷提单自然日间隔｜总体标准差,std(DATE(同serial已知apply)−DATE(credit_time)，未提单/负值NaN)；保留缺失原位置，不跳过后重排,order_vir_f_copy + side_recycle_type_copy + order_loan_f_v2_copy（V2冻结订单历史）,截至当前T0之前的可观察生命周期,天,float32,无历史次数为0；比率零分母/无有效值为NaN,history_features.py / snapshot()；历史结果按当前预测时刻重算，不能读取历史事件最终标签,V3-F1288,历史循环贷资格与订单转化,资格credit_time<当前T0；历史提单apply_time<当前T0；历史T0!=当前event_id；未来结果不参与,未入模,未被选定的特征族候选,0.7552805256272691,0.7754297734471336,0.7237120284855902,0.0151888077398938,0,V3新增
cyc_apply_calendar_days_min,循环贷提单自然日间隔｜最小值,min(DATE(同serial已知apply)−DATE(credit_time)，未提单/负值NaN)；保留缺失原位置，不跳过后重排,order_vir_f_copy + side_recycle_type_copy + order_loan_f_v2_copy（V2冻结订单历史）,截至当前T0之前的可观察生命周期,天,float32,无历史次数为0；比率零分母/无有效值为NaN,history_features.py / snapshot()；历史结果按当前预测时刻重算，不能读取历史事件最终标签,V3-F1289,历史循环贷资格与订单转化,资格credit_time<当前T0；历史提单apply_time<当前T0；历史T0!=当前event_id；未来结果不参与,未入模,未被选定的特征族候选,0.7552805256272691,0.7754297734471336,0.7237120284855902,0.020300761486752,0,V3新增
cyc_apply_calendar_days_max,循环贷提单自然日间隔｜最大值,max(DATE(同serial已知apply)−DATE(credit_time)，未提单/负值NaN)；保留缺失原位置，不跳过后重排,order_vir_f_copy + side_recycle_type_copy + order_loan_f_v2_copy（V2冻结订单历史）,截至当前T0之前的可观察生命周期,天,float32,无历史次数为0；比率零分母/无有效值为NaN,history_features.py / snapshot()；历史结果按当前预测时刻重算，不能读取历史事件最终标签,V3-F1290,历史循环贷资格与订单转化,资格credit_time<当前T0；历史提单apply_time<当前T0；历史T0!=当前event_id；未来结果不参与,未入模,未被选定的特征族候选,0.7552805256272691,0.7754297734471336,0.7237120284855902,0.0190214511398685,0,V3新增
cyc_apply_calendar_days_last_first_delta,循环贷提单自然日间隔｜最近有效值−最早有效值,last_first_delta(DATE(同serial已知apply)−DATE(credit_time)，未提单/负值NaN)；保留缺失原位置，不跳过后重排,order_vir_f_copy + side_recycle_type_copy + order_loan_f_v2_copy（V2冻结订单历史）,截至当前T0之前的可观察生命周期,天,float32,无历史次数为0；比率零分母/无有效值为NaN,history_features.py / snapshot()；历史结果按当前预测时刻重算，不能读取历史事件最终标签,V3-F1291,历史循环贷资格与订单转化,资格credit_time<当前T0；历史提单apply_time<当前T0；历史T0!=当前event_id；未来结果不参与,未入模,未被选定的特征族候选,0.8758347664613741,0.8802678981600135,0.8727050183598531,0.0036726239111306,0,V3新增
cyc_apply_calendar_days_last3_mean,循环贷提单自然日间隔｜最近3笔中有效值均值,last3_mean(DATE(同serial已知apply)−DATE(credit_time)，未提单/负值NaN)；保留缺失原位置，不跳过后重排,order_vir_f_copy + side_recycle_type_copy + order_loan_f_v2_copy（V2冻结订单历史）,截至当前T0之前的可观察生命周期,天,float32,无历史次数为0；比率零分母/无有效值为NaN,history_features.py / snapshot()；历史结果按当前预测时刻重算，不能读取历史事件最终标签,V3-F1292,历史循环贷资格与订单转化,资格credit_time<当前T0；历史提单apply_time<当前T0；历史T0!=当前event_id；未来结果不参与,未入模,未被选定的特征族候选,0.779004306733497,0.7930720439726944,0.7751196172248804,0.0075960980824236,0,V3新增
cyc_apply_calendar_days_last5_mean,循环贷提单自然日间隔｜最近5笔中有效值均值,last5_mean(DATE(同serial已知apply)−DATE(credit_time)，未提单/负值NaN)；保留缺失原位置，不跳过后重排,order_vir_f_copy + side_recycle_type_copy + order_loan_f_v2_copy（V2冻结订单历史）,截至当前T0之前的可观察生命周期,天,float32,无历史次数为0；比率零分母/无有效值为NaN,history_features.py / snapshot()；历史结果按当前预测时刻重算，不能读取历史事件最终标签,V3-F1293,历史循环贷资格与订单转化,资格credit_time<当前T0；历史提单apply_time<当前T0；历史T0!=当前event_id；未来结果不参与,未入模,未被选定的特征族候选,0.7604887824046174,0.7790323750574241,0.7389562701680205,0.0161359631799256,0,V3新增
cyc_apply_calendar_days_slope,循环贷提单自然日间隔｜按原序号OLS斜率,slope(DATE(同serial已知apply)−DATE(credit_time)，未提单/负值NaN)；保留缺失原位置，不跳过后重排,order_vir_f_copy + side_recycle_type_copy + order_loan_f_v2_copy（V2冻结订单历史）,截至当前T0之前的可观察生命周期,天,float32,无历史次数为0；比率零分母/无有效值为NaN,history_features.py / snapshot()；历史结果按当前预测时刻重算，不能读取历史事件最终标签,V3-F1294,历史循环贷资格与订单转化,资格credit_time<当前T0；历史提单apply_time<当前T0；历史T0!=当前event_id；未来结果不参与,未入模,未被选定的特征族候选,0.8758347664613741,0.8802678981600135,0.8727050183598531,0.0022529772234628,0,V3新增
cyc_apply_calendar_days_recent_lifetime_delta,循环贷提单自然日间隔｜最近3笔均值−全历史均值,recent_lifetime_delta(DATE(同serial已知apply)−DATE(credit_time)，未提单/负值NaN)；保留缺失原位置，不跳过后重排,order_vir_f_copy + side_recycle_type_copy + order_loan_f_v2_copy（V2冻结订单历史）,截至当前T0之前的可观察生命周期,天,float32,无历史次数为0；比率零分母/无有效值为NaN,history_features.py / snapshot()；历史结果按当前预测时刻重算，不能读取历史事件最终标签,V3-F1295,历史循环贷资格与订单转化,资格credit_time<当前T0；历史提单apply_time<当前T0；历史T0!=当前event_id；未来结果不参与,未入模,未被选定的特征族候选,0.779004306733497,0.7930720439726944,0.7751196172248804,0.0063206357853993,0,V3新增
cyc_apply_calendar_days_l1,循环贷提单自然日间隔｜最近第1笔,DATE(同serial已知apply)−DATE(credit_time)，未提单/负值NaN原序列倒数第1笔，不足/原缺失为NaN,order_vir_f_copy + side_recycle_type_copy + order_loan_f_v2_copy（V2冻结订单历史）,截至当前T0之前的可观察生命周期,天,float32,无历史次数为0；比率零分母/无有效值为NaN,history_features.py / snapshot()；历史结果按当前预测时刻重算，不能读取历史事件最终标签,V3-F1296,历史循环贷资格与订单转化,资格credit_time<当前T0；历史提单apply_time<当前T0；历史T0!=当前event_id；未来结果不参与,未入模,未被选定的特征族候选,0.8662364832752733,0.8783577939505307,0.8485590297095805,0.0121993461169297,0,V3新增
cyc_apply_calendar_days_l2,循环贷提单自然日间隔｜最近第2笔,DATE(同serial已知apply)−DATE(credit_time)，未提单/负值NaN原序列倒数第2笔，不足/原缺失为NaN,order_vir_f_copy + side_recycle_type_copy + order_loan_f_v2_copy（V2冻结订单历史）,截至当前T0之前的可观察生命周期,天,float32,无历史次数为0；比率零分母/无有效值为NaN,history_features.py / snapshot()；历史结果按当前预测时刻重算，不能读取历史事件最终标签,V3-F1297,历史循环贷资格与订单转化,资格credit_time<当前T0；历史提单apply_time<当前T0；历史T0!=当前event_id；未来结果不参与,未入模,未被选定的特征族候选,0.8839729738999211,0.8829194774212787,0.9039724045843996,0.0048409301389082,0,V3新增
cyc_apply_calendar_days_l3,循环贷提单自然日间隔｜最近第3笔,DATE(同serial已知apply)−DATE(credit_time)，未提单/负值NaN原序列倒数第3笔，不足/原缺失为NaN,order_vir_f_copy + side_recycle_type_copy + order_loan_f_v2_copy（V2冻结订单历史）,截至当前T0之前的可观察生命周期,天,float32,无历史次数为0；比率零分母/无有效值为NaN,history_features.py / snapshot()；历史结果按当前预测时刻重算，不能读取历史事件最终标签,V3-F1298,历史循环贷资格与订单转化,资格credit_time<当前T0；历史提单apply_time<当前T0；历史T0!=当前event_id；未来结果不参与,未入模,未被选定的特征族候选,0.918818808519395,0.919630551995938,0.9330143540669856,0.0026601173996019,0,V3新增
cyc_apply_calendar_days_l4,循环贷提单自然日间隔｜最近第4笔,DATE(同serial已知apply)−DATE(credit_time)，未提单/负值NaN原序列倒数第4笔，不足/原缺失为NaN,order_vir_f_copy + side_recycle_type_copy + order_loan_f_v2_copy（V2冻结订单历史）,截至当前T0之前的可观察生命周期,天,float32,无历史次数为0；比率零分母/无有效值为NaN,history_features.py / snapshot()；历史结果按当前预测时刻重算，不能读取历史事件最终标签,V3-F1299,历史循环贷资格与订单转化,资格credit_time<当前T0；历史提单apply_time<当前T0；历史T0!=当前event_id；未来结果不参与,未入模,未被选定的特征族候选,0.9431207404249898,0.9435431224159192,0.9431400912429064,0.0013999575185564,0,V3新增
cyc_apply_calendar_days_l5,循环贷提单自然日间隔｜最近第5笔,DATE(同serial已知apply)−DATE(credit_time)，未提单/负值NaN原序列倒数第5笔，不足/原缺失为NaN,order_vir_f_copy + side_recycle_type_copy + order_loan_f_v2_copy（V2冻结订单历史）,截至当前T0之前的可观察生命周期,天,float32,无历史次数为0；比率零分母/无有效值为NaN,history_features.py / snapshot()；历史结果按当前预测时刻重算，不能读取历史事件最终标签,V3-F1300,历史循环贷资格与订单转化,资格credit_time<当前T0；历史提单apply_time<当前T0；历史T0!=当前event_id；未来结果不参与,未入模,未被选定的特征族候选,0.9602055865045884,0.9616931421617222,0.9589406921108268,0.0022338228365119,0,V3新增
cyc_apply_calendar_days_delta12,循环贷提单自然日间隔｜最近1−2笔,DATE(同serial已知apply)−DATE(credit_time)，未提单/负值NaN[−1]−[−2],order_vir_f_copy + side_recycle_type_copy + order_loan_f_v2_copy（V2冻结订单历史）,截至当前T0之前的可观察生命周期,天,float32,无历史次数为0；比率零分母/无有效值为NaN,history_features.py / snapshot()；历史结果按当前预测时刻重算，不能读取历史事件最终标签,V3-F1301,历史循环贷资格与订单转化,资格credit_time<当前T0；历史提单apply_time<当前T0；历史T0!=当前event_id；未来结果不参与,未入模,未被选定的特征族候选,0.9436694937260839,0.9440347526132966,0.949371314120396,0.0015825773212029,0,V3新增
cyc_apply_calendar_days_delta23,循环贷提单自然日间隔｜最近2−3笔,DATE(同serial已知apply)−DATE(credit_time)，未提单/负值NaN[−2]−[−3],order_vir_f_copy + side_recycle_type_copy + order_loan_f_v2_copy（V2冻结订单历史）,截至当前T0之前的可观察生命周期,天,float32,无历史次数为0；比率零分母/无有效值为NaN,history_features.py / snapshot()；历史结果按当前预测时刻重算，不能读取历史事件最终标签,V3-F1302,历史循环贷资格与订单转化,资格credit_time<当前T0；历史提单apply_time<当前T0；历史T0!=当前event_id；未来结果不参与,未入模,未被选定的特征族候选,0.9551149197203318,0.9521265020914432,0.9677311672415712,0.0067240054419053,0,V3新增
cyc_outcome_applied_n,循环贷按获额顺序结果｜已提单｜n,对原序列有效值判断已提单；n=符合次数，share=n/有效数，连续性缺失中断,order_vir_f_copy + side_recycle_type_copy + order_loan_f_v2_copy（V2冻结订单历史）,截至当前T0之前的可观察生命周期,次数,float32,无历史次数为0；比率零分母/无有效值为NaN,history_features.py / snapshot()；历史结果按当前预测时刻重算，不能读取历史事件最终标签,V3-F1303,历史循环贷资格与订单转化,资格credit_time<当前T0；历史提单apply_time<当前T0；历史T0!=当前event_id；未来结果不参与,未入模,未被选定的特征族候选,0.0,0.0,0.0,0.0195526171532321,0,V3新增
cyc_outcome_applied_share,循环贷按获额顺序结果｜已提单｜share,对原序列有效值判断已提单；n=符合次数，share=n/有效数，连续性缺失中断,order_vir_f_copy + side_recycle_type_copy + order_loan_f_v2_copy（V2冻结订单历史）,截至当前T0之前的可观察生命周期,比例,float32,无历史次数为0；比率零分母/无有效值为NaN,history_features.py / snapshot()；历史结果按当前预测时刻重算，不能读取历史事件最终标签,V3-F1304,历史循环贷资格与订单转化,资格credit_time<当前T0；历史提单apply_time<当前T0；历史T0!=当前event_id；未来结果不参与,未入模,未被选定的特征族候选,0.5579645172195846,0.601400743086954,0.4824746856570602,0.0697017238314929,0,V3新增
cyc_outcome_applied_current_streak,循环贷按获额顺序结果｜已提单｜current_streak,对原序列有效值判断已提单；n=符合次数，share=n/有效数，连续性缺失中断,order_vir_f_copy + side_recycle_type_copy + order_loan_f_v2_copy（V2冻结订单历史）,截至当前T0之前的可观察生命周期,次数,float32,无历史次数为0；比率零分母/无有效值为NaN,history_features.py / snapshot()；历史结果按当前预测时刻重算，不能读取历史事件最终标签,V3-F1305,历史循环贷资格与订单转化,资格credit_time<当前T0；历史提单apply_time<当前T0；历史T0!=当前event_id；未来结果不参与,未入模,未被选定的特征族候选,0.0,0.0,0.0,0.0075577498577323,0,V3新增
cyc_outcome_applied_max_streak,循环贷按获额顺序结果｜已提单｜max_streak,对原序列有效值判断已提单；n=符合次数，share=n/有效数，连续性缺失中断,order_vir_f_copy + side_recycle_type_copy + order_loan_f_v2_copy（V2冻结订单历史）,截至当前T0之前的可观察生命周期,次数,float32,无历史次数为0；比率零分母/无有效值为NaN,history_features.py / snapshot()；历史结果按当前预测时刻重算，不能读取历史事件最终标签,V3-F1306,历史循环贷资格与订单转化,资格credit_time<当前T0；历史提单apply_time<当前T0；历史T0!=当前event_id；未来结果不参与,未入模,未被选定的特征族候选,0.0,0.0,0.0,0.0205188851358719,0,V3新增
cyc_outcome_noapply_n,循环贷按获额顺序结果｜已结束未提单｜n,对原序列有效值判断已结束未提单；n=符合次数，share=n/有效数，连续性缺失中断,order_vir_f_copy + side_recycle_type_copy + order_loan_f_v2_copy（V2冻结订单历史）,截至当前T0之前的可观察生命周期,次数,float32,无历史次数为0；比率零分母/无有效值为NaN,history_features.py / snapshot()；历史结果按当前预测时刻重算，不能读取历史事件最终标签,V3-F1307,历史循环贷资格与订单转化,资格credit_time<当前T0；历史提单apply_time<当前T0；历史T0!=当前event_id；未来结果不参与,未入模,未被选定的特征族候选,0.0,0.0,0.0,0.0530772181408749,0,V3新增
cyc_outcome_noapply_share,循环贷按获额顺序结果｜已结束未提单｜share,对原序列有效值判断已结束未提单；n=符合次数，share=n/有效数，连续性缺失中断,order_vir_f_copy + side_recycle_type_copy + order_loan_f_v2_copy（V2冻结订单历史）,截至当前T0之前的可观察生命周期,比例,float32,无历史次数为0；比率零分母/无有效值为NaN,history_features.py / snapshot()；历史结果按当前预测时刻重算，不能读取历史事件最终标签,V3-F1308,历史循环贷资格与订单转化,资格credit_time<当前T0；历史提单apply_time<当前T0；历史T0!=当前event_id；未来结果不参与,未入模,未被选定的特征族候选,0.5579645172195846,0.601400743086954,0.4824746856570602,0.0676226408437123,0,V3新增
cyc_outcome_noapply_current_streak,循环贷按获额顺序结果｜已结束未提单｜current_streak,对原序列有效值判断已结束未提单；n=符合次数，share=n/有效数，连续性缺失中断,order_vir_f_copy + side_recycle_type_copy + order_loan_f_v2_copy（V2冻结订单历史）,截至当前T0之前的可观察生命周期,次数,float32,无历史次数为0；比率零分母/无有效值为NaN,history_features.py / snapshot()；历史结果按当前预测时刻重算，不能读取历史事件最终标签,V3-F1309,历史循环贷资格与订单转化,资格credit_time<当前T0；历史提单apply_time<当前T0；历史T0!=当前event_id；未来结果不参与,未入模,未被选定的特征族候选,0.0,0.0,0.0,0.0365915690098387,0,V3新增
cyc_outcome_noapply_max_streak,循环贷按获额顺序结果｜已结束未提单｜max_streak,对原序列有效值判断已结束未提单；n=符合次数，share=n/有效数，连续性缺失中断,order_vir_f_copy + side_recycle_type_copy + order_loan_f_v2_copy（V2冻结订单历史）,截至当前T0之前的可观察生命周期,次数,float32,无历史次数为0；比率零分母/无有效值为NaN,history_features.py / snapshot()；历史结果按当前预测时刻重算，不能读取历史事件最终标签,V3-F1310,历史循环贷资格与订单转化,资格credit_time<当前T0；历史提单apply_time<当前T0；历史T0!=当前event_id；未来结果不参与,未入模,未被选定的特征族候选,0.0,0.0,0.0,0.0338789935038472,0,V3新增
cyc_timing_d0_n,已知循环贷提单间隔｜当天｜n,对原序列有效值判断当天；n=符合次数，share=n/有效数，连续性缺失中断,order_vir_f_copy + side_recycle_type_copy + order_loan_f_v2_copy（V2冻结订单历史）,截至当前T0之前的可观察生命周期,次数,float32,无历史次数为0；比率零分母/无有效值为NaN,history_features.py / snapshot()；历史结果按当前预测时刻重算，不能读取历史事件最终标签,V3-F1311,历史循环贷资格与订单转化,资格credit_time<当前T0；历史提单apply_time<当前T0；历史T0!=当前event_id；未来结果不参与,未入模,未被选定的特征族候选,0.0,0.0,0.0,0.0028382684508442,0,V3新增
cyc_timing_d0_share,已知循环贷提单间隔｜当天｜share,对原序列有效值判断当天；n=符合次数，share=n/有效数，连续性缺失中断,order_vir_f_copy + side_recycle_type_copy + order_loan_f_v2_copy（V2冻结订单历史）,截至当前T0之前的可观察生命周期,比例,float32,无历史次数为0；比率零分母/无有效值为NaN,history_features.py / snapshot()；历史结果按当前预测时刻重算，不能读取历史事件最终标签,V3-F1312,历史循环贷资格与订单转化,资格credit_time<当前T0；历史提单apply_time<当前T0；历史T0!=当前event_id；未来结果不参与,未入模,未被选定的特征族候选,0.7552805256272691,0.7754297734471336,0.7237120284855902,0.0178694917180537,0,V3新增
cyc_timing_d0_current_streak,已知循环贷提单间隔｜当天｜current_streak,对原序列有效值判断当天；n=符合次数，share=n/有效数，连续性缺失中断,order_vir_f_copy + side_recycle_type_copy + order_loan_f_v2_copy（V2冻结订单历史）,截至当前T0之前的可观察生命周期,次数,float32,无历史次数为0；比率零分母/无有效值为NaN,history_features.py / snapshot()；历史结果按当前预测时刻重算，不能读取历史事件最终标签,V3-F1313,历史循环贷资格与订单转化,资格credit_time<当前T0；历史提单apply_time<当前T0；历史T0!=当前event_id；未来结果不参与,未入模,未被选定的特征族候选,0.0,0.0,0.0,0.0,0,V3新增
cyc_timing_d0_max_streak,已知循环贷提单间隔｜当天｜max_streak,对原序列有效值判断当天；n=符合次数，share=n/有效数，连续性缺失中断,order_vir_f_copy + side_recycle_type_copy + order_loan_f_v2_copy（V2冻结订单历史）,截至当前T0之前的可观察生命周期,次数,float32,无历史次数为0；比率零分母/无有效值为NaN,history_features.py / snapshot()；历史结果按当前预测时刻重算，不能读取历史事件最终标签,V3-F1314,历史循环贷资格与订单转化,资格credit_time<当前T0；历史提单apply_time<当前T0；历史T0!=当前event_id；未来结果不参与,未入模,未被选定的特征族候选,0.0,0.0,0.0,0.0028382684508442,0,V3新增
cyc_timing_d1_3_n,已知循环贷提单间隔｜1–3天｜n,对原序列有效值判断1–3天；n=符合次数，share=n/有效数，连续性缺失中断,order_vir_f_copy + side_recycle_type_copy + order_loan_f_v2_copy（V2冻结订单历史）,截至当前T0之前的可观察生命周期,次数,float32,无历史次数为0；比率零分母/无有效值为NaN,history_features.py / snapshot()；历史结果按当前预测时刻重算，不能读取历史事件最终标签,V3-F1315,历史循环贷资格与订单转化,资格credit_time<当前T0；历史提单apply_time<当前T0；历史T0!=当前event_id；未来结果不参与,未入模,未被选定的特征族候选,0.0,0.0,0.0,0.0034369624460076,0,V3新增
cyc_timing_d1_3_share,已知循环贷提单间隔｜1–3天｜share,对原序列有效值判断1–3天；n=符合次数，share=n/有效数，连续性缺失中断,order_vir_f_copy + side_recycle_type_copy + order_loan_f_v2_copy（V2冻结订单历史）,截至当前T0之前的可观察生命周期,比例,float32,无历史次数为0；比率零分母/无有效值为NaN,history_features.py / snapshot()；历史结果按当前预测时刻重算，不能读取历史事件最终标签,V3-F1316,历史循环贷资格与订单转化,资格credit_time<当前T0；历史提单apply_time<当前T0；历史T0!=当前event_id；未来结果不参与,未入模,未被选定的特征族候选,0.7552805256272691,0.7754297734471336,0.7237120284855902,0.0148203230902188,0,V3新增
cyc_timing_d1_3_current_streak,已知循环贷提单间隔｜1–3天｜current_streak,对原序列有效值判断1–3天；n=符合次数，share=n/有效数，连续性缺失中断,order_vir_f_copy + side_recycle_type_copy + order_loan_f_v2_copy（V2冻结订单历史）,截至当前T0之前的可观察生命周期,次数,float32,无历史次数为0；比率零分母/无有效值为NaN,history_features.py / snapshot()；历史结果按当前预测时刻重算，不能读取历史事件最终标签,V3-F1317,历史循环贷资格与订单转化,资格credit_time<当前T0；历史提单apply_time<当前T0；历史T0!=当前event_id；未来结果不参与,未入模,未被选定的特征族候选,0.0,0.0,0.0,0.0,0,V3新增
cyc_timing_d1_3_max_streak,已知循环贷提单间隔｜1–3天｜max_streak,对原序列有效值判断1–3天；n=符合次数，share=n/有效数，连续性缺失中断,order_vir_f_copy + side_recycle_type_copy + order_loan_f_v2_copy（V2冻结订单历史）,截至当前T0之前的可观察生命周期,次数,float32,无历史次数为0；比率零分母/无有效值为NaN,history_features.py / snapshot()；历史结果按当前预测时刻重算，不能读取历史事件最终标签,V3-F1318,历史循环贷资格与订单转化,资格credit_time<当前T0；历史提单apply_time<当前T0；历史T0!=当前event_id；未来结果不参与,未入模,未被选定的特征族候选,0.0,0.0,0.0,0.0034369624460076,0,V3新增
cyc_timing_d4_7_n,已知循环贷提单间隔｜4–7天｜n,对原序列有效值判断4–7天；n=符合次数，share=n/有效数，连续性缺失中断,order_vir_f_copy + side_recycle_type_copy + order_loan_f_v2_copy（V2冻结订单历史）,截至当前T0之前的可观察生命周期,次数,float32,无历史次数为0；比率零分母/无有效值为NaN,history_features.py / snapshot()；历史结果按当前预测时刻重算，不能读取历史事件最终标签,V3-F1319,历史循环贷资格与订单转化,资格credit_time<当前T0；历史提单apply_time<当前T0；历史T0!=当前event_id；未来结果不参与,未入模,未被选定的特征族候选,0.0,0.0,0.0,0.0,0,V3新增
cyc_timing_d4_7_share,已知循环贷提单间隔｜4–7天｜share,对原序列有效值判断4–7天；n=符合次数，share=n/有效数，连续性缺失中断,order_vir_f_copy + side_recycle_type_copy + order_loan_f_v2_copy（V2冻结订单历史）,截至当前T0之前的可观察生命周期,比例,float32,无历史次数为0；比率零分母/无有效值为NaN,history_features.py / snapshot()；历史结果按当前预测时刻重算，不能读取历史事件最终标签,V3-F1320,历史循环贷资格与订单转化,资格credit_time<当前T0；历史提单apply_time<当前T0；历史T0!=当前event_id；未来结果不参与,未入模,未被选定的特征族候选,0.7552805256272691,0.7754297734471336,0.7237120284855902,0.015944817175962,0,V3新增
cyc_timing_d4_7_current_streak,已知循环贷提单间隔｜4–7天｜current_streak,对原序列有效值判断4–7天；n=符合次数，share=n/有效数，连续性缺失中断,order_vir_f_copy + side_recycle_type_copy + order_loan_f_v2_copy（V2冻结订单历史）,截至当前T0之前的可观察生命周期,次数,float32,无历史次数为0；比率零分母/无有效值为NaN,history_features.py / snapshot()；历史结果按当前预测时刻重算，不能读取历史事件最终标签,V3-F1321,历史循环贷资格与订单转化,资格credit_time<当前T0；历史提单apply_time<当前T0；历史T0!=当前event_id；未来结果不参与,未入模,未被选定的特征族候选,0.0,0.0,0.0,0.0,0,V3新增
cyc_timing_d4_7_max_streak,已知循环贷提单间隔｜4–7天｜max_streak,对原序列有效值判断4–7天；n=符合次数，share=n/有效数，连续性缺失中断,order_vir_f_copy + side_recycle_type_copy + order_loan_f_v2_copy（V2冻结订单历史）,截至当前T0之前的可观察生命周期,次数,float32,无历史次数为0；比率零分母/无有效值为NaN,history_features.py / snapshot()；历史结果按当前预测时刻重算，不能读取历史事件最终标签,V3-F1322,历史循环贷资格与订单转化,资格credit_time<当前T0；历史提单apply_time<当前T0；历史T0!=当前event_id；未来结果不参与,未入模,未被选定的特征族候选,0.0,0.0,0.0,0.0,0,V3新增
cyc_timing_d8_14_n,已知循环贷提单间隔｜8–14天｜n,对原序列有效值判断8–14天；n=符合次数，share=n/有效数，连续性缺失中断,order_vir_f_copy + side_recycle_type_copy + order_loan_f_v2_copy（V2冻结订单历史）,截至当前T0之前的可观察生命周期,次数,float32,无历史次数为0；比率零分母/无有效值为NaN,history_features.py / snapshot()；历史结果按当前预测时刻重算，不能读取历史事件最终标签,V3-F1323,历史循环贷资格与订单转化,资格credit_time<当前T0；历史提单apply_time<当前T0；历史T0!=当前event_id；未来结果不参与,未入模,未被选定的特征族候选,0.0,0.0,0.0,0.0,0,V3新增
cyc_timing_d8_14_share,已知循环贷提单间隔｜8–14天｜share,对原序列有效值判断8–14天；n=符合次数，share=n/有效数，连续性缺失中断,order_vir_f_copy + side_recycle_type_copy + order_loan_f_v2_copy（V2冻结订单历史）,截至当前T0之前的可观察生命周期,比例,float32,无历史次数为0；比率零分母/无有效值为NaN,history_features.py / snapshot()；历史结果按当前预测时刻重算，不能读取历史事件最终标签,V3-F1324,历史循环贷资格与订单转化,资格credit_time<当前T0；历史提单apply_time<当前T0；历史T0!=当前event_id；未来结果不参与,未入模,未被选定的特征族候选,0.7552805256272691,0.7754297734471336,0.7237120284855902,0.0142885312507402,0,V3新增
cyc_timing_d8_14_current_streak,已知循环贷提单间隔｜8–14天｜current_streak,对原序列有效值判断8–14天；n=符合次数，share=n/有效数，连续性缺失中断,order_vir_f_copy + side_recycle_type_copy + order_loan_f_v2_copy（V2冻结订单历史）,截至当前T0之前的可观察生命周期,次数,float32,无历史次数为0；比率零分母/无有效值为NaN,history_features.py / snapshot()；历史结果按当前预测时刻重算，不能读取历史事件最终标签,V3-F1325,历史循环贷资格与订单转化,资格credit_time<当前T0；历史提单apply_time<当前T0；历史T0!=当前event_id；未来结果不参与,未入模,未被选定的特征族候选,0.0,0.0,0.0,0.0,0,V3新增
cyc_timing_d8_14_max_streak,已知循环贷提单间隔｜8–14天｜max_streak,对原序列有效值判断8–14天；n=符合次数，share=n/有效数，连续性缺失中断,order_vir_f_copy + side_recycle_type_copy + order_loan_f_v2_copy（V2冻结订单历史）,截至当前T0之前的可观察生命周期,次数,float32,无历史次数为0；比率零分母/无有效值为NaN,history_features.py / snapshot()；历史结果按当前预测时刻重算，不能读取历史事件最终标签,V3-F1326,历史循环贷资格与订单转化,资格credit_time<当前T0；历史提单apply_time<当前T0；历史T0!=当前event_id；未来结果不参与,未入模,未被选定的特征族候选,0.0,0.0,0.0,0.0,0,V3新增
cyc_outcome_l1,最近第1次循环贷订单结果,已提单1、已结束未提单0、未结束/无历史NaN,order_vir_f_copy + side_recycle_type_copy + order_loan_f_v2_copy（V2冻结订单历史）,截至当前T0之前的可观察生命周期,0/1,float32,无历史次数为0；比率零分母/无有效值为NaN,history_features.py / snapshot()；历史结果按当前预测时刻重算，不能读取历史事件最终标签,V3-F1327,历史循环贷资格与订单转化,资格credit_time<当前T0；历史提单apply_time<当前T0；历史T0!=当前event_id；未来结果不参与,未入模,未被选定的特征族候选,0.5579645172195846,0.601400743086954,0.4824746856570602,0.0572551603600849,0,V3新增
cyc_outcome_l2,最近第2次循环贷订单结果,已提单1、已结束未提单0、未结束/无历史NaN,order_vir_f_copy + side_recycle_type_copy + order_loan_f_v2_copy（V2冻结订单历史）,截至当前T0之前的可观察生命周期,0/1,float32,无历史次数为0；比率零分母/无有效值为NaN,history_features.py / snapshot()；历史结果按当前预测时刻重算，不能读取历史事件最终标签,V3-F1328,历史循环贷资格与订单转化,资格credit_time<当前T0；历史提单apply_time<当前T0；历史T0!=当前event_id；未来结果不参与,未入模,未被选定的特征族候选,0.7669121357772454,0.7866244348267608,0.7193724268387671,0.0244357695372918,0,V3新增
cyc_outcome_l3,最近第3次循环贷订单结果,已提单1、已结束未提单0、未结束/无历史NaN,order_vir_f_copy + side_recycle_type_copy + order_loan_f_v2_copy（V2冻结订单历史）,截至当前T0之前的可观察生命周期,0/1,float32,无历史次数为0；比率零分母/无有效值为NaN,history_features.py / snapshot()；历史结果按当前预测时刻重算，不能读取历史事件最终标签,V3-F1329,历史循环贷资格与订单转化,资格credit_time<当前T0；历史提单apply_time<当前T0；历史T0!=当前event_id；未来结果不参与,未入模,未被选定的特征族候选,0.8555406934869842,0.8648984098583944,0.8218537888060532,0.0141025868351652,0,V3新增
cyc_outcome_l4,最近第4次循环贷订单结果,已提单1、已结束未提单0、未结束/无历史NaN,order_vir_f_copy + side_recycle_type_copy + order_loan_f_v2_copy（V2冻结订单历史）,截至当前T0之前的可观察生命周期,0/1,float32,无历史次数为0；比率零分母/无有效值为NaN,history_features.py / snapshot()；历史结果按当前预测时刻重算，不能读取历史事件最终标签,V3-F1330,历史循环贷资格与订单转化,资格credit_time<当前T0；历史提单apply_time<当前T0；历史T0!=当前event_id；未来结果不参与,未入模,未被选定的特征族候选,0.9026403853032107,0.9080651530904196,0.8804940469567153,0.0080816153232102,0,V3新增
cyc_outcome_l5,最近第5次循环贷订单结果,已提单1、已结束未提单0、未结束/无历史NaN,order_vir_f_copy + side_recycle_type_copy + order_loan_f_v2_copy（V2冻结订单历史）,截至当前T0之前的可观察生命周期,0/1,float32,无历史次数为0；比率零分母/无有效值为NaN,history_features.py / snapshot()；历史结果按当前预测时刻重算，不能读取历史事件最终标签,V3-F1331,历史循环贷资格与订单转化,资格credit_time<当前T0；历史提单apply_time<当前T0；历史T0!=当前event_id；未来结果不参与,未入模,未被选定的特征族候选,0.930528811998099,0.93447617205445,0.9132079670635362,0.0064681600608972,0,V3新增
t0hist_ever,曾有严格T0事件,INT(当前T0之前type3批准、同日整笔结清0在贷、20秒批次事件>0),order_vir_f_copy + side_recycle_type_copy + order_loan_f_v2_copy（V2冻结订单历史）,截至当前T0之前的可观察生命周期,0/1,float32,无历史次数为0；比率零分母/无有效值为NaN,history_features.py / snapshot()；历史结果按当前预测时刻重算，不能读取历史事件最终标签,V3-F1332,历史T0提单与时点习惯,资格credit_time<当前T0；历史提单apply_time<当前T0；历史T0!=当前event_id；未来结果不参与,已入模,选定候选保留,0.0,0.0,0.0,0.0,0.0,V3新增
t0hist_event_n,历史严格T0事件数,不含当前T0事件；全生命周期，不仅2026年,order_vir_f_copy + side_recycle_type_copy + order_loan_f_v2_copy（V2冻结订单历史）,截至当前T0之前的可观察生命周期,次数,float32,无历史次数为0；比率零分母/无有效值为NaN,history_features.py / snapshot()；历史结果按当前预测时刻重算，不能读取历史事件最终标签,V3-F1333,历史T0提单与时点习惯,资格credit_time<当前T0；历史提单apply_time<当前T0；历史T0!=当前event_id；未来结果不参与,已入模,选定候选保留,0.0,0.0,0.0,0.0317909778863493,13.008299827575684,V3新增
t0hist_observed_applied_n,历史T0截至预测时点已回流提单数,任意serial提单归最近前序严格T0，apply<当前T0,order_vir_f_copy + side_recycle_type_copy + order_loan_f_v2_copy（V2冻结订单历史）,截至当前T0之前的可观察生命周期,次数,float32,无历史次数为0；比率零分母/无有效值为NaN,history_features.py / snapshot()；历史结果按当前预测时刻重算，不能读取历史事件最终标签,V3-F1334,历史T0提单与时点习惯,资格credit_time<当前T0；历史提单apply_time<当前T0；历史T0!=当前event_id；未来结果不参与,已入模,选定候选保留,0.0,0.0,0.0,0.0335150851645142,81.78039932250977,V3新增
t0hist_first_age_days,距首次历史T0天数,当前T0−第一历史T0,order_vir_f_copy + side_recycle_type_copy + order_loan_f_v2_copy（V2冻结订单历史）,截至当前T0之前的可观察生命周期,天,float32,无历史次数为0；比率零分母/无有效值为NaN,history_features.py / snapshot()；历史结果按当前预测时刻重算，不能读取历史事件最终标签,V3-F1335,历史T0提单与时点习惯,资格credit_time<当前T0；历史提单apply_time<当前T0；历史T0!=当前event_id；未来结果不参与,已入模,选定候选保留,0.451134008495877,0.4315465396487665,0.5048403249137643,0.0334045926122792,218.81739807128903,V3新增
t0hist_last_age_days,距最近历史T0天数,当前T0−最后历史T0，不含当前,order_vir_f_copy + side_recycle_type_copy + order_loan_f_v2_copy（V2冻结订单历史）,截至当前T0之前的可观察生命周期,天,float32,无历史次数为0；比率零分母/无有效值为NaN,history_features.py / snapshot()；历史结果按当前预测时刻重算，不能读取历史事件最终标签,V3-F1336,历史T0提单与时点习惯,资格credit_time<当前T0；历史提单apply_time<当前T0；历史T0!=当前event_id；未来结果不参与,已入模,选定候选保留,0.451134008495877,0.4315465396487665,0.5048403249137643,0.0860280161357783,4337.841794013977,V3新增
t0hist_last_apply_age_days,距历史T0最近回流提单天数,当前T0−历史T0归属的最后已知首次提单,order_vir_f_copy + side_recycle_type_copy + order_loan_f_v2_copy（V2冻结订单历史）,截至当前T0之前的可观察生命周期,天,float32,无历史次数为0；比率零分母/无有效值为NaN,history_features.py / snapshot()；历史结果按当前预测时刻重算，不能读取历史事件最终标签,V3-F1337,历史T0提单与时点习惯,资格credit_time<当前T0；历史提单apply_time<当前T0；历史T0!=当前event_id；未来结果不参与,已入模,选定候选保留,0.4773075811248463,0.456103870983341,0.5362189829754089,0.100390967999279,454.44719982147217,V3新增
t0hist_first_apply_days_valid_n,历史T0至首次提单经过天数｜有效历史数,valid_n(first_apply<当前T0且归最近前序T0；无提单NaN)；保留缺失原位置，不跳过后重排,order_vir_f_copy + side_recycle_type_copy + order_loan_f_v2_copy（V2冻结订单历史）,截至当前T0之前的可观察生命周期,次数,float32,无历史次数为0；比率零分母/无有效值为NaN,history_features.py / snapshot()；历史结果按当前预测时刻重算，不能读取历史事件最终标签,V3-F1338,历史T0提单与时点习惯,资格credit_time<当前T0；历史提单apply_time<当前T0；历史T0!=当前event_id；未来结果不参与,已入模,选定候选保留,0.0,0.0,0.0,0.0335150851645142,0.0,V3新增
t0hist_first_apply_days_mean,历史T0至首次提单经过天数｜均值,mean(first_apply<当前T0且归最近前序T0；无提单NaN)；保留缺失原位置，不跳过后重排,order_vir_f_copy + side_recycle_type_copy + order_loan_f_v2_copy（V2冻结订单历史）,截至当前T0之前的可观察生命周期,天,float32,无历史次数为0；比率零分母/无有效值为NaN,history_features.py / snapshot()；历史结果按当前预测时刻重算，不能读取历史事件最终标签,V3-F1339,历史T0提单与时点习惯,资格credit_time<当前T0；历史提单apply_time<当前T0；历史T0!=当前event_id；未来结果不参与,已入模,选定候选保留,0.4773075811248463,0.456103870983341,0.5362189829754089,0.099761924414816,523.5856018066406,V3新增
t0hist_first_apply_days_std,历史T0至首次提单经过天数｜总体标准差,std(first_apply<当前T0且归最近前序T0；无提单NaN)；保留缺失原位置，不跳过后重排,order_vir_f_copy + side_recycle_type_copy + order_loan_f_v2_copy（V2冻结订单历史）,截至当前T0之前的可观察生命周期,天,float32,无历史次数为0；比率零分母/无有效值为NaN,history_features.py / snapshot()；历史结果按当前预测时刻重算，不能读取历史事件最终标签,V3-F1340,历史T0提单与时点习惯,资格credit_time<当前T0；历史提单apply_time<当前T0；历史T0!=当前event_id；未来结果不参与,已入模,选定候选保留,0.4773075811248463,0.456103870983341,0.5362189829754089,0.0375786126463075,28.796199798583984,V3新增
t0hist_first_apply_days_min,历史T0至首次提单经过天数｜最小值,min(first_apply<当前T0且归最近前序T0；无提单NaN)；保留缺失原位置，不跳过后重排,order_vir_f_copy + side_recycle_type_copy + order_loan_f_v2_copy（V2冻结订单历史）,截至当前T0之前的可观察生命周期,天,float32,无历史次数为0；比率零分母/无有效值为NaN,history_features.py / snapshot()；历史结果按当前预测时刻重算，不能读取历史事件最终标签,V3-F1341,历史T0提单与时点习惯,资格credit_time<当前T0；历史提单apply_time<当前T0；历史T0!=当前event_id；未来结果不参与,已入模,选定候选保留,0.4773075811248463,0.456103870983341,0.5362189829754089,0.1481356698724063,3490.1274061203003,V3新增
t0hist_first_apply_days_max,历史T0至首次提单经过天数｜最大值,max(first_apply<当前T0且归最近前序T0；无提单NaN)；保留缺失原位置，不跳过后重排,order_vir_f_copy + side_recycle_type_copy + order_loan_f_v2_copy（V2冻结订单历史）,截至当前T0之前的可观察生命周期,天,float32,无历史次数为0；比率零分母/无有效值为NaN,history_features.py / snapshot()；历史结果按当前预测时刻重算，不能读取历史事件最终标签,V3-F1342,历史T0提单与时点习惯,资格credit_time<当前T0；历史提单apply_time<当前T0；历史T0!=当前event_id；未来结果不参与,已入模,选定候选保留,0.4773075811248463,0.456103870983341,0.5362189829754089,0.0790809665365182,59.4975004196167,V3新增
t0hist_first_apply_days_last_first_delta,历史T0至首次提单经过天数｜最近有效值−最早有效值,last_first_delta(first_apply<当前T0且归最近前序T0；无提单NaN)；保留缺失原位置，不跳过后重排,order_vir_f_copy + side_recycle_type_copy + order_loan_f_v2_copy（V2冻结订单历史）,截至当前T0之前的可观察生命周期,天,float32,无历史次数为0；比率零分母/无有效值为NaN,history_features.py / snapshot()；历史结果按当前预测时刻重算，不能读取历史事件最终标签,V3-F1343,历史T0提单与时点习惯,资格credit_time<当前T0；历史提单apply_time<当前T0；历史T0!=当前event_id；未来结果不参与,已入模,选定候选保留,0.6934575867593668,0.6744924522675435,0.7452987648826083,0.0386990507145317,263.4440927505493,V3新增
t0hist_first_apply_days_last3_mean,历史T0至首次提单经过天数｜最近3笔中有效值均值,last3_mean(first_apply<当前T0且归最近前序T0；无提单NaN)；保留缺失原位置，不跳过后重排,order_vir_f_copy + side_recycle_type_copy + order_loan_f_v2_copy（V2冻结订单历史）,截至当前T0之前的可观察生命周期,天,float32,无历史次数为0；比率零分母/无有效值为NaN,history_features.py / snapshot()；历史结果按当前预测时刻重算，不能读取历史事件最终标签,V3-F1344,历史T0提单与时点习惯,资格credit_time<当前T0；历史提单apply_time<当前T0；历史T0!=当前event_id；未来结果不参与,已入模,选定候选保留,0.4773075811248463,0.456103870983341,0.5362189829754089,0.1036661492082524,1423.3303956985474,V3新增
t0hist_first_apply_days_last5_mean,历史T0至首次提单经过天数｜最近5笔中有效值均值,last5_mean(first_apply<当前T0且归最近前序T0；无提单NaN)；保留缺失原位置，不跳过后重排,order_vir_f_copy + side_recycle_type_copy + order_loan_f_v2_copy（V2冻结订单历史）,截至当前T0之前的可观察生命周期,天,float32,无历史次数为0；比率零分母/无有效值为NaN,history_features.py / snapshot()；历史结果按当前预测时刻重算，不能读取历史事件最终标签,V3-F1345,历史T0提单与时点习惯,资格credit_time<当前T0；历史提单apply_time<当前T0；历史T0!=当前event_id；未来结果不参与,已入模,选定候选保留,0.4773075811248463,0.456103870983341,0.5362189829754089,0.0988688768912125,963.468713760376,V3新增
t0hist_first_apply_days_slope,历史T0至首次提单经过天数｜按原序号OLS斜率,slope(first_apply<当前T0且归最近前序T0；无提单NaN)；保留缺失原位置，不跳过后重排,order_vir_f_copy + side_recycle_type_copy + order_loan_f_v2_copy（V2冻结订单历史）,截至当前T0之前的可观察生命周期,天,float32,无历史次数为0；比率零分母/无有效值为NaN,history_features.py / snapshot()；历史结果按当前预测时刻重算，不能读取历史事件最终标签,V3-F1346,历史T0提单与时点习惯,资格credit_time<当前T0；历史提单apply_time<当前T0；历史T0!=当前event_id；未来结果不参与,已入模,选定候选保留,0.6934575867593668,0.6744924522675435,0.7452987648826083,0.0413901844465998,90.9665002822876,V3新增
t0hist_first_apply_days_recent_lifetime_delta,历史T0至首次提单经过天数｜最近3笔均值−全历史均值,recent_lifetime_delta(first_apply<当前T0且归最近前序T0；无提单NaN)；保留缺失原位置，不跳过后重排,order_vir_f_copy + side_recycle_type_copy + order_loan_f_v2_copy（V2冻结订单历史）,截至当前T0之前的可观察生命周期,天,float32,无历史次数为0；比率零分母/无有效值为NaN,history_features.py / snapshot()；历史结果按当前预测时刻重算，不能读取历史事件最终标签,V3-F1347,历史T0提单与时点习惯,资格credit_time<当前T0；历史提单apply_time<当前T0；历史T0!=当前event_id；未来结果不参与,已入模,选定候选保留,0.4773075811248463,0.456103870983341,0.5362189829754089,0.032233380015652,31.971199989318848,V3新增
t0hist_first_apply_days_l1,历史T0至首次提单经过天数｜最近第1笔,first_apply<当前T0且归最近前序T0；无提单NaN原序列倒数第1笔，不足/原缺失为NaN,order_vir_f_copy + side_recycle_type_copy + order_loan_f_v2_copy（V2冻结订单历史）,截至当前T0之前的可观察生命周期,天,float32,无历史次数为0；比率零分母/无有效值为NaN,history_features.py / snapshot()；历史结果按当前预测时刻重算，不能读取历史事件最终标签,V3-F1348,历史T0提单与时点习惯,资格credit_time<当前T0；历史提单apply_time<当前T0；历史T0!=当前event_id；未来结果不参与,已入模,选定候选保留,0.5070235522956996,0.4868267285637144,0.5629242238789363,0.1197320960843769,522.6678953170776,V3新增
t0hist_first_apply_days_l2,历史T0至首次提单经过天数｜最近第2笔,first_apply<当前T0且归最近前序T0；无提单NaN原序列倒数第2笔，不足/原缺失为NaN,order_vir_f_copy + side_recycle_type_copy + order_loan_f_v2_copy（V2冻结订单历史）,截至当前T0之前的可观察生命周期,天,float32,无历史次数为0；比率零分母/无有效值为NaN,history_features.py / snapshot()；历史结果按当前预测时刻重算，不能读取历史事件最终标签,V3-F1349,历史T0提单与时点习惯,资格credit_time<当前T0；历史提单apply_time<当前T0；历史T0!=当前event_id；未来结果不参与,已入模,选定候选保留,0.6881709366532908,0.6700033043996872,0.7394013575164126,0.0763334131808271,330.09549713134766,V3新增
t0hist_first_apply_days_l3,历史T0至首次提单经过天数｜最近第3笔,first_apply<当前T0且归最近前序T0；无提单NaN原序列倒数第3笔，不足/原缺失为NaN,order_vir_f_copy + side_recycle_type_copy + order_loan_f_v2_copy（V2冻结订单历史）,截至当前T0之前的可观察生命周期,天,float32,无历史次数为0；比率零分母/无有效值为NaN,history_features.py / snapshot()；历史结果按当前预测时刻重算，不能读取历史事件最终标签,V3-F1350,历史T0提单与时点习惯,资格credit_time<当前T0；历史提单apply_time<当前T0；历史T0!=当前event_id；未来结果不参与,已入模,选定候选保留,0.8052709714403304,0.7915810343576972,0.846667408478914,0.0502093242313611,104.46199989318848,V3新增
t0hist_first_apply_days_l4,历史T0至首次提单经过天数｜最近第4笔,first_apply<当前T0且归最近前序T0；无提单NaN原序列倒数第4笔，不足/原缺失为NaN,order_vir_f_copy + side_recycle_type_copy + order_loan_f_v2_copy（V2冻结订单历史）,截至当前T0之前的可观察生命周期,天,float32,无历史次数为0；比率零分母/无有效值为NaN,history_features.py / snapshot()；历史结果按当前预测时刻重算，不能读取历史事件最终标签,V3-F1351,历史T0提单与时点习惯,资格credit_time<当前T0；历史提单apply_time<当前T0；历史T0!=当前event_id；未来结果不参与,已入模,选定候选保留,0.8727823262240383,0.8637539592349912,0.9038611327473016,0.0268007962224608,18.9064998626709,V3新增
t0hist_first_apply_days_l5,历史T0至首次提单经过天数｜最近第5笔,first_apply<当前T0且归最近前序T0；无提单NaN原序列倒数第5笔，不足/原缺失为NaN,order_vir_f_copy + side_recycle_type_copy + order_loan_f_v2_copy（V2冻结订单历史）,截至当前T0之前的可观察生命周期,天,float32,无历史次数为0；比率零分母/无有效值为NaN,history_features.py / snapshot()；历史结果按当前预测时刻重算，不能读取历史事件最终标签,V3-F1352,历史T0提单与时点习惯,资格credit_time<当前T0；历史提单apply_time<当前T0；历史T0!=当前event_id；未来结果不参与,已入模,选定候选保留,0.9141250079618225,0.908516485730635,0.9366863246912208,0.0203683461379066,185.68096160888672,V3新增
t0hist_first_apply_days_delta12,历史T0至首次提单经过天数｜最近1−2笔,first_apply<当前T0且归最近前序T0；无提单NaN[−1]−[−2],order_vir_f_copy + side_recycle_type_copy + order_loan_f_v2_copy（V2冻结订单历史）,截至当前T0之前的可观察生命周期,天,float32,无历史次数为0；比率零分母/无有效值为NaN,history_features.py / snapshot()；历史结果按当前预测时刻重算，不能读取历史事件最终标签,V3-F1353,历史T0提单与时点习惯,资格credit_time<当前T0；历史提单apply_time<当前T0；历史T0!=当前event_id；未来结果不参与,已入模,选定候选保留,0.716627714981455,0.699339926013685,0.7654389673973517,0.0393659312887716,41.25220012664795,V3新增
t0hist_first_apply_days_delta23,历史T0至首次提单经过天数｜最近2−3笔,first_apply<当前T0且归最近前序T0；无提单NaN[−2]−[−3],order_vir_f_copy + side_recycle_type_copy + order_loan_f_v2_copy（V2冻结订单历史）,截至当前T0之前的可观察生命周期,天,float32,无历史次数为0；比率零分母/无有效值为NaN,history_features.py / snapshot()；历史结果按当前预测时刻重算，不能读取历史事件最终标签,V3-F1354,历史T0提单与时点习惯,资格credit_time<当前T0；历史提单apply_time<当前T0；历史T0!=当前event_id；未来结果不参与,已入模,选定候选保留,0.8109789856883179,0.798012524480766,0.8504506509402471,0.0275117844225419,43.78109931945801,V3新增
t0hist_first_apply_calendar_valid_n,历史T0首次提单第几自然日｜有效历史数,valid_n(DATE(first_apply)−DATE(历史T0)，无提单NaN)；保留缺失原位置，不跳过后重排,order_vir_f_copy + side_recycle_type_copy + order_loan_f_v2_copy（V2冻结订单历史）,截至当前T0之前的可观察生命周期,次数,float32,无历史次数为0；比率零分母/无有效值为NaN,history_features.py / snapshot()；历史结果按当前预测时刻重算，不能读取历史事件最终标签,V3-F1355,历史T0提单与时点习惯,资格credit_time<当前T0；历史提单apply_time<当前T0；历史T0!=当前event_id；未来结果不参与,已入模,选定候选保留,0.0,0.0,0.0,0.0335150851645142,0.0,V3新增
t0hist_first_apply_calendar_mean,历史T0首次提单第几自然日｜均值,mean(DATE(first_apply)−DATE(历史T0)，无提单NaN)；保留缺失原位置，不跳过后重排,order_vir_f_copy + side_recycle_type_copy + order_loan_f_v2_copy（V2冻结订单历史）,截至当前T0之前的可观察生命周期,天,float32,无历史次数为0；比率零分母/无有效值为NaN,history_features.py / snapshot()；历史结果按当前预测时刻重算，不能读取历史事件最终标签,V3-F1356,历史T0提单与时点习惯,资格credit_time<当前T0；历史提单apply_time<当前T0；历史T0!=当前event_id；未来结果不参与,已入模,选定候选保留,0.4773075811248463,0.456103870983341,0.5362189829754089,0.050082521259853,1320.854974746704,V3新增
t0hist_first_apply_calendar_std,历史T0首次提单第几自然日｜总体标准差,std(DATE(first_apply)−DATE(历史T0)，无提单NaN)；保留缺失原位置，不跳过后重排,order_vir_f_copy + side_recycle_type_copy + order_loan_f_v2_copy（V2冻结订单历史）,截至当前T0之前的可观察生命周期,天,float32,无历史次数为0；比率零分母/无有效值为NaN,history_features.py / snapshot()；历史结果按当前预测时刻重算，不能读取历史事件最终标签,V3-F1357,历史T0提单与时点习惯,资格credit_time<当前T0；历史提单apply_time<当前T0；历史T0!=当前event_id；未来结果不参与,已入模,选定候选保留,0.4773075811248463,0.456103870983341,0.5362189829754089,0.03384331838695,22.656999588012695,V3新增
t0hist_first_apply_calendar_min,历史T0首次提单第几自然日｜最小值,min(DATE(first_apply)−DATE(历史T0)，无提单NaN)；保留缺失原位置，不跳过后重排,order_vir_f_copy + side_recycle_type_copy + order_loan_f_v2_copy（V2冻结订单历史）,截至当前T0之前的可观察生命周期,天,float32,无历史次数为0；比率零分母/无有效值为NaN,history_features.py / snapshot()；历史结果按当前预测时刻重算，不能读取历史事件最终标签,V3-F1358,历史T0提单与时点习惯,资格credit_time<当前T0；历史提单apply_time<当前T0；历史T0!=当前event_id；未来结果不参与,已入模,选定候选保留,0.4773075811248463,0.456103870983341,0.5362189829754089,0.0482895884481706,0.0,V3新增
t0hist_first_apply_calendar_max,历史T0首次提单第几自然日｜最大值,max(DATE(first_apply)−DATE(历史T0)，无提单NaN)；保留缺失原位置，不跳过后重排,order_vir_f_copy + side_recycle_type_copy + order_loan_f_v2_copy（V2冻结订单历史）,截至当前T0之前的可观察生命周期,天,float32,无历史次数为0；比率零分母/无有效值为NaN,history_features.py / snapshot()；历史结果按当前预测时刻重算，不能读取历史事件最终标签,V3-F1359,历史T0提单与时点习惯,资格credit_time<当前T0；历史提单apply_time<当前T0；历史T0!=当前event_id；未来结果不参与,已入模,选定候选保留,0.4773075811248463,0.456103870983341,0.5362189829754089,0.0427427346699962,25.73740005493164,V3新增
t0hist_first_apply_calendar_last_first_delta,历史T0首次提单第几自然日｜最近有效值−最早有效值,last_first_delta(DATE(first_apply)−DATE(历史T0)，无提单NaN)；保留缺失原位置，不跳过后重排,order_vir_f_copy + side_recycle_type_copy + order_loan_f_v2_copy（V2冻结订单历史）,截至当前T0之前的可观察生命周期,天,float32,无历史次数为0；比率零分母/无有效值为NaN,history_features.py / snapshot()；历史结果按当前预测时刻重算，不能读取历史事件最终标签,V3-F1360,历史T0提单与时点习惯,资格credit_time<当前T0；历史提单apply_time<当前T0；历史T0!=当前event_id；未来结果不参与,已入模,选定候选保留,0.6934575867593668,0.6744924522675435,0.7452987648826083,0.0391721789848861,202.29060173034668,V3新增
t0hist_first_apply_calendar_last3_mean,历史T0首次提单第几自然日｜最近3笔中有效值均值,last3_mean(DATE(first_apply)−DATE(历史T0)，无提单NaN)；保留缺失原位置，不跳过后重排,order_vir_f_copy + side_recycle_type_copy + order_loan_f_v2_copy（V2冻结订单历史）,截至当前T0之前的可观察生命周期,天,float32,无历史次数为0；比率零分母/无有效值为NaN,history_features.py / snapshot()；历史结果按当前预测时刻重算，不能读取历史事件最终标签,V3-F1361,历史T0提单与时点习惯,资格credit_time<当前T0；历史提单apply_time<当前T0；历史T0!=当前event_id；未来结果不参与,已入模,选定候选保留,0.4773075811248463,0.456103870983341,0.5362189829754089,0.0524432283887288,1145.0257139205933,V3新增
t0hist_first_apply_calendar_last5_mean,历史T0首次提单第几自然日｜最近5笔中有效值均值,last5_mean(DATE(first_apply)−DATE(历史T0)，无提单NaN)；保留缺失原位置，不跳过后重排,order_vir_f_copy + side_recycle_type_copy + order_loan_f_v2_copy（V2冻结订单历史）,截至当前T0之前的可观察生命周期,天,float32,无历史次数为0；比率零分母/无有效值为NaN,history_features.py / snapshot()；历史结果按当前预测时刻重算，不能读取历史事件最终标签,V3-F1362,历史T0提单与时点习惯,资格credit_time<当前T0；历史提单apply_time<当前T0；历史T0!=当前event_id；未来结果不参与,已入模,选定候选保留,0.4773075811248463,0.456103870983341,0.5362189829754089,0.0522223131579799,1302.9794931411743,V3新增
t0hist_first_apply_calendar_slope,历史T0首次提单第几自然日｜按原序号OLS斜率,slope(DATE(first_apply)−DATE(历史T0)，无提单NaN)；保留缺失原位置，不跳过后重排,order_vir_f_copy + side_recycle_type_copy + order_loan_f_v2_copy（V2冻结订单历史）,截至当前T0之前的可观察生命周期,天,float32,无历史次数为0；比率零分母/无有效值为NaN,history_features.py / snapshot()；历史结果按当前预测时刻重算，不能读取历史事件最终标签,V3-F1363,历史T0提单与时点习惯,资格credit_time<当前T0；历史提单apply_time<当前T0；历史T0!=当前event_id；未来结果不参与,已入模,选定候选保留,0.6934575867593668,0.6744924522675435,0.7452987648826083,0.0402346062750872,0.0,V3新增
t0hist_first_apply_calendar_recent_lifetime_delta,历史T0首次提单第几自然日｜最近3笔均值−全历史均值,recent_lifetime_delta(DATE(first_apply)−DATE(历史T0)，无提单NaN)；保留缺失原位置，不跳过后重排,order_vir_f_copy + side_recycle_type_copy + order_loan_f_v2_copy（V2冻结订单历史）,截至当前T0之前的可观察生命周期,天,float32,无历史次数为0；比率零分母/无有效值为NaN,history_features.py / snapshot()；历史结果按当前预测时刻重算，不能读取历史事件最终标签,V3-F1364,历史T0提单与时点习惯,资格credit_time<当前T0；历史提单apply_time<当前T0；历史T0!=当前event_id；未来结果不参与,已入模,选定候选保留,0.4773075811248463,0.456103870983341,0.5362189829754089,0.0291871200523453,0.0,V3新增
t0hist_first_apply_calendar_l1,历史T0首次提单第几自然日｜最近第1笔,DATE(first_apply)−DATE(历史T0)，无提单NaN原序列倒数第1笔，不足/原缺失为NaN,order_vir_f_copy + side_recycle_type_copy + order_loan_f_v2_copy（V2冻结订单历史）,截至当前T0之前的可观察生命周期,天,float32,无历史次数为0；比率零分母/无有效值为NaN,history_features.py / snapshot()；历史结果按当前预测时刻重算，不能读取历史事件最终标签,V3-F1365,历史T0提单与时点习惯,资格credit_time<当前T0；历史提单apply_time<当前T0；历史T0!=当前event_id；未来结果不参与,已入模,选定候选保留,0.5070235522956996,0.4868267285637144,0.5629242238789363,0.0439650367491071,254.4472017288208,V3新增
t0hist_first_apply_calendar_l2,历史T0首次提单第几自然日｜最近第2笔,DATE(first_apply)−DATE(历史T0)，无提单NaN原序列倒数第2笔，不足/原缺失为NaN,order_vir_f_copy + side_recycle_type_copy + order_loan_f_v2_copy（V2冻结订单历史）,截至当前T0之前的可观察生命周期,天,float32,无历史次数为0；比率零分母/无有效值为NaN,history_features.py / snapshot()；历史结果按当前预测时刻重算，不能读取历史事件最终标签,V3-F1366,历史T0提单与时点习惯,资格credit_time<当前T0；历史提单apply_time<当前T0；历史T0!=当前event_id；未来结果不参与,已入模,选定候选保留,0.6881709366532908,0.6700033043996872,0.7394013575164126,0.0349664325683474,65.76699829101562,V3新增
t0hist_first_apply_calendar_l3,历史T0首次提单第几自然日｜最近第3笔,DATE(first_apply)−DATE(历史T0)，无提单NaN原序列倒数第3笔，不足/原缺失为NaN,order_vir_f_copy + side_recycle_type_copy + order_loan_f_v2_copy（V2冻结订单历史）,截至当前T0之前的可观察生命周期,天,float32,无历史次数为0；比率零分母/无有效值为NaN,history_features.py / snapshot()；历史结果按当前预测时刻重算，不能读取历史事件最终标签,V3-F1367,历史T0提单与时点习惯,资格credit_time<当前T0；历史提单apply_time<当前T0；历史T0!=当前event_id；未来结果不参与,已入模,选定候选保留,0.8052709714403304,0.7915810343576972,0.846667408478914,0.0276653847126116,0.0,V3新增
t0hist_first_apply_calendar_l4,历史T0首次提单第几自然日｜最近第4笔,DATE(first_apply)−DATE(历史T0)，无提单NaN原序列倒数第4笔，不足/原缺失为NaN,order_vir_f_copy + side_recycle_type_copy + order_loan_f_v2_copy（V2冻结订单历史）,截至当前T0之前的可观察生命周期,天,float32,无历史次数为0；比率零分母/无有效值为NaN,history_features.py / snapshot()；历史结果按当前预测时刻重算，不能读取历史事件最终标签,V3-F1368,历史T0提单与时点习惯,资格credit_time<当前T0；历史提单apply_time<当前T0；历史T0!=当前event_id；未来结果不参与,已入模,选定候选保留,0.8727823262240383,0.8637539592349912,0.9038611327473016,0.0195360385667223,0.0,V3新增
t0hist_first_apply_calendar_l5,历史T0首次提单第几自然日｜最近第5笔,DATE(first_apply)−DATE(历史T0)，无提单NaN原序列倒数第5笔，不足/原缺失为NaN,order_vir_f_copy + side_recycle_type_copy + order_loan_f_v2_copy（V2冻结订单历史）,截至当前T0之前的可观察生命周期,天,float32,无历史次数为0；比率零分母/无有效值为NaN,history_features.py / snapshot()；历史结果按当前预测时刻重算，不能读取历史事件最终标签,V3-F1369,历史T0提单与时点习惯,资格credit_time<当前T0；历史提单apply_time<当前T0；历史T0!=当前event_id；未来结果不参与,已入模,选定候选保留,0.9141250079618225,0.908516485730635,0.9366863246912208,0.0140013229491492,0.0,V3新增
t0hist_first_apply_calendar_delta12,历史T0首次提单第几自然日｜最近1−2笔,DATE(first_apply)−DATE(历史T0)，无提单NaN[−1]−[−2],order_vir_f_copy + side_recycle_type_copy + order_loan_f_v2_copy（V2冻结订单历史）,截至当前T0之前的可观察生命周期,天,float32,无历史次数为0；比率零分母/无有效值为NaN,history_features.py / snapshot()；历史结果按当前预测时刻重算，不能读取历史事件最终标签,V3-F1370,历史T0提单与时点习惯,资格credit_time<当前T0；历史提单apply_time<当前T0；历史T0!=当前event_id；未来结果不参与,已入模,选定候选保留,0.716627714981455,0.699339926013685,0.7654389673973517,0.0378879849477557,14.61180019378662,V3新增
t0hist_first_apply_calendar_delta23,历史T0首次提单第几自然日｜最近2−3笔,DATE(first_apply)−DATE(历史T0)，无提单NaN[−2]−[−3],order_vir_f_copy + side_recycle_type_copy + order_loan_f_v2_copy（V2冻结订单历史）,截至当前T0之前的可观察生命周期,天,float32,无历史次数为0；比率零分母/无有效值为NaN,history_features.py / snapshot()；历史结果按当前预测时刻重算，不能读取历史事件最终标签,V3-F1371,历史T0提单与时点习惯,资格credit_time<当前T0；历史提单apply_time<当前T0；历史T0!=当前event_id；未来结果不参与,已入模,选定候选保留,0.8109789856883179,0.798012524480766,0.8504506509402471,0.0266179707306626,16.093399047851562,V3新增
t0hist_event_interval_days_valid_n,相邻严格T0间隔天数｜有效历史数,valid_n(相邻历史严格T0时间差，不含本次T0)；保留缺失原位置，不跳过后重排,order_vir_f_copy + side_recycle_type_copy + order_loan_f_v2_copy（V2冻结订单历史）,截至当前T0之前的可观察生命周期,次数,float32,无历史次数为0；比率零分母/无有效值为NaN,history_features.py / snapshot()；历史结果按当前预测时刻重算，不能读取历史事件最终标签,V3-F1372,历史T0提单与时点习惯,资格credit_time<当前T0；历史提单apply_time<当前T0；历史T0!=当前event_id；未来结果不参与,已入模,选定候选保留,0.0,0.0,0.0,0.0277830101537512,0.0,V3新增
t0hist_event_interval_days_mean,相邻严格T0间隔天数｜均值,mean(相邻历史严格T0时间差，不含本次T0)；保留缺失原位置，不跳过后重排,order_vir_f_copy + side_recycle_type_copy + order_loan_f_v2_copy（V2冻结订单历史）,截至当前T0之前的可观察生命周期,天,float32,无历史次数为0；比率零分母/无有效值为NaN,history_features.py / snapshot()；历史结果按当前预测时刻重算，不能读取历史事件最终标签,V3-F1373,历史T0提单与时点习惯,资格credit_time<当前T0；历史提单apply_time<当前T0；历史T0!=当前event_id；未来结果不参与,已入模,选定候选保留,0.6766716152455426,0.6573256929164955,0.7293868921775899,0.0542449731093234,42.26530075073242,V3新增
t0hist_event_interval_days_std,相邻严格T0间隔天数｜总体标准差,std(相邻历史严格T0时间差，不含本次T0)；保留缺失原位置，不跳过后重排,order_vir_f_copy + side_recycle_type_copy + order_loan_f_v2_copy（V2冻结订单历史）,截至当前T0之前的可观察生命周期,天,float32,无历史次数为0；比率零分母/无有效值为NaN,history_features.py / snapshot()；历史结果按当前预测时刻重算，不能读取历史事件最终标签,V3-F1374,历史T0提单与时点习惯,资格credit_time<当前T0；历史提单apply_time<当前T0；历史T0!=当前event_id；未来结果不参与,已入模,选定候选保留,0.6766716152455426,0.6573256929164955,0.7293868921775899,0.0398981179902007,83.84409999847412,V3新增
t0hist_event_interval_days_min,相邻严格T0间隔天数｜最小值,min(相邻历史严格T0时间差，不含本次T0)；保留缺失原位置，不跳过后重排,order_vir_f_copy + side_recycle_type_copy + order_loan_f_v2_copy（V2冻结订单历史）,截至当前T0之前的可观察生命周期,天,float32,无历史次数为0；比率零分母/无有效值为NaN,history_features.py / snapshot()；历史结果按当前预测时刻重算，不能读取历史事件最终标签,V3-F1375,历史T0提单与时点习惯,资格credit_time<当前T0；历史提单apply_time<当前T0；历史T0!=当前event_id；未来结果不参与,已入模,选定候选保留,0.6766716152455426,0.6573256929164955,0.7293868921775899,0.05076870904894,211.29420375823975,V3新增
t0hist_event_interval_days_max,相邻严格T0间隔天数｜最大值,max(相邻历史严格T0时间差，不含本次T0)；保留缺失原位置，不跳过后重排,order_vir_f_copy + side_recycle_type_copy + order_loan_f_v2_copy（V2冻结订单历史）,截至当前T0之前的可观察生命周期,天,float32,无历史次数为0；比率零分母/无有效值为NaN,history_features.py / snapshot()；历史结果按当前预测时刻重算，不能读取历史事件最终标签,V3-F1376,历史T0提单与时点习惯,资格credit_time<当前T0；历史提单apply_time<当前T0；历史T0!=当前event_id；未来结果不参与,已入模,选定候选保留,0.6766716152455426,0.6573256929164955,0.7293868921775899,0.0554461200137257,28.393800735473633,V3新增
t0hist_event_interval_days_last_first_delta,相邻严格T0间隔天数｜最近有效值−最早有效值,last_first_delta(相邻历史严格T0时间差，不含本次T0)；保留缺失原位置，不跳过后重排,order_vir_f_copy + side_recycle_type_copy + order_loan_f_v2_copy（V2冻结订单历史）,截至当前T0之前的可观察生命周期,天,float32,无历史次数为0；比率零分母/无有效值为NaN,history_features.py / snapshot()；历史结果按当前预测时刻重算，不能读取历史事件最终标签,V3-F1377,历史T0提单与时点习惯,资格credit_time<当前T0；历史提单apply_time<当前T0；历史T0!=当前event_id；未来结果不参与,已入模,选定候选保留,0.7976717181367866,0.7831185473536594,0.8407700011127184,0.0319747213873432,87.28479957580566,V3新增
t0hist_event_interval_days_last3_mean,相邻严格T0间隔天数｜最近3笔中有效值均值,last3_mean(相邻历史严格T0时间差，不含本次T0)；保留缺失原位置，不跳过后重排,order_vir_f_copy + side_recycle_type_copy + order_loan_f_v2_copy（V2冻结订单历史）,截至当前T0之前的可观察生命周期,天,float32,无历史次数为0；比率零分母/无有效值为NaN,history_features.py / snapshot()；历史结果按当前预测时刻重算，不能读取历史事件最终标签,V3-F1378,历史T0提单与时点习惯,资格credit_time<当前T0；历史提单apply_time<当前T0；历史T0!=当前event_id；未来结果不参与,已入模,选定候选保留,0.6766716152455426,0.6573256929164955,0.7293868921775899,0.0548933558436698,49.21119976043701,V3新增
t0hist_event_interval_days_last5_mean,相邻严格T0间隔天数｜最近5笔中有效值均值,last5_mean(相邻历史严格T0时间差，不含本次T0)；保留缺失原位置，不跳过后重排,order_vir_f_copy + side_recycle_type_copy + order_loan_f_v2_copy（V2冻结订单历史）,截至当前T0之前的可观察生命周期,天,float32,无历史次数为0；比率零分母/无有效值为NaN,history_features.py / snapshot()；历史结果按当前预测时刻重算，不能读取历史事件最终标签,V3-F1379,历史T0提单与时点习惯,资格credit_time<当前T0；历史提单apply_time<当前T0；历史T0!=当前event_id；未来结果不参与,已入模,选定候选保留,0.6766716152455426,0.6573256929164955,0.7293868921775899,0.0543355367806571,40.84929943084717,V3新增
t0hist_event_interval_days_slope,相邻严格T0间隔天数｜按原序号OLS斜率,slope(相邻历史严格T0时间差，不含本次T0)；保留缺失原位置，不跳过后重排,order_vir_f_copy + side_recycle_type_copy + order_loan_f_v2_copy（V2冻结订单历史）,截至当前T0之前的可观察生命周期,天,float32,无历史次数为0；比率零分母/无有效值为NaN,history_features.py / snapshot()；历史结果按当前预测时刻重算，不能读取历史事件最终标签,V3-F1380,历史T0提单与时点习惯,资格credit_time<当前T0；历史提单apply_time<当前T0；历史T0!=当前event_id；未来结果不参与,已入模,选定候选保留,0.7976717181367866,0.7831185473536594,0.8407700011127184,0.0309812002575879,45.64090061187744,V3新增
t0hist_event_interval_days_recent_lifetime_delta,相邻严格T0间隔天数｜最近3笔均值−全历史均值,recent_lifetime_delta(相邻历史严格T0时间差，不含本次T0)；保留缺失原位置，不跳过后重排,order_vir_f_copy + side_recycle_type_copy + order_loan_f_v2_copy（V2冻结订单历史）,截至当前T0之前的可观察生命周期,天,float32,无历史次数为0；比率零分母/无有效值为NaN,history_features.py / snapshot()；历史结果按当前预测时刻重算，不能读取历史事件最终标签,V3-F1381,历史T0提单与时点习惯,资格credit_time<当前T0；历史提单apply_time<当前T0；历史T0!=当前event_id；未来结果不参与,已入模,选定候选保留,0.6766716152455426,0.6573256929164955,0.7293868921775899,0.0294480329605695,31.422199249267575,V3新增
t0hist_event_interval_days_l1,相邻严格T0间隔天数｜最近第1笔,相邻历史严格T0时间差，不含本次T0原序列倒数第1笔，不足/原缺失为NaN,order_vir_f_copy + side_recycle_type_copy + order_loan_f_v2_copy（V2冻结订单历史）,截至当前T0之前的可观察生命周期,天,float32,无历史次数为0；比率零分母/无有效值为NaN,history_features.py / snapshot()；历史结果按当前预测时刻重算，不能读取历史事件最终标签,V3-F1382,历史T0提单与时点习惯,资格credit_time<当前T0；历史提单apply_time<当前T0；历史T0!=当前event_id；未来结果不参与,已入模,选定候选保留,0.6766716152455426,0.6573256929164955,0.7293868921775899,0.0547941658085028,112.59759998321532,V3新增
t0hist_event_interval_days_l2,相邻严格T0间隔天数｜最近第2笔,相邻历史严格T0时间差，不含本次T0原序列倒数第2笔，不足/原缺失为NaN,order_vir_f_copy + side_recycle_type_copy + order_loan_f_v2_copy（V2冻结订单历史）,截至当前T0之前的可观察生命周期,天,float32,无历史次数为0；比率零分母/无有效值为NaN,history_features.py / snapshot()；历史结果按当前预测时刻重算，不能读取历史事件最终标签,V3-F1383,历史T0提单与时点习惯,资格credit_time<当前T0；历史提单apply_time<当前T0；历史T0!=当前event_id；未来结果不参与,已入模,选定候选保留,0.7976717181367866,0.7831185473536594,0.8407700011127184,0.0363347594330867,106.777099609375,V3新增
t0hist_event_interval_days_l3,相邻严格T0间隔天数｜最近第3笔,相邻历史严格T0时间差，不含本次T0原序列倒数第3笔，不足/原缺失为NaN,order_vir_f_copy + side_recycle_type_copy + order_loan_f_v2_copy（V2冻结订单历史）,截至当前T0之前的可观察生命周期,天,float32,无历史次数为0；比率零分母/无有效值为NaN,history_features.py / snapshot()；历史结果按当前预测时刻重算，不能读取历史事件最终标签,V3-F1384,历史T0提单与时点习惯,资格credit_time<当前T0；历史提单apply_time<当前T0；历史T0!=当前event_id；未来结果不参与,已入模,选定候选保留,0.8676524627754179,0.8580639441637048,0.9005229776343607,0.0246254016046588,105.53229999542236,V3新增
t0hist_event_interval_days_l4,相邻严格T0间隔天数｜最近第4笔,相邻历史严格T0时间差，不含本次T0原序列倒数第4笔，不足/原缺失为NaN,order_vir_f_copy + side_recycle_type_copy + order_loan_f_v2_copy（V2冻结订单历史）,截至当前T0之前的可观察生命周期,天,float32,无历史次数为0；比率零分母/无有效值为NaN,history_features.py / snapshot()；历史结果按当前预测时刻重算，不能读取历史事件最终标签,V3-F1385,历史T0提单与时点习惯,资格credit_time<当前T0；历史提单apply_time<当前T0；历史T0!=当前event_id；未来结果不参与,已入模,选定候选保留,0.9105826094199384,0.9045834441516156,0.934015800600868,0.0150884993148445,36.442399978637695,V3新增
t0hist_event_interval_days_l5,相邻严格T0间隔天数｜最近第5笔,相邻历史严格T0时间差，不含本次T0原序列倒数第5笔，不足/原缺失为NaN,order_vir_f_copy + side_recycle_type_copy + order_loan_f_v2_copy（V2冻结订单历史）,截至当前T0之前的可观察生命周期,天,float32,无历史次数为0；比率零分母/无有效值为NaN,history_features.py / snapshot()；历史结果按当前预测时刻重算，不能读取历史事件最终标签,V3-F1386,历史T0提单与时点习惯,资格credit_time<当前T0；历史提单apply_time<当前T0；历史T0!=当前event_id；未来结果不参与,已入模,选定候选保留,0.9380202744746422,0.9345487076573418,0.9538221876043174,0.0088716602856568,13.196399688720703,V3新增
t0hist_event_interval_days_delta12,相邻严格T0间隔天数｜最近1−2笔,相邻历史严格T0时间差，不含本次T0[−1]−[−2],order_vir_f_copy + side_recycle_type_copy + order_loan_f_v2_copy（V2冻结订单历史）,截至当前T0之前的可观察生命周期,天,float32,无历史次数为0；比率零分母/无有效值为NaN,history_features.py / snapshot()；历史结果按当前预测时刻重算，不能读取历史事件最终标签,V3-F1387,历史T0提单与时点习惯,资格credit_time<当前T0；历史提单apply_time<当前T0；历史T0!=当前event_id；未来结果不参与,已入模,选定候选保留,0.7976717181367866,0.7831185473536594,0.8407700011127184,0.033196797781108,52.73870086669922,V3新增
t0hist_event_interval_days_delta23,相邻严格T0间隔天数｜最近2−3笔,相邻历史严格T0时间差，不含本次T0[−2]−[−3],order_vir_f_copy + side_recycle_type_copy + order_loan_f_v2_copy（V2冻结订单历史）,截至当前T0之前的可观察生命周期,天,float32,无历史次数为0；比率零分母/无有效值为NaN,history_features.py / snapshot()；历史结果按当前预测时刻重算，不能读取历史事件最终标签,V3-F1388,历史T0提单与时点习惯,资格credit_time<当前T0；历史提单apply_time<当前T0；历史T0!=当前event_id；未来结果不参与,已入模,选定候选保留,0.8676524627754179,0.8580639441637048,0.9005229776343607,0.0221401108225525,32.29800033569336,V3新增
t0hist_timing_d0_n,已知历史T0首次提单间隔｜当天｜n,对原序列有效值判断当天；n=符合次数，share=n/有效数，连续性缺失中断,order_vir_f_copy + side_recycle_type_copy + order_loan_f_v2_copy（V2冻结订单历史）,截至当前T0之前的可观察生命周期,次数,float32,无历史次数为0；比率零分母/无有效值为NaN,history_features.py / snapshot()；历史结果按当前预测时刻重算，不能读取历史事件最终标签,V3-F1389,历史T0提单与时点习惯,资格credit_time<当前T0；历史提单apply_time<当前T0；历史T0!=当前event_id；未来结果不参与,已入模,选定候选保留,0.0,0.0,0.0,0.0509187496413235,152.64690017700195,V3新增
t0hist_timing_d0_share,已知历史T0首次提单间隔｜当天｜share,对原序列有效值判断当天；n=符合次数，share=n/有效数，连续性缺失中断,order_vir_f_copy + side_recycle_type_copy + order_loan_f_v2_copy（V2冻结订单历史）,截至当前T0之前的可观察生命周期,比例,float32,无历史次数为0；比率零分母/无有效值为NaN,history_features.py / snapshot()；历史结果按当前预测时刻重算，不能读取历史事件最终标签,V3-F1390,历史T0提单与时点习惯,资格credit_time<当前T0；历史提单apply_time<当前T0；历史T0!=当前event_id；未来结果不参与,已入模,选定候选保留,0.4773075811248463,0.456103870983341,0.5362189829754089,0.0435530506159721,3919.073692321778,V3新增
t0hist_timing_d0_current_streak,已知历史T0首次提单间隔｜当天｜current_streak,对原序列有效值判断当天；n=符合次数，share=n/有效数，连续性缺失中断,order_vir_f_copy + side_recycle_type_copy + order_loan_f_v2_copy（V2冻结订单历史）,截至当前T0之前的可观察生命周期,次数,float32,无历史次数为0；比率零分母/无有效值为NaN,history_features.py / snapshot()；历史结果按当前预测时刻重算，不能读取历史事件最终标签,V3-F1391,历史T0提单与时点习惯,资格credit_time<当前T0；历史提单apply_time<当前T0；历史T0!=当前event_id；未来结果不参与,已入模,选定候选保留,0.0,0.0,0.0,0.040349093436946,42.85840034484863,V3新增
t0hist_timing_d0_max_streak,已知历史T0首次提单间隔｜当天｜max_streak,对原序列有效值判断当天；n=符合次数，share=n/有效数，连续性缺失中断,order_vir_f_copy + side_recycle_type_copy + order_loan_f_v2_copy（V2冻结订单历史）,截至当前T0之前的可观察生命周期,次数,float32,无历史次数为0；比率零分母/无有效值为NaN,history_features.py / snapshot()；历史结果按当前预测时刻重算，不能读取历史事件最终标签,V3-F1392,历史T0提单与时点习惯,资格credit_time<当前T0；历史提单apply_time<当前T0；历史T0!=当前event_id；未来结果不参与,已入模,选定候选保留,0.0,0.0,0.0,0.0504038790016601,916.7082138061523,V3新增
t0hist_timing_d1_3_n,已知历史T0首次提单间隔｜1–3天｜n,对原序列有效值判断1–3天；n=符合次数，share=n/有效数，连续性缺失中断,order_vir_f_copy + side_recycle_type_copy + order_loan_f_v2_copy（V2冻结订单历史）,截至当前T0之前的可观察生命周期,次数,float32,无历史次数为0；比率零分母/无有效值为NaN,history_features.py / snapshot()；历史结果按当前预测时刻重算，不能读取历史事件最终标签,V3-F1393,历史T0提单与时点习惯,资格credit_time<当前T0；历史提单apply_time<当前T0；历史T0!=当前event_id；未来结果不参与,已入模,选定候选保留,0.0,0.0,0.0,0.0074658109120941,13.899499893188477,V3新增
t0hist_timing_d1_3_share,已知历史T0首次提单间隔｜1–3天｜share,对原序列有效值判断1–3天；n=符合次数，share=n/有效数，连续性缺失中断,order_vir_f_copy + side_recycle_type_copy + order_loan_f_v2_copy（V2冻结订单历史）,截至当前T0之前的可观察生命周期,比例,float32,无历史次数为0；比率零分母/无有效值为NaN,history_features.py / snapshot()；历史结果按当前预测时刻重算，不能读取历史事件最终标签,V3-F1394,历史T0提单与时点习惯,资格credit_time<当前T0；历史提单apply_time<当前T0；历史T0!=当前event_id；未来结果不参与,已入模,选定候选保留,0.4773075811248463,0.456103870983341,0.5362189829754089,0.0265809534459438,167.97850227355957,V3新增
t0hist_timing_d1_3_current_streak,已知历史T0首次提单间隔｜1–3天｜current_streak,对原序列有效值判断1–3天；n=符合次数，share=n/有效数，连续性缺失中断,order_vir_f_copy + side_recycle_type_copy + order_loan_f_v2_copy（V2冻结订单历史）,截至当前T0之前的可观察生命周期,次数,float32,无历史次数为0；比率零分母/无有效值为NaN,history_features.py / snapshot()；历史结果按当前预测时刻重算，不能读取历史事件最终标签,V3-F1395,历史T0提单与时点习惯,资格credit_time<当前T0；历史提单apply_time<当前T0；历史T0!=当前event_id；未来结果不参与,已入模,选定候选保留,0.0,0.0,0.0,0.0023480659241184,34.112600326538086,V3新增
t0hist_timing_d1_3_max_streak,已知历史T0首次提单间隔｜1–3天｜max_streak,对原序列有效值判断1–3天；n=符合次数，share=n/有效数，连续性缺失中断,order_vir_f_copy + side_recycle_type_copy + order_loan_f_v2_copy（V2冻结订单历史）,截至当前T0之前的可观察生命周期,次数,float32,无历史次数为0；比率零分母/无有效值为NaN,history_features.py / snapshot()；历史结果按当前预测时刻重算，不能读取历史事件最终标签,V3-F1396,历史T0提单与时点习惯,资格credit_time<当前T0；历史提单apply_time<当前T0；历史T0!=当前event_id；未来结果不参与,已入模,选定候选保留,0.0,0.0,0.0,0.0074658109120941,16.499099731445312,V3新增
t0hist_timing_d4_7_n,已知历史T0首次提单间隔｜4–7天｜n,对原序列有效值判断4–7天；n=符合次数，share=n/有效数，连续性缺失中断,order_vir_f_copy + side_recycle_type_copy + order_loan_f_v2_copy（V2冻结订单历史）,截至当前T0之前的可观察生命周期,次数,float32,无历史次数为0；比率零分母/无有效值为NaN,history_features.py / snapshot()；历史结果按当前预测时刻重算，不能读取历史事件最终标签,V3-F1397,历史T0提单与时点习惯,资格credit_time<当前T0；历史提单apply_time<当前T0；历史T0!=当前event_id；未来结果不参与,已入模,选定候选保留,0.0,0.0,0.0,0.0006803208077739,0.0,V3新增
t0hist_timing_d4_7_share,已知历史T0首次提单间隔｜4–7天｜share,对原序列有效值判断4–7天；n=符合次数，share=n/有效数，连续性缺失中断,order_vir_f_copy + side_recycle_type_copy + order_loan_f_v2_copy（V2冻结订单历史）,截至当前T0之前的可观察生命周期,比例,float32,无历史次数为0；比率零分母/无有效值为NaN,history_features.py / snapshot()；历史结果按当前预测时刻重算，不能读取历史事件最终标签,V3-F1398,历史T0提单与时点习惯,资格credit_time<当前T0；历史提单apply_time<当前T0；历史T0!=当前event_id；未来结果不参与,已入模,选定候选保留,0.4773075811248463,0.456103870983341,0.5362189829754089,0.0269087098865639,66.79642963409424,V3新增
t0hist_timing_d4_7_current_streak,已知历史T0首次提单间隔｜4–7天｜current_streak,对原序列有效值判断4–7天；n=符合次数，share=n/有效数，连续性缺失中断,order_vir_f_copy + side_recycle_type_copy + order_loan_f_v2_copy（V2冻结订单历史）,截至当前T0之前的可观察生命周期,次数,float32,无历史次数为0；比率零分母/无有效值为NaN,history_features.py / snapshot()；历史结果按当前预测时刻重算，不能读取历史事件最终标签,V3-F1399,历史T0提单与时点习惯,资格credit_time<当前T0；历史提单apply_time<当前T0；历史T0!=当前event_id；未来结果不参与,已入模,选定候选保留,0.0,0.0,0.0,0.0,11.433899879455566,V3新增
t0hist_timing_d4_7_max_streak,已知历史T0首次提单间隔｜4–7天｜max_streak,对原序列有效值判断4–7天；n=符合次数，share=n/有效数，连续性缺失中断,order_vir_f_copy + side_recycle_type_copy + order_loan_f_v2_copy（V2冻结订单历史）,截至当前T0之前的可观察生命周期,次数,float32,无历史次数为0；比率零分母/无有效值为NaN,history_features.py / snapshot()；历史结果按当前预测时刻重算，不能读取历史事件最终标签,V3-F1400,历史T0提单与时点习惯,资格credit_time<当前T0；历史提单apply_time<当前T0；历史T0!=当前event_id；未来结果不参与,已入模,选定候选保留,0.0,0.0,0.0,0.0006803208077739,0.0,V3新增
t0hist_timing_d8_15_n,已知历史T0首次提单间隔｜8–15天｜n,对原序列有效值判断8–15天；n=符合次数，share=n/有效数，连续性缺失中断,order_vir_f_copy + side_recycle_type_copy + order_loan_f_v2_copy（V2冻结订单历史）,截至当前T0之前的可观察生命周期,次数,float32,无历史次数为0；比率零分母/无有效值为NaN,history_features.py / snapshot()；历史结果按当前预测时刻重算，不能读取历史事件最终标签,V3-F1401,历史T0提单与时点习惯,资格credit_time<当前T0；历史提单apply_time<当前T0；历史T0!=当前event_id；未来结果不参与,已入模,选定候选保留,0.0,0.0,0.0,0.0,0.0,V3新增
t0hist_timing_d8_15_share,已知历史T0首次提单间隔｜8–15天｜share,对原序列有效值判断8–15天；n=符合次数，share=n/有效数，连续性缺失中断,order_vir_f_copy + side_recycle_type_copy + order_loan_f_v2_copy（V2冻结订单历史）,截至当前T0之前的可观察生命周期,比例,float32,无历史次数为0；比率零分母/无有效值为NaN,history_features.py / snapshot()；历史结果按当前预测时刻重算，不能读取历史事件最终标签,V3-F1402,历史T0提单与时点习惯,资格credit_time<当前T0；历史提单apply_time<当前T0；历史T0!=当前event_id；未来结果不参与,已入模,选定候选保留,0.4773075811248463,0.456103870983341,0.5362189829754089,0.0273747719268707,46.72239971160889,V3新增
t0hist_timing_d8_15_current_streak,已知历史T0首次提单间隔｜8–15天｜current_streak,对原序列有效值判断8–15天；n=符合次数，share=n/有效数，连续性缺失中断,order_vir_f_copy + side_recycle_type_copy + order_loan_f_v2_copy（V2冻结订单历史）,截至当前T0之前的可观察生命周期,次数,float32,无历史次数为0；比率零分母/无有效值为NaN,history_features.py / snapshot()；历史结果按当前预测时刻重算，不能读取历史事件最终标签,V3-F1403,历史T0提单与时点习惯,资格credit_time<当前T0；历史提单apply_time<当前T0；历史T0!=当前event_id；未来结果不参与,已入模,选定候选保留,0.0,0.0,0.0,0.0,0.0,V3新增
t0hist_timing_d8_15_max_streak,已知历史T0首次提单间隔｜8–15天｜max_streak,对原序列有效值判断8–15天；n=符合次数，share=n/有效数，连续性缺失中断,order_vir_f_copy + side_recycle_type_copy + order_loan_f_v2_copy（V2冻结订单历史）,截至当前T0之前的可观察生命周期,次数,float32,无历史次数为0；比率零分母/无有效值为NaN,history_features.py / snapshot()；历史结果按当前预测时刻重算，不能读取历史事件最终标签,V3-F1404,历史T0提单与时点习惯,资格credit_time<当前T0；历史提单apply_time<当前T0；历史T0!=当前event_id；未来结果不参与,已入模,选定候选保留,0.0,0.0,0.0,0.0,0.0,V3新增
t0hist_timing_gt15_n,已知历史T0首次提单间隔｜超过15天｜n,对原序列有效值判断超过15天；n=符合次数，share=n/有效数，连续性缺失中断,order_vir_f_copy + side_recycle_type_copy + order_loan_f_v2_copy（V2冻结订单历史）,截至当前T0之前的可观察生命周期,次数,float32,无历史次数为0；比率零分母/无有效值为NaN,history_features.py / snapshot()；历史结果按当前预测时刻重算，不能读取历史事件最终标签,V3-F1405,历史T0提单与时点习惯,资格credit_time<当前T0；历史提单apply_time<当前T0；历史T0!=当前event_id；未来结果不参与,已入模,选定候选保留,0.0,0.0,0.0,0.0018126654720182,0.0,V3新增
t0hist_timing_gt15_share,已知历史T0首次提单间隔｜超过15天｜share,对原序列有效值判断超过15天；n=符合次数，share=n/有效数，连续性缺失中断,order_vir_f_copy + side_recycle_type_copy + order_loan_f_v2_copy（V2冻结订单历史）,截至当前T0之前的可观察生命周期,比例,float32,无历史次数为0；比率零分母/无有效值为NaN,history_features.py / snapshot()；历史结果按当前预测时刻重算，不能读取历史事件最终标签,V3-F1406,历史T0提单与时点习惯,资格credit_time<当前T0；历史提单apply_time<当前T0；历史T0!=当前event_id；未来结果不参与,已入模,选定候选保留,0.4773075811248463,0.456103870983341,0.5362189829754089,0.0422391733516662,117.27070045471191,V3新增
t0hist_timing_gt15_current_streak,已知历史T0首次提单间隔｜超过15天｜current_streak,对原序列有效值判断超过15天；n=符合次数，share=n/有效数，连续性缺失中断,order_vir_f_copy + side_recycle_type_copy + order_loan_f_v2_copy（V2冻结订单历史）,截至当前T0之前的可观察生命周期,次数,float32,无历史次数为0；比率零分母/无有效值为NaN,history_features.py / snapshot()；历史结果按当前预测时刻重算，不能读取历史事件最终标签,V3-F1407,历史T0提单与时点习惯,资格credit_time<当前T0；历史提单apply_time<当前T0；历史T0!=当前event_id；未来结果不参与,已入模,选定候选保留,0.0,0.0,0.0,0.0,76.36209678649902,V3新增
t0hist_timing_gt15_max_streak,已知历史T0首次提单间隔｜超过15天｜max_streak,对原序列有效值判断超过15天；n=符合次数，share=n/有效数，连续性缺失中断,order_vir_f_copy + side_recycle_type_copy + order_loan_f_v2_copy（V2冻结订单历史）,截至当前T0之前的可观察生命周期,次数,float32,无历史次数为0；比率零分母/无有效值为NaN,history_features.py / snapshot()；历史结果按当前预测时刻重算，不能读取历史事件最终标签,V3-F1408,历史T0提单与时点习惯,资格credit_time<当前T0；历史提单apply_time<当前T0；历史T0!=当前event_id；未来结果不参与,已入模,选定候选保留,0.0,0.0,0.0,0.0018126654720182,61.48910045623779,V3新增
t0hist_life_event_n,历史T0｜全可观察历史｜事件数,历史严格T0事件计数,order_vir_f_copy + side_recycle_type_copy + order_loan_f_v2_copy（V2冻结订单历史）,life,次数,float32,无历史次数为0；比率零分母/无有效值为NaN,history_features.py / snapshot()；历史结果按当前预测时刻重算，不能读取历史事件最终标签,V3-F1409,历史T0提单与时点习惯,资格credit_time<当前T0；历史提单apply_time<当前T0；历史T0!=当前event_id；未来结果不参与,已入模,选定候选保留,0.0,0.0,0.0,0.0317909778863493,0.0,V3新增
t0hist_life_d0_eligible_n,历史T0｜全可观察历史｜D0｜成熟有效事件数,口径1；COUNT(end<=当前T0且(窗口内已有首次提单或下一T0>=end))；end=DATE(历史T0)+1日00:00；未知不记0,order_vir_f_copy + side_recycle_type_copy + order_loan_f_v2_copy（V2冻结订单历史）,life,次数,float32,无历史次数为0；比率零分母/无有效值为NaN,history_features.py / snapshot()；历史结果按当前预测时刻重算，不能读取历史事件最终标签,V3-F1410,历史T0提单与时点习惯,资格credit_time<当前T0；历史提单apply_time<当前T0；历史T0!=当前event_id；未来结果不参与,已入模,选定候选保留,0.0,0.0,0.0,0.033229173427118,0.0,V3新增
t0hist_life_d0_positive_n,历史T0｜全可观察历史｜D0｜成熟已知首次提单数,口径1；COUNT(eligible且首次归属提单<end)；end=DATE(历史T0)+1日00:00；未知不记0,order_vir_f_copy + side_recycle_type_copy + order_loan_f_v2_copy（V2冻结订单历史）,life,次数,float32,无历史次数为0；比率零分母/无有效值为NaN,history_features.py / snapshot()；历史结果按当前预测时刻重算，不能读取历史事件最终标签,V3-F1411,历史T0提单与时点习惯,资格credit_time<当前T0；历史提单apply_time<当前T0；历史T0!=当前event_id；未来结果不参与,已入模,选定候选保留,0.0,0.0,0.0,0.0502035124104344,0.0,V3新增
t0hist_life_d0_rate,历史T0｜全可观察历史｜D0｜成熟用户后续提单率,口径1；positive_n/eligible_n；无成熟有效分母NaN；end=DATE(历史T0)+1日00:00；未知不记0,order_vir_f_copy + side_recycle_type_copy + order_loan_f_v2_copy（V2冻结订单历史）,life,比例,float32,无历史次数为0；比率零分母/无有效值为NaN,history_features.py / snapshot()；历史结果按当前预测时刻重算，不能读取历史事件最终标签,V3-F1412,历史T0提单与时点习惯,资格credit_time<当前T0；历史提单apply_time<当前T0；历史T0!=当前event_id；未来结果不参与,已入模,选定候选保留,0.48039921802654595,0.4593599136020374,0.5392233225770557,0.0441427539514013,216.04160118103027,V3新增
t0hist_life_d0_censored_unknown_n,历史T0｜全可观察历史｜D0｜下一T0提前删失未知事件数,口径1；COUNT(下一T0<end且无窗口内已知首次提单)；end=DATE(历史T0)+1日00:00；未知不记0,order_vir_f_copy + side_recycle_type_copy + order_loan_f_v2_copy（V2冻结订单历史）,life,次数,float32,无历史次数为0；比率零分母/无有效值为NaN,history_features.py / snapshot()；历史结果按当前预测时刻重算，不能读取历史事件最终标签,V3-F1413,历史T0提单与时点习惯,资格credit_time<当前T0；历史提单apply_time<当前T0；历史T0!=当前event_id；未来结果不参与,已入模,选定候选保留,0.0,0.0,0.0,0.0,0.0,V3新增
t0hist_life_d0_immature_n,历史T0｜全可观察历史｜D0｜名义窗口尚未成熟事件数,口径1；COUNT(end>当前T0)；可与删失未知计数重叠；end=DATE(历史T0)+1日00:00；未知不记0,order_vir_f_copy + side_recycle_type_copy + order_loan_f_v2_copy（V2冻结订单历史）,life,次数,float32,无历史次数为0；比率零分母/无有效值为NaN,history_features.py / snapshot()；历史结果按当前预测时刻重算，不能读取历史事件最终标签,V3-F1414,历史T0提单与时点习惯,资格credit_time<当前T0；历史提单apply_time<当前T0；历史T0!=当前event_id；未来结果不参与,已入模,选定候选保留,0.0,0.0,0.0,0.0,69.37770080566406,V3新增
t0hist_life_d3_eligible_n,历史T0｜全可观察历史｜D3｜成熟有效事件数,口径1；COUNT(end<=当前T0且(窗口内已有首次提单或下一T0>=end))；end=DATE(历史T0)+4日00:00；未知不记0,order_vir_f_copy + side_recycle_type_copy + order_loan_f_v2_copy（V2冻结订单历史）,life,次数,float32,无历史次数为0；比率零分母/无有效值为NaN,history_features.py / snapshot()；历史结果按当前预测时刻重算，不能读取历史事件最终标签,V3-F1415,历史T0提单与时点习惯,资格credit_time<当前T0；历史提单apply_time<当前T0；历史T0!=当前event_id；未来结果不参与,已入模,选定候选保留,0.0,0.0,0.0,0.0317483534740545,0.0,V3新增
t0hist_life_d3_positive_n,历史T0｜全可观察历史｜D3｜成熟已知首次提单数,口径1；COUNT(eligible且首次归属提单<end)；end=DATE(历史T0)+4日00:00；未知不记0,order_vir_f_copy + side_recycle_type_copy + order_loan_f_v2_copy（V2冻结订单历史）,life,次数,float32,无历史次数为0；比率零分母/无有效值为NaN,history_features.py / snapshot()；历史结果按当前预测时刻重算，不能读取历史事件最终标签,V3-F1416,历史T0提单与时点习惯,资格credit_time<当前T0；历史提单apply_time<当前T0；历史T0!=当前event_id；未来结果不参与,已入模,选定候选保留,0.0,0.0,0.0,0.0474577298280116,252.8859987258911,V3新增
t0hist_life_d3_rate,历史T0｜全可观察历史｜D3｜成熟用户后续提单率,口径1；positive_n/eligible_n；无成熟有效分母NaN；end=DATE(历史T0)+4日00:00；未知不记0,order_vir_f_copy + side_recycle_type_copy + order_loan_f_v2_copy（V2冻结订单历史）,life,比例,float32,无历史次数为0；比率零分母/无有效值为NaN,history_features.py / snapshot()；历史结果按当前预测时刻重算，不能读取历史事件最终标签,V3-F1417,历史T0提单与时点习惯,资格credit_time<当前T0；历史提单apply_time<当前T0；历史T0!=当前event_id；未来结果不参与,已入模,选定候选保留,0.4847108511065708,0.464453524827325,0.5414487593190164,0.042091744335673,35.29300022125244,V3新增
t0hist_life_d3_censored_unknown_n,历史T0｜全可观察历史｜D3｜下一T0提前删失未知事件数,口径1；COUNT(下一T0<end且无窗口内已知首次提单)；end=DATE(历史T0)+4日00:00；未知不记0,order_vir_f_copy + side_recycle_type_copy + order_loan_f_v2_copy（V2冻结订单历史）,life,次数,float32,无历史次数为0；比率零分母/无有效值为NaN,history_features.py / snapshot()；历史结果按当前预测时刻重算，不能读取历史事件最终标签,V3-F1418,历史T0提单与时点习惯,资格credit_time<当前T0；历史提单apply_time<当前T0；历史T0!=当前event_id；未来结果不参与,已入模,选定候选保留,0.0,0.0,0.0,0.0,0.0,V3新增
t0hist_life_d3_immature_n,历史T0｜全可观察历史｜D3｜名义窗口尚未成熟事件数,口径1；COUNT(end>当前T0)；可与删失未知计数重叠；end=DATE(历史T0)+4日00:00；未知不记0,order_vir_f_copy + side_recycle_type_copy + order_loan_f_v2_copy（V2冻结订单历史）,life,次数,float32,无历史次数为0；比率零分母/无有效值为NaN,history_features.py / snapshot()；历史结果按当前预测时刻重算，不能读取历史事件最终标签,V3-F1419,历史T0提单与时点习惯,资格credit_time<当前T0；历史提单apply_time<当前T0；历史T0!=当前event_id；未来结果不参与,已入模,选定候选保留,0.0,0.0,0.0,0.0,30.27839946746826,V3新增
t0hist_life_d7_eligible_n,历史T0｜全可观察历史｜D7｜成熟有效事件数,口径1；COUNT(end<=当前T0且(窗口内已有首次提单或下一T0>=end))；end=DATE(历史T0)+8日00:00；未知不记0,order_vir_f_copy + side_recycle_type_copy + order_loan_f_v2_copy（V2冻结订单历史）,life,次数,float32,无历史次数为0；比率零分母/无有效值为NaN,history_features.py / snapshot()；历史结果按当前预测时刻重算，不能读取历史事件最终标签,V3-F1420,历史T0提单与时点习惯,资格credit_time<当前T0；历史提单apply_time<当前T0；历史T0!=当前event_id；未来结果不参与,已入模,选定候选保留,0.0,0.0,0.0,0.0210918178591558,48.46029949188232,V3新增
t0hist_life_d7_positive_n,历史T0｜全可观察历史｜D7｜成熟已知首次提单数,口径1；COUNT(eligible且首次归属提单<end)；end=DATE(历史T0)+8日00:00；未知不记0,order_vir_f_copy + side_recycle_type_copy + order_loan_f_v2_copy（V2冻结订单历史）,life,次数,float32,无历史次数为0；比率零分母/无有效值为NaN,history_features.py / snapshot()；历史结果按当前预测时刻重算，不能读取历史事件最终标签,V3-F1421,历史T0提单与时点习惯,资格credit_time<当前T0；历史提单apply_time<当前T0；历史T0!=当前event_id；未来结果不参与,已入模,选定候选保留,0.0,0.0,0.0,0.031330570550146,43.87969970703125,V3新增
t0hist_life_d7_rate,历史T0｜全可观察历史｜D7｜成熟用户后续提单率,口径1；positive_n/eligible_n；无成熟有效分母NaN；end=DATE(历史T0)+8日00:00；未知不记0,order_vir_f_copy + side_recycle_type_copy + order_loan_f_v2_copy（V2冻结订单历史）,life,比例,float32,无历史次数为0；比率零分母/无有效值为NaN,history_features.py / snapshot()；历史结果按当前预测时刻重算，不能读取历史事件最终标签,V3-F1422,历史T0提单与时点习惯,资格credit_time<当前T0；历史提单apply_time<当前T0；历史T0!=当前event_id；未来结果不参与,已入模,选定候选保留,0.5327169657862116,0.5191131313619768,0.5793924557694448,0.0277403936925363,484.8698959350586,V3新增
t0hist_life_d7_censored_unknown_n,历史T0｜全可观察历史｜D7｜下一T0提前删失未知事件数,口径1；COUNT(下一T0<end且无窗口内已知首次提单)；end=DATE(历史T0)+8日00:00；未知不记0,order_vir_f_copy + side_recycle_type_copy + order_loan_f_v2_copy（V2冻结订单历史）,life,次数,float32,无历史次数为0；比率零分母/无有效值为NaN,history_features.py / snapshot()；历史结果按当前预测时刻重算，不能读取历史事件最终标签,V3-F1423,历史T0提单与时点习惯,资格credit_time<当前T0；历史提单apply_time<当前T0；历史T0!=当前event_id；未来结果不参与,已入模,选定候选保留,0.0,0.0,0.0,0.0,0.0,V3新增
t0hist_life_d7_immature_n,历史T0｜全可观察历史｜D7｜名义窗口尚未成熟事件数,口径1；COUNT(end>当前T0)；可与删失未知计数重叠；end=DATE(历史T0)+8日00:00；未知不记0,order_vir_f_copy + side_recycle_type_copy + order_loan_f_v2_copy（V2冻结订单历史）,life,次数,float32,无历史次数为0；比率零分母/无有效值为NaN,history_features.py / snapshot()；历史结果按当前预测时刻重算，不能读取历史事件最终标签,V3-F1424,历史T0提单与时点习惯,资格credit_time<当前T0；历史提单apply_time<当前T0；历史T0!=当前event_id；未来结果不参与,已入模,选定候选保留,0.0,0.0,0.0,0.0186343604959628,314.4754981994629,V3新增
t0hist_life_d15_eligible_n,历史T0｜全可观察历史｜D15｜成熟有效事件数,口径1；COUNT(end<=当前T0且(窗口内已有首次提单或下一T0>=end))；end=DATE(历史T0)+16日00:00；未知不记0,order_vir_f_copy + side_recycle_type_copy + order_loan_f_v2_copy（V2冻结订单历史）,life,次数,float32,无历史次数为0；比率零分母/无有效值为NaN,history_features.py / snapshot()；历史结果按当前预测时刻重算，不能读取历史事件最终标签,V3-F1425,历史T0提单与时点习惯,资格credit_time<当前T0；历史提单apply_time<当前T0；历史T0!=当前event_id；未来结果不参与,已入模,选定候选保留,0.0,0.0,0.0,0.0081921935331519,0.0,V3新增
t0hist_life_d15_positive_n,历史T0｜全可观察历史｜D15｜成熟已知首次提单数,口径1；COUNT(eligible且首次归属提单<end)；end=DATE(历史T0)+16日00:00；未知不记0,order_vir_f_copy + side_recycle_type_copy + order_loan_f_v2_copy（V2冻结订单历史）,life,次数,float32,无历史次数为0；比率零分母/无有效值为NaN,history_features.py / snapshot()；历史结果按当前预测时刻重算，不能读取历史事件最终标签,V3-F1426,历史T0提单与时点习惯,资格credit_time<当前T0；历史提单apply_time<当前T0；历史T0!=当前event_id；未来结果不参与,已入模,选定候选保留,0.0,0.0,0.0,0.0128567415486164,0.0,V3新增
t0hist_life_d15_rate,历史T0｜全可观察历史｜D15｜成熟用户后续提单率,口径1；positive_n/eligible_n；无成熟有效分母NaN；end=DATE(历史T0)+16日00:00；未知不记0,order_vir_f_copy + side_recycle_type_copy + order_loan_f_v2_copy（V2冻结订单历史）,life,比例,float32,无历史次数为0；比率零分母/无有效值为NaN,history_features.py / snapshot()；历史结果按当前预测时刻重算，不能读取历史事件最终标签,V3-F1427,历史T0提单与时点习惯,资格credit_time<当前T0；历史提单apply_time<当前T0；历史T0!=当前event_id；未来结果不参与,已入模,选定候选保留,0.613922655182044,0.6104918719827204,0.6382552575943029,0.0125374827152163,0.0,V3新增
t0hist_life_d15_censored_unknown_n,历史T0｜全可观察历史｜D15｜下一T0提前删失未知事件数,口径1；COUNT(下一T0<end且无窗口内已知首次提单)；end=DATE(历史T0)+16日00:00；未知不记0,order_vir_f_copy + side_recycle_type_copy + order_loan_f_v2_copy（V2冻结订单历史）,life,次数,float32,无历史次数为0；比率零分母/无有效值为NaN,history_features.py / snapshot()；历史结果按当前预测时刻重算，不能读取历史事件最终标签,V3-F1428,历史T0提单与时点习惯,资格credit_time<当前T0；历史提单apply_time<当前T0；历史T0!=当前event_id；未来结果不参与,已入模,选定候选保留,0.0,0.0,0.0,0.0,15.018600463867188,V3新增
t0hist_life_d15_immature_n,历史T0｜全可观察历史｜D15｜名义窗口尚未成熟事件数,口径1；COUNT(end>当前T0)；可与删失未知计数重叠；end=DATE(历史T0)+16日00:00；未知不记0,order_vir_f_copy + side_recycle_type_copy + order_loan_f_v2_copy（V2冻结订单历史）,life,次数,float32,无历史次数为0；比率零分母/无有效值为NaN,history_features.py / snapshot()；历史结果按当前预测时刻重算，不能读取历史事件最终标签,V3-F1429,历史T0提单与时点习惯,资格credit_time<当前T0；历史提单apply_time<当前T0；历史T0!=当前event_id；未来结果不参与,已入模,选定候选保留,0.0,0.0,0.0,0.0606264511684032,348.9733018875122,V3新增
t0hist_life_d30_eligible_n,历史T0｜全可观察历史｜D30｜成熟有效事件数,口径1；COUNT(end<=当前T0且(窗口内已有首次提单或下一T0>=end))；end=DATE(历史T0)+31日00:00；未知不记0,order_vir_f_copy + side_recycle_type_copy + order_loan_f_v2_copy（V2冻结订单历史）,life,次数,float32,无历史次数为0；比率零分母/无有效值为NaN,history_features.py / snapshot()；历史结果按当前预测时刻重算，不能读取历史事件最终标签,V3-F1430,历史T0提单与时点习惯,资格credit_time<当前T0；历史提单apply_time<当前T0；历史T0!=当前event_id；未来结果不参与,已入模,选定候选保留,0.0,0.0,0.0,0.0034873778516632,0.0,V3新增
t0hist_life_d30_positive_n,历史T0｜全可观察历史｜D30｜成熟已知首次提单数,口径1；COUNT(eligible且首次归属提单<end)；end=DATE(历史T0)+31日00:00；未知不记0,order_vir_f_copy + side_recycle_type_copy + order_loan_f_v2_copy（V2冻结订单历史）,life,次数,float32,无历史次数为0；比率零分母/无有效值为NaN,history_features.py / snapshot()；历史结果按当前预测时刻重算，不能读取历史事件最终标签,V3-F1431,历史T0提单与时点习惯,资格credit_time<当前T0；历史提单apply_time<当前T0；历史T0!=当前event_id；未来结果不参与,已入模,选定候选保留,0.0,0.0,0.0,0.0050691262790467,17.039499282836914,V3新增
t0hist_life_d30_rate,历史T0｜全可观察历史｜D30｜成熟用户后续提单率,口径1；positive_n/eligible_n；无成熟有效分母NaN；end=DATE(历史T0)+31日00:00；未知不记0,order_vir_f_copy + side_recycle_type_copy + order_loan_f_v2_copy（V2冻结订单历史）,life,比例,float32,无历史次数为0；比率零分母/无有效值为NaN,history_features.py / snapshot()；历史结果按当前预测时刻重算，不能读取历史事件最终标签,V3-F1432,历史T0提单与时点习惯,资格credit_time<当前T0；历史提单apply_time<当前T0；历史T0!=当前event_id；未来结果不参与,已入模,选定候选保留,0.7280780405587485,0.7281687984074405,0.7367308334260598,0.0076361299896826,21.026500701904297,V3新增
t0hist_life_d30_censored_unknown_n,历史T0｜全可观察历史｜D30｜下一T0提前删失未知事件数,口径1；COUNT(下一T0<end且无窗口内已知首次提单)；end=DATE(历史T0)+31日00:00；未知不记0,order_vir_f_copy + side_recycle_type_copy + order_loan_f_v2_copy（V2冻结订单历史）,life,次数,float32,无历史次数为0；比率零分母/无有效值为NaN,history_features.py / snapshot()；历史结果按当前预测时刻重算，不能读取历史事件最终标签,V3-F1433,历史T0提单与时点习惯,资格credit_time<当前T0；历史提单apply_time<当前T0；历史T0!=当前event_id；未来结果不参与,已入模,选定候选保留,0.0,0.0,0.0,0.0,0.0,V3新增
t0hist_life_d30_immature_n,历史T0｜全可观察历史｜D30｜名义窗口尚未成熟事件数,口径1；COUNT(end>当前T0)；可与删失未知计数重叠；end=DATE(历史T0)+31日00:00；未知不记0,order_vir_f_copy + side_recycle_type_copy + order_loan_f_v2_copy（V2冻结订单历史）,life,次数,float32,无历史次数为0；比率零分母/无有效值为NaN,history_features.py / snapshot()；历史结果按当前预测时刻重算，不能读取历史事件最终标签,V3-F1434,历史T0提单与时点习惯,资格credit_time<当前T0；历史提单apply_time<当前T0；历史T0!=当前event_id；未来结果不参与,已入模,选定候选保留,0.0,0.0,0.0,0.0685078280694011,0.0,V3新增
t0hist_last3_event_n,历史T0｜最近3次资格/事件｜事件数,历史严格T0事件计数,order_vir_f_copy + side_recycle_type_copy + order_loan_f_v2_copy（V2冻结订单历史）,last3,次数,float32,无历史次数为0；比率零分母/无有效值为NaN,history_features.py / snapshot()；历史结果按当前预测时刻重算，不能读取历史事件最终标签,V3-F1435,历史T0提单与时点习惯,资格credit_time<当前T0；历史提单apply_time<当前T0；历史T0!=当前event_id；未来结果不参与,已入模,选定候选保留,0.0,0.0,0.0,0.0285170613714753,0.0,V3新增
t0hist_last3_d0_eligible_n,历史T0｜最近3次资格/事件｜D0｜成熟有效事件数,口径1；COUNT(end<=当前T0且(窗口内已有首次提单或下一T0>=end))；end=DATE(历史T0)+1日00:00；未知不记0,order_vir_f_copy + side_recycle_type_copy + order_loan_f_v2_copy（V2冻结订单历史）,last3,次数,float32,无历史次数为0；比率零分母/无有效值为NaN,history_features.py / snapshot()；历史结果按当前预测时刻重算，不能读取历史事件最终标签,V3-F1436,历史T0提单与时点习惯,资格credit_time<当前T0；历史提单apply_time<当前T0；历史T0!=当前event_id；未来结果不参与,已入模,选定候选保留,0.0,0.0,0.0,0.0296163127836204,0.0,V3新增
t0hist_last3_d0_positive_n,历史T0｜最近3次资格/事件｜D0｜成熟已知首次提单数,口径1；COUNT(eligible且首次归属提单<end)；end=DATE(历史T0)+1日00:00；未知不记0,order_vir_f_copy + side_recycle_type_copy + order_loan_f_v2_copy（V2冻结订单历史）,last3,次数,float32,无历史次数为0；比率零分母/无有效值为NaN,history_features.py / snapshot()；历史结果按当前预测时刻重算，不能读取历史事件最终标签,V3-F1437,历史T0提单与时点习惯,资格credit_time<当前T0；历史提单apply_time<当前T0；历史T0!=当前event_id；未来结果不参与,已入模,选定候选保留,0.0,0.0,0.0,0.049819148904375,363.2963981628418,V3新增
t0hist_last3_d0_rate,历史T0｜最近3次资格/事件｜D0｜成熟用户后续提单率,口径1；positive_n/eligible_n；无成熟有效分母NaN；end=DATE(历史T0)+1日00:00；未知不记0,order_vir_f_copy + side_recycle_type_copy + order_loan_f_v2_copy（V2冻结订单历史）,last3,比例,float32,无历史次数为0；比率零分母/无有效值为NaN,history_features.py / snapshot()；历史结果按当前预测时刻重算，不能读取历史事件最终标签,V3-F1438,历史T0提单与时点习惯,资格credit_time<当前T0；历史提单apply_time<当前T0；历史T0!=当前event_id；未来结果不参与,已入模,选定候选保留,0.4807029921753659,0.4596903535707665,0.5393345944141538,0.0471821975838051,76.32229804992676,V3新增
t0hist_last3_d0_censored_unknown_n,历史T0｜最近3次资格/事件｜D0｜下一T0提前删失未知事件数,口径1；COUNT(下一T0<end且无窗口内已知首次提单)；end=DATE(历史T0)+1日00:00；未知不记0,order_vir_f_copy + side_recycle_type_copy + order_loan_f_v2_copy（V2冻结订单历史）,last3,次数,float32,无历史次数为0；比率零分母/无有效值为NaN,history_features.py / snapshot()；历史结果按当前预测时刻重算，不能读取历史事件最终标签,V3-F1439,历史T0提单与时点习惯,资格credit_time<当前T0；历史提单apply_time<当前T0；历史T0!=当前event_id；未来结果不参与,已入模,选定候选保留,0.0,0.0,0.0,0.0,0.0,V3新增
t0hist_last3_d0_immature_n,历史T0｜最近3次资格/事件｜D0｜名义窗口尚未成熟事件数,口径1；COUNT(end>当前T0)；可与删失未知计数重叠；end=DATE(历史T0)+1日00:00；未知不记0,order_vir_f_copy + side_recycle_type_copy + order_loan_f_v2_copy（V2冻结订单历史）,last3,次数,float32,无历史次数为0；比率零分母/无有效值为NaN,history_features.py / snapshot()；历史结果按当前预测时刻重算，不能读取历史事件最终标签,V3-F1440,历史T0提单与时点习惯,资格credit_time<当前T0；历史提单apply_time<当前T0；历史T0!=当前event_id；未来结果不参与,已入模,选定候选保留,0.0,0.0,0.0,0.0,80.7123031616211,V3新增
t0hist_last3_d3_eligible_n,历史T0｜最近3次资格/事件｜D3｜成熟有效事件数,口径1；COUNT(end<=当前T0且(窗口内已有首次提单或下一T0>=end))；end=DATE(历史T0)+4日00:00；未知不记0,order_vir_f_copy + side_recycle_type_copy + order_loan_f_v2_copy（V2冻结订单历史）,last3,次数,float32,无历史次数为0；比率零分母/无有效值为NaN,history_features.py / snapshot()；历史结果按当前预测时刻重算，不能读取历史事件最终标签,V3-F1441,历史T0提单与时点习惯,资格credit_time<当前T0；历史提单apply_time<当前T0；历史T0!=当前event_id；未来结果不参与,已入模,选定候选保留,0.0,0.0,0.0,0.0282451299714238,0.0,V3新增
t0hist_last3_d3_positive_n,历史T0｜最近3次资格/事件｜D3｜成熟已知首次提单数,口径1；COUNT(eligible且首次归属提单<end)；end=DATE(历史T0)+4日00:00；未知不记0,order_vir_f_copy + side_recycle_type_copy + order_loan_f_v2_copy（V2冻结订单历史）,last3,次数,float32,无历史次数为0；比率零分母/无有效值为NaN,history_features.py / snapshot()；历史结果按当前预测时刻重算，不能读取历史事件最终标签,V3-F1442,历史T0提单与时点习惯,资格credit_time<当前T0；历史提单apply_time<当前T0；历史T0!=当前event_id；未来结果不参与,已入模,选定候选保留,0.0,0.0,0.0,0.0485032317791874,63.53730010986328,V3新增
t0hist_last3_d3_rate,历史T0｜最近3次资格/事件｜D3｜成熟用户后续提单率,口径1；positive_n/eligible_n；无成熟有效分母NaN；end=DATE(历史T0)+4日00:00；未知不记0,order_vir_f_copy + side_recycle_type_copy + order_loan_f_v2_copy（V2冻结订单历史）,last3,比例,float32,无历史次数为0；比率零分母/无有效值为NaN,history_features.py / snapshot()；历史结果按当前预测时刻重算，不能读取历史事件最终标签,V3-F1443,历史T0提单与时点习惯,资格credit_time<当前T0；历史提单apply_time<当前T0；历史T0!=当前event_id；未来结果不参与,已入模,选定候选保留,0.4852596044076649,0.4650418691618914,0.5417825748303104,0.0434077551362938,0.0,V3新增
t0hist_last3_d3_censored_unknown_n,历史T0｜最近3次资格/事件｜D3｜下一T0提前删失未知事件数,口径1；COUNT(下一T0<end且无窗口内已知首次提单)；end=DATE(历史T0)+4日00:00；未知不记0,order_vir_f_copy + side_recycle_type_copy + order_loan_f_v2_copy（V2冻结订单历史）,last3,次数,float32,无历史次数为0；比率零分母/无有效值为NaN,history_features.py / snapshot()；历史结果按当前预测时刻重算，不能读取历史事件最终标签,V3-F1444,历史T0提单与时点习惯,资格credit_time<当前T0；历史提单apply_time<当前T0；历史T0!=当前event_id；未来结果不参与,已入模,选定候选保留,0.0,0.0,0.0,0.0,40.26870059967041,V3新增
t0hist_last3_d3_immature_n,历史T0｜最近3次资格/事件｜D3｜名义窗口尚未成熟事件数,口径1；COUNT(end>当前T0)；可与删失未知计数重叠；end=DATE(历史T0)+4日00:00；未知不记0,order_vir_f_copy + side_recycle_type_copy + order_loan_f_v2_copy（V2冻结订单历史）,last3,次数,float32,无历史次数为0；比率零分母/无有效值为NaN,history_features.py / snapshot()；历史结果按当前预测时刻重算，不能读取历史事件最终标签,V3-F1445,历史T0提单与时点习惯,资格credit_time<当前T0；历史提单apply_time<当前T0；历史T0!=当前event_id；未来结果不参与,已入模,选定候选保留,0.0,0.0,0.0,0.0,0.0,V3新增
t0hist_last3_d7_eligible_n,历史T0｜最近3次资格/事件｜D7｜成熟有效事件数,口径1；COUNT(end<=当前T0且(窗口内已有首次提单或下一T0>=end))；end=DATE(历史T0)+8日00:00；未知不记0,order_vir_f_copy + side_recycle_type_copy + order_loan_f_v2_copy（V2冻结订单历史）,last3,次数,float32,无历史次数为0；比率零分母/无有效值为NaN,history_features.py / snapshot()；历史结果按当前预测时刻重算，不能读取历史事件最终标签,V3-F1446,历史T0提单与时点习惯,资格credit_time<当前T0；历史提单apply_time<当前T0；历史T0!=当前event_id；未来结果不参与,已入模,选定候选保留,0.0,0.0,0.0,0.0171320211531247,12.217499732971191,V3新增
t0hist_last3_d7_positive_n,历史T0｜最近3次资格/事件｜D7｜成熟已知首次提单数,口径1；COUNT(eligible且首次归属提单<end)；end=DATE(历史T0)+8日00:00；未知不记0,order_vir_f_copy + side_recycle_type_copy + order_loan_f_v2_copy（V2冻结订单历史）,last3,次数,float32,无历史次数为0；比率零分母/无有效值为NaN,history_features.py / snapshot()；历史结果按当前预测时刻重算，不能读取历史事件最终标签,V3-F1447,历史T0提单与时点习惯,资格credit_time<当前T0；历史提单apply_time<当前T0；历史T0!=当前event_id；未来结果不参与,已入模,选定候选保留,0.0,0.0,0.0,0.0291709049581384,14.31779956817627,V3新增
t0hist_last3_d7_rate,历史T0｜最近3次资格/事件｜D7｜成熟用户后续提单率,口径1；positive_n/eligible_n；无成熟有效分母NaN；end=DATE(历史T0)+8日00:00；未知不记0,order_vir_f_copy + side_recycle_type_copy + order_loan_f_v2_copy（V2冻结订单历史）,last3,比例,float32,无历史次数为0；比率零分母/无有效值为NaN,history_features.py / snapshot()；历史结果按当前预测时刻重算，不能读取历史事件最终标签,V3-F1448,历史T0提单与时点习惯,资格credit_time<当前T0；历史提单apply_time<当前T0；历史T0!=当前event_id；未来结果不参与,已入模,选定候选保留,0.5344955144317218,0.5213375565173239,0.580282630466229,0.02729537029781,0.0,V3新增
t0hist_last3_d7_censored_unknown_n,历史T0｜最近3次资格/事件｜D7｜下一T0提前删失未知事件数,口径1；COUNT(下一T0<end且无窗口内已知首次提单)；end=DATE(历史T0)+8日00:00；未知不记0,order_vir_f_copy + side_recycle_type_copy + order_loan_f_v2_copy（V2冻结订单历史）,last3,次数,float32,无历史次数为0；比率零分母/无有效值为NaN,history_features.py / snapshot()；历史结果按当前预测时刻重算，不能读取历史事件最终标签,V3-F1449,历史T0提单与时点习惯,资格credit_time<当前T0；历史提单apply_time<当前T0；历史T0!=当前event_id；未来结果不参与,已入模,选定候选保留,0.0,0.0,0.0,0.0,0.0,V3新增
t0hist_last3_d7_immature_n,历史T0｜最近3次资格/事件｜D7｜名义窗口尚未成熟事件数,口径1；COUNT(end>当前T0)；可与删失未知计数重叠；end=DATE(历史T0)+8日00:00；未知不记0,order_vir_f_copy + side_recycle_type_copy + order_loan_f_v2_copy（V2冻结订单历史）,last3,次数,float32,无历史次数为0；比率零分母/无有效值为NaN,history_features.py / snapshot()；历史结果按当前预测时刻重算，不能读取历史事件最终标签,V3-F1450,历史T0提单与时点习惯,资格credit_time<当前T0；历史提单apply_time<当前T0；历史T0!=当前event_id；未来结果不参与,已入模,选定候选保留,0.0,0.0,0.0,0.0186343604959628,0.0,V3新增
t0hist_last3_d15_eligible_n,历史T0｜最近3次资格/事件｜D15｜成熟有效事件数,口径1；COUNT(end<=当前T0且(窗口内已有首次提单或下一T0>=end))；end=DATE(历史T0)+16日00:00；未知不记0,order_vir_f_copy + side_recycle_type_copy + order_loan_f_v2_copy（V2冻结订单历史）,last3,次数,float32,无历史次数为0；比率零分母/无有效值为NaN,history_features.py / snapshot()；历史结果按当前预测时刻重算，不能读取历史事件最终标签,V3-F1451,历史T0提单与时点习惯,资格credit_time<当前T0；历史提单apply_time<当前T0；历史T0!=当前event_id；未来结果不参与,已入模,选定候选保留,0.0,0.0,0.0,0.0023560844088642,0.0,V3新增
t0hist_last3_d15_positive_n,历史T0｜最近3次资格/事件｜D15｜成熟已知首次提单数,口径1；COUNT(eligible且首次归属提单<end)；end=DATE(历史T0)+16日00:00；未知不记0,order_vir_f_copy + side_recycle_type_copy + order_loan_f_v2_copy（V2冻结订单历史）,last3,次数,float32,无历史次数为0；比率零分母/无有效值为NaN,history_features.py / snapshot()；历史结果按当前预测时刻重算，不能读取历史事件最终标签,V3-F1452,历史T0提单与时点习惯,资格credit_time<当前T0；历史提单apply_time<当前T0；历史T0!=当前event_id；未来结果不参与,已入模,选定候选保留,0.0,0.0,0.0,0.0059516943458061,0.0,V3新增
t0hist_last3_d15_rate,历史T0｜最近3次资格/事件｜D15｜成熟用户后续提单率,口径1；positive_n/eligible_n；无成熟有效分母NaN；end=DATE(历史T0)+16日00:00；未知不记0,order_vir_f_copy + side_recycle_type_copy + order_loan_f_v2_copy（V2冻结订单历史）,last3,比例,float32,无历史次数为0；比率零分母/无有效值为NaN,history_features.py / snapshot()；历史结果按当前预测时刻重算，不能读取历史事件最终标签,V3-F1453,历史T0提单与时点习惯,资格credit_time<当前T0；历史提单apply_time<当前T0；历史T0!=当前event_id；未来结果不参与,已入模,选定候选保留,0.6229084904874596,0.6213802719279158,0.6421497718927339,0.0088179891884796,0.0,V3新增
t0hist_last3_d15_censored_unknown_n,历史T0｜最近3次资格/事件｜D15｜下一T0提前删失未知事件数,口径1；COUNT(下一T0<end且无窗口内已知首次提单)；end=DATE(历史T0)+16日00:00；未知不记0,order_vir_f_copy + side_recycle_type_copy + order_loan_f_v2_copy（V2冻结订单历史）,last3,次数,float32,无历史次数为0；比率零分母/无有效值为NaN,history_features.py / snapshot()；历史结果按当前预测时刻重算，不能读取历史事件最终标签,V3-F1454,历史T0提单与时点习惯,资格credit_time<当前T0；历史提单apply_time<当前T0；历史T0!=当前event_id；未来结果不参与,已入模,选定候选保留,0.0,0.0,0.0,0.0,0.0,V3新增
t0hist_last3_d15_immature_n,历史T0｜最近3次资格/事件｜D15｜名义窗口尚未成熟事件数,口径1；COUNT(end>当前T0)；可与删失未知计数重叠；end=DATE(历史T0)+16日00:00；未知不记0,order_vir_f_copy + side_recycle_type_copy + order_loan_f_v2_copy（V2冻结订单历史）,last3,次数,float32,无历史次数为0；比率零分母/无有效值为NaN,history_features.py / snapshot()；历史结果按当前预测时刻重算，不能读取历史事件最终标签,V3-F1455,历史T0提单与时点习惯,资格credit_time<当前T0；历史提单apply_time<当前T0；历史T0!=当前event_id；未来结果不参与,已入模,选定候选保留,0.0,0.0,0.0,0.0606264511684032,0.0,V3新增
t0hist_last3_d30_eligible_n,历史T0｜最近3次资格/事件｜D30｜成熟有效事件数,口径1；COUNT(end<=当前T0且(窗口内已有首次提单或下一T0>=end))；end=DATE(历史T0)+31日00:00；未知不记0,order_vir_f_copy + side_recycle_type_copy + order_loan_f_v2_copy（V2冻结订单历史）,last3,次数,float32,无历史次数为0；比率零分母/无有效值为NaN,history_features.py / snapshot()；历史结果按当前预测时刻重算，不能读取历史事件最终标签,V3-F1456,历史T0提单与时点习惯,资格credit_time<当前T0；历史提单apply_time<当前T0；历史T0!=当前event_id；未来结果不参与,已入模,选定候选保留,0.0,0.0,0.0,0.0004630071399785,0.0,V3新增
t0hist_last3_d30_positive_n,历史T0｜最近3次资格/事件｜D30｜成熟已知首次提单数,口径1；COUNT(eligible且首次归属提单<end)；end=DATE(历史T0)+31日00:00；未知不记0,order_vir_f_copy + side_recycle_type_copy + order_loan_f_v2_copy（V2冻结订单历史）,last3,次数,float32,无历史次数为0；比率零分母/无有效值为NaN,history_features.py / snapshot()；历史结果按当前预测时刻重算，不能读取历史事件最终标签,V3-F1457,历史T0提单与时点习惯,资格credit_time<当前T0；历史提单apply_time<当前T0；历史T0!=当前event_id；未来结果不参与,已入模,选定候选保留,0.0,0.0,0.0,0.0008452785921728,0.0,V3新增
t0hist_last3_d30_rate,历史T0｜最近3次资格/事件｜D30｜成熟用户后续提单率,口径1；positive_n/eligible_n；无成熟有效分母NaN；end=DATE(历史T0)+31日00:00；未知不记0,order_vir_f_copy + side_recycle_type_copy + order_loan_f_v2_copy（V2冻结订单历史）,last3,比例,float32,无历史次数为0；比率零分母/无有效值为NaN,history_features.py / snapshot()；历史结果按当前预测时刻重算，不能读取历史事件最终标签,V3-F1458,历史T0提单与时点习惯,资格credit_time<当前T0；历史提单apply_time<当前T0；历史T0!=当前event_id；未来结果不参与,已入模,选定候选保留,0.7544083998451732,0.7561675411236571,0.7504172693891176,0.0038056126403278,15.795499801635742,V3新增
t0hist_last3_d30_censored_unknown_n,历史T0｜最近3次资格/事件｜D30｜下一T0提前删失未知事件数,口径1；COUNT(下一T0<end且无窗口内已知首次提单)；end=DATE(历史T0)+31日00:00；未知不记0,order_vir_f_copy + side_recycle_type_copy + order_loan_f_v2_copy（V2冻结订单历史）,last3,次数,float32,无历史次数为0；比率零分母/无有效值为NaN,history_features.py / snapshot()；历史结果按当前预测时刻重算，不能读取历史事件最终标签,V3-F1459,历史T0提单与时点习惯,资格credit_time<当前T0；历史提单apply_time<当前T0；历史T0!=当前event_id；未来结果不参与,已入模,选定候选保留,0.0,0.0,0.0,0.0,0.0,V3新增
t0hist_last3_d30_immature_n,历史T0｜最近3次资格/事件｜D30｜名义窗口尚未成熟事件数,口径1；COUNT(end>当前T0)；可与删失未知计数重叠；end=DATE(历史T0)+31日00:00；未知不记0,order_vir_f_copy + side_recycle_type_copy + order_loan_f_v2_copy（V2冻结订单历史）,last3,次数,float32,无历史次数为0；比率零分母/无有效值为NaN,history_features.py / snapshot()；历史结果按当前预测时刻重算，不能读取历史事件最终标签,V3-F1460,历史T0提单与时点习惯,资格credit_time<当前T0；历史提单apply_time<当前T0；历史T0!=当前event_id；未来结果不参与,已入模,选定候选保留,0.0,0.0,0.0,0.0685078280694011,0.0,V3新增
t0hist_last5_event_n,历史T0｜最近5次资格/事件｜事件数,历史严格T0事件计数,order_vir_f_copy + side_recycle_type_copy + order_loan_f_v2_copy（V2冻结订单历史）,last5,次数,float32,无历史次数为0；比率零分母/无有效值为NaN,history_features.py / snapshot()；历史结果按当前预测时刻重算，不能读取历史事件最终标签,V3-F1461,历史T0提单与时点习惯,资格credit_time<当前T0；历史提单apply_time<当前T0；历史T0!=当前event_id；未来结果不参与,已入模,选定候选保留,0.0,0.0,0.0,0.0317909778863493,0.0,V3新增
t0hist_last5_d0_eligible_n,历史T0｜最近5次资格/事件｜D0｜成熟有效事件数,口径1；COUNT(end<=当前T0且(窗口内已有首次提单或下一T0>=end))；end=DATE(历史T0)+1日00:00；未知不记0,order_vir_f_copy + side_recycle_type_copy + order_loan_f_v2_copy（V2冻结订单历史）,last5,次数,float32,无历史次数为0；比率零分母/无有效值为NaN,history_features.py / snapshot()；历史结果按当前预测时刻重算，不能读取历史事件最终标签,V3-F1462,历史T0提单与时点习惯,资格credit_time<当前T0；历史提单apply_time<当前T0；历史T0!=当前event_id；未来结果不参与,已入模,选定候选保留,0.0,0.0,0.0,0.0329544690883061,0.0,V3新增
t0hist_last5_d0_positive_n,历史T0｜最近5次资格/事件｜D0｜成熟已知首次提单数,口径1；COUNT(eligible且首次归属提单<end)；end=DATE(历史T0)+1日00:00；未知不记0,order_vir_f_copy + side_recycle_type_copy + order_loan_f_v2_copy（V2冻结订单历史）,last5,次数,float32,无历史次数为0；比率零分母/无有效值为NaN,history_features.py / snapshot()；历史结果按当前预测时刻重算，不能读取历史事件最终标签,V3-F1463,历史T0提单与时点习惯,资格credit_time<当前T0；历史提单apply_time<当前T0；历史T0!=当前event_id；未来结果不参与,已入模,选定候选保留,0.0,0.0,0.0,0.0522200586154633,185.2847023010254,V3新增
t0hist_last5_d0_rate,历史T0｜最近5次资格/事件｜D0｜成熟用户后续提单率,口径1；positive_n/eligible_n；无成熟有效分母NaN；end=DATE(历史T0)+1日00:00；未知不记0,order_vir_f_copy + side_recycle_type_copy + order_loan_f_v2_copy（V2冻结订单历史）,last5,比例,float32,无历史次数为0；比率零分母/无有效值为NaN,history_features.py / snapshot()；历史结果按当前预测时刻重算，不能读取历史事件最终标签,V3-F1464,历史T0提单与时点习惯,资格credit_time<当前T0；历史提单apply_time<当前T0；历史T0!=当前event_id；未来结果不参与,已入模,选定候选保留,0.4804384146909098,0.4594082706706319,0.5392233225770557,0.0447874108451523,219.34609413146973,V3新增
t0hist_last5_d0_censored_unknown_n,历史T0｜最近5次资格/事件｜D0｜下一T0提前删失未知事件数,口径1；COUNT(下一T0<end且无窗口内已知首次提单)；end=DATE(历史T0)+1日00:00；未知不记0,order_vir_f_copy + side_recycle_type_copy + order_loan_f_v2_copy（V2冻结订单历史）,last5,次数,float32,无历史次数为0；比率零分母/无有效值为NaN,history_features.py / snapshot()；历史结果按当前预测时刻重算，不能读取历史事件最终标签,V3-F1465,历史T0提单与时点习惯,资格credit_time<当前T0；历史提单apply_time<当前T0；历史T0!=当前event_id；未来结果不参与,已入模,选定候选保留,0.0,0.0,0.0,0.0,0.0,V3新增
t0hist_last5_d0_immature_n,历史T0｜最近5次资格/事件｜D0｜名义窗口尚未成熟事件数,口径1；COUNT(end>当前T0)；可与删失未知计数重叠；end=DATE(历史T0)+1日00:00；未知不记0,order_vir_f_copy + side_recycle_type_copy + order_loan_f_v2_copy（V2冻结订单历史）,last5,次数,float32,无历史次数为0；比率零分母/无有效值为NaN,history_features.py / snapshot()；历史结果按当前预测时刻重算，不能读取历史事件最终标签,V3-F1466,历史T0提单与时点习惯,资格credit_time<当前T0；历史提单apply_time<当前T0；历史T0!=当前event_id；未来结果不参与,已入模,选定候选保留,0.0,0.0,0.0,0.0,0.0,V3新增
t0hist_last5_d3_eligible_n,历史T0｜最近5次资格/事件｜D3｜成熟有效事件数,口径1；COUNT(end<=当前T0且(窗口内已有首次提单或下一T0>=end))；end=DATE(历史T0)+4日00:00；未知不记0,order_vir_f_copy + side_recycle_type_copy + order_loan_f_v2_copy（V2冻结订单历史）,last5,次数,float32,无历史次数为0；比率零分母/无有效值为NaN,history_features.py / snapshot()；历史结果按当前预测时刻重算，不能读取历史事件最终标签,V3-F1467,历史T0提单与时点习惯,资格credit_time<当前T0；历史提单apply_time<当前T0；历史T0!=当前event_id；未来结果不参与,已入模,选定候选保留,0.0,0.0,0.0,0.0309850583006445,0.0,V3新增
t0hist_last5_d3_positive_n,历史T0｜最近5次资格/事件｜D3｜成熟已知首次提单数,口径1；COUNT(eligible且首次归属提单<end)；end=DATE(历史T0)+4日00:00；未知不记0,order_vir_f_copy + side_recycle_type_copy + order_loan_f_v2_copy（V2冻结订单历史）,last5,次数,float32,无历史次数为0；比率零分母/无有效值为NaN,history_features.py / snapshot()；历史结果按当前预测时刻重算，不能读取历史事件最终标签,V3-F1468,历史T0提单与时点习惯,资格credit_time<当前T0；历史提单apply_time<当前T0；历史T0!=当前event_id；未来结果不参与,已入模,选定候选保留,0.0,0.0,0.0,0.0490824529144519,370.14620208740234,V3新增
t0hist_last5_d3_rate,历史T0｜最近5次资格/事件｜D3｜成熟用户后续提单率,口径1；positive_n/eligible_n；无成熟有效分母NaN；end=DATE(历史T0)+4日00:00；未知不记0,order_vir_f_copy + side_recycle_type_copy + order_loan_f_v2_copy（V2冻结订单历史）,last5,比例,float32,无历史次数为0；比率零分母/无有效值为NaN,history_features.py / snapshot()；历史结果按当前预测时刻重算，不能读取历史事件最终标签,V3-F1469,历史T0提单与时点习惯,资格credit_time<当前T0；历史提单apply_time<当前T0；历史T0!=当前event_id；未来结果不参与,已入模,选定候选保留,0.48477454568616213,0.4645341199416491,0.5414487593190164,0.0429888488381108,39.7411003112793,V3新增
t0hist_last5_d3_censored_unknown_n,历史T0｜最近5次资格/事件｜D3｜下一T0提前删失未知事件数,口径1；COUNT(下一T0<end且无窗口内已知首次提单)；end=DATE(历史T0)+4日00:00；未知不记0,order_vir_f_copy + side_recycle_type_copy + order_loan_f_v2_copy（V2冻结订单历史）,last5,次数,float32,无历史次数为0；比率零分母/无有效值为NaN,history_features.py / snapshot()；历史结果按当前预测时刻重算，不能读取历史事件最终标签,V3-F1470,历史T0提单与时点习惯,资格credit_time<当前T0；历史提单apply_time<当前T0；历史T0!=当前event_id；未来结果不参与,已入模,选定候选保留,0.0,0.0,0.0,0.0,0.0,V3新增
t0hist_last5_d3_immature_n,历史T0｜最近5次资格/事件｜D3｜名义窗口尚未成熟事件数,口径1；COUNT(end>当前T0)；可与删失未知计数重叠；end=DATE(历史T0)+4日00:00；未知不记0,order_vir_f_copy + side_recycle_type_copy + order_loan_f_v2_copy（V2冻结订单历史）,last5,次数,float32,无历史次数为0；比率零分母/无有效值为NaN,history_features.py / snapshot()；历史结果按当前预测时刻重算，不能读取历史事件最终标签,V3-F1471,历史T0提单与时点习惯,资格credit_time<当前T0；历史提单apply_time<当前T0；历史T0!=当前event_id；未来结果不参与,已入模,选定候选保留,0.0,0.0,0.0,0.0,0.0,V3新增
t0hist_last5_d7_eligible_n,历史T0｜最近5次资格/事件｜D7｜成熟有效事件数,口径1；COUNT(end<=当前T0且(窗口内已有首次提单或下一T0>=end))；end=DATE(历史T0)+8日00:00；未知不记0,order_vir_f_copy + side_recycle_type_copy + order_loan_f_v2_copy（V2冻结订单历史）,last5,次数,float32,无历史次数为0；比率零分母/无有效值为NaN,history_features.py / snapshot()；历史结果按当前预测时刻重算，不能读取历史事件最终标签,V3-F1472,历史T0提单与时点习惯,资格credit_time<当前T0；历史提单apply_time<当前T0；历史T0!=当前event_id；未来结果不参与,已入模,选定候选保留,0.0,0.0,0.0,0.0203076717492611,0.0,V3新增
t0hist_last5_d7_positive_n,历史T0｜最近5次资格/事件｜D7｜成熟已知首次提单数,口径1；COUNT(eligible且首次归属提单<end)；end=DATE(历史T0)+8日00:00；未知不记0,order_vir_f_copy + side_recycle_type_copy + order_loan_f_v2_copy（V2冻结订单历史）,last5,次数,float32,无历史次数为0；比率零分母/无有效值为NaN,history_features.py / snapshot()；历史结果按当前预测时刻重算，不能读取历史事件最终标签,V3-F1473,历史T0提单与时点习惯,资格credit_time<当前T0；历史提单apply_time<当前T0；历史T0!=当前event_id；未来结果不参与,已入模,选定候选保留,0.0,0.0,0.0,0.0317115130529694,0.0,V3新增
t0hist_last5_d7_rate,历史T0｜最近5次资格/事件｜D7｜成熟用户后续提单率,口径1；positive_n/eligible_n；无成熟有效分母NaN；end=DATE(历史T0)+8日00:00；未知不记0,order_vir_f_copy + side_recycle_type_copy + order_loan_f_v2_copy（V2冻结订单历史）,last5,比例,float32,无历史次数为0；比率零分母/无有效值为NaN,history_features.py / snapshot()；历史结果按当前预测时刻重算，不能读取历史事件最终标签,V3-F1474,历史T0提单与时点习惯,资格credit_time<当前T0；历史提单apply_time<当前T0；历史T0!=当前event_id；未来结果不参与,已入模,选定候选保留,0.5328786520267125,0.5193387976820845,0.5793924557694448,0.0278600009848498,42.902099609375,V3新增
t0hist_last5_d7_censored_unknown_n,历史T0｜最近5次资格/事件｜D7｜下一T0提前删失未知事件数,口径1；COUNT(下一T0<end且无窗口内已知首次提单)；end=DATE(历史T0)+8日00:00；未知不记0,order_vir_f_copy + side_recycle_type_copy + order_loan_f_v2_copy（V2冻结订单历史）,last5,次数,float32,无历史次数为0；比率零分母/无有效值为NaN,history_features.py / snapshot()；历史结果按当前预测时刻重算，不能读取历史事件最终标签,V3-F1475,历史T0提单与时点习惯,资格credit_time<当前T0；历史提单apply_time<当前T0；历史T0!=当前event_id；未来结果不参与,已入模,选定候选保留,0.0,0.0,0.0,0.0,0.0,V3新增
t0hist_last5_d7_immature_n,历史T0｜最近5次资格/事件｜D7｜名义窗口尚未成熟事件数,口径1；COUNT(end>当前T0)；可与删失未知计数重叠；end=DATE(历史T0)+8日00:00；未知不记0,order_vir_f_copy + side_recycle_type_copy + order_loan_f_v2_copy（V2冻结订单历史）,last5,次数,float32,无历史次数为0；比率零分母/无有效值为NaN,history_features.py / snapshot()；历史结果按当前预测时刻重算，不能读取历史事件最终标签,V3-F1476,历史T0提单与时点习惯,资格credit_time<当前T0；历史提单apply_time<当前T0；历史T0!=当前event_id；未来结果不参与,已入模,选定候选保留,0.0,0.0,0.0,0.0186343604959628,0.0,V3新增
t0hist_last5_d15_eligible_n,历史T0｜最近5次资格/事件｜D15｜成熟有效事件数,口径1；COUNT(end<=当前T0且(窗口内已有首次提单或下一T0>=end))；end=DATE(历史T0)+16日00:00；未知不记0,order_vir_f_copy + side_recycle_type_copy + order_loan_f_v2_copy（V2冻结订单历史）,last5,次数,float32,无历史次数为0；比率零分母/无有效值为NaN,history_features.py / snapshot()；历史结果按当前预测时刻重算，不能读取历史事件最终标签,V3-F1477,历史T0提单与时点习惯,资格credit_time<当前T0；历史提单apply_time<当前T0；历史T0!=当前event_id；未来结果不参与,已入模,选定候选保留,0.0,0.0,0.0,0.0067182667752106,0.0,V3新增
t0hist_last5_d15_positive_n,历史T0｜最近5次资格/事件｜D15｜成熟已知首次提单数,口径1；COUNT(eligible且首次归属提单<end)；end=DATE(历史T0)+16日00:00；未知不记0,order_vir_f_copy + side_recycle_type_copy + order_loan_f_v2_copy（V2冻结订单历史）,last5,次数,float32,无历史次数为0；比率零分母/无有效值为NaN,history_features.py / snapshot()；历史结果按当前预测时刻重算，不能读取历史事件最终标签,V3-F1478,历史T0提单与时点习惯,资格credit_time<当前T0；历史提单apply_time<当前T0；历史T0!=当前event_id；未来结果不参与,已入模,选定候选保留,0.0,0.0,0.0,0.0118992211001647,0.0,V3新增
t0hist_last5_d15_rate,历史T0｜最近5次资格/事件｜D15｜成熟用户后续提单率,口径1；positive_n/eligible_n；无成熟有效分母NaN；end=DATE(历史T0)+16日00:00；未知不记0,order_vir_f_copy + side_recycle_type_copy + order_loan_f_v2_copy（V2冻结订单历史）,last5,比例,float32,无历史次数为0；比率零分母/无有效值为NaN,history_features.py / snapshot()；历史结果按当前预测时刻重算，不能读取历史事件最终标签,V3-F1479,历史T0提单与时点习惯,资格credit_time<当前T0；历史提单apply_time<当前T0；历史T0!=当前event_id；未来结果不参与,已入模,选定候选保留,0.6146722913880028,0.6114590133546104,0.6383665294314009,0.0123806102693111,72.01860046386719,V3新增
t0hist_last5_d15_censored_unknown_n,历史T0｜最近5次资格/事件｜D15｜下一T0提前删失未知事件数,口径1；COUNT(下一T0<end且无窗口内已知首次提单)；end=DATE(历史T0)+16日00:00；未知不记0,order_vir_f_copy + side_recycle_type_copy + order_loan_f_v2_copy（V2冻结订单历史）,last5,次数,float32,无历史次数为0；比率零分母/无有效值为NaN,history_features.py / snapshot()；历史结果按当前预测时刻重算，不能读取历史事件最终标签,V3-F1480,历史T0提单与时点习惯,资格credit_time<当前T0；历史提单apply_time<当前T0；历史T0!=当前event_id；未来结果不参与,已入模,选定候选保留,0.0,0.0,0.0,0.0,0.0,V3新增
t0hist_last5_d15_immature_n,历史T0｜最近5次资格/事件｜D15｜名义窗口尚未成熟事件数,口径1；COUNT(end>当前T0)；可与删失未知计数重叠；end=DATE(历史T0)+16日00:00；未知不记0,order_vir_f_copy + side_recycle_type_copy + order_loan_f_v2_copy（V2冻结订单历史）,last5,次数,float32,无历史次数为0；比率零分母/无有效值为NaN,history_features.py / snapshot()；历史结果按当前预测时刻重算，不能读取历史事件最终标签,V3-F1481,历史T0提单与时点习惯,资格credit_time<当前T0；历史提单apply_time<当前T0；历史T0!=当前event_id；未来结果不参与,已入模,选定候选保留,0.0,0.0,0.0,0.0606264511684032,0.0,V3新增
t0hist_last5_d30_eligible_n,历史T0｜最近5次资格/事件｜D30｜成熟有效事件数,口径1；COUNT(end<=当前T0且(窗口内已有首次提单或下一T0>=end))；end=DATE(历史T0)+31日00:00；未知不记0,order_vir_f_copy + side_recycle_type_copy + order_loan_f_v2_copy（V2冻结订单历史）,last5,次数,float32,无历史次数为0；比率零分母/无有效值为NaN,history_features.py / snapshot()；历史结果按当前预测时刻重算，不能读取历史事件最终标签,V3-F1482,历史T0提单与时点习惯,资格credit_time<当前T0；历史提单apply_time<当前T0；历史T0!=当前event_id；未来结果不参与,已入模,选定候选保留,0.0,0.0,0.0,0.0016862367608509,0.0,V3新增
t0hist_last5_d30_positive_n,历史T0｜最近5次资格/事件｜D30｜成熟已知首次提单数,口径1；COUNT(eligible且首次归属提单<end)；end=DATE(历史T0)+31日00:00；未知不记0,order_vir_f_copy + side_recycle_type_copy + order_loan_f_v2_copy（V2冻结订单历史）,last5,次数,float32,无历史次数为0；比率零分母/无有效值为NaN,history_features.py / snapshot()；历史结果按当前预测时刻重算，不能读取历史事件最终标签,V3-F1483,历史T0提单与时点习惯,资格credit_time<当前T0；历史提单apply_time<当前T0；历史T0!=当前event_id；未来结果不参与,已入模,选定候选保留,0.0,0.0,0.0,0.005395694424487,0.0,V3新增
t0hist_last5_d30_rate,历史T0｜最近5次资格/事件｜D30｜成熟用户后续提单率,口径1；positive_n/eligible_n；无成熟有效分母NaN；end=DATE(历史T0)+31日00:00；未知不记0,order_vir_f_copy + side_recycle_type_copy + order_loan_f_v2_copy（V2冻结订单历史）,last5,比例,float32,无历史次数为0；比率零分母/无有效值为NaN,history_features.py / snapshot()；历史结果按当前预测时刻重算，不能读取历史事件最终标签,V3-F1484,历史T0提单与时点习惯,资格credit_time<当前T0；历史提单apply_time<当前T0；历史T0!=当前event_id；未来结果不参与,已入模,选定候选保留,0.7328992302755035,0.7332543501212957,0.7395126293535106,0.0065802708630845,0.0,V3新增
t0hist_last5_d30_censored_unknown_n,历史T0｜最近5次资格/事件｜D30｜下一T0提前删失未知事件数,口径1；COUNT(下一T0<end且无窗口内已知首次提单)；end=DATE(历史T0)+31日00:00；未知不记0,order_vir_f_copy + side_recycle_type_copy + order_loan_f_v2_copy（V2冻结订单历史）,last5,次数,float32,无历史次数为0；比率零分母/无有效值为NaN,history_features.py / snapshot()；历史结果按当前预测时刻重算，不能读取历史事件最终标签,V3-F1485,历史T0提单与时点习惯,资格credit_time<当前T0；历史提单apply_time<当前T0；历史T0!=当前event_id；未来结果不参与,已入模,选定候选保留,0.0,0.0,0.0,0.0,0.0,V3新增
t0hist_last5_d30_immature_n,历史T0｜最近5次资格/事件｜D30｜名义窗口尚未成熟事件数,口径1；COUNT(end>当前T0)；可与删失未知计数重叠；end=DATE(历史T0)+31日00:00；未知不记0,order_vir_f_copy + side_recycle_type_copy + order_loan_f_v2_copy（V2冻结订单历史）,last5,次数,float32,无历史次数为0；比率零分母/无有效值为NaN,history_features.py / snapshot()；历史结果按当前预测时刻重算，不能读取历史事件最终标签,V3-F1486,历史T0提单与时点习惯,资格credit_time<当前T0；历史提单apply_time<当前T0；历史T0!=当前event_id；未来结果不参与,已入模,选定候选保留,0.0,0.0,0.0,0.0685078280694011,0.0,V3新增
t0hist_30d_event_n,历史T0｜最近30天｜事件数,历史严格T0事件计数,order_vir_f_copy + side_recycle_type_copy + order_loan_f_v2_copy（V2冻结订单历史）,30d,次数,float32,无历史次数为0；比率零分母/无有效值为NaN,history_features.py / snapshot()；历史结果按当前预测时刻重算，不能读取历史事件最终标签,V3-F1487,历史T0提单与时点习惯,资格credit_time<当前T0；历史提单apply_time<当前T0；历史T0!=当前event_id；未来结果不参与,已入模,选定候选保留,0.0,0.0,0.0,0.0684101524867142,0.0,V3新增
t0hist_30d_d0_eligible_n,历史T0｜最近30天｜D0｜成熟有效事件数,口径1；COUNT(end<=当前T0且(窗口内已有首次提单或下一T0>=end))；end=DATE(历史T0)+1日00:00；未知不记0,order_vir_f_copy + side_recycle_type_copy + order_loan_f_v2_copy（V2冻结订单历史）,30d,次数,float32,无历史次数为0；比率零分母/无有效值为NaN,history_features.py / snapshot()；历史结果按当前预测时刻重算，不能读取历史事件最终标签,V3-F1488,历史T0提单与时点习惯,资格credit_time<当前T0；历史提单apply_time<当前T0；历史T0!=当前event_id；未来结果不参与,已入模,选定候选保留,0.0,0.0,0.0,0.0784647788449563,0.0,V3新增
t0hist_30d_d0_positive_n,历史T0｜最近30天｜D0｜成熟已知首次提单数,口径1；COUNT(eligible且首次归属提单<end)；end=DATE(历史T0)+1日00:00；未知不记0,order_vir_f_copy + side_recycle_type_copy + order_loan_f_v2_copy（V2冻结订单历史）,30d,次数,float32,无历史次数为0；比率零分母/无有效值为NaN,history_features.py / snapshot()；历史结果按当前预测时刻重算，不能读取历史事件最终标签,V3-F1489,历史T0提单与时点习惯,资格credit_time<当前T0；历史提单apply_time<当前T0；历史T0!=当前event_id；未来结果不参与,已入模,选定候选保留,0.0,0.0,0.0,0.0460538869721561,109.37559700012208,V3新增
t0hist_30d_d0_rate,历史T0｜最近30天｜D0｜成熟用户后续提单率,口径1；positive_n/eligible_n；无成熟有效分母NaN；end=DATE(历史T0)+1日00:00；未知不记0,order_vir_f_copy + side_recycle_type_copy + order_loan_f_v2_copy（V2冻结订单历史）,30d,比例,float32,无历史次数为0；比率零分母/无有效值为NaN,history_features.py / snapshot()；历史结果按当前预测时刻重算，不能读取历史事件最终标签,V3-F1490,历史T0提单与时点习惯,资格credit_time<当前T0；历史提单apply_time<当前T0；历史T0!=当前event_id；未来结果不参与,已入模,选定候选保留,0.5907182298786373,0.559628295332737,0.6703015466785357,0.056117539232946,355.0068054199219,V3新增
t0hist_30d_d0_censored_unknown_n,历史T0｜最近30天｜D0｜下一T0提前删失未知事件数,口径1；COUNT(下一T0<end且无窗口内已知首次提单)；end=DATE(历史T0)+1日00:00；未知不记0,order_vir_f_copy + side_recycle_type_copy + order_loan_f_v2_copy（V2冻结订单历史）,30d,次数,float32,无历史次数为0；比率零分母/无有效值为NaN,history_features.py / snapshot()；历史结果按当前预测时刻重算，不能读取历史事件最终标签,V3-F1491,历史T0提单与时点习惯,资格credit_time<当前T0；历史提单apply_time<当前T0；历史T0!=当前event_id；未来结果不参与,已入模,选定候选保留,0.0,0.0,0.0,0.0,0.0,V3新增
t0hist_30d_d0_immature_n,历史T0｜最近30天｜D0｜名义窗口尚未成熟事件数,口径1；COUNT(end>当前T0)；可与删失未知计数重叠；end=DATE(历史T0)+1日00:00；未知不记0,order_vir_f_copy + side_recycle_type_copy + order_loan_f_v2_copy（V2冻结订单历史）,30d,次数,float32,无历史次数为0；比率零分母/无有效值为NaN,history_features.py / snapshot()；历史结果按当前预测时刻重算，不能读取历史事件最终标签,V3-F1492,历史T0提单与时点习惯,资格credit_time<当前T0；历史提单apply_time<当前T0；历史T0!=当前event_id；未来结果不参与,已入模,选定候选保留,0.0,0.0,0.0,0.0,0.0,V3新增
t0hist_30d_d3_eligible_n,历史T0｜最近30天｜D3｜成熟有效事件数,口径1；COUNT(end<=当前T0且(窗口内已有首次提单或下一T0>=end))；end=DATE(历史T0)+4日00:00；未知不记0,order_vir_f_copy + side_recycle_type_copy + order_loan_f_v2_copy（V2冻结订单历史）,30d,次数,float32,无历史次数为0；比率零分母/无有效值为NaN,history_features.py / snapshot()；历史结果按当前预测时刻重算，不能读取历史事件最终标签,V3-F1493,历史T0提单与时点习惯,资格credit_time<当前T0；历史提单apply_time<当前T0；历史T0!=当前event_id；未来结果不参与,已入模,选定候选保留,0.0,0.0,0.0,0.0771030051271657,0.0,V3新增
t0hist_30d_d3_positive_n,历史T0｜最近30天｜D3｜成熟已知首次提单数,口径1；COUNT(eligible且首次归属提单<end)；end=DATE(历史T0)+4日00:00；未知不记0,order_vir_f_copy + side_recycle_type_copy + order_loan_f_v2_copy（V2冻结订单历史）,30d,次数,float32,无历史次数为0；比率零分母/无有效值为NaN,history_features.py / snapshot()；历史结果按当前预测时刻重算，不能读取历史事件最终标签,V3-F1494,历史T0提单与时点习惯,资格credit_time<当前T0；历史提单apply_time<当前T0；历史T0!=当前event_id；未来结果不参与,已入模,选定候选保留,0.0,0.0,0.0,0.0669538665512787,426.8812026977539,V3新增
t0hist_30d_d3_rate,历史T0｜最近30天｜D3｜成熟用户后续提单率,口径1；positive_n/eligible_n；无成熟有效分母NaN；end=DATE(历史T0)+4日00:00；未知不记0,order_vir_f_copy + side_recycle_type_copy + order_loan_f_v2_copy（V2冻结订单历史）,30d,比例,float32,无历史次数为0；比率零分母/无有效值为NaN,history_features.py / snapshot()；历史结果按当前预测时刻重算，不能读取历史事件最终标签,V3-F1495,历史T0提单与时点习惯,资格credit_time<当前T0；历史提单apply_time<当前T0；历史T0!=当前event_id；未来结果不参与,已入模,选定候选保留,0.5954022312701189,0.5650684655496184,0.6729720707688884,0.0497588868633933,233.40119647979736,V3新增
t0hist_30d_d3_censored_unknown_n,历史T0｜最近30天｜D3｜下一T0提前删失未知事件数,口径1；COUNT(下一T0<end且无窗口内已知首次提单)；end=DATE(历史T0)+4日00:00；未知不记0,order_vir_f_copy + side_recycle_type_copy + order_loan_f_v2_copy（V2冻结订单历史）,30d,次数,float32,无历史次数为0；比率零分母/无有效值为NaN,history_features.py / snapshot()；历史结果按当前预测时刻重算，不能读取历史事件最终标签,V3-F1496,历史T0提单与时点习惯,资格credit_time<当前T0；历史提单apply_time<当前T0；历史T0!=当前event_id；未来结果不参与,已入模,选定候选保留,0.0,0.0,0.0,0.0,51.85219955444336,V3新增
t0hist_30d_d3_immature_n,历史T0｜最近30天｜D3｜名义窗口尚未成熟事件数,口径1；COUNT(end>当前T0)；可与删失未知计数重叠；end=DATE(历史T0)+4日00:00；未知不记0,order_vir_f_copy + side_recycle_type_copy + order_loan_f_v2_copy（V2冻结订单历史）,30d,次数,float32,无历史次数为0；比率零分母/无有效值为NaN,history_features.py / snapshot()；历史结果按当前预测时刻重算，不能读取历史事件最终标签,V3-F1497,历史T0提单与时点习惯,资格credit_time<当前T0；历史提单apply_time<当前T0；历史T0!=当前event_id；未来结果不参与,已入模,选定候选保留,0.0,0.0,0.0,0.0,0.0,V3新增
t0hist_30d_d7_eligible_n,历史T0｜最近30天｜D7｜成熟有效事件数,口径1；COUNT(end<=当前T0且(窗口内已有首次提单或下一T0>=end))；end=DATE(历史T0)+8日00:00；未知不记0,order_vir_f_copy + side_recycle_type_copy + order_loan_f_v2_copy（V2冻结订单历史）,30d,次数,float32,无历史次数为0；比率零分母/无有效值为NaN,history_features.py / snapshot()；历史结果按当前预测时刻重算，不能读取历史事件最终标签,V3-F1498,历史T0提单与时点习惯,资格credit_time<当前T0；历史提单apply_time<当前T0；历史T0!=当前event_id；未来结果不参与,已入模,选定候选保留,0.0,0.0,0.0,0.0623289246294999,0.0,V3新增
t0hist_30d_d7_positive_n,历史T0｜最近30天｜D7｜成熟已知首次提单数,口径1；COUNT(eligible且首次归属提单<end)；end=DATE(历史T0)+8日00:00；未知不记0,order_vir_f_copy + side_recycle_type_copy + order_loan_f_v2_copy（V2冻结订单历史）,30d,次数,float32,无历史次数为0；比率零分母/无有效值为NaN,history_features.py / snapshot()；历史结果按当前预测时刻重算，不能读取历史事件最终标签,V3-F1499,历史T0提单与时点习惯,资格credit_time<当前T0；历史提单apply_time<当前T0；历史T0!=当前event_id；未来结果不参与,已入模,选定候选保留,0.0,0.0,0.0,0.0554551758257541,98.1073989868164,V3新增
t0hist_30d_d7_rate,历史T0｜最近30天｜D7｜成熟用户后续提单率,口径1；positive_n/eligible_n；无成熟有效分母NaN；end=DATE(历史T0)+8日00:00；未知不记0,order_vir_f_copy + side_recycle_type_copy + order_loan_f_v2_copy（V2冻结订单历史）,30d,比例,float32,无历史次数为0；比率零分母/无有效值为NaN,history_features.py / snapshot()；历史结果按当前预测时刻重算，不能读取历史事件最终标签,V3-F1500,历史T0提单与时点习惯,资格credit_time<当前T0；历史提单apply_time<当前T0；历史T0!=当前event_id；未来结果不参与,已入模,选定候选保留,0.6495769210040225,0.6259177768643664,0.715477912540336,0.0365222191435219,0.0,V3新增
t0hist_30d_d7_censored_unknown_n,历史T0｜最近30天｜D7｜下一T0提前删失未知事件数,口径1；COUNT(下一T0<end且无窗口内已知首次提单)；end=DATE(历史T0)+8日00:00；未知不记0,order_vir_f_copy + side_recycle_type_copy + order_loan_f_v2_copy（V2冻结订单历史）,30d,次数,float32,无历史次数为0；比率零分母/无有效值为NaN,history_features.py / snapshot()；历史结果按当前预测时刻重算，不能读取历史事件最终标签,V3-F1501,历史T0提单与时点习惯,资格credit_time<当前T0；历史提单apply_time<当前T0；历史T0!=当前event_id；未来结果不参与,已入模,选定候选保留,0.0,0.0,0.0,0.0,0.0,V3新增
t0hist_30d_d7_immature_n,历史T0｜最近30天｜D7｜名义窗口尚未成熟事件数,口径1；COUNT(end>当前T0)；可与删失未知计数重叠；end=DATE(历史T0)+8日00:00；未知不记0,order_vir_f_copy + side_recycle_type_copy + order_loan_f_v2_copy（V2冻结订单历史）,30d,次数,float32,无历史次数为0；比率零分母/无有效值为NaN,history_features.py / snapshot()；历史结果按当前预测时刻重算，不能读取历史事件最终标签,V3-F1502,历史T0提单与时点习惯,资格credit_time<当前T0；历史提单apply_time<当前T0；历史T0!=当前event_id；未来结果不参与,已入模,选定候选保留,0.0,0.0,0.0,0.0186343604959628,0.0,V3新增
t0hist_30d_d15_eligible_n,历史T0｜最近30天｜D15｜成熟有效事件数,口径1；COUNT(end<=当前T0且(窗口内已有首次提单或下一T0>=end))；end=DATE(历史T0)+16日00:00；未知不记0,order_vir_f_copy + side_recycle_type_copy + order_loan_f_v2_copy（V2冻结订单历史）,30d,次数,float32,无历史次数为0；比率零分母/无有效值为NaN,history_features.py / snapshot()；历史结果按当前预测时刻重算，不能读取历史事件最终标签,V3-F1503,历史T0提单与时点习惯,资格credit_time<当前T0；历史提单apply_time<当前T0；历史T0!=当前event_id；未来结果不参与,已入模,选定候选保留,0.0,0.0,0.0,0.0150141396296936,0.0,V3新增
t0hist_30d_d15_positive_n,历史T0｜最近30天｜D15｜成熟已知首次提单数,口径1；COUNT(eligible且首次归属提单<end)；end=DATE(历史T0)+16日00:00；未知不记0,order_vir_f_copy + side_recycle_type_copy + order_loan_f_v2_copy（V2冻结订单历史）,30d,次数,float32,无历史次数为0；比率零分母/无有效值为NaN,history_features.py / snapshot()；历史结果按当前预测时刻重算，不能读取历史事件最终标签,V3-F1504,历史T0提单与时点习惯,资格credit_time<当前T0；历史提单apply_time<当前T0；历史T0!=当前event_id；未来结果不参与,已入模,选定候选保留,0.0,0.0,0.0,0.0129476243633655,0.0,V3新增
t0hist_30d_d15_rate,历史T0｜最近30天｜D15｜成熟用户后续提单率,口径1；positive_n/eligible_n；无成熟有效分母NaN；end=DATE(历史T0)+16日00:00；未知不记0,order_vir_f_copy + side_recycle_type_copy + order_loan_f_v2_copy（V2冻结订单历史）,30d,比例,float32,无历史次数为0；比率零分母/无有效值为NaN,history_features.py / snapshot()；历史结果按当前预测时刻重算，不能读取历史事件最终标签,V3-F1505,历史T0提单与时点习惯,资格credit_time<当前T0；历史提单apply_time<当前T0；历史T0!=当前event_id；未来结果不参与,已入模,选定候选保留,0.7585730454338335,0.7461495684131628,0.7974852564815845,0.0150141396296936,0.0,V3新增
t0hist_30d_d15_censored_unknown_n,历史T0｜最近30天｜D15｜下一T0提前删失未知事件数,口径1；COUNT(下一T0<end且无窗口内已知首次提单)；end=DATE(历史T0)+16日00:00；未知不记0,order_vir_f_copy + side_recycle_type_copy + order_loan_f_v2_copy（V2冻结订单历史）,30d,次数,float32,无历史次数为0；比率零分母/无有效值为NaN,history_features.py / snapshot()；历史结果按当前预测时刻重算，不能读取历史事件最终标签,V3-F1506,历史T0提单与时点习惯,资格credit_time<当前T0；历史提单apply_time<当前T0；历史T0!=当前event_id；未来结果不参与,已入模,选定候选保留,0.0,0.0,0.0,0.0,0.0,V3新增
t0hist_30d_d15_immature_n,历史T0｜最近30天｜D15｜名义窗口尚未成熟事件数,口径1；COUNT(end>当前T0)；可与删失未知计数重叠；end=DATE(历史T0)+16日00:00；未知不记0,order_vir_f_copy + side_recycle_type_copy + order_loan_f_v2_copy（V2冻结订单历史）,30d,次数,float32,无历史次数为0；比率零分母/无有效值为NaN,history_features.py / snapshot()；历史结果按当前预测时刻重算，不能读取历史事件最终标签,V3-F1507,历史T0提单与时点习惯,资格credit_time<当前T0；历史提单apply_time<当前T0；历史T0!=当前event_id；未来结果不参与,已入模,选定候选保留,0.0,0.0,0.0,0.0606264511684032,0.0,V3新增
t0hist_30d_d30_eligible_n,历史T0｜最近30天｜D30｜成熟有效事件数,口径1；COUNT(end<=当前T0且(窗口内已有首次提单或下一T0>=end))；end=DATE(历史T0)+31日00:00；未知不记0,order_vir_f_copy + side_recycle_type_copy + order_loan_f_v2_copy（V2冻结订单历史）,30d,次数,float32,无历史次数为0；比率零分母/无有效值为NaN,history_features.py / snapshot()；历史结果按当前预测时刻重算，不能读取历史事件最终标签,V3-F1508,历史T0提单与时点习惯,资格credit_time<当前T0；历史提单apply_time<当前T0；历史T0!=当前event_id；未来结果不参与,未入模,训练期全缺失或常量,0.0,0.0,0.0,0.0,0,V3新增
t0hist_30d_d30_positive_n,历史T0｜最近30天｜D30｜成熟已知首次提单数,口径1；COUNT(eligible且首次归属提单<end)；end=DATE(历史T0)+31日00:00；未知不记0,order_vir_f_copy + side_recycle_type_copy + order_loan_f_v2_copy（V2冻结订单历史）,30d,次数,float32,无历史次数为0；比率零分母/无有效值为NaN,history_features.py / snapshot()；历史结果按当前预测时刻重算，不能读取历史事件最终标签,V3-F1509,历史T0提单与时点习惯,资格credit_time<当前T0；历史提单apply_time<当前T0；历史T0!=当前event_id；未来结果不参与,未入模,训练期全缺失或常量,0.0,0.0,0.0,0.0,0,V3新增
t0hist_30d_d30_rate,历史T0｜最近30天｜D30｜成熟用户后续提单率,口径1；positive_n/eligible_n；无成熟有效分母NaN；end=DATE(历史T0)+31日00:00；未知不记0,order_vir_f_copy + side_recycle_type_copy + order_loan_f_v2_copy（V2冻结订单历史）,30d,比例,float32,无历史次数为0；比率零分母/无有效值为NaN,history_features.py / snapshot()；历史结果按当前预测时刻重算，不能读取历史事件最终标签,V3-F1510,历史T0提单与时点习惯,资格credit_time<当前T0；历史提单apply_time<当前T0；历史T0!=当前event_id；未来结果不参与,未入模,训练期全缺失或常量,1.0,1.0,1.0,,0,V3新增
t0hist_30d_d30_censored_unknown_n,历史T0｜最近30天｜D30｜下一T0提前删失未知事件数,口径1；COUNT(下一T0<end且无窗口内已知首次提单)；end=DATE(历史T0)+31日00:00；未知不记0,order_vir_f_copy + side_recycle_type_copy + order_loan_f_v2_copy（V2冻结订单历史）,30d,次数,float32,无历史次数为0；比率零分母/无有效值为NaN,history_features.py / snapshot()；历史结果按当前预测时刻重算，不能读取历史事件最终标签,V3-F1511,历史T0提单与时点习惯,资格credit_time<当前T0；历史提单apply_time<当前T0；历史T0!=当前event_id；未来结果不参与,已入模,选定候选保留,0.0,0.0,0.0,0.0,0.0,V3新增
t0hist_30d_d30_immature_n,历史T0｜最近30天｜D30｜名义窗口尚未成熟事件数,口径1；COUNT(end>当前T0)；可与删失未知计数重叠；end=DATE(历史T0)+31日00:00；未知不记0,order_vir_f_copy + side_recycle_type_copy + order_loan_f_v2_copy（V2冻结订单历史）,30d,次数,float32,无历史次数为0；比率零分母/无有效值为NaN,history_features.py / snapshot()；历史结果按当前预测时刻重算，不能读取历史事件最终标签,V3-F1512,历史T0提单与时点习惯,资格credit_time<当前T0；历史提单apply_time<当前T0；历史T0!=当前event_id；未来结果不参与,已入模,选定候选保留,0.0,0.0,0.0,0.0684101524867142,0.0,V3新增
t0hist_90d_event_n,历史T0｜最近90天｜事件数,历史严格T0事件计数,order_vir_f_copy + side_recycle_type_copy + order_loan_f_v2_copy（V2冻结订单历史）,90d,次数,float32,无历史次数为0；比率零分母/无有效值为NaN,history_features.py / snapshot()；历史结果按当前预测时刻重算，不能读取历史事件最终标签,V3-F1513,历史T0提单与时点习惯,资格credit_time<当前T0；历史提单apply_time<当前T0；历史T0!=当前event_id；未来结果不参与,已入模,选定候选保留,0.0,0.0,0.0,0.0500177832244188,31.007400512695312,V3新增
t0hist_90d_d0_eligible_n,历史T0｜最近90天｜D0｜成熟有效事件数,口径1；COUNT(end<=当前T0且(窗口内已有首次提单或下一T0>=end))；end=DATE(历史T0)+1日00:00；未知不记0,order_vir_f_copy + side_recycle_type_copy + order_loan_f_v2_copy（V2冻结订单历史）,90d,次数,float32,无历史次数为0；比率零分母/无有效值为NaN,history_features.py / snapshot()；历史结果按当前预测时刻重算，不能读取历史事件最终标签,V3-F1514,历史T0提单与时点习惯,资格credit_time<当前T0；历史提单apply_time<当前T0；历史T0!=当前event_id；未来结果不参与,已入模,选定候选保留,0.0,0.0,0.0,0.0529149594736438,0.0,V3新增
t0hist_90d_d0_positive_n,历史T0｜最近90天｜D0｜成熟已知首次提单数,口径1；COUNT(eligible且首次归属提单<end)；end=DATE(历史T0)+1日00:00；未知不记0,order_vir_f_copy + side_recycle_type_copy + order_loan_f_v2_copy（V2冻结订单历史）,90d,次数,float32,无历史次数为0；比率零分母/无有效值为NaN,history_features.py / snapshot()；历史结果按当前预测时刻重算，不能读取历史事件最终标签,V3-F1515,历史T0提单与时点习惯,资格credit_time<当前T0；历史提单apply_time<当前T0；历史T0!=当前event_id；未来结果不参与,已入模,选定候选保留,0.0,0.0,0.0,0.060318633104895,1870.4364547729492,V3新增
t0hist_90d_d0_rate,历史T0｜最近90天｜D0｜成熟用户后续提单率,口径1；positive_n/eligible_n；无成熟有效分母NaN；end=DATE(历史T0)+1日00:00；未知不记0,order_vir_f_copy + side_recycle_type_copy + order_loan_f_v2_copy（V2冻结订单历史）,90d,比例,float32,无历史次数为0；比率零分母/无有效值为NaN,history_features.py / snapshot()；历史结果按当前预测时刻重算，不能读取历史事件最终标签,V3-F1516,历史T0提单与时点习惯,资格credit_time<当前T0；历史提单apply_time<当前T0；历史T0!=当前event_id；未来结果不参与,已入模,选定候选保留,0.503486053336861,0.478912288337081,0.5674863691999555,0.0470845008310379,476.0509977340698,V3新增
t0hist_90d_d0_censored_unknown_n,历史T0｜最近90天｜D0｜下一T0提前删失未知事件数,口径1；COUNT(下一T0<end且无窗口内已知首次提单)；end=DATE(历史T0)+1日00:00；未知不记0,order_vir_f_copy + side_recycle_type_copy + order_loan_f_v2_copy（V2冻结订单历史）,90d,次数,float32,无历史次数为0；比率零分母/无有效值为NaN,history_features.py / snapshot()；历史结果按当前预测时刻重算，不能读取历史事件最终标签,V3-F1517,历史T0提单与时点习惯,资格credit_time<当前T0；历史提单apply_time<当前T0；历史T0!=当前event_id；未来结果不参与,已入模,选定候选保留,0.0,0.0,0.0,0.0,0.0,V3新增
t0hist_90d_d0_immature_n,历史T0｜最近90天｜D0｜名义窗口尚未成熟事件数,口径1；COUNT(end>当前T0)；可与删失未知计数重叠；end=DATE(历史T0)+1日00:00；未知不记0,order_vir_f_copy + side_recycle_type_copy + order_loan_f_v2_copy（V2冻结订单历史）,90d,次数,float32,无历史次数为0；比率零分母/无有效值为NaN,history_features.py / snapshot()；历史结果按当前预测时刻重算，不能读取历史事件最终标签,V3-F1518,历史T0提单与时点习惯,资格credit_time<当前T0；历史提单apply_time<当前T0；历史T0!=当前event_id；未来结果不参与,已入模,选定候选保留,0.0,0.0,0.0,0.0,0.0,V3新增
t0hist_90d_d3_eligible_n,历史T0｜最近90天｜D3｜成熟有效事件数,口径1；COUNT(end<=当前T0且(窗口内已有首次提单或下一T0>=end))；end=DATE(历史T0)+4日00:00；未知不记0,order_vir_f_copy + side_recycle_type_copy + order_loan_f_v2_copy（V2冻结订单历史）,90d,次数,float32,无历史次数为0；比率零分母/无有效值为NaN,history_features.py / snapshot()；历史结果按当前预测时刻重算，不能读取历史事件最终标签,V3-F1519,历史T0提单与时点习惯,资格credit_time<当前T0；历史提单apply_time<当前T0；历史T0!=当前event_id；未来结果不参与,已入模,选定候选保留,0.0,0.0,0.0,0.0514423159866334,0.0,V3新增
t0hist_90d_d3_positive_n,历史T0｜最近90天｜D3｜成熟已知首次提单数,口径1；COUNT(eligible且首次归属提单<end)；end=DATE(历史T0)+4日00:00；未知不记0,order_vir_f_copy + side_recycle_type_copy + order_loan_f_v2_copy（V2冻结订单历史）,90d,次数,float32,无历史次数为0；比率零分母/无有效值为NaN,history_features.py / snapshot()；历史结果按当前预测时刻重算，不能读取历史事件最终标签,V3-F1520,历史T0提单与时点习惯,资格credit_time<当前T0；历史提单apply_time<当前T0；历史T0!=当前event_id；未来结果不参与,已入模,选定候选保留,0.0,0.0,0.0,0.061161132716108,331.01119232177734,V3新增
t0hist_90d_d3_rate,历史T0｜最近90天｜D3｜成熟用户后续提单率,口径1；positive_n/eligible_n；无成熟有效分母NaN；end=DATE(历史T0)+4日00:00；未知不记0,order_vir_f_copy + side_recycle_type_copy + order_loan_f_v2_copy（V2冻结订单历史）,90d,比例,float32,无历史次数为0；比率零分母/无有效值为NaN,history_features.py / snapshot()；历史结果按当前预测时刻重算，不能读取历史事件最终标签,V3-F1521,历史T0提单与时点习惯,资格credit_time<当前T0；历史提单apply_time<当前T0；历史T0!=当前event_id；未来结果不参与,已入模,选定候选保留,0.5078466822473408,0.484054256630963,0.5699343496161121,0.0448717352957914,34.5442008972168,V3新增
t0hist_90d_d3_censored_unknown_n,历史T0｜最近90天｜D3｜下一T0提前删失未知事件数,口径1；COUNT(下一T0<end且无窗口内已知首次提单)；end=DATE(历史T0)+4日00:00；未知不记0,order_vir_f_copy + side_recycle_type_copy + order_loan_f_v2_copy（V2冻结订单历史）,90d,次数,float32,无历史次数为0；比率零分母/无有效值为NaN,history_features.py / snapshot()；历史结果按当前预测时刻重算，不能读取历史事件最终标签,V3-F1522,历史T0提单与时点习惯,资格credit_time<当前T0；历史提单apply_time<当前T0；历史T0!=当前event_id；未来结果不参与,已入模,选定候选保留,0.0,0.0,0.0,0.0,44.017601013183594,V3新增
t0hist_90d_d3_immature_n,历史T0｜最近90天｜D3｜名义窗口尚未成熟事件数,口径1；COUNT(end>当前T0)；可与删失未知计数重叠；end=DATE(历史T0)+4日00:00；未知不记0,order_vir_f_copy + side_recycle_type_copy + order_loan_f_v2_copy（V2冻结订单历史）,90d,次数,float32,无历史次数为0；比率零分母/无有效值为NaN,history_features.py / snapshot()；历史结果按当前预测时刻重算，不能读取历史事件最终标签,V3-F1523,历史T0提单与时点习惯,资格credit_time<当前T0；历史提单apply_time<当前T0；历史T0!=当前event_id；未来结果不参与,已入模,选定候选保留,0.0,0.0,0.0,0.0,0.0,V3新增
t0hist_90d_d7_eligible_n,历史T0｜最近90天｜D7｜成熟有效事件数,口径1；COUNT(end<=当前T0且(窗口内已有首次提单或下一T0>=end))；end=DATE(历史T0)+8日00:00；未知不记0,order_vir_f_copy + side_recycle_type_copy + order_loan_f_v2_copy（V2冻结订单历史）,90d,次数,float32,无历史次数为0；比率零分母/无有效值为NaN,history_features.py / snapshot()；历史结果按当前预测时刻重算，不能读取历史事件最终标签,V3-F1524,历史T0提单与时点习惯,资格credit_time<当前T0；历史提单apply_time<当前T0；历史T0!=当前event_id；未来结果不参与,已入模,选定候选保留,0.0,0.0,0.0,0.0390560922431896,21.11000061035156,V3新增
t0hist_90d_d7_positive_n,历史T0｜最近90天｜D7｜成熟已知首次提单数,口径1；COUNT(eligible且首次归属提单<end)；end=DATE(历史T0)+8日00:00；未知不记0,order_vir_f_copy + side_recycle_type_copy + order_loan_f_v2_copy（V2冻结订单历史）,90d,次数,float32,无历史次数为0；比率零分母/无有效值为NaN,history_features.py / snapshot()；历史结果按当前预测时刻重算，不能读取历史事件最终标签,V3-F1525,历史T0提单与时点习惯,资格credit_time<当前T0；历史提单apply_time<当前T0；历史T0!=当前event_id；未来结果不参与,已入模,选定候选保留,0.0,0.0,0.0,0.0425462281638879,559.3981018066406,V3新增
t0hist_90d_d7_rate,历史T0｜最近90天｜D7｜成熟用户后续提单率,口径1；positive_n/eligible_n；无成熟有效分母NaN；end=DATE(历史T0)+8日00:00；未知不记0,order_vir_f_copy + side_recycle_type_copy + order_loan_f_v2_copy（V2冻结订单历史）,90d,比例,float32,无历史次数为0；比率零分母/无有效值为NaN,history_features.py / snapshot()；历史结果按当前预测时刻重算，不能读取历史事件最终标签,V3-F1526,历史T0提单与时点习惯,资格credit_time<当前T0；历史提单apply_time<当前T0；历史T0!=当前event_id；未来结果不参与,已入模,选定候选保留,0.5570629939392158,0.5397615996518291,0.6085456770891288,0.0271769653119186,17.515600204467773,V3新增
t0hist_90d_d7_censored_unknown_n,历史T0｜最近90天｜D7｜下一T0提前删失未知事件数,口径1；COUNT(下一T0<end且无窗口内已知首次提单)；end=DATE(历史T0)+8日00:00；未知不记0,order_vir_f_copy + side_recycle_type_copy + order_loan_f_v2_copy（V2冻结订单历史）,90d,次数,float32,无历史次数为0；比率零分母/无有效值为NaN,history_features.py / snapshot()；历史结果按当前预测时刻重算，不能读取历史事件最终标签,V3-F1527,历史T0提单与时点习惯,资格credit_time<当前T0；历史提单apply_time<当前T0；历史T0!=当前event_id；未来结果不参与,已入模,选定候选保留,0.0,0.0,0.0,0.0,0.0,V3新增
t0hist_90d_d7_immature_n,历史T0｜最近90天｜D7｜名义窗口尚未成熟事件数,口径1；COUNT(end>当前T0)；可与删失未知计数重叠；end=DATE(历史T0)+8日00:00；未知不记0,order_vir_f_copy + side_recycle_type_copy + order_loan_f_v2_copy（V2冻结订单历史）,90d,次数,float32,无历史次数为0；比率零分母/无有效值为NaN,history_features.py / snapshot()；历史结果按当前预测时刻重算，不能读取历史事件最终标签,V3-F1528,历史T0提单与时点习惯,资格credit_time<当前T0；历史提单apply_time<当前T0；历史T0!=当前event_id；未来结果不参与,已入模,选定候选保留,0.0,0.0,0.0,0.0186343604959628,0.0,V3新增
t0hist_90d_d15_eligible_n,历史T0｜最近90天｜D15｜成熟有效事件数,口径1；COUNT(end<=当前T0且(窗口内已有首次提单或下一T0>=end))；end=DATE(历史T0)+16日00:00；未知不记0,order_vir_f_copy + side_recycle_type_copy + order_loan_f_v2_copy（V2冻结订单历史）,90d,次数,float32,无历史次数为0；比率零分母/无有效值为NaN,history_features.py / snapshot()；历史结果按当前预测时刻重算，不能读取历史事件最终标签,V3-F1529,历史T0提单与时点习惯,资格credit_time<当前T0；历史提单apply_time<当前T0；历史T0!=当前event_id；未来结果不参与,已入模,选定候选保留,0.0,0.0,0.0,0.0210284778821407,16.338600158691406,V3新增
t0hist_90d_d15_positive_n,历史T0｜最近90天｜D15｜成熟已知首次提单数,口径1；COUNT(eligible且首次归属提单<end)；end=DATE(历史T0)+16日00:00；未知不记0,order_vir_f_copy + side_recycle_type_copy + order_loan_f_v2_copy（V2冻结订单历史）,90d,次数,float32,无历史次数为0；比率零分母/无有效值为NaN,history_features.py / snapshot()；历史结果按当前预测时刻重算，不能读取历史事件最终标签,V3-F1530,历史T0提单与时点习惯,资格credit_time<当前T0；历史提单apply_time<当前T0；历史T0!=当前event_id；未来结果不参与,已入模,选定候选保留,0.0,0.0,0.0,0.0171824951839771,0.0,V3新增
t0hist_90d_d15_rate,历史T0｜最近90天｜D15｜成熟用户后续提单率,口径1；positive_n/eligible_n；无成熟有效分母NaN；end=DATE(历史T0)+16日00:00；未知不记0,order_vir_f_copy + side_recycle_type_copy + order_loan_f_v2_copy（V2冻结订单历史）,90d,比例,float32,无历史次数为0；比率零分母/无有效值为NaN,history_features.py / snapshot()；历史结果按当前预测时刻重算，不能读取历史事件最终标签,V3-F1531,历史T0提单与时点习惯,资格credit_time<当前T0；历史提单apply_time<当前T0；历史T0!=当前event_id；未来结果不参与,已入模,选定候选保留,0.6412623285758382,0.6341223595025669,0.6700790030043396,0.0093228735008238,0.0,V3新增
t0hist_90d_d15_censored_unknown_n,历史T0｜最近90天｜D15｜下一T0提前删失未知事件数,口径1；COUNT(下一T0<end且无窗口内已知首次提单)；end=DATE(历史T0)+16日00:00；未知不记0,order_vir_f_copy + side_recycle_type_copy + order_loan_f_v2_copy（V2冻结订单历史）,90d,次数,float32,无历史次数为0；比率零分母/无有效值为NaN,history_features.py / snapshot()；历史结果按当前预测时刻重算，不能读取历史事件最终标签,V3-F1532,历史T0提单与时点习惯,资格credit_time<当前T0；历史提单apply_time<当前T0；历史T0!=当前event_id；未来结果不参与,已入模,选定候选保留,0.0,0.0,0.0,0.0,0.0,V3新增
t0hist_90d_d15_immature_n,历史T0｜最近90天｜D15｜名义窗口尚未成熟事件数,口径1；COUNT(end>当前T0)；可与删失未知计数重叠；end=DATE(历史T0)+16日00:00；未知不记0,order_vir_f_copy + side_recycle_type_copy + order_loan_f_v2_copy（V2冻结订单历史）,90d,次数,float32,无历史次数为0；比率零分母/无有效值为NaN,history_features.py / snapshot()；历史结果按当前预测时刻重算，不能读取历史事件最终标签,V3-F1533,历史T0提单与时点习惯,资格credit_time<当前T0；历史提单apply_time<当前T0；历史T0!=当前event_id；未来结果不参与,已入模,选定候选保留,0.0,0.0,0.0,0.0606264511684032,0.0,V3新增
t0hist_90d_d30_eligible_n,历史T0｜最近90天｜D30｜成熟有效事件数,口径1；COUNT(end<=当前T0且(窗口内已有首次提单或下一T0>=end))；end=DATE(历史T0)+31日00:00；未知不记0,order_vir_f_copy + side_recycle_type_copy + order_loan_f_v2_copy（V2冻结订单历史）,90d,次数,float32,无历史次数为0；比率零分母/无有效值为NaN,history_features.py / snapshot()；历史结果按当前预测时刻重算，不能读取历史事件最终标签,V3-F1534,历史T0提单与时点习惯,资格credit_time<当前T0；历史提单apply_time<当前T0；历史T0!=当前event_id；未来结果不参与,已入模,选定候选保留,0.0,0.0,0.0,0.0125548819236999,0.0,V3新增
t0hist_90d_d30_positive_n,历史T0｜最近90天｜D30｜成熟已知首次提单数,口径1；COUNT(eligible且首次归属提单<end)；end=DATE(历史T0)+31日00:00；未知不记0,order_vir_f_copy + side_recycle_type_copy + order_loan_f_v2_copy（V2冻结订单历史）,90d,次数,float32,无历史次数为0；比率零分母/无有效值为NaN,history_features.py / snapshot()；历史结果按当前预测时刻重算，不能读取历史事件最终标签,V3-F1535,历史T0提单与时点习惯,资格credit_time<当前T0；历史提单apply_time<当前T0；历史T0!=当前event_id；未来结果不参与,已入模,选定候选保留,0.0,0.0,0.0,0.0131590412889535,0.0,V3新增
t0hist_90d_d30_rate,历史T0｜最近90天｜D30｜成熟用户后续提单率,口径1；positive_n/eligible_n；无成熟有效分母NaN；end=DATE(历史T0)+31日00:00；未知不记0,order_vir_f_copy + side_recycle_type_copy + order_loan_f_v2_copy（V2冻结订单历史）,90d,比例,float32,无历史次数为0；比率零分母/无有效值为NaN,history_features.py / snapshot()；历史结果按当前预测时刻重算，不能读取历史事件最终标签,V3-F1536,历史T0提单与时点习惯,资格credit_time<当前T0；历史提单apply_time<当前T0；历史T0!=当前event_id；未来结果不参与,已入模,选定候选保留,0.7642712605157301,0.7602295348855952,0.7794592188717036,0.0042280283322961,14.812999725341797,V3新增
t0hist_90d_d30_censored_unknown_n,历史T0｜最近90天｜D30｜下一T0提前删失未知事件数,口径1；COUNT(下一T0<end且无窗口内已知首次提单)；end=DATE(历史T0)+31日00:00；未知不记0,order_vir_f_copy + side_recycle_type_copy + order_loan_f_v2_copy（V2冻结订单历史）,90d,次数,float32,无历史次数为0；比率零分母/无有效值为NaN,history_features.py / snapshot()；历史结果按当前预测时刻重算，不能读取历史事件最终标签,V3-F1537,历史T0提单与时点习惯,资格credit_time<当前T0；历史提单apply_time<当前T0；历史T0!=当前event_id；未来结果不参与,已入模,选定候选保留,0.0,0.0,0.0,0.0,0.0,V3新增
t0hist_90d_d30_immature_n,历史T0｜最近90天｜D30｜名义窗口尚未成熟事件数,口径1；COUNT(end>当前T0)；可与删失未知计数重叠；end=DATE(历史T0)+31日00:00；未知不记0,order_vir_f_copy + side_recycle_type_copy + order_loan_f_v2_copy（V2冻结订单历史）,90d,次数,float32,无历史次数为0；比率零分母/无有效值为NaN,history_features.py / snapshot()；历史结果按当前预测时刻重算，不能读取历史事件最终标签,V3-F1538,历史T0提单与时点习惯,资格credit_time<当前T0；历史提单apply_time<当前T0；历史T0!=当前event_id；未来结果不参与,已入模,选定候选保留,0.0,0.0,0.0,0.0685078280694011,0.0,V3新增
t0hist_180d_event_n,历史T0｜最近180天｜事件数,历史严格T0事件计数,order_vir_f_copy + side_recycle_type_copy + order_loan_f_v2_copy（V2冻结订单历史）,180d,次数,float32,无历史次数为0；比率零分母/无有效值为NaN,history_features.py / snapshot()；历史结果按当前预测时刻重算，不能读取历史事件最终标签,V3-F1539,历史T0提单与时点习惯,资格credit_time<当前T0；历史提单apply_time<当前T0；历史T0!=当前event_id；未来结果不参与,已入模,选定候选保留,0.0,0.0,0.0,0.0406422369052137,0.0,V3新增
t0hist_180d_d0_eligible_n,历史T0｜最近180天｜D0｜成熟有效事件数,口径1；COUNT(end<=当前T0且(窗口内已有首次提单或下一T0>=end))；end=DATE(历史T0)+1日00:00；未知不记0,order_vir_f_copy + side_recycle_type_copy + order_loan_f_v2_copy（V2冻结订单历史）,180d,次数,float32,无历史次数为0；比率零分母/无有效值为NaN,history_features.py / snapshot()；历史结果按当前预测时刻重算，不能读取历史事件最终标签,V3-F1540,历史T0提单与时点习惯,资格credit_time<当前T0；历史提单apply_time<当前T0；历史T0!=当前event_id；未来结果不参与,已入模,选定候选保留,0.0,0.0,0.0,0.0413843189267863,0.0,V3新增
t0hist_180d_d0_positive_n,历史T0｜最近180天｜D0｜成熟已知首次提单数,口径1；COUNT(eligible且首次归属提单<end)；end=DATE(历史T0)+1日00:00；未知不记0,order_vir_f_copy + side_recycle_type_copy + order_loan_f_v2_copy（V2冻结订单历史）,180d,次数,float32,无历史次数为0；比率零分母/无有效值为NaN,history_features.py / snapshot()；历史结果按当前预测时刻重算，不能读取历史事件最终标签,V3-F1541,历史T0提单与时点习惯,资格credit_time<当前T0；历史提单apply_time<当前T0；历史T0!=当前event_id；未来结果不参与,已入模,选定候选保留,0.0,0.0,0.0,0.0567165405143112,277.7598991394043,V3新增
t0hist_180d_d0_rate,历史T0｜最近180天｜D0｜成熟用户后续提单率,口径1；positive_n/eligible_n；无成熟有效分母NaN；end=DATE(历史T0)+1日00:00；未知不记0,order_vir_f_copy + side_recycle_type_copy + order_loan_f_v2_copy（V2冻结订单历史）,180d,比例,float32,无历史次数为0；比率零分母/无有效值为NaN,history_features.py / snapshot()；历史结果按当前预测时刻重算，不能读取历史事件最终标签,V3-F1542,历史T0提单与时点习惯,资格credit_time<当前T0；历史提单apply_time<当前T0；历史T0!=当前event_id；未来结果不参与,已入模,选定候选保留,0.48821405298409104,0.4657027490993496,0.5501279626126627,0.0449792094555964,403.2275037765503,V3新增
t0hist_180d_d0_censored_unknown_n,历史T0｜最近180天｜D0｜下一T0提前删失未知事件数,口径1；COUNT(下一T0<end且无窗口内已知首次提单)；end=DATE(历史T0)+1日00:00；未知不记0,order_vir_f_copy + side_recycle_type_copy + order_loan_f_v2_copy（V2冻结订单历史）,180d,次数,float32,无历史次数为0；比率零分母/无有效值为NaN,history_features.py / snapshot()；历史结果按当前预测时刻重算，不能读取历史事件最终标签,V3-F1543,历史T0提单与时点习惯,资格credit_time<当前T0；历史提单apply_time<当前T0；历史T0!=当前event_id；未来结果不参与,已入模,选定候选保留,0.0,0.0,0.0,0.0,0.0,V3新增
t0hist_180d_d0_immature_n,历史T0｜最近180天｜D0｜名义窗口尚未成熟事件数,口径1；COUNT(end>当前T0)；可与删失未知计数重叠；end=DATE(历史T0)+1日00:00；未知不记0,order_vir_f_copy + side_recycle_type_copy + order_loan_f_v2_copy（V2冻结订单历史）,180d,次数,float32,无历史次数为0；比率零分母/无有效值为NaN,history_features.py / snapshot()；历史结果按当前预测时刻重算，不能读取历史事件最终标签,V3-F1544,历史T0提单与时点习惯,资格credit_time<当前T0；历史提单apply_time<当前T0；历史T0!=当前event_id；未来结果不参与,已入模,选定候选保留,0.0,0.0,0.0,0.0,0.0,V3新增
t0hist_180d_d3_eligible_n,历史T0｜最近180天｜D3｜成熟有效事件数,口径1；COUNT(end<=当前T0且(窗口内已有首次提单或下一T0>=end))；end=DATE(历史T0)+4日00:00；未知不记0,order_vir_f_copy + side_recycle_type_copy + order_loan_f_v2_copy（V2冻结订单历史）,180d,次数,float32,无历史次数为0；比率零分母/无有效值为NaN,history_features.py / snapshot()；历史结果按当前预测时刻重算，不能读取历史事件最终标签,V3-F1545,历史T0提单与时点习惯,资格credit_time<当前T0；历史提单apply_time<当前T0；历史T0!=当前event_id；未来结果不参与,已入模,选定候选保留,0.0,0.0,0.0,0.0398698407264044,0.0,V3新增
t0hist_180d_d3_positive_n,历史T0｜最近180天｜D3｜成熟已知首次提单数,口径1；COUNT(eligible且首次归属提单<end)；end=DATE(历史T0)+4日00:00；未知不记0,order_vir_f_copy + side_recycle_type_copy + order_loan_f_v2_copy（V2冻结订单历史）,180d,次数,float32,无历史次数为0；比率零分母/无有效值为NaN,history_features.py / snapshot()；历史结果按当前预测时刻重算，不能读取历史事件最终标签,V3-F1546,历史T0提单与时点习惯,资格credit_time<当前T0；历史提单apply_time<当前T0；历史T0!=当前event_id；未来结果不参与,已入模,选定候选保留,0.0,0.0,0.0,0.0542935848602017,566.2622985839844,V3新增
t0hist_180d_d3_rate,历史T0｜最近180天｜D3｜成熟用户后续提单率,口径1；positive_n/eligible_n；无成熟有效分母NaN；end=DATE(历史T0)+4日00:00；未知不记0,order_vir_f_copy + side_recycle_type_copy + order_loan_f_v2_copy（V2冻结订单历史）,180d,比例,float32,无历史次数为0；比率零分母/无有效值为NaN,history_features.py / snapshot()；历史结果按当前预测时刻重算，不能读取历史事件最终标签,V3-F1547,历史T0提单与时点习惯,资格credit_time<当前T0；历史提单apply_time<当前T0；历史T0!=当前event_id；未来结果不参与,已入模,选定候选保留,0.49252568606411595,0.4707963603246371,0.5523533993546234,0.0435065641355067,73.99349975585938,V3新增
t0hist_180d_d3_censored_unknown_n,历史T0｜最近180天｜D3｜下一T0提前删失未知事件数,口径1；COUNT(下一T0<end且无窗口内已知首次提单)；end=DATE(历史T0)+4日00:00；未知不记0,order_vir_f_copy + side_recycle_type_copy + order_loan_f_v2_copy（V2冻结订单历史）,180d,次数,float32,无历史次数为0；比率零分母/无有效值为NaN,history_features.py / snapshot()；历史结果按当前预测时刻重算，不能读取历史事件最终标签,V3-F1548,历史T0提单与时点习惯,资格credit_time<当前T0；历史提单apply_time<当前T0；历史T0!=当前event_id；未来结果不参与,已入模,选定候选保留,0.0,0.0,0.0,0.0,0.0,V3新增
t0hist_180d_d3_immature_n,历史T0｜最近180天｜D3｜名义窗口尚未成熟事件数,口径1；COUNT(end>当前T0)；可与删失未知计数重叠；end=DATE(历史T0)+4日00:00；未知不记0,order_vir_f_copy + side_recycle_type_copy + order_loan_f_v2_copy（V2冻结订单历史）,180d,次数,float32,无历史次数为0；比率零分母/无有效值为NaN,history_features.py / snapshot()；历史结果按当前预测时刻重算，不能读取历史事件最终标签,V3-F1549,历史T0提单与时点习惯,资格credit_time<当前T0；历史提单apply_time<当前T0；历史T0!=当前event_id；未来结果不参与,已入模,选定候选保留,0.0,0.0,0.0,0.0,0.0,V3新增
t0hist_180d_d7_eligible_n,历史T0｜最近180天｜D7｜成熟有效事件数,口径1；COUNT(end<=当前T0且(窗口内已有首次提单或下一T0>=end))；end=DATE(历史T0)+8日00:00；未知不记0,order_vir_f_copy + side_recycle_type_copy + order_loan_f_v2_copy（V2冻结订单历史）,180d,次数,float32,无历史次数为0；比率零分母/无有效值为NaN,history_features.py / snapshot()；历史结果按当前预测时刻重算，不能读取历史事件最终标签,V3-F1550,历史T0提单与时点习惯,资格credit_time<当前T0；历史提单apply_time<当前T0；历史T0!=当前event_id；未来结果不参与,已入模,选定候选保留,0.0,0.0,0.0,0.0284078579436178,0.0,V3新增
t0hist_180d_d7_positive_n,历史T0｜最近180天｜D7｜成熟已知首次提单数,口径1；COUNT(eligible且首次归属提单<end)；end=DATE(历史T0)+8日00:00；未知不记0,order_vir_f_copy + side_recycle_type_copy + order_loan_f_v2_copy（V2冻结订单历史）,180d,次数,float32,无历史次数为0；比率零分母/无有效值为NaN,history_features.py / snapshot()；历史结果按当前预测时刻重算，不能读取历史事件最终标签,V3-F1551,历史T0提单与时点习惯,资格credit_time<当前T0；历史提单apply_time<当前T0；历史T0!=当前event_id；未来结果不参与,已入模,选定候选保留,0.0,0.0,0.0,0.0369455469769494,309.8809013366699,V3新增
t0hist_180d_d7_rate,历史T0｜最近180天｜D7｜成熟用户后续提单率,口径1；positive_n/eligible_n；无成熟有效分母NaN；end=DATE(历史T0)+8日00:00；未知不记0,order_vir_f_copy + side_recycle_type_copy + order_loan_f_v2_copy（V2冻结订单历史）,180d,比例,float32,无历史次数为0；比率零分母/无有效值为NaN,history_features.py / snapshot()；历史结果按当前预测时刻重算，不能读取历史事件最终标签,V3-F1552,历史T0提单与时点习惯,资格credit_time<当前T0；历史提单apply_time<当前T0；历史T0!=当前event_id；未来结果不参与,已入模,选定候选保留,0.5409286669704408,0.5257944663394505,0.5906309113163458,0.0266420171935416,82.09029960632324,V3新增
t0hist_180d_d7_censored_unknown_n,历史T0｜最近180天｜D7｜下一T0提前删失未知事件数,口径1；COUNT(下一T0<end且无窗口内已知首次提单)；end=DATE(历史T0)+8日00:00；未知不记0,order_vir_f_copy + side_recycle_type_copy + order_loan_f_v2_copy（V2冻结订单历史）,180d,次数,float32,无历史次数为0；比率零分母/无有效值为NaN,history_features.py / snapshot()；历史结果按当前预测时刻重算，不能读取历史事件最终标签,V3-F1553,历史T0提单与时点习惯,资格credit_time<当前T0；历史提单apply_time<当前T0；历史T0!=当前event_id；未来结果不参与,已入模,选定候选保留,0.0,0.0,0.0,0.0,0.0,V3新增
t0hist_180d_d7_immature_n,历史T0｜最近180天｜D7｜名义窗口尚未成熟事件数,口径1；COUNT(end>当前T0)；可与删失未知计数重叠；end=DATE(历史T0)+8日00:00；未知不记0,order_vir_f_copy + side_recycle_type_copy + order_loan_f_v2_copy（V2冻结订单历史）,180d,次数,float32,无历史次数为0；比率零分母/无有效值为NaN,history_features.py / snapshot()；历史结果按当前预测时刻重算，不能读取历史事件最终标签,V3-F1554,历史T0提单与时点习惯,资格credit_time<当前T0；历史提单apply_time<当前T0；历史T0!=当前event_id；未来结果不参与,已入模,选定候选保留,0.0,0.0,0.0,0.0186343604959628,0.0,V3新增
t0hist_180d_d15_eligible_n,历史T0｜最近180天｜D15｜成熟有效事件数,口径1；COUNT(end<=当前T0且(窗口内已有首次提单或下一T0>=end))；end=DATE(历史T0)+16日00:00；未知不记0,order_vir_f_copy + side_recycle_type_copy + order_loan_f_v2_copy（V2冻结订单历史）,180d,次数,float32,无历史次数为0；比率零分母/无有效值为NaN,history_features.py / snapshot()；历史结果按当前预测时刻重算，不能读取历史事件最终标签,V3-F1555,历史T0提单与时点习惯,资格credit_time<当前T0；历史提单apply_time<当前T0；历史T0!=当前event_id；未来结果不参与,已入模,选定候选保留,0.0,0.0,0.0,0.0129339244053586,0.0,V3新增
t0hist_180d_d15_positive_n,历史T0｜最近180天｜D15｜成熟已知首次提单数,口径1；COUNT(eligible且首次归属提单<end)；end=DATE(历史T0)+16日00:00；未知不记0,order_vir_f_copy + side_recycle_type_copy + order_loan_f_v2_copy（V2冻结订单历史）,180d,次数,float32,无历史次数为0；比率零分母/无有效值为NaN,history_features.py / snapshot()；历史结果按当前预测时刻重算，不能读取历史事件最终标签,V3-F1556,历史T0提单与时点习惯,资格credit_time<当前T0；历史提单apply_time<当前T0；历史T0!=当前event_id；未来结果不参与,已入模,选定候选保留,0.0,0.0,0.0,0.0168766547817796,0.0,V3新增
t0hist_180d_d15_rate,历史T0｜最近180天｜D15｜成熟用户后续提单率,口径1；positive_n/eligible_n；无成熟有效分母NaN；end=DATE(历史T0)+16日00:00；未知不记0,order_vir_f_copy + side_recycle_type_copy + order_loan_f_v2_copy（V2冻结订单历史）,180d,比例,float32,无历史次数为0；比率零分母/无有效值为NaN,history_features.py / snapshot()；历史结果按当前预测时刻重算，不能读取历史事件最终标签,V3-F1557,历史T0提单与时点习惯,资格credit_time<当前T0；历史提单apply_time<当前T0；历史T0!=当前event_id；未来结果不参与,已入模,选定候选保留,0.6230848754770969,0.6180113961491654,0.6507177033492823,0.0108377969696581,30.722000122070312,V3新增
t0hist_180d_d15_censored_unknown_n,历史T0｜最近180天｜D15｜下一T0提前删失未知事件数,口径1；COUNT(下一T0<end且无窗口内已知首次提单)；end=DATE(历史T0)+16日00:00；未知不记0,order_vir_f_copy + side_recycle_type_copy + order_loan_f_v2_copy（V2冻结订单历史）,180d,次数,float32,无历史次数为0；比率零分母/无有效值为NaN,history_features.py / snapshot()；历史结果按当前预测时刻重算，不能读取历史事件最终标签,V3-F1558,历史T0提单与时点习惯,资格credit_time<当前T0；历史提单apply_time<当前T0；历史T0!=当前event_id；未来结果不参与,已入模,选定候选保留,0.0,0.0,0.0,0.0,0.0,V3新增
t0hist_180d_d15_immature_n,历史T0｜最近180天｜D15｜名义窗口尚未成熟事件数,口径1；COUNT(end>当前T0)；可与删失未知计数重叠；end=DATE(历史T0)+16日00:00；未知不记0,order_vir_f_copy + side_recycle_type_copy + order_loan_f_v2_copy（V2冻结订单历史）,180d,次数,float32,无历史次数为0；比率零分母/无有效值为NaN,history_features.py / snapshot()；历史结果按当前预测时刻重算，不能读取历史事件最终标签,V3-F1559,历史T0提单与时点习惯,资格credit_time<当前T0；历史提单apply_time<当前T0；历史T0!=当前event_id；未来结果不参与,已入模,选定候选保留,0.0,0.0,0.0,0.0606264511684032,0.0,V3新增
t0hist_180d_d30_eligible_n,历史T0｜最近180天｜D30｜成熟有效事件数,口径1；COUNT(end<=当前T0且(窗口内已有首次提单或下一T0>=end))；end=DATE(历史T0)+31日00:00；未知不记0,order_vir_f_copy + side_recycle_type_copy + order_loan_f_v2_copy（V2冻结订单历史）,180d,次数,float32,无历史次数为0；比率零分母/无有效值为NaN,history_features.py / snapshot()；历史结果按当前预测时刻重算，不能读取历史事件最终标签,V3-F1560,历史T0提单与时点习惯,资格credit_time<当前T0；历史提单apply_time<当前T0；历史T0!=当前event_id；未来结果不参与,已入模,选定候选保留,0.0,0.0,0.0,0.00743439755698,0.0,V3新增
t0hist_180d_d30_positive_n,历史T0｜最近180天｜D30｜成熟已知首次提单数,口径1；COUNT(eligible且首次归属提单<end)；end=DATE(历史T0)+31日00:00；未知不记0,order_vir_f_copy + side_recycle_type_copy + order_loan_f_v2_copy（V2冻结订单历史）,180d,次数,float32,无历史次数为0；比率零分母/无有效值为NaN,history_features.py / snapshot()；历史结果按当前预测时刻重算，不能读取历史事件最终标签,V3-F1561,历史T0提单与时点习惯,资格credit_time<当前T0；历史提单apply_time<当前T0；历史T0!=当前event_id；未来结果不参与,已入模,选定候选保留,0.0,0.0,0.0,0.0102473371806776,0.0,V3新增
t0hist_180d_d30_rate,历史T0｜最近180天｜D30｜成熟用户后续提单率,口径1；positive_n/eligible_n；无成熟有效分母NaN；end=DATE(历史T0)+31日00:00；未知不记0,order_vir_f_copy + side_recycle_type_copy + order_loan_f_v2_copy（V2冻结订单历史）,180d,比例,float32,无历史次数为0；比率零分母/无有效值为NaN,history_features.py / snapshot()；历史结果按当前预测时刻重算，不能读取历史事件最终标签,V3-F1562,历史T0提单与时点习惯,资格credit_time<当前T0；历史提单apply_time<当前T0；历史T0!=当前event_id；未来结果不参与,已入模,选定候选保留,0.7397047511256792,0.7379046882178002,0.7525314342939802,0.0039549516901277,67.47060012817383,V3新增
t0hist_180d_d30_censored_unknown_n,历史T0｜最近180天｜D30｜下一T0提前删失未知事件数,口径1；COUNT(下一T0<end且无窗口内已知首次提单)；end=DATE(历史T0)+31日00:00；未知不记0,order_vir_f_copy + side_recycle_type_copy + order_loan_f_v2_copy（V2冻结订单历史）,180d,次数,float32,无历史次数为0；比率零分母/无有效值为NaN,history_features.py / snapshot()；历史结果按当前预测时刻重算，不能读取历史事件最终标签,V3-F1563,历史T0提单与时点习惯,资格credit_time<当前T0；历史提单apply_time<当前T0；历史T0!=当前event_id；未来结果不参与,已入模,选定候选保留,0.0,0.0,0.0,0.0,0.0,V3新增
t0hist_180d_d30_immature_n,历史T0｜最近180天｜D30｜名义窗口尚未成熟事件数,口径1；COUNT(end>当前T0)；可与删失未知计数重叠；end=DATE(历史T0)+31日00:00；未知不记0,order_vir_f_copy + side_recycle_type_copy + order_loan_f_v2_copy（V2冻结订单历史）,180d,次数,float32,无历史次数为0；比率零分母/无有效值为NaN,history_features.py / snapshot()；历史结果按当前预测时刻重算，不能读取历史事件最终标签,V3-F1564,历史T0提单与时点习惯,资格credit_time<当前T0；历史提单apply_time<当前T0；历史T0!=当前event_id；未来结果不参与,已入模,选定候选保留,0.0,0.0,0.0,0.0685078280694011,0.0,V3新增
t0hist_d0_outcome_applied_n,历史T0 D0成熟结果｜提单｜n,对原序列有效值判断提单；n=符合次数，share=n/有效数，连续性缺失中断,order_vir_f_copy + side_recycle_type_copy + order_loan_f_v2_copy（V2冻结订单历史）,截至当前T0之前的可观察生命周期,次数,float32,无历史次数为0；比率零分母/无有效值为NaN,history_features.py / snapshot()；历史结果按当前预测时刻重算，不能读取历史事件最终标签,V3-F1565,历史T0提单与时点习惯,资格credit_time<当前T0；历史提单apply_time<当前T0；历史T0!=当前event_id；未来结果不参与,已入模,选定候选保留,0.0,0.0,0.0,0.0502035124104344,0.0,V3新增
t0hist_d0_outcome_applied_share,历史T0 D0成熟结果｜提单｜share,对原序列有效值判断提单；n=符合次数，share=n/有效数，连续性缺失中断,order_vir_f_copy + side_recycle_type_copy + order_loan_f_v2_copy（V2冻结订单历史）,截至当前T0之前的可观察生命周期,比例,float32,无历史次数为0；比率零分母/无有效值为NaN,history_features.py / snapshot()；历史结果按当前预测时刻重算，不能读取历史事件最终标签,V3-F1566,历史T0提单与时点习惯,资格credit_time<当前T0；历史提单apply_time<当前T0；历史T0!=当前event_id；未来结果不参与,已入模,选定候选保留,0.48039921802654595,0.4593599136020374,0.5392233225770557,0.0441427539514013,0.0,V3新增
t0hist_d0_outcome_applied_current_streak,历史T0 D0成熟结果｜提单｜current_streak,对原序列有效值判断提单；n=符合次数，share=n/有效数，连续性缺失中断,order_vir_f_copy + side_recycle_type_copy + order_loan_f_v2_copy（V2冻结订单历史）,截至当前T0之前的可观察生命周期,次数,float32,无历史次数为0；比率零分母/无有效值为NaN,history_features.py / snapshot()；历史结果按当前预测时刻重算，不能读取历史事件最终标签,V3-F1567,历史T0提单与时点习惯,资格credit_time<当前T0；历史提单apply_time<当前T0；历史T0!=当前event_id；未来结果不参与,已入模,选定候选保留,0.0,0.0,0.0,0.0335089144036223,0.0,V3新增
t0hist_d0_outcome_applied_max_streak,历史T0 D0成熟结果｜提单｜max_streak,对原序列有效值判断提单；n=符合次数，share=n/有效数，连续性缺失中断,order_vir_f_copy + side_recycle_type_copy + order_loan_f_v2_copy（V2冻结订单历史）,截至当前T0之前的可观察生命周期,次数,float32,无历史次数为0；比率零分母/无有效值为NaN,history_features.py / snapshot()；历史结果按当前预测时刻重算，不能读取历史事件最终标签,V3-F1568,历史T0提单与时点习惯,资格credit_time<当前T0；历史提单apply_time<当前T0；历史T0!=当前event_id；未来结果不参与,已入模,选定候选保留,0.0,0.0,0.0,0.0496355619383198,139.77819728851318,V3新增
t0hist_d0_outcome_noapply_n,历史T0 D0成熟结果｜成熟未提单｜n,对原序列有效值判断成熟未提单；n=符合次数，share=n/有效数，连续性缺失中断,order_vir_f_copy + side_recycle_type_copy + order_loan_f_v2_copy（V2冻结订单历史）,截至当前T0之前的可观察生命周期,次数,float32,无历史次数为0；比率零分母/无有效值为NaN,history_features.py / snapshot()；历史结果按当前预测时刻重算，不能读取历史事件最终标签,V3-F1569,历史T0提单与时点习惯,资格credit_time<当前T0；历史提单apply_time<当前T0；历史T0!=当前event_id；未来结果不参与,已入模,选定候选保留,0.0,0.0,0.0,0.0036571451221949,0.0,V3新增
t0hist_d0_outcome_noapply_share,历史T0 D0成熟结果｜成熟未提单｜share,对原序列有效值判断成熟未提单；n=符合次数，share=n/有效数，连续性缺失中断,order_vir_f_copy + side_recycle_type_copy + order_loan_f_v2_copy（V2冻结订单历史）,截至当前T0之前的可观察生命周期,比例,float32,无历史次数为0；比率零分母/无有效值为NaN,history_features.py / snapshot()；历史结果按当前预测时刻重算，不能读取历史事件最终标签,V3-F1570,历史T0提单与时点习惯,资格credit_time<当前T0；历史提单apply_time<当前T0；历史T0!=当前event_id；未来结果不参与,已入模,选定候选保留,0.48039921802654595,0.4593599136020374,0.5392233225770557,0.0439044089145486,10.740300178527832,V3新增
t0hist_d0_outcome_noapply_current_streak,历史T0 D0成熟结果｜成熟未提单｜current_streak,对原序列有效值判断成熟未提单；n=符合次数，share=n/有效数，连续性缺失中断,order_vir_f_copy + side_recycle_type_copy + order_loan_f_v2_copy（V2冻结订单历史）,截至当前T0之前的可观察生命周期,次数,float32,无历史次数为0；比率零分母/无有效值为NaN,history_features.py / snapshot()；历史结果按当前预测时刻重算，不能读取历史事件最终标签,V3-F1571,历史T0提单与时点习惯,资格credit_time<当前T0；历史提单apply_time<当前T0；历史T0!=当前event_id；未来结果不参与,已入模,选定候选保留,0.0,0.0,0.0,6.5173024726583554e-06,0.0,V3新增
t0hist_d0_outcome_noapply_max_streak,历史T0 D0成熟结果｜成熟未提单｜max_streak,对原序列有效值判断成熟未提单；n=符合次数，share=n/有效数，连续性缺失中断,order_vir_f_copy + side_recycle_type_copy + order_loan_f_v2_copy（V2冻结订单历史）,截至当前T0之前的可观察生命周期,次数,float32,无历史次数为0；比率零分母/无有效值为NaN,history_features.py / snapshot()；历史结果按当前预测时刻重算，不能读取历史事件最终标签,V3-F1572,历史T0提单与时点习惯,资格credit_time<当前T0；历史提单apply_time<当前T0；历史T0!=当前event_id；未来结果不参与,已入模,选定候选保留,0.0,0.0,0.0,0.0031923063764077,0.0,V3新增
t0hist_d0_outcome_l1,历史最近第1次T0 D0结果,1=提单，0=成熟未提单，观察未完/删失/无历史=NaN，不跳过未知,order_vir_f_copy + side_recycle_type_copy + order_loan_f_v2_copy（V2冻结订单历史）,截至当前T0之前的可观察生命周期,0/1,float32,无历史次数为0；比率零分母/无有效值为NaN,history_features.py / snapshot()；历史结果按当前预测时刻重算，不能读取历史事件最终标签,V3-F1573,历史T0提单与时点习惯,资格credit_time<当前T0；历史提单apply_time<当前T0；历史T0!=当前event_id；未来结果不参与,已入模,选定候选保留,0.5133440144243725,0.4934113494039991,0.5675976410370536,0.0221381075486945,0.0,V3新增
t0hist_d0_outcome_l2,历史最近第2次T0 D0结果,1=提单，0=成熟未提单，观察未完/删失/无历史=NaN，不跳过未知,order_vir_f_copy + side_recycle_type_copy + order_loan_f_v2_copy（V2冻结订单历史）,截至当前T0之前的可观察生命周期,0/1,float32,无历史次数为0；比率零分母/无有效值为NaN,history_features.py / snapshot()；历史结果按当前预测时刻重算，不能读取历史事件最终标签,V3-F1574,历史T0提单与时点习惯,资格credit_time<当前T0；历史提单apply_time<当前T0；历史T0!=当前event_id；未来结果不参与,已入模,选定候选保留,0.6900082802953469,0.6719134086091701,0.740959163235785,0.0230687313199979,0.0,V3新增
t0hist_d0_outcome_l3,历史最近第3次T0 D0结果,1=提单，0=成熟未提单，观察未完/删失/无历史=NaN，不跳过未知,order_vir_f_copy + side_recycle_type_copy + order_loan_f_v2_copy（V2冻结订单历史）,截至当前T0之前的可观察生命周期,0/1,float32,无历史次数为0；比率零分母/无有效值为NaN,history_features.py / snapshot()；历史结果按当前预测时刻重算，不能读取历史事件最终标签,V3-F1575,历史T0提单与时点习惯,资格credit_time<当前T0；历史提单apply_time<当前T0；历史T0!=当前event_id；未来结果不参与,已入模,选定候选保留,0.8058932184871067,0.7922096762494257,0.8472237676644041,0.0206134468898251,0.0,V3新增
t0hist_d0_outcome_l4,历史最近第4次T0 D0结果,1=提单，0=成熟未提单，观察未完/删失/无历史=NaN，不跳过未知,order_vir_f_copy + side_recycle_type_copy + order_loan_f_v2_copy（V2冻结订单历史）,截至当前T0之前的可观察生命周期,0/1,float32,无历史次数为0；比率零分母/无有效值为NaN,history_features.py / snapshot()；历史结果按当前预测时刻重算，不能读取历史事件最终标签,V3-F1576,历史T0提单与时点习惯,资格credit_time<当前T0；历史提单apply_time<当前T0；历史T0!=当前event_id；未来结果不参与,已入模,选定候选保留,0.873022405793267,0.8640038040893961,0.9039724045843996,0.0157161722688781,0.0,V3新增
t0hist_d0_outcome_l5,历史最近第5次T0 D0结果,1=提单，0=成熟未提单，观察未完/删失/无历史=NaN，不跳过未知,order_vir_f_copy + side_recycle_type_copy + order_loan_f_v2_copy（V2冻结订单历史）,截至当前T0之前的可观察生命周期,0/1,float32,无历史次数为0；比率零分母/无有效值为NaN,history_features.py / snapshot()；历史结果按当前预测时刻重算，不能读取历史事件最终标签,V3-F1577,历史T0提单与时点习惯,资格credit_time<当前T0；历史提单apply_time<当前T0；历史T0!=当前event_id；未来结果不参与,已入模,选定候选保留,0.9142278992057776,0.9086212593792564,0.9366863246912208,0.0111511378225462,0.0,V3新增
t0hist_d3_outcome_applied_n,历史T0 D3成熟结果｜提单｜n,对原序列有效值判断提单；n=符合次数，share=n/有效数，连续性缺失中断,order_vir_f_copy + side_recycle_type_copy + order_loan_f_v2_copy（V2冻结订单历史）,截至当前T0之前的可观察生命周期,次数,float32,无历史次数为0；比率零分母/无有效值为NaN,history_features.py / snapshot()；历史结果按当前预测时刻重算，不能读取历史事件最终标签,V3-F1578,历史T0提单与时点习惯,资格credit_time<当前T0；历史提单apply_time<当前T0；历史T0!=当前event_id；未来结果不参与,已入模,选定候选保留,0.0,0.0,0.0,0.0474577298280116,38.15420150756836,V3新增
t0hist_d3_outcome_applied_share,历史T0 D3成熟结果｜提单｜share,对原序列有效值判断提单；n=符合次数，share=n/有效数，连续性缺失中断,order_vir_f_copy + side_recycle_type_copy + order_loan_f_v2_copy（V2冻结订单历史）,截至当前T0之前的可观察生命周期,比例,float32,无历史次数为0；比率零分母/无有效值为NaN,history_features.py / snapshot()；历史结果按当前预测时刻重算，不能读取历史事件最终标签,V3-F1579,历史T0提单与时点习惯,资格credit_time<当前T0；历史提单apply_time<当前T0；历史T0!=当前event_id；未来结果不参与,已入模,选定候选保留,0.4847108511065708,0.464453524827325,0.5414487593190164,0.042091744335673,0.0,V3新增
t0hist_d3_outcome_applied_current_streak,历史T0 D3成熟结果｜提单｜current_streak,对原序列有效值判断提单；n=符合次数，share=n/有效数，连续性缺失中断,order_vir_f_copy + side_recycle_type_copy + order_loan_f_v2_copy（V2冻结订单历史）,截至当前T0之前的可观察生命周期,次数,float32,无历史次数为0；比率零分母/无有效值为NaN,history_features.py / snapshot()；历史结果按当前预测时刻重算，不能读取历史事件最终标签,V3-F1580,历史T0提单与时点习惯,资格credit_time<当前T0；历史提单apply_time<当前T0；历史T0!=当前event_id；未来结果不参与,已入模,选定候选保留,0.0,0.0,0.0,0.0423441589222236,0.0,V3新增
t0hist_d3_outcome_applied_max_streak,历史T0 D3成熟结果｜提单｜max_streak,对原序列有效值判断提单；n=符合次数，share=n/有效数，连续性缺失中断,order_vir_f_copy + side_recycle_type_copy + order_loan_f_v2_copy（V2冻结订单历史）,截至当前T0之前的可观察生命周期,次数,float32,无历史次数为0；比率零分母/无有效值为NaN,history_features.py / snapshot()；历史结果按当前预测时刻重算，不能读取历史事件最终标签,V3-F1581,历史T0提单与时点习惯,资格credit_time<当前T0；历史提单apply_time<当前T0；历史T0!=当前event_id；未来结果不参与,已入模,选定候选保留,0.0,0.0,0.0,0.0466991038038665,0.0,V3新增
t0hist_d3_outcome_noapply_n,历史T0 D3成熟结果｜成熟未提单｜n,对原序列有效值判断成熟未提单；n=符合次数，share=n/有效数，连续性缺失中断,order_vir_f_copy + side_recycle_type_copy + order_loan_f_v2_copy（V2冻结订单历史）,截至当前T0之前的可观察生命周期,次数,float32,无历史次数为0；比率零分母/无有效值为NaN,history_features.py / snapshot()；历史结果按当前预测时刻重算，不能读取历史事件最终标签,V3-F1582,历史T0提单与时点习惯,资格credit_time<当前T0；历史提单apply_time<当前T0；历史T0!=当前event_id；未来结果不参与,已入模,选定候选保留,0.0,0.0,0.0,0.0001027117750221,30.4768009185791,V3新增
t0hist_d3_outcome_noapply_share,历史T0 D3成熟结果｜成熟未提单｜share,对原序列有效值判断成熟未提单；n=符合次数，share=n/有效数，连续性缺失中断,order_vir_f_copy + side_recycle_type_copy + order_loan_f_v2_copy（V2冻结订单历史）,截至当前T0之前的可观察生命周期,比例,float32,无历史次数为0；比率零分母/无有效值为NaN,history_features.py / snapshot()；历史结果按当前预测时刻重算，不能读取历史事件最终标签,V3-F1583,历史T0提单与时点习惯,资格credit_time<当前T0；历史提单apply_time<当前T0；历史T0!=当前event_id；未来结果不参与,已入模,选定候选保留,0.4847108511065708,0.464453524827325,0.5414487593190164,0.0419354594678189,32.794498443603516,V3新增
t0hist_d3_outcome_noapply_current_streak,历史T0 D3成熟结果｜成熟未提单｜current_streak,对原序列有效值判断成熟未提单；n=符合次数，share=n/有效数，连续性缺失中断,order_vir_f_copy + side_recycle_type_copy + order_loan_f_v2_copy（V2冻结订单历史）,截至当前T0之前的可观察生命周期,次数,float32,无历史次数为0；比率零分母/无有效值为NaN,history_features.py / snapshot()；历史结果按当前预测时刻重算，不能读取历史事件最终标签,V3-F1584,历史T0提单与时点习惯,资格credit_time<当前T0；历史提单apply_time<当前T0；历史T0!=当前event_id；未来结果不参与,已入模,选定候选保留,0.0,0.0,0.0,0.0019929046291178,100.6269998550415,V3新增
t0hist_d3_outcome_noapply_max_streak,历史T0 D3成熟结果｜成熟未提单｜max_streak,对原序列有效值判断成熟未提单；n=符合次数，share=n/有效数，连续性缺失中断,order_vir_f_copy + side_recycle_type_copy + order_loan_f_v2_copy（V2冻结订单历史）,截至当前T0之前的可观察生命周期,次数,float32,无历史次数为0；比率零分母/无有效值为NaN,history_features.py / snapshot()；历史结果按当前预测时刻重算，不能读取历史事件最终标签,V3-F1585,历史T0提单与时点习惯,资格credit_time<当前T0；历史提单apply_time<当前T0；历史T0!=当前event_id；未来结果不参与,已入模,选定候选保留,0.0,0.0,0.0,0.0001027117750221,0.0,V3新增
t0hist_d3_outcome_l1,历史最近第1次T0 D3结果,1=提单，0=成熟未提单，观察未完/删失/无历史=NaN，不跳过未知,order_vir_f_copy + side_recycle_type_copy + order_loan_f_v2_copy（V2冻结订单历史）,截至当前T0之前的可观察生命周期,0/1,float32,无历史次数为0；比率零分母/无有效值为NaN,history_features.py / snapshot()；历史结果按当前预测时刻重算，不能读取历史事件最终标签,V3-F1586,历史T0提单与时点习惯,资格credit_time<当前T0；历史提单apply_time<当前T0；历史T0!=当前event_id；未来结果不参与,已入模,选定候选保留,0.5220799709944683,0.5036308099003038,0.5724936018693668,0.0191100314563846,0.0,V3新增
t0hist_d3_outcome_l2,历史最近第2次T0 D3结果,1=提单，0=成熟未提单，观察未完/删失/无历史=NaN，不跳过未知,order_vir_f_copy + side_recycle_type_copy + order_loan_f_v2_copy（V2冻结订单历史）,截至当前T0之前的可观察生命周期,0/1,float32,无历史次数为0；比率零分母/无有效值为NaN,history_features.py / snapshot()；历史结果按当前预测时刻重算，不能读取历史事件最终标签,V3-F1587,历史T0提单与时点习惯,资格credit_time<当前T0；历史提单apply_time<当前T0；历史T0!=当前event_id；未来结果不参与,已入模,选定候选保留,0.6913066698023999,0.6734850133384914,0.7419606097696673,0.0227471830710423,0.0,V3新增
t0hist_d3_outcome_l3,历史最近第3次T0 D3结果,1=提单，0=成熟未提单，观察未完/删失/无历史=NaN，不跳过未知,order_vir_f_copy + side_recycle_type_copy + order_loan_f_v2_copy（V2冻结订单历史）,截至当前T0之前的可观察生命周期,0/1,float32,无历史次数为0；比率零分母/无有效值为NaN,history_features.py / snapshot()；历史结果按当前预测时刻重算，不能读取历史事件最终标签,V3-F1588,历史T0提单与时点习惯,资格credit_time<当前T0；历史提单apply_time<当前T0；历史T0!=当前event_id；未来结果不参与,已入模,选定候选保留,0.8061430972224264,0.7925320567067224,0.8474463113386002,0.0205629051071405,0.0,V3新增
t0hist_d3_outcome_l4,历史最近第4次T0 D3结果,1=提单，0=成熟未提单，观察未完/删失/无历史=NaN，不跳过未知,order_vir_f_copy + side_recycle_type_copy + order_loan_f_v2_copy（V2冻结订单历史）,截至当前T0之前的可观察生命周期,0/1,float32,无历史次数为0；比率零分母/无有效值为NaN,history_features.py / snapshot()；历史结果按当前预测时刻重算，不能读取历史事件最终标签,V3-F1589,历史T0提单与时点习惯,资格credit_time<当前T0；历史提单apply_time<当前T0；历史T0!=当前event_id；未来结果不参与,已入模,选定候选保留,0.8731056987050402,0.8641327562723148,0.9040836764214976,0.0157165955600212,0.0,V3新增
t0hist_d3_outcome_l5,历史最近第5次T0 D3结果,1=提单，0=成熟未提单，观察未完/删失/无历史=NaN，不跳过未知,order_vir_f_copy + side_recycle_type_copy + order_loan_f_v2_copy（V2冻结订单历史）,截至当前T0之前的可观察生命周期,0/1,float32,无历史次数为0；比率零分母/无有效值为NaN,history_features.py / snapshot()；历史结果按当前预测时刻重算，不能读取历史事件最终标签,V3-F1590,历史T0提单与时点习惯,资格credit_time<当前T0；历史提单apply_time<当前T0；历史T0!=当前event_id；未来结果不参与,已入模,选定候选保留,0.9142474975379595,0.908653497424986,0.9366863246912208,0.0111274424238507,0.0,V3新增
t0hist_d7_outcome_applied_n,历史T0 D7成熟结果｜提单｜n,对原序列有效值判断提单；n=符合次数，share=n/有效数，连续性缺失中断,order_vir_f_copy + side_recycle_type_copy + order_loan_f_v2_copy（V2冻结订单历史）,截至当前T0之前的可观察生命周期,次数,float32,无历史次数为0；比率零分母/无有效值为NaN,history_features.py / snapshot()；历史结果按当前预测时刻重算，不能读取历史事件最终标签,V3-F1591,历史T0提单与时点习惯,资格credit_time<当前T0；历史提单apply_time<当前T0；历史T0!=当前event_id；未来结果不参与,已入模,选定候选保留,0.0,0.0,0.0,0.031330570550146,12.45110034942627,V3新增
t0hist_d7_outcome_applied_share,历史T0 D7成熟结果｜提单｜share,对原序列有效值判断提单；n=符合次数，share=n/有效数，连续性缺失中断,order_vir_f_copy + side_recycle_type_copy + order_loan_f_v2_copy（V2冻结订单历史）,截至当前T0之前的可观察生命周期,比例,float32,无历史次数为0；比率零分母/无有效值为NaN,history_features.py / snapshot()；历史结果按当前预测时刻重算，不能读取历史事件最终标签,V3-F1592,历史T0提单与时点习惯,资格credit_time<当前T0；历史提单apply_time<当前T0；历史T0!=当前event_id；未来结果不参与,已入模,选定候选保留,0.5327169657862116,0.5191131313619768,0.5793924557694448,0.0277403936925363,17.707300186157227,V3新增
t0hist_d7_outcome_applied_current_streak,历史T0 D7成熟结果｜提单｜current_streak,对原序列有效值判断提单；n=符合次数，share=n/有效数，连续性缺失中断,order_vir_f_copy + side_recycle_type_copy + order_loan_f_v2_copy（V2冻结订单历史）,截至当前T0之前的可观察生命周期,次数,float32,无历史次数为0；比率零分母/无有效值为NaN,history_features.py / snapshot()；历史结果按当前预测时刻重算，不能读取历史事件最终标签,V3-F1593,历史T0提单与时点习惯,资格credit_time<当前T0；历史提单apply_time<当前T0；历史T0!=当前event_id；未来结果不参与,已入模,选定候选保留,0.0,0.0,0.0,0.0136148998295609,0.0,V3新增
t0hist_d7_outcome_applied_max_streak,历史T0 D7成熟结果｜提单｜max_streak,对原序列有效值判断提单；n=符合次数，share=n/有效数，连续性缺失中断,order_vir_f_copy + side_recycle_type_copy + order_loan_f_v2_copy（V2冻结订单历史）,截至当前T0之前的可观察生命周期,次数,float32,无历史次数为0；比率零分母/无有效值为NaN,history_features.py / snapshot()；历史结果按当前预测时刻重算，不能读取历史事件最终标签,V3-F1594,历史T0提单与时点习惯,资格credit_time<当前T0；历史提单apply_time<当前T0；历史T0!=当前event_id；未来结果不参与,已入模,选定候选保留,0.0,0.0,0.0,0.0313075364463777,16.863100051879883,V3新增
t0hist_d7_outcome_noapply_n,历史T0 D7成熟结果｜成熟未提单｜n,对原序列有效值判断成熟未提单；n=符合次数，share=n/有效数，连续性缺失中断,order_vir_f_copy + side_recycle_type_copy + order_loan_f_v2_copy（V2冻结订单历史）,截至当前T0之前的可观察生命周期,次数,float32,无历史次数为0；比率零分母/无有效值为NaN,history_features.py / snapshot()；历史结果按当前预测时刻重算，不能读取历史事件最终标签,V3-F1595,历史T0提单与时点习惯,资格credit_time<当前T0；历史提单apply_time<当前T0；历史T0!=当前event_id；未来结果不参与,已入模,选定候选保留,0.0,0.0,0.0,0.0002651201931984,22.13129997253418,V3新增
t0hist_d7_outcome_noapply_share,历史T0 D7成熟结果｜成熟未提单｜share,对原序列有效值判断成熟未提单；n=符合次数，share=n/有效数，连续性缺失中断,order_vir_f_copy + side_recycle_type_copy + order_loan_f_v2_copy（V2冻结订单历史）,截至当前T0之前的可观察生命周期,比例,float32,无历史次数为0；比率零分母/无有效值为NaN,history_features.py / snapshot()；历史结果按当前预测时刻重算，不能读取历史事件最终标签,V3-F1596,历史T0提单与时点习惯,资格credit_time<当前T0；历史提单apply_time<当前T0；历史T0!=当前event_id；未来结果不参与,已入模,选定候选保留,0.5327169657862116,0.5191131313619768,0.5793924557694448,0.0286439586548957,40.175498962402344,V3新增
t0hist_d7_outcome_noapply_current_streak,历史T0 D7成熟结果｜成熟未提单｜current_streak,对原序列有效值判断成熟未提单；n=符合次数，share=n/有效数，连续性缺失中断,order_vir_f_copy + side_recycle_type_copy + order_loan_f_v2_copy（V2冻结订单历史）,截至当前T0之前的可观察生命周期,次数,float32,无历史次数为0；比率零分母/无有效值为NaN,history_features.py / snapshot()；历史结果按当前预测时刻重算，不能读取历史事件最终标签,V3-F1597,历史T0提单与时点习惯,资格credit_time<当前T0；历史提单apply_time<当前T0；历史T0!=当前event_id；未来结果不参与,已入模,选定候选保留,0.0,0.0,0.0,0.0,90.63010025024414,V3新增
t0hist_d7_outcome_noapply_max_streak,历史T0 D7成熟结果｜成熟未提单｜max_streak,对原序列有效值判断成熟未提单；n=符合次数，share=n/有效数，连续性缺失中断,order_vir_f_copy + side_recycle_type_copy + order_loan_f_v2_copy（V2冻结订单历史）,截至当前T0之前的可观察生命周期,次数,float32,无历史次数为0；比率零分母/无有效值为NaN,history_features.py / snapshot()；历史结果按当前预测时刻重算，不能读取历史事件最终标签,V3-F1598,历史T0提单与时点习惯,资格credit_time<当前T0；历史提单apply_time<当前T0；历史T0!=当前event_id；未来结果不参与,已入模,选定候选保留,0.0,0.0,0.0,0.0002651201931984,132.71550846099854,V3新增
t0hist_d7_outcome_l1,历史最近第1次T0 D7结果,1=提单，0=成熟未提单，观察未完/删失/无历史=NaN，不跳过未知,order_vir_f_copy + side_recycle_type_copy + order_loan_f_v2_copy（V2冻结订单历史）,截至当前T0之前的可观察生命周期,0/1,float32,无历史次数为0；比率零分母/无有效值为NaN,history_features.py / snapshot()；历史结果按当前预测时刻重算，不能读取历史事件最终标签,V3-F1599,历史T0提单与时点习惯,资格credit_time<当前T0；历史提单apply_time<当前T0；历史T0!=当前event_id；未来结果不参与,已入模,选定候选保留,0.6222813438576377,0.6161254704739799,0.6395905196394792,0.0023571217383371,0.0,V3新增
t0hist_d7_outcome_l2,历史最近第2次T0 D7结果,1=提单，0=成熟未提单，观察未完/删失/无历史=NaN，不跳过未知,order_vir_f_copy + side_recycle_type_copy + order_loan_f_v2_copy（V2冻结订单历史）,截至当前T0之前的可观察生命周期,0/1,float32,无历史次数为0；比率零分母/无有效值为NaN,history_features.py / snapshot()；历史结果按当前预测时刻重算，不能读取历史事件最终标签,V3-F1600,历史T0提单与时点习惯,资格credit_time<当前T0；历史提单apply_time<当前T0；历史T0!=当前event_id；未来结果不参与,已入模,选定候选保留,0.7040112886393368,0.6880807885425986,0.7504172693891176,0.019304169738623,0.0,V3新增
t0hist_d7_outcome_l3,历史最近第3次T0 D7结果,1=提单，0=成熟未提单，观察未完/删失/无历史=NaN，不跳过未知,order_vir_f_copy + side_recycle_type_copy + order_loan_f_v2_copy（V2冻结订单历史）,截至当前T0之前的可观察生命周期,0/1,float32,无历史次数为0；比率零分母/无有效值为NaN,history_features.py / snapshot()；历史结果按当前预测时刻重算，不能读取历史事件最终标签,V3-F1601,历史T0提单与时点习惯,资格credit_time<当前T0；历史提单apply_time<当前T0；历史T0!=当前event_id；未来结果不参与,已入模,选定候选保留,0.8074267879803428,0.7942003755732328,0.8480026705240904,0.0198308824648935,0.0,V3新增
t0hist_d7_outcome_l4,历史最近第4次T0 D7结果,1=提单，0=成熟未提单，观察未完/删失/无历史=NaN，不跳过未知,order_vir_f_copy + side_recycle_type_copy + order_loan_f_v2_copy（V2冻结订单历史）,截至当前T0之前的可观察生命周期,0/1,float32,无历史次数为0；比率零分母/无有效值为NaN,history_features.py / snapshot()；历史结果按当前预测时刻重算，不能读取历史事件最终标签,V3-F1602,历史T0提单与时点习惯,资格credit_time<当前T0；历史提单apply_time<当前T0；历史T0!=当前event_id；未来结果不参与,已入模,选定候选保留,0.8734241716029966,0.8645437913553681,0.9041949482585956,0.0155105816587671,0.0,V3新增
t0hist_d7_outcome_l5,历史最近第5次T0 D7结果,1=提单，0=成熟未提单，观察未完/删失/无历史=NaN，不跳过未知,order_vir_f_copy + side_recycle_type_copy + order_loan_f_v2_copy（V2冻结订单历史）,截至当前T0之前的可观察生命周期,0/1,float32,无历史次数为0；比率零分母/无有效值为NaN,history_features.py / snapshot()；历史结果按当前预测时刻重算，不能读取历史事件最终标签,V3-F1603,历史T0提单与时点习惯,资格credit_time<当前T0；历史提单apply_time<当前T0；历史T0!=当前event_id；未来结果不参与,已入模,选定候选保留,0.9143699871140966,0.9088388661879316,0.9366863246912208,0.0109916130793408,0.0,V3新增
t0hist_d15_outcome_applied_n,历史T0 D15成熟结果｜提单｜n,对原序列有效值判断提单；n=符合次数，share=n/有效数，连续性缺失中断,order_vir_f_copy + side_recycle_type_copy + order_loan_f_v2_copy（V2冻结订单历史）,截至当前T0之前的可观察生命周期,次数,float32,无历史次数为0；比率零分母/无有效值为NaN,history_features.py / snapshot()；历史结果按当前预测时刻重算，不能读取历史事件最终标签,V3-F1604,历史T0提单与时点习惯,资格credit_time<当前T0；历史提单apply_time<当前T0；历史T0!=当前event_id；未来结果不参与,已入模,选定候选保留,0.0,0.0,0.0,0.0128567415486164,0.0,V3新增
t0hist_d15_outcome_applied_share,历史T0 D15成熟结果｜提单｜share,对原序列有效值判断提单；n=符合次数，share=n/有效数，连续性缺失中断,order_vir_f_copy + side_recycle_type_copy + order_loan_f_v2_copy（V2冻结订单历史）,截至当前T0之前的可观察生命周期,比例,float32,无历史次数为0；比率零分母/无有效值为NaN,history_features.py / snapshot()；历史结果按当前预测时刻重算，不能读取历史事件最终标签,V3-F1605,历史T0提单与时点习惯,资格credit_time<当前T0；历史提单apply_time<当前T0；历史T0!=当前event_id；未来结果不参与,已入模,选定候选保留,0.613922655182044,0.6104918719827204,0.6382552575943029,0.0125374827152163,0.0,V3新增
t0hist_d15_outcome_applied_current_streak,历史T0 D15成熟结果｜提单｜current_streak,对原序列有效值判断提单；n=符合次数，share=n/有效数，连续性缺失中断,order_vir_f_copy + side_recycle_type_copy + order_loan_f_v2_copy（V2冻结订单历史）,截至当前T0之前的可观察生命周期,次数,float32,无历史次数为0；比率零分母/无有效值为NaN,history_features.py / snapshot()；历史结果按当前预测时刻重算，不能读取历史事件最终标签,V3-F1606,历史T0提单与时点习惯,资格credit_time<当前T0；历史提单apply_time<当前T0；历史T0!=当前event_id；未来结果不参与,已入模,选定候选保留,0.0,0.0,0.0,0.0033348798693079,0.0,V3新增
t0hist_d15_outcome_applied_max_streak,历史T0 D15成熟结果｜提单｜max_streak,对原序列有效值判断提单；n=符合次数，share=n/有效数，连续性缺失中断,order_vir_f_copy + side_recycle_type_copy + order_loan_f_v2_copy（V2冻结订单历史）,截至当前T0之前的可观察生命周期,次数,float32,无历史次数为0；比率零分母/无有效值为NaN,history_features.py / snapshot()；历史结果按当前预测时刻重算，不能读取历史事件最终标签,V3-F1607,历史T0提单与时点习惯,资格credit_time<当前T0；历史提单apply_time<当前T0；历史T0!=当前event_id；未来结果不参与,已入模,选定候选保留,0.0,0.0,0.0,0.0136008567403814,0.0,V3新增
t0hist_d15_outcome_noapply_n,历史T0 D15成熟结果｜成熟未提单｜n,对原序列有效值判断成熟未提单；n=符合次数，share=n/有效数，连续性缺失中断,order_vir_f_copy + side_recycle_type_copy + order_loan_f_v2_copy（V2冻结订单历史）,截至当前T0之前的可观察生命周期,次数,float32,无历史次数为0；比率零分母/无有效值为NaN,history_features.py / snapshot()；历史结果按当前预测时刻重算，不能读取历史事件最终标签,V3-F1608,历史T0提单与时点习惯,资格credit_time<当前T0；历史提单apply_time<当前T0；历史T0!=当前event_id；未来结果不参与,已入模,选定候选保留,0.0,0.0,0.0,0.0018282784143606,0.0,V3新增
t0hist_d15_outcome_noapply_share,历史T0 D15成熟结果｜成熟未提单｜share,对原序列有效值判断成熟未提单；n=符合次数，share=n/有效数，连续性缺失中断,order_vir_f_copy + side_recycle_type_copy + order_loan_f_v2_copy（V2冻结订单历史）,截至当前T0之前的可观察生命周期,比例,float32,无历史次数为0；比率零分母/无有效值为NaN,history_features.py / snapshot()；历史结果按当前预测时刻重算，不能读取历史事件最终标签,V3-F1609,历史T0提单与时点习惯,资格credit_time<当前T0；历史提单apply_time<当前T0；历史T0!=当前event_id；未来结果不参与,已入模,选定候选保留,0.613922655182044,0.6104918719827204,0.6382552575943029,0.0127096590254676,0.0,V3新增
t0hist_d15_outcome_noapply_current_streak,历史T0 D15成熟结果｜成熟未提单｜current_streak,对原序列有效值判断成熟未提单；n=符合次数，share=n/有效数，连续性缺失中断,order_vir_f_copy + side_recycle_type_copy + order_loan_f_v2_copy（V2冻结订单历史）,截至当前T0之前的可观察生命周期,次数,float32,无历史次数为0；比率零分母/无有效值为NaN,history_features.py / snapshot()；历史结果按当前预测时刻重算，不能读取历史事件最终标签,V3-F1610,历史T0提单与时点习惯,资格credit_time<当前T0；历史提单apply_time<当前T0；历史T0!=当前event_id；未来结果不参与,已入模,选定候选保留,0.0,0.0,0.0,0.0,0.0,V3新增
t0hist_d15_outcome_noapply_max_streak,历史T0 D15成熟结果｜成熟未提单｜max_streak,对原序列有效值判断成熟未提单；n=符合次数，share=n/有效数，连续性缺失中断,order_vir_f_copy + side_recycle_type_copy + order_loan_f_v2_copy（V2冻结订单历史）,截至当前T0之前的可观察生命周期,次数,float32,无历史次数为0；比率零分母/无有效值为NaN,history_features.py / snapshot()；历史结果按当前预测时刻重算，不能读取历史事件最终标签,V3-F1611,历史T0提单与时点习惯,资格credit_time<当前T0；历史提单apply_time<当前T0；历史T0!=当前event_id；未来结果不参与,已入模,选定候选保留,0.0,0.0,0.0,0.0018282784143606,29.618800163269043,V3新增
t0hist_d15_outcome_l1,历史最近第1次T0 D15结果,1=提单，0=成熟未提单，观察未完/删失/无历史=NaN，不跳过未知,order_vir_f_copy + side_recycle_type_copy + order_loan_f_v2_copy（V2冻结订单历史）,截至当前T0之前的可观察生命周期,0/1,float32,无历史次数为0；比率零分母/无有效值为NaN,history_features.py / snapshot()；历史结果按当前预测时刻重算，不能读取历史事件最终标签,V3-F1612,历史T0提单与时点习惯,资格credit_time<当前T0；历史提单apply_time<当前T0；历史T0!=当前event_id；未来结果不参与,已入模,选定候选保留,0.752335876216934,0.7635178155500214,0.7271614554356293,0.0069729773359127,0.0,V3新增
t0hist_d15_outcome_l2,历史最近第2次T0 D15结果,1=提单，0=成熟未提单，观察未完/删失/无历史=NaN，不跳过未知,order_vir_f_copy + side_recycle_type_copy + order_loan_f_v2_copy（V2冻结订单历史）,截至当前T0之前的可观察生命周期,0/1,float32,无历史次数为0；比率零分母/无有效值为NaN,history_features.py / snapshot()；历史结果按当前预测时刻重算，不能读取历史事件最终标签,V3-F1613,历史T0提单与时点习惯,资格credit_time<当前T0；历史提单apply_time<当前T0；历史T0!=当前event_id；未来结果不参与,已入模,选定候选保留,0.7574461413333725,0.7477534111882138,0.7800155780571937,0.0057778648081099,0.0,V3新增
t0hist_d15_outcome_l3,历史最近第3次T0 D15结果,1=提单，0=成熟未提单，观察未完/删失/无历史=NaN，不跳过未知,order_vir_f_copy + side_recycle_type_copy + order_loan_f_v2_copy（V2冻结订单历史）,截至当前T0之前的可观察生命周期,0/1,float32,无历史次数为0；比率零分母/无有效值为NaN,history_features.py / snapshot()；历史结果按当前预测时刻重算，不能读取历史事件最终标签,V3-F1614,历史T0提单与时点习惯,资格credit_time<当前T0；历史提单apply_time<当前T0；历史T0!=当前event_id；未来结果不参与,已入模,选定候选保留,0.8185341427444525,0.8074502123681262,0.8543451652386781,0.0157364910470695,0.0,V3新增
t0hist_d15_outcome_l4,历史最近第4次T0 D15结果,1=提单，0=成熟未提单，观察未完/删失/无历史=NaN，不跳过未知,order_vir_f_copy + side_recycle_type_copy + order_loan_f_v2_copy（V2冻结订单历史）,截至当前T0之前的可观察生命周期,0/1,float32,无历史次数为0；比率零分母/无有效值为NaN,history_features.py / snapshot()；历史结果按当前预测时刻重算，不能读取历史事件最终标签,V3-F1615,历史T0提单与时点习惯,资格credit_time<当前T0；历史提单apply_time<当前T0；历史T0!=当前event_id；未来结果不参与,已入模,选定候选保留,0.8757808710478738,0.8674129774253084,0.905307666629576,0.0143759498650739,0.0,V3新增
t0hist_d15_outcome_l5,历史最近第5次T0 D15结果,1=提单，0=成熟未提单，观察未完/删失/无历史=NaN，不跳过未知,order_vir_f_copy + side_recycle_type_copy + order_loan_f_v2_copy（V2冻结订单历史）,截至当前T0之前的可观察生命周期,0/1,float32,无历史次数为0；比率零分母/无有效值为NaN,history_features.py / snapshot()；历史结果按当前预测时刻重算，不能读取历史事件最终标签,V3-F1616,历史T0提单与时点习惯,资格credit_time<当前T0；历史提单apply_time<当前T0；历史T0!=当前event_id；未来结果不参与,已入模,选定候选保留,0.9150902258217826,0.9096528768426058,0.9369088683654168,0.0105917302619217,0.0,V3新增
t0hist_d30_outcome_applied_n,历史T0 D30成熟结果｜提单｜n,对原序列有效值判断提单；n=符合次数，share=n/有效数，连续性缺失中断,order_vir_f_copy + side_recycle_type_copy + order_loan_f_v2_copy（V2冻结订单历史）,截至当前T0之前的可观察生命周期,次数,float32,无历史次数为0；比率零分母/无有效值为NaN,history_features.py / snapshot()；历史结果按当前预测时刻重算，不能读取历史事件最终标签,V3-F1617,历史T0提单与时点习惯,资格credit_time<当前T0；历史提单apply_time<当前T0；历史T0!=当前event_id；未来结果不参与,已入模,选定候选保留,0.0,0.0,0.0,0.0050691262790467,0.0,V3新增
t0hist_d30_outcome_applied_share,历史T0 D30成熟结果｜提单｜share,对原序列有效值判断提单；n=符合次数，share=n/有效数，连续性缺失中断,order_vir_f_copy + side_recycle_type_copy + order_loan_f_v2_copy（V2冻结订单历史）,截至当前T0之前的可观察生命周期,比例,float32,无历史次数为0；比率零分母/无有效值为NaN,history_features.py / snapshot()；历史结果按当前预测时刻重算，不能读取历史事件最终标签,V3-F1618,历史T0提单与时点习惯,资格credit_time<当前T0；历史提单apply_time<当前T0；历史T0!=当前event_id；未来结果不参与,已入模,选定候选保留,0.7280780405587485,0.7281687984074405,0.7367308334260598,0.0076361299896826,0.0,V3新增
t0hist_d30_outcome_applied_current_streak,历史T0 D30成熟结果｜提单｜current_streak,对原序列有效值判断提单；n=符合次数，share=n/有效数，连续性缺失中断,order_vir_f_copy + side_recycle_type_copy + order_loan_f_v2_copy（V2冻结订单历史）,截至当前T0之前的可观察生命周期,次数,float32,无历史次数为0；比率零分母/无有效值为NaN,history_features.py / snapshot()；历史结果按当前预测时刻重算，不能读取历史事件最终标签,V3-F1619,历史T0提单与时点习惯,资格credit_time<当前T0；历史提单apply_time<当前T0；历史T0!=当前event_id；未来结果不参与,已入模,选定候选保留,0.0,0.0,0.0,0.0,0.0,V3新增
t0hist_d30_outcome_applied_max_streak,历史T0 D30成熟结果｜提单｜max_streak,对原序列有效值判断提单；n=符合次数，share=n/有效数，连续性缺失中断,order_vir_f_copy + side_recycle_type_copy + order_loan_f_v2_copy（V2冻结订单历史）,截至当前T0之前的可观察生命周期,次数,float32,无历史次数为0；比率零分母/无有效值为NaN,history_features.py / snapshot()；历史结果按当前预测时刻重算，不能读取历史事件最终标签,V3-F1620,历史T0提单与时点习惯,资格credit_time<当前T0；历史提单apply_time<当前T0；历史T0!=当前event_id；未来结果不参与,已入模,选定候选保留,0.0,0.0,0.0,0.0079584278052419,50.322699546813965,V3新增
t0hist_d30_outcome_noapply_n,历史T0 D30成熟结果｜成熟未提单｜n,对原序列有效值判断成熟未提单；n=符合次数，share=n/有效数，连续性缺失中断,order_vir_f_copy + side_recycle_type_copy + order_loan_f_v2_copy（V2冻结订单历史）,截至当前T0之前的可观察生命周期,次数,float32,无历史次数为0；比率零分母/无有效值为NaN,history_features.py / snapshot()；历史结果按当前预测时刻重算，不能读取历史事件最终标签,V3-F1621,历史T0提单与时点习惯,资格credit_time<当前T0；历史提单apply_time<当前T0；历史T0!=当前event_id；未来结果不参与,已入模,选定候选保留,0.0,0.0,0.0,0.0,53.94700050354004,V3新增
t0hist_d30_outcome_noapply_share,历史T0 D30成熟结果｜成熟未提单｜share,对原序列有效值判断成熟未提单；n=符合次数，share=n/有效数，连续性缺失中断,order_vir_f_copy + side_recycle_type_copy + order_loan_f_v2_copy（V2冻结订单历史）,截至当前T0之前的可观察生命周期,比例,float32,无历史次数为0；比率零分母/无有效值为NaN,history_features.py / snapshot()；历史结果按当前预测时刻重算，不能读取历史事件最终标签,V3-F1622,历史T0提单与时点习惯,资格credit_time<当前T0；历史提单apply_time<当前T0；历史T0!=当前event_id；未来结果不参与,已入模,选定候选保留,0.7280780405587485,0.7281687984074405,0.7367308334260598,0.0075433615914597,0.0,V3新增
t0hist_d30_outcome_noapply_current_streak,历史T0 D30成熟结果｜成熟未提单｜current_streak,对原序列有效值判断成熟未提单；n=符合次数，share=n/有效数，连续性缺失中断,order_vir_f_copy + side_recycle_type_copy + order_loan_f_v2_copy（V2冻结订单历史）,截至当前T0之前的可观察生命周期,次数,float32,无历史次数为0；比率零分母/无有效值为NaN,history_features.py / snapshot()；历史结果按当前预测时刻重算，不能读取历史事件最终标签,V3-F1623,历史T0提单与时点习惯,资格credit_time<当前T0；历史提单apply_time<当前T0；历史T0!=当前event_id；未来结果不参与,已入模,选定候选保留,0.0,0.0,0.0,0.0,0.0,V3新增
t0hist_d30_outcome_noapply_max_streak,历史T0 D30成熟结果｜成熟未提单｜max_streak,对原序列有效值判断成熟未提单；n=符合次数，share=n/有效数，连续性缺失中断,order_vir_f_copy + side_recycle_type_copy + order_loan_f_v2_copy（V2冻结订单历史）,截至当前T0之前的可观察生命周期,次数,float32,无历史次数为0；比率零分母/无有效值为NaN,history_features.py / snapshot()；历史结果按当前预测时刻重算，不能读取历史事件最终标签,V3-F1624,历史T0提单与时点习惯,资格credit_time<当前T0；历史提单apply_time<当前T0；历史T0!=当前event_id；未来结果不参与,已入模,选定候选保留,0.0,0.0,0.0,0.0,0.0,V3新增
t0hist_d30_outcome_l1,历史最近第1次T0 D30结果,1=提单，0=成熟未提单，观察未完/删失/无历史=NaN，不跳过未知,order_vir_f_copy + side_recycle_type_copy + order_loan_f_v2_copy（V2冻结订单历史）,截至当前T0之前的可观察生命周期,0/1,float32,无历史次数为0；比率零分母/无有效值为NaN,history_features.py / snapshot()；历史结果按当前预测时刻重算，不能读取历史事件最终标签,V3-F1625,历史T0提单与时点习惯,资格credit_time<当前T0；历史提单apply_time<当前T0；历史T0!=当前event_id；未来结果不参与,已入模,选定候选保留,0.8977555010068643,0.9069771190470434,0.8780460665405586,0.0087723593785536,0.0,V3新增
t0hist_d30_outcome_l2,历史最近第2次T0 D30结果,1=提单，0=成熟未提单，观察未完/删失/无历史=NaN，不跳过未知,order_vir_f_copy + side_recycle_type_copy + order_loan_f_v2_copy（V2冻结订单历史）,截至当前T0之前的可观察生命周期,0/1,float32,无历史次数为0；比率零分母/无有效值为NaN,history_features.py / snapshot()；历史结果按当前预测时刻重算，不能读取历史事件最终标签,V3-F1626,历史T0提单与时点习惯,资格credit_time<当前T0；历史提单apply_time<当前T0；历史T0!=当前event_id；未来结果不参与,已入模,选定候选保留,0.8362559346199638,0.8377862133997437,0.8291977300545232,0.0005315905781212,0.0,V3新增
t0hist_d30_outcome_l3,历史最近第3次T0 D30结果,1=提单，0=成熟未提单，观察未完/删失/无历史=NaN，不跳过未知,order_vir_f_copy + side_recycle_type_copy + order_loan_f_v2_copy（V2冻结订单历史）,截至当前T0之前的可观察生命周期,0/1,float32,无历史次数为0；比率零分母/无有效值为NaN,history_features.py / snapshot()；历史结果按当前预测时刻重算，不能读取历史事件最终标签,V3-F1627,历史T0提单与时点习惯,资格credit_time<当前T0；历史提单apply_time<当前T0；历史T0!=当前event_id；未来结果不参与,已入模,选定候选保留,0.8580835770875899,0.8514793233234201,0.8753755424502059,0.0048532522873496,0.0,V3新增
t0hist_d30_outcome_l4,历史最近第4次T0 D30结果,1=提单，0=成熟未提单，观察未完/删失/无历史=NaN，不跳过未知,order_vir_f_copy + side_recycle_type_copy + order_loan_f_v2_copy（V2冻结订单历史）,截至当前T0之前的可观察生命周期,0/1,float32,无历史次数为0；比率零分母/无有效值为NaN,history_features.py / snapshot()；历史结果按当前预测时刻重算，不能读取历史事件最终标签,V3-F1628,历史T0提单与时点习惯,资格credit_time<当前T0；历史提单apply_time<当前T0；历史T0!=当前event_id；未来结果不参与,已入模,选定候选保留,0.893845633736569,0.887352208709108,0.9147657727829086,0.008478715002695,0.0,V3新增
t0hist_d30_outcome_l5,历史最近第5次T0 D30结果,1=提单，0=成熟未提单，观察未完/删失/无历史=NaN，不跳过未知,order_vir_f_copy + side_recycle_type_copy + order_loan_f_v2_copy（V2冻结订单历史）,截至当前T0之前的可观察生命周期,0/1,float32,无历史次数为0；比率零分母/无有效值为NaN,history_features.py / snapshot()；历史结果按当前预测时刻重算，不能读取历史事件最终标签,V3-F1629,历史T0提单与时点习惯,资格credit_time<当前T0；历史提单apply_time<当前T0；历史T0!=当前event_id；未来结果不参与,已入模,选定候选保留,0.921680165017957,0.9170918058947266,0.9408033826638478,0.0085929827034346,0.0,V3新增
t0hist_d0_last3_vs_life,T0 D0近期与全历史提单率差,t0hist_last3_d0_rate−t0hist_life_d0_rate,order_vir_f_copy + side_recycle_type_copy + order_loan_f_v2_copy（V2冻结订单历史）,截至当前T0之前的可观察生命周期,比例差,float32,无历史次数为0；比率零分母/无有效值为NaN,history_features.py / snapshot()；历史结果按当前预测时刻重算，不能读取历史事件最终标签,V3-F1630,历史T0提单与时点习惯,资格credit_time<当前T0；历史提单apply_time<当前T0；历史T0!=当前event_id；未来结果不参与,已入模,选定候选保留,0.4807029921753659,0.4596903535707665,0.5393345944141538,0.0265018873884153,30.997299194335938,V3新增
t0hist_d0_last5_vs_life,T0 D0近期与全历史提单率差,t0hist_last5_d0_rate−t0hist_life_d0_rate,order_vir_f_copy + side_recycle_type_copy + order_loan_f_v2_copy（V2冻结订单历史）,截至当前T0之前的可观察生命周期,比例差,float32,无历史次数为0；比率零分母/无有效值为NaN,history_features.py / snapshot()；历史结果按当前预测时刻重算，不能读取历史事件最终标签,V3-F1631,历史T0提单与时点习惯,资格credit_time<当前T0；历史提单apply_time<当前T0；历史T0!=当前event_id；未来结果不参与,已入模,选定候选保留,0.4804384146909098,0.4594082706706319,0.5392233225770557,0.0259858110880195,0.0,V3新增
t0hist_d0_30d_vs_life,T0 D0近期与全历史提单率差,t0hist_30d_d0_rate−t0hist_life_d0_rate,order_vir_f_copy + side_recycle_type_copy + order_loan_f_v2_copy（V2冻结订单历史）,截至当前T0之前的可观察生命周期,比例差,float32,无历史次数为0；比率零分母/无有效值为NaN,history_features.py / snapshot()；历史结果按当前预测时刻重算，不能读取历史事件最终标签,V3-F1632,历史T0提单与时点习惯,资格credit_time<当前T0；历史提单apply_time<当前T0；历史T0!=当前event_id；未来结果不参与,已入模,选定候选保留,0.5907182298786373,0.559628295332737,0.6703015466785357,0.0530640621968585,117.59619903564452,V3新增
t0hist_d0_90d_vs_life,T0 D0近期与全历史提单率差,t0hist_90d_d0_rate−t0hist_life_d0_rate,order_vir_f_copy + side_recycle_type_copy + order_loan_f_v2_copy（V2冻结订单历史）,截至当前T0之前的可观察生命周期,比例差,float32,无历史次数为0；比率零分母/无有效值为NaN,history_features.py / snapshot()；历史结果按当前预测时刻重算，不能读取历史事件最终标签,V3-F1633,历史T0提单与时点习惯,资格credit_time<当前T0；历史提单apply_time<当前T0；历史T0!=当前event_id；未来结果不参与,已入模,选定候选保留,0.503486053336861,0.478912288337081,0.5674863691999555,0.031750113969789,27.23499965667725,V3新增
t0hist_d0_180d_vs_life,T0 D0近期与全历史提单率差,t0hist_180d_d0_rate−t0hist_life_d0_rate,order_vir_f_copy + side_recycle_type_copy + order_loan_f_v2_copy（V2冻结订单历史）,截至当前T0之前的可观察生命周期,比例差,float32,无历史次数为0；比率零分母/无有效值为NaN,history_features.py / snapshot()；历史结果按当前预测时刻重算，不能读取历史事件最终标签,V3-F1634,历史T0提单与时点习惯,资格credit_time<当前T0；历史提单apply_time<当前T0；历史T0!=当前event_id；未来结果不参与,已入模,选定候选保留,0.48821405298409104,0.4657027490993496,0.5501279626126627,0.0291793438347262,0.0,V3新增
t0hist_d3_last3_vs_life,T0 D3近期与全历史提单率差,t0hist_last3_d3_rate−t0hist_life_d3_rate,order_vir_f_copy + side_recycle_type_copy + order_loan_f_v2_copy（V2冻结订单历史）,截至当前T0之前的可观察生命周期,比例差,float32,无历史次数为0；比率零分母/无有效值为NaN,history_features.py / snapshot()；历史结果按当前预测时刻重算，不能读取历史事件最终标签,V3-F1635,历史T0提单与时点习惯,资格credit_time<当前T0；历史提单apply_time<当前T0；历史T0!=当前event_id；未来结果不参与,已入模,选定候选保留,0.4852596044076649,0.4650418691618914,0.5417825748303104,0.023610654515773,30.209299087524418,V3新增
t0hist_d3_last5_vs_life,T0 D3近期与全历史提单率差,t0hist_last5_d3_rate−t0hist_life_d3_rate,order_vir_f_copy + side_recycle_type_copy + order_loan_f_v2_copy（V2冻结订单历史）,截至当前T0之前的可观察生命周期,比例差,float32,无历史次数为0；比率零分母/无有效值为NaN,history_features.py / snapshot()；历史结果按当前预测时刻重算，不能读取历史事件最终标签,V3-F1636,历史T0提单与时点习惯,资格credit_time<当前T0；历史提单apply_time<当前T0；历史T0!=当前event_id；未来结果不参与,已入模,选定候选保留,0.48477454568616213,0.4645341199416491,0.5414487593190164,0.0237737585805025,0.0,V3新增
t0hist_d3_30d_vs_life,T0 D3近期与全历史提单率差,t0hist_30d_d3_rate−t0hist_life_d3_rate,order_vir_f_copy + side_recycle_type_copy + order_loan_f_v2_copy（V2冻结订单历史）,截至当前T0之前的可观察生命周期,比例差,float32,无历史次数为0；比率零分母/无有效值为NaN,history_features.py / snapshot()；历史结果按当前预测时刻重算，不能读取历史事件最终标签,V3-F1637,历史T0提单与时点习惯,资格credit_time<当前T0；历史提单apply_time<当前T0；历史T0!=当前event_id；未来结果不参与,已入模,选定候选保留,0.5954022312701189,0.5650684655496184,0.6729720707688884,0.0510332337751214,304.72819900512695,V3新增
t0hist_d3_90d_vs_life,T0 D3近期与全历史提单率差,t0hist_90d_d3_rate−t0hist_life_d3_rate,order_vir_f_copy + side_recycle_type_copy + order_loan_f_v2_copy（V2冻结订单历史）,截至当前T0之前的可观察生命周期,比例差,float32,无历史次数为0；比率零分母/无有效值为NaN,history_features.py / snapshot()；历史结果按当前预测时刻重算，不能读取历史事件最终标签,V3-F1638,历史T0提单与时点习惯,资格credit_time<当前T0；历史提单apply_time<当前T0；历史T0!=当前event_id；未来结果不参与,已入模,选定候选保留,0.5078466822473408,0.484054256630963,0.5699343496161121,0.0308792604975492,14.284799575805664,V3新增
t0hist_d3_180d_vs_life,T0 D3近期与全历史提单率差,t0hist_180d_d3_rate−t0hist_life_d3_rate,order_vir_f_copy + side_recycle_type_copy + order_loan_f_v2_copy（V2冻结订单历史）,截至当前T0之前的可观察生命周期,比例差,float32,无历史次数为0；比率零分母/无有效值为NaN,history_features.py / snapshot()；历史结果按当前预测时刻重算，不能读取历史事件最终标签,V3-F1639,历史T0提单与时点习惯,资格credit_time<当前T0；历史提单apply_time<当前T0；历史T0!=当前event_id；未来结果不参与,已入模,选定候选保留,0.49252568606411595,0.4707963603246371,0.5523533993546234,0.0271669454765391,12.323100090026855,V3新增
t0hist_d7_last3_vs_life,T0 D7近期与全历史提单率差,t0hist_last3_d7_rate−t0hist_life_d7_rate,order_vir_f_copy + side_recycle_type_copy + order_loan_f_v2_copy（V2冻结订单历史）,截至当前T0之前的可观察生命周期,比例差,float32,无历史次数为0；比率零分母/无有效值为NaN,history_features.py / snapshot()；历史结果按当前预测时刻重算，不能读取历史事件最终标签,V3-F1640,历史T0提单与时点习惯,资格credit_time<当前T0；历史提单apply_time<当前T0；历史T0!=当前event_id；未来结果不参与,已入模,选定候选保留,0.5344955144317218,0.5213375565173239,0.580282630466229,0.0140838784802279,0.0,V3新增
t0hist_d7_last5_vs_life,T0 D7近期与全历史提单率差,t0hist_last5_d7_rate−t0hist_life_d7_rate,order_vir_f_copy + side_recycle_type_copy + order_loan_f_v2_copy（V2冻结订单历史）,截至当前T0之前的可观察生命周期,比例差,float32,无历史次数为0；比率零分母/无有效值为NaN,history_features.py / snapshot()；历史结果按当前预测时刻重算，不能读取历史事件最终标签,V3-F1641,历史T0提单与时点习惯,资格credit_time<当前T0；历史提单apply_time<当前T0；历史T0!=当前event_id；未来结果不参与,已入模,选定候选保留,0.5328786520267125,0.5193387976820845,0.5793924557694448,0.0146235974831964,29.414899826049805,V3新增
t0hist_d7_30d_vs_life,T0 D7近期与全历史提单率差,t0hist_30d_d7_rate−t0hist_life_d7_rate,order_vir_f_copy + side_recycle_type_copy + order_loan_f_v2_copy（V2冻结订单历史）,截至当前T0之前的可观察生命周期,比例差,float32,无历史次数为0；比率零分母/无有效值为NaN,history_features.py / snapshot()；历史结果按当前预测时刻重算，不能读取历史事件最终标签,V3-F1642,历史T0提单与时点习惯,资格credit_time<当前T0；历史提单apply_time<当前T0；历史T0!=当前event_id；未来结果不参与,已入模,选定候选保留,0.6495769210040225,0.6259177768643664,0.715477912540336,0.0379013916779493,43.67399883270264,V3新增
t0hist_d7_90d_vs_life,T0 D7近期与全历史提单率差,t0hist_90d_d7_rate−t0hist_life_d7_rate,order_vir_f_copy + side_recycle_type_copy + order_loan_f_v2_copy（V2冻结订单历史）,截至当前T0之前的可观察生命周期,比例差,float32,无历史次数为0；比率零分母/无有效值为NaN,history_features.py / snapshot()；历史结果按当前预测时刻重算，不能读取历史事件最终标签,V3-F1643,历史T0提单与时点习惯,资格credit_time<当前T0；历史提单apply_time<当前T0；历史T0!=当前event_id；未来结果不参与,已入模,选定候选保留,0.5570629939392158,0.5397615996518291,0.6085456770891288,0.0203597620276291,0.0,V3新增
t0hist_d7_180d_vs_life,T0 D7近期与全历史提单率差,t0hist_180d_d7_rate−t0hist_life_d7_rate,order_vir_f_copy + side_recycle_type_copy + order_loan_f_v2_copy（V2冻结订单历史）,截至当前T0之前的可观察生命周期,比例差,float32,无历史次数为0；比率零分母/无有效值为NaN,history_features.py / snapshot()；历史结果按当前预测时刻重算，不能读取历史事件最终标签,V3-F1644,历史T0提单与时点习惯,资格credit_time<当前T0；历史提单apply_time<当前T0；历史T0!=当前event_id；未来结果不参与,已入模,选定候选保留,0.5409286669704408,0.5257944663394505,0.5906309113163458,0.0173722147733289,24.828399658203125,V3新增
t0hist_d15_last3_vs_life,T0 D15近期与全历史提单率差,t0hist_last3_d15_rate−t0hist_life_d15_rate,order_vir_f_copy + side_recycle_type_copy + order_loan_f_v2_copy（V2冻结订单历史）,截至当前T0之前的可观察生命周期,比例差,float32,无历史次数为0；比率零分母/无有效值为NaN,history_features.py / snapshot()；历史结果按当前预测时刻重算，不能读取历史事件最终标签,V3-F1645,历史T0提单与时点习惯,资格credit_time<当前T0；历史提单apply_time<当前T0；历史T0!=当前event_id；未来结果不参与,已入模,选定候选保留,0.6229084904874596,0.6213802719279158,0.6421497718927339,0.0020187470141215,0.0,V3新增
t0hist_d15_last5_vs_life,T0 D15近期与全历史提单率差,t0hist_last5_d15_rate−t0hist_life_d15_rate,order_vir_f_copy + side_recycle_type_copy + order_loan_f_v2_copy（V2冻结订单历史）,截至当前T0之前的可观察生命周期,比例差,float32,无历史次数为0；比率零分母/无有效值为NaN,history_features.py / snapshot()；历史结果按当前预测时刻重算，不能读取历史事件最终标签,V3-F1646,历史T0提单与时点习惯,资格credit_time<当前T0；历史提单apply_time<当前T0；历史T0!=当前event_id；未来结果不参与,已入模,选定候选保留,0.6146722913880028,0.6114590133546104,0.6383665294314009,0.003247124514537,16.722200393676758,V3新增
t0hist_d15_30d_vs_life,T0 D15近期与全历史提单率差,t0hist_30d_d15_rate−t0hist_life_d15_rate,order_vir_f_copy + side_recycle_type_copy + order_loan_f_v2_copy（V2冻结订单历史）,截至当前T0之前的可观察生命周期,比例差,float32,无历史次数为0；比率零分母/无有效值为NaN,history_features.py / snapshot()；历史结果按当前预测时刻重算，不能读取历史事件最终标签,V3-F1647,历史T0提单与时点习惯,资格credit_time<当前T0；历史提单apply_time<当前T0；历史T0!=当前event_id；未来结果不参与,已入模,选定候选保留,0.7585730454338335,0.7461495684131628,0.7974852564815845,0.0189417487757263,0.0,V3新增
t0hist_d15_90d_vs_life,T0 D15近期与全历史提单率差,t0hist_90d_d15_rate−t0hist_life_d15_rate,order_vir_f_copy + side_recycle_type_copy + order_loan_f_v2_copy（V2冻结订单历史）,截至当前T0之前的可观察生命周期,比例差,float32,无历史次数为0；比率零分母/无有效值为NaN,history_features.py / snapshot()；历史结果按当前预测时刻重算，不能读取历史事件最终标签,V3-F1648,历史T0提单与时点习惯,资格credit_time<当前T0；历史提单apply_time<当前T0；历史T0!=当前event_id；未来结果不参与,已入模,选定候选保留,0.6412623285758382,0.6341223595025669,0.6700790030043396,0.0061116132565941,0.0,V3新增
t0hist_d15_180d_vs_life,T0 D15近期与全历史提单率差,t0hist_180d_d15_rate−t0hist_life_d15_rate,order_vir_f_copy + side_recycle_type_copy + order_loan_f_v2_copy（V2冻结订单历史）,截至当前T0之前的可观察生命周期,比例差,float32,无历史次数为0；比率零分母/无有效值为NaN,history_features.py / snapshot()；历史结果按当前预测时刻重算，不能读取历史事件最终标签,V3-F1649,历史T0提单与时点习惯,资格credit_time<当前T0；历史提单apply_time<当前T0；历史T0!=当前event_id；未来结果不参与,已入模,选定候选保留,0.6230848754770969,0.6180113961491654,0.6507177033492823,0.004766365815866,0.0,V3新增
history_cross_earlyloan_cyc_eligible_never_applied,earlyloan×cyc_eligible_never_applied,已知earlyloan标记乘cyc_eligible_never_applied；基础率缺失继续NaN,order_vir_f_copy + side_recycle_type_copy + order_loan_f_v2_copy（V2冻结订单历史）,截至当前T0之前的可观察生命周期,交互值,float32,无历史次数为0；比率零分母/无有效值为NaN,history_features.py / snapshot()；历史结果按当前预测时刻重算，不能读取历史事件最终标签,V3-F1650,循环贷×T0跨生命周期交互,资格credit_time<当前T0；历史提单apply_time<当前T0；历史T0!=当前event_id；未来结果不参与,未入模,未被选定的特征族候选,0.0,0.0,0.0,0.0,0,V3新增
history_cross_earlyloan_cyc_life_serial_apply_rate,earlyloan×cyc_life_serial_apply_rate,已知earlyloan标记乘cyc_life_serial_apply_rate；基础率缺失继续NaN,order_vir_f_copy + side_recycle_type_copy + order_loan_f_v2_copy（V2冻结订单历史）,截至当前T0之前的可观察生命周期,交互值,float32,无历史次数为0；比率零分母/无有效值为NaN,history_features.py / snapshot()；历史结果按当前预测时刻重算，不能读取历史事件最终标签,V3-F1651,循环贷×T0跨生命周期交互,资格credit_time<当前T0；历史提单apply_time<当前T0；历史T0!=当前event_id；未来结果不参与,未入模,未被选定的特征族候选,0.5579645172195846,0.601400743086954,0.4824746856570602,0.0572555861648569,0,V3新增
history_cross_earlyloan_cyc_life_ended_apply_rate,earlyloan×cyc_life_ended_apply_rate,已知earlyloan标记乘cyc_life_ended_apply_rate；基础率缺失继续NaN,order_vir_f_copy + side_recycle_type_copy + order_loan_f_v2_copy（V2冻结订单历史）,截至当前T0之前的可观察生命周期,交互值,float32,无历史次数为0；比率零分母/无有效值为NaN,history_features.py / snapshot()；历史结果按当前预测时刻重算，不能读取历史事件最终标签,V3-F1652,循环贷×T0跨生命周期交互,资格credit_time<当前T0；历史提单apply_time<当前T0；历史T0!=当前event_id；未来结果不参与,未入模,未被选定的特征族候选,0.5579645172195846,0.601400743086954,0.4824746856570602,0.0572555861648569,0,V3新增
history_cross_earlyloan_t0hist_life_d0_rate,earlyloan×t0hist_life_d0_rate,已知earlyloan标记乘t0hist_life_d0_rate；基础率缺失继续NaN,order_vir_f_copy + side_recycle_type_copy + order_loan_f_v2_copy（V2冻结订单历史）,截至当前T0之前的可观察生命周期,交互值,float32,无历史次数为0；比率零分母/无有效值为NaN,history_features.py / snapshot()；历史结果按当前预测时刻重算，不能读取历史事件最终标签,V3-F1653,循环贷×T0跨生命周期交互,资格credit_time<当前T0；历史提单apply_time<当前T0；历史T0!=当前event_id；未来结果不参与,未入模,未被选定的特征族候选,0.48039921802654595,0.4593599136020374,0.5392233225770557,0.0255671580708929,0,V3新增
history_cross_earlyloan_t0hist_life_d7_rate,earlyloan×t0hist_life_d7_rate,已知earlyloan标记乘t0hist_life_d7_rate；基础率缺失继续NaN,order_vir_f_copy + side_recycle_type_copy + order_loan_f_v2_copy（V2冻结订单历史）,截至当前T0之前的可观察生命周期,交互值,float32,无历史次数为0；比率零分母/无有效值为NaN,history_features.py / snapshot()；历史结果按当前预测时刻重算，不能读取历史事件最终标签,V3-F1654,循环贷×T0跨生命周期交互,资格credit_time<当前T0；历史提单apply_time<当前T0；历史T0!=当前event_id；未来结果不参与,未入模,未被选定的特征族候选,0.5327169657862116,0.5191131313619768,0.5793924557694448,0.014695500580599,0,V3新增
history_cross_earlyloan_t0hist_life_d15_rate,earlyloan×t0hist_life_d15_rate,已知earlyloan标记乘t0hist_life_d15_rate；基础率缺失继续NaN,order_vir_f_copy + side_recycle_type_copy + order_loan_f_v2_copy（V2冻结订单历史）,截至当前T0之前的可观察生命周期,交互值,float32,无历史次数为0；比率零分母/无有效值为NaN,history_features.py / snapshot()；历史结果按当前预测时刻重算，不能读取历史事件最终标签,V3-F1655,循环贷×T0跨生命周期交互,资格credit_time<当前T0；历史提单apply_time<当前T0；历史T0!=当前event_id；未来结果不参与,未入模,未被选定的特征族候选,0.613922655182044,0.6104918719827204,0.6382552575943029,0.0032877183336327,0,V3新增
history_cross_up_cyc_eligible_never_applied,up×cyc_eligible_never_applied,已知up标记乘cyc_eligible_never_applied；基础率缺失继续NaN,order_vir_f_copy + side_recycle_type_copy + order_loan_f_v2_copy（V2冻结订单历史）,截至当前T0之前的可观察生命周期,交互值,float32,无历史次数为0；比率零分母/无有效值为NaN,history_features.py / snapshot()；历史结果按当前预测时刻重算，不能读取历史事件最终标签,V3-F1656,循环贷×T0跨生命周期交互,资格credit_time<当前T0；历史提单apply_time<当前T0；历史T0!=当前event_id；未来结果不参与,未入模,未被选定的特征族候选,0.0,0.0,0.0,0.0,0,V3新增
history_cross_up_cyc_life_serial_apply_rate,up×cyc_life_serial_apply_rate,已知up标记乘cyc_life_serial_apply_rate；基础率缺失继续NaN,order_vir_f_copy + side_recycle_type_copy + order_loan_f_v2_copy（V2冻结订单历史）,截至当前T0之前的可观察生命周期,交互值,float32,无历史次数为0；比率零分母/无有效值为NaN,history_features.py / snapshot()；历史结果按当前预测时刻重算，不能读取历史事件最终标签,V3-F1657,循环贷×T0跨生命周期交互,资格credit_time<当前T0；历史提单apply_time<当前T0；历史T0!=当前event_id；未来结果不参与,未入模,未被选定的特征族候选,0.5579645172195846,0.601400743086954,0.4824746856570602,0.0703384260615778,0,V3新增
history_cross_up_cyc_life_ended_apply_rate,up×cyc_life_ended_apply_rate,已知up标记乘cyc_life_ended_apply_rate；基础率缺失继续NaN,order_vir_f_copy + side_recycle_type_copy + order_loan_f_v2_copy（V2冻结订单历史）,截至当前T0之前的可观察生命周期,交互值,float32,无历史次数为0；比率零分母/无有效值为NaN,history_features.py / snapshot()；历史结果按当前预测时刻重算，不能读取历史事件最终标签,V3-F1658,循环贷×T0跨生命周期交互,资格credit_time<当前T0；历史提单apply_time<当前T0；历史T0!=当前event_id；未来结果不参与,未入模,未被选定的特征族候选,0.5579645172195846,0.601400743086954,0.4824746856570602,0.0703384260615778,0,V3新增
history_cross_up_t0hist_life_d0_rate,up×t0hist_life_d0_rate,已知up标记乘t0hist_life_d0_rate；基础率缺失继续NaN,order_vir_f_copy + side_recycle_type_copy + order_loan_f_v2_copy（V2冻结订单历史）,截至当前T0之前的可观察生命周期,交互值,float32,无历史次数为0；比率零分母/无有效值为NaN,history_features.py / snapshot()；历史结果按当前预测时刻重算，不能读取历史事件最终标签,V3-F1659,循环贷×T0跨生命周期交互,资格credit_time<当前T0；历史提单apply_time<当前T0；历史T0!=当前event_id；未来结果不参与,未入模,未被选定的特征族候选,0.48039921802654595,0.4593599136020374,0.5392233225770557,0.0267353314478746,0,V3新增
history_cross_up_t0hist_life_d7_rate,up×t0hist_life_d7_rate,已知up标记乘t0hist_life_d7_rate；基础率缺失继续NaN,order_vir_f_copy + side_recycle_type_copy + order_loan_f_v2_copy（V2冻结订单历史）,截至当前T0之前的可观察生命周期,交互值,float32,无历史次数为0；比率零分母/无有效值为NaN,history_features.py / snapshot()；历史结果按当前预测时刻重算，不能读取历史事件最终标签,V3-F1660,循环贷×T0跨生命周期交互,资格credit_time<当前T0；历史提单apply_time<当前T0；历史T0!=当前event_id；未来结果不参与,未入模,未被选定的特征族候选,0.5327169657862116,0.5191131313619768,0.5793924557694448,0.0147452837689578,0,V3新增
history_cross_up_t0hist_life_d15_rate,up×t0hist_life_d15_rate,已知up标记乘t0hist_life_d15_rate；基础率缺失继续NaN,order_vir_f_copy + side_recycle_type_copy + order_loan_f_v2_copy（V2冻结订单历史）,截至当前T0之前的可观察生命周期,交互值,float32,无历史次数为0；比率零分母/无有效值为NaN,history_features.py / snapshot()；历史结果按当前预测时刻重算，不能读取历史事件最终标签,V3-F1661,循环贷×T0跨生命周期交互,资格credit_time<当前T0；历史提单apply_time<当前T0；历史T0!=当前event_id；未来结果不参与,未入模,未被选定的特征族候选,0.613922655182044,0.6104918719827204,0.6382552575943029,0.0066868973177657,0,V3新增
history_cross_down_cyc_eligible_never_applied,down×cyc_eligible_never_applied,已知down标记乘cyc_eligible_never_applied；基础率缺失继续NaN,order_vir_f_copy + side_recycle_type_copy + order_loan_f_v2_copy（V2冻结订单历史）,截至当前T0之前的可观察生命周期,交互值,float32,无历史次数为0；比率零分母/无有效值为NaN,history_features.py / snapshot()；历史结果按当前预测时刻重算，不能读取历史事件最终标签,V3-F1662,循环贷×T0跨生命周期交互,资格credit_time<当前T0；历史提单apply_time<当前T0；历史T0!=当前event_id；未来结果不参与,未入模,未被选定的特征族候选,0.0,0.0,0.0,0.0,0,V3新增
history_cross_down_cyc_life_serial_apply_rate,down×cyc_life_serial_apply_rate,已知down标记乘cyc_life_serial_apply_rate；基础率缺失继续NaN,order_vir_f_copy + side_recycle_type_copy + order_loan_f_v2_copy（V2冻结订单历史）,截至当前T0之前的可观察生命周期,交互值,float32,无历史次数为0；比率零分母/无有效值为NaN,history_features.py / snapshot()；历史结果按当前预测时刻重算，不能读取历史事件最终标签,V3-F1663,循环贷×T0跨生命周期交互,资格credit_time<当前T0；历史提单apply_time<当前T0；历史T0!=当前event_id；未来结果不参与,未入模,未被选定的特征族候选,0.5579645172195846,0.601400743086954,0.4824746856570602,0.0660678407034438,0,V3新增
history_cross_down_cyc_life_ended_apply_rate,down×cyc_life_ended_apply_rate,已知down标记乘cyc_life_ended_apply_rate；基础率缺失继续NaN,order_vir_f_copy + side_recycle_type_copy + order_loan_f_v2_copy（V2冻结订单历史）,截至当前T0之前的可观察生命周期,交互值,float32,无历史次数为0；比率零分母/无有效值为NaN,history_features.py / snapshot()；历史结果按当前预测时刻重算，不能读取历史事件最终标签,V3-F1664,循环贷×T0跨生命周期交互,资格credit_time<当前T0；历史提单apply_time<当前T0；历史T0!=当前event_id；未来结果不参与,未入模,未被选定的特征族候选,0.5579645172195846,0.601400743086954,0.4824746856570602,0.0660678407034438,0,V3新增
history_cross_down_t0hist_life_d0_rate,down×t0hist_life_d0_rate,已知down标记乘t0hist_life_d0_rate；基础率缺失继续NaN,order_vir_f_copy + side_recycle_type_copy + order_loan_f_v2_copy（V2冻结订单历史）,截至当前T0之前的可观察生命周期,交互值,float32,无历史次数为0；比率零分母/无有效值为NaN,history_features.py / snapshot()；历史结果按当前预测时刻重算，不能读取历史事件最终标签,V3-F1665,循环贷×T0跨生命周期交互,资格credit_time<当前T0；历史提单apply_time<当前T0；历史T0!=当前event_id；未来结果不参与,未入模,未被选定的特征族候选,0.48039921802654595,0.4593599136020374,0.5392233225770557,0.0402761052439111,0,V3新增
history_cross_down_t0hist_life_d7_rate,down×t0hist_life_d7_rate,已知down标记乘t0hist_life_d7_rate；基础率缺失继续NaN,order_vir_f_copy + side_recycle_type_copy + order_loan_f_v2_copy（V2冻结订单历史）,截至当前T0之前的可观察生命周期,交互值,float32,无历史次数为0；比率零分母/无有效值为NaN,history_features.py / snapshot()；历史结果按当前预测时刻重算，不能读取历史事件最终标签,V3-F1666,循环贷×T0跨生命周期交互,资格credit_time<当前T0；历史提单apply_time<当前T0；历史T0!=当前event_id；未来结果不参与,未入模,未被选定的特征族候选,0.5327169657862116,0.5191131313619768,0.5793924557694448,0.0259514337018993,0,V3新增
history_cross_down_t0hist_life_d15_rate,down×t0hist_life_d15_rate,已知down标记乘t0hist_life_d15_rate；基础率缺失继续NaN,order_vir_f_copy + side_recycle_type_copy + order_loan_f_v2_copy（V2冻结订单历史）,截至当前T0之前的可观察生命周期,交互值,float32,无历史次数为0；比率零分母/无有效值为NaN,history_features.py / snapshot()；历史结果按当前预测时刻重算，不能读取历史事件最终标签,V3-F1667,循环贷×T0跨生命周期交互,资格credit_time<当前T0；历史提单apply_time<当前T0；历史T0!=当前event_id；未来结果不参与,未入模,未被选定的特征族候选,0.613922655182044,0.6104918719827204,0.6382552575943029,0.013057350833422,0,V3新增
history_cross_highutil_cyc_eligible_never_applied,highutil×cyc_eligible_never_applied,已知highutil标记乘cyc_eligible_never_applied；基础率缺失继续NaN,order_vir_f_copy + side_recycle_type_copy + order_loan_f_v2_copy（V2冻结订单历史）,截至当前T0之前的可观察生命周期,交互值,float32,无历史次数为0；比率零分母/无有效值为NaN,history_features.py / snapshot()；历史结果按当前预测时刻重算，不能读取历史事件最终标签,V3-F1668,循环贷×T0跨生命周期交互,资格credit_time<当前T0；历史提单apply_time<当前T0；历史T0!=当前event_id；未来结果不参与,未入模,未被选定的特征族候选,0.0,0.0,0.0,0.0,0,V3新增
history_cross_highutil_cyc_life_serial_apply_rate,highutil×cyc_life_serial_apply_rate,已知highutil标记乘cyc_life_serial_apply_rate；基础率缺失继续NaN,order_vir_f_copy + side_recycle_type_copy + order_loan_f_v2_copy（V2冻结订单历史）,截至当前T0之前的可观察生命周期,交互值,float32,无历史次数为0；比率零分母/无有效值为NaN,history_features.py / snapshot()；历史结果按当前预测时刻重算，不能读取历史事件最终标签,V3-F1669,循环贷×T0跨生命周期交互,资格credit_time<当前T0；历史提单apply_time<当前T0；历史T0!=当前event_id；未来结果不参与,未入模,未被选定的特征族候选,0.5579645172195846,0.601400743086954,0.4824746856570602,0.0689656671972165,0,V3新增
history_cross_highutil_cyc_life_ended_apply_rate,highutil×cyc_life_ended_apply_rate,已知highutil标记乘cyc_life_ended_apply_rate；基础率缺失继续NaN,order_vir_f_copy + side_recycle_type_copy + order_loan_f_v2_copy（V2冻结订单历史）,截至当前T0之前的可观察生命周期,交互值,float32,无历史次数为0；比率零分母/无有效值为NaN,history_features.py / snapshot()；历史结果按当前预测时刻重算，不能读取历史事件最终标签,V3-F1670,循环贷×T0跨生命周期交互,资格credit_time<当前T0；历史提单apply_time<当前T0；历史T0!=当前event_id；未来结果不参与,未入模,未被选定的特征族候选,0.5579645172195846,0.601400743086954,0.4824746856570602,0.0689656671972165,0,V3新增
history_cross_highutil_t0hist_life_d0_rate,highutil×t0hist_life_d0_rate,已知highutil标记乘t0hist_life_d0_rate；基础率缺失继续NaN,order_vir_f_copy + side_recycle_type_copy + order_loan_f_v2_copy（V2冻结订单历史）,截至当前T0之前的可观察生命周期,交互值,float32,无历史次数为0；比率零分母/无有效值为NaN,history_features.py / snapshot()；历史结果按当前预测时刻重算，不能读取历史事件最终标签,V3-F1671,循环贷×T0跨生命周期交互,资格credit_time<当前T0；历史提单apply_time<当前T0；历史T0!=当前event_id；未来结果不参与,未入模,未被选定的特征族候选,0.48039921802654595,0.4593599136020374,0.5392233225770557,0.0347433007471552,0,V3新增
history_cross_highutil_t0hist_life_d7_rate,highutil×t0hist_life_d7_rate,已知highutil标记乘t0hist_life_d7_rate；基础率缺失继续NaN,order_vir_f_copy + side_recycle_type_copy + order_loan_f_v2_copy（V2冻结订单历史）,截至当前T0之前的可观察生命周期,交互值,float32,无历史次数为0；比率零分母/无有效值为NaN,history_features.py / snapshot()；历史结果按当前预测时刻重算，不能读取历史事件最终标签,V3-F1672,循环贷×T0跨生命周期交互,资格credit_time<当前T0；历史提单apply_time<当前T0；历史T0!=当前event_id；未来结果不参与,未入模,未被选定的特征族候选,0.5327169657862116,0.5191131313619768,0.5793924557694448,0.0194669225723027,0,V3新增
history_cross_highutil_t0hist_life_d15_rate,highutil×t0hist_life_d15_rate,已知highutil标记乘t0hist_life_d15_rate；基础率缺失继续NaN,order_vir_f_copy + side_recycle_type_copy + order_loan_f_v2_copy（V2冻结订单历史）,截至当前T0之前的可观察生命周期,交互值,float32,无历史次数为0；比率零分母/无有效值为NaN,history_features.py / snapshot()；历史结果按当前预测时刻重算，不能读取历史事件最终标签,V3-F1673,循环贷×T0跨生命周期交互,资格credit_time<当前T0；历史提单apply_time<当前T0；历史T0!=当前event_id；未来结果不参与,未入模,未被选定的特征族候选,0.613922655182044,0.6104918719827204,0.6382552575943029,0.0064829796310159,0,V3新增
history_cross_t0_minus_cycle_d0,T0与循环贷D0历史转化差,t0hist_life_d0_rate−cyc_life_d0_rate；两者统计单位不同，描述习惯而非因果,order_vir_f_copy + side_recycle_type_copy + order_loan_f_v2_copy（V2冻结订单历史）,截至当前T0之前的可观察生命周期,比例差,float32,无历史次数为0；比率零分母/无有效值为NaN,history_features.py / snapshot()；历史结果按当前预测时刻重算，不能读取历史事件最终标签,V3-F1674,循环贷×T0跨生命周期交互,资格credit_time<当前T0；历史提单apply_time<当前T0；历史T0!=当前event_id；未来结果不参与,未入模,未被选定的特征族候选,0.7382642737103072,0.752726129742015,0.7109157672193168,0.0157932067534116,0,V3新增
history_cross_t0_minus_cycle_d7,T0与循环贷D7历史转化差,t0hist_life_d7_rate−cyc_life_d7_rate；两者统计单位不同，描述习惯而非因果,order_vir_f_copy + side_recycle_type_copy + order_loan_f_v2_copy（V2冻结订单历史）,截至当前T0之前的可观察生命周期,比例差,float32,无历史次数为0；比率零分母/无有效值为NaN,history_features.py / snapshot()；历史结果按当前预测时刻重算，不能读取历史事件最终标签,V3-F1675,循环贷×T0跨生命周期交互,资格credit_time<当前T0；历史提单apply_time<当前T0；历史T0!=当前event_id；未来结果不参与,未入模,未被选定的特征族候选,0.7512236708656094,0.7656938836367739,0.7217091354178258,0.0162943022209175,0,V3新增
history_cross_t0_minus_cycle_d15,T0与循环贷D15历史转化差,t0hist_life_d15_rate−cyc_life_d15_rate；两者统计单位不同，描述习惯而非因果,order_vir_f_copy + side_recycle_type_copy + order_loan_f_v2_copy（V2冻结订单历史）,截至当前T0之前的可观察生命周期,比例差,float32,无历史次数为0；比率零分母/无有效值为NaN,history_features.py / snapshot()；历史结果按当前预测时刻重算，不能读取历史事件最终标签,V3-F1676,循环贷×T0跨生命周期交互,资格credit_time<当前T0；历史提单apply_time<当前T0；历史T0!=当前event_id；未来结果不参与,未入模,未被选定的特征族候选,0.7778431055517175,0.792274152340885,0.7465227550906866,0.0154833220069931,0,V3新增
history_cross_current_to_cycle_credit_mean,当前T0额度覆盖历史循环贷额度,当前已知获额额度/历史循环贷获额均值,order_vir_f_copy + side_recycle_type_copy + order_loan_f_v2_copy（V2冻结订单历史）,截至当前T0之前的可观察生命周期,比例,float32,无历史次数为0；比率零分母/无有效值为NaN,history_features.py / snapshot()；历史结果按当前预测时刻重算，不能读取历史事件最终标签,V3-F1677,循环贷×T0跨生命周期交互,资格credit_time<当前T0；历史提单apply_time<当前T0；历史T0!=当前event_id；未来结果不参与,未入模,未被选定的特征族候选,0.5579645172195846,0.601400743086954,0.4824746856570602,0.073411927436339,0,V3新增
